
===== Processing interf files =====

--- Starting Result Aggregation and Plotting ---
start off_load_pan1/pan2: 0.1 / 1.0
Found 100 stat files to process.
Found 100 trace files to process.
Found 100 pos files to process.
/home/arimoto/opt/scensim_env/scenargie_simulator/2.2/scenarios_linux/srm_interference/commandline/./script/interference_2pan_plot_results.py:893: RuntimeWarning: invalid value encountered in divide
  tmp_c_rssi_ave_list = np.where(tmp_c_rx_pkt_num_list > 0, np.round(tmp_c_rssi_sum_list/tmp_c_rx_pkt_num_list, 1), 0.0)
/home/arimoto/opt/scensim_env/scenargie_simulator/2.2/scenarios_linux/srm_interference/commandline/./script/interference_2pan_plot_results.py:893: RuntimeWarning: invalid value encountered in divide
  tmp_c_rssi_ave_list = np.where(tmp_c_rx_pkt_num_list > 0, np.round(tmp_c_rssi_sum_list/tmp_c_rx_pkt_num_list, 1), 0.0)
/home/arimoto/opt/scensim_env/scenargie_simulator/2.2/scenarios_linux/srm_interference/commandline/./script/interference_2pan_plot_results.py:893: RuntimeWarning: invalid value encountered in divide
  tmp_c_rssi_ave_list = np.where(tmp_c_rx_pkt_num_list > 0, np.round(tmp_c_rssi_sum_list/tmp_c_rx_pkt_num_list, 1), 0.0)
/home/arimoto/opt/scensim_env/scenargie_simulator/2.2/scenarios_linux/srm_interference/commandline/./script/interference_2pan_plot_results.py:893: RuntimeWarning: invalid value encountered in divide
  tmp_c_rssi_ave_list = np.where(tmp_c_rx_pkt_num_list > 0, np.round(tmp_c_rssi_sum_list/tmp_c_rx_pkt_num_list, 1), 0.0)
/home/arimoto/opt/scensim_env/scenargie_simulator/2.2/scenarios_linux/srm_interference/commandline/./script/interference_2pan_plot_results.py:893: RuntimeWarning: invalid value encountered in divide
  tmp_c_rssi_ave_list = np.where(tmp_c_rx_pkt_num_list > 0, np.round(tmp_c_rssi_sum_list/tmp_c_rx_pkt_num_list, 1), 0.0)
/home/arimoto/opt/scensim_env/scenargie_simulator/2.2/scenarios_linux/srm_interference/commandline/./script/interference_2pan_plot_results.py:893: RuntimeWarning: invalid value encountered in divide
  tmp_c_rssi_ave_list = np.where(tmp_c_rx_pkt_num_list > 0, np.round(tmp_c_rssi_sum_list/tmp_c_rx_pkt_num_list, 1), 0.0)
/home/arimoto/opt/scensim_env/scenargie_simulator/2.2/scenarios_linux/srm_interference/commandline/./script/interference_2pan_plot_results.py:893: RuntimeWarning: invalid value encountered in divide
  tmp_c_rssi_ave_list = np.where(tmp_c_rx_pkt_num_list > 0, np.round(tmp_c_rssi_sum_list/tmp_c_rx_pkt_num_list, 1), 0.0)
/home/arimoto/opt/scensim_env/scenargie_simulator/2.2/scenarios_linux/srm_interference/commandline/./script/interference_2pan_plot_results.py:893: RuntimeWarning: invalid value encountered in divide
  tmp_c_rssi_ave_list = np.where(tmp_c_rx_pkt_num_list > 0, np.round(tmp_c_rssi_sum_list/tmp_c_rx_pkt_num_list, 1), 0.0)
/home/arimoto/opt/scensim_env/scenargie_simulator/2.2/scenarios_linux/srm_interference/commandline/./script/interference_2pan_plot_results.py:893: RuntimeWarning: invalid value encountered in divide
  tmp_c_rssi_ave_list = np.where(tmp_c_rx_pkt_num_list > 0, np.round(tmp_c_rssi_sum_list/tmp_c_rx_pkt_num_list, 1), 0.0)
/home/arimoto/opt/scensim_env/scenargie_simulator/2.2/scenarios_linux/srm_interference/commandline/./script/interference_2pan_plot_results.py:893: RuntimeWarning: invalid value encountered in divide
  tmp_c_rssi_ave_list = np.where(tmp_c_rx_pkt_num_list > 0, np.round(tmp_c_rssi_sum_list/tmp_c_rx_pkt_num_list, 1), 0.0)
/home/arimoto/opt/scensim_env/scenargie_simulator/2.2/scenarios_linux/srm_interference/commandline/./script/interference_2pan_plot_results.py:893: RuntimeWarning: invalid value encountered in divide
  tmp_c_rssi_ave_list = np.where(tmp_c_rx_pkt_num_list > 0, np.round(tmp_c_rssi_sum_list/tmp_c_rx_pkt_num_list, 1), 0.0)
/home/arimoto/opt/scensim_env/scenargie_simulator/2.2/scenarios_linux/srm_interference/commandline/./script/interference_2pan_plot_results.py:893: RuntimeWarning: invalid value encountered in divide
  tmp_c_rssi_ave_list = np.where(tmp_c_rx_pkt_num_list > 0, np.round(tmp_c_rssi_sum_list/tmp_c_rx_pkt_num_list, 1), 0.0)
/home/arimoto/opt/scensim_env/scenargie_simulator/2.2/scenarios_linux/srm_interference/commandline/./script/interference_2pan_plot_results.py:893: RuntimeWarning: invalid value encountered in divide
  tmp_c_rssi_ave_list = np.where(tmp_c_rx_pkt_num_list > 0, np.round(tmp_c_rssi_sum_list/tmp_c_rx_pkt_num_list, 1), 0.0)
/home/arimoto/opt/scensim_env/scenargie_simulator/2.2/scenarios_linux/srm_interference/commandline/./script/interference_2pan_plot_results.py:893: RuntimeWarning: invalid value encountered in divide
  tmp_c_rssi_ave_list = np.where(tmp_c_rx_pkt_num_list > 0, np.round(tmp_c_rssi_sum_list/tmp_c_rx_pkt_num_list, 1), 0.0)
/home/arimoto/opt/scensim_env/scenargie_simulator/2.2/scenarios_linux/srm_interference/commandline/./script/interference_2pan_plot_results.py:893: RuntimeWarning: invalid value encountered in divide
  tmp_c_rssi_ave_list = np.where(tmp_c_rx_pkt_num_list > 0, np.round(tmp_c_rssi_sum_list/tmp_c_rx_pkt_num_list, 1), 0.0)
/home/arimoto/opt/scensim_env/scenargie_simulator/2.2/scenarios_linux/srm_interference/commandline/./script/interference_2pan_plot_results.py:893: RuntimeWarning: invalid value encountered in divide
  tmp_c_rssi_ave_list = np.where(tmp_c_rx_pkt_num_list > 0, np.round(tmp_c_rssi_sum_list/tmp_c_rx_pkt_num_list, 1), 0.0)
/home/arimoto/opt/scensim_env/scenargie_simulator/2.2/scenarios_linux/srm_interference/commandline/./script/interference_2pan_plot_results.py:893: RuntimeWarning: invalid value encountered in divide
  tmp_c_rssi_ave_list = np.where(tmp_c_rx_pkt_num_list > 0, np.round(tmp_c_rssi_sum_list/tmp_c_rx_pkt_num_list, 1), 0.0)
/home/arimoto/opt/scensim_env/scenargie_simulator/2.2/scenarios_linux/srm_interference/commandline/./script/interference_2pan_plot_results.py:893: RuntimeWarning: invalid value encountered in divide
  tmp_c_rssi_ave_list = np.where(tmp_c_rx_pkt_num_list > 0, np.round(tmp_c_rssi_sum_list/tmp_c_rx_pkt_num_list, 1), 0.0)
/home/arimoto/opt/scensim_env/scenargie_simulator/2.2/scenarios_linux/srm_interference/commandline/./script/interference_2pan_plot_results.py:893: RuntimeWarning: invalid value encountered in divide
  tmp_c_rssi_ave_list = np.where(tmp_c_rx_pkt_num_list > 0, np.round(tmp_c_rssi_sum_list/tmp_c_rx_pkt_num_list, 1), 0.0)
/home/arimoto/opt/scensim_env/scenargie_simulator/2.2/scenarios_linux/srm_interference/commandline/./script/interference_2pan_plot_results.py:893: RuntimeWarning: invalid value encountered in divide
  tmp_c_rssi_ave_list = np.where(tmp_c_rx_pkt_num_list > 0, np.round(tmp_c_rssi_sum_list/tmp_c_rx_pkt_num_list, 1), 0.0)
/home/arimoto/opt/scensim_env/scenargie_simulator/2.2/scenarios_linux/srm_interference/commandline/./script/interference_2pan_plot_results.py:893: RuntimeWarning: invalid value encountered in divide
  tmp_c_rssi_ave_list = np.where(tmp_c_rx_pkt_num_list > 0, np.round(tmp_c_rssi_sum_list/tmp_c_rx_pkt_num_list, 1), 0.0)
/home/arimoto/opt/scensim_env/scenargie_simulator/2.2/scenarios_linux/srm_interference/commandline/./script/interference_2pan_plot_results.py:893: RuntimeWarning: invalid value encountered in divide
  tmp_c_rssi_ave_list = np.where(tmp_c_rx_pkt_num_list > 0, np.round(tmp_c_rssi_sum_list/tmp_c_rx_pkt_num_list, 1), 0.0)
/home/arimoto/opt/scensim_env/scenargie_simulator/2.2/scenarios_linux/srm_interference/commandline/./script/interference_2pan_plot_results.py:893: RuntimeWarning: invalid value encountered in divide
  tmp_c_rssi_ave_list = np.where(tmp_c_rx_pkt_num_list > 0, np.round(tmp_c_rssi_sum_list/tmp_c_rx_pkt_num_list, 1), 0.0)
/home/arimoto/opt/scensim_env/scenargie_simulator/2.2/scenarios_linux/srm_interference/commandline/./script/interference_2pan_plot_results.py:893: RuntimeWarning: invalid value encountered in divide
  tmp_c_rssi_ave_list = np.where(tmp_c_rx_pkt_num_list > 0, np.round(tmp_c_rssi_sum_list/tmp_c_rx_pkt_num_list, 1), 0.0)
/home/arimoto/opt/scensim_env/scenargie_simulator/2.2/scenarios_linux/srm_interference/commandline/./script/interference_2pan_plot_results.py:893: RuntimeWarning: invalid value encountered in divide
  tmp_c_rssi_ave_list = np.where(tmp_c_rx_pkt_num_list > 0, np.round(tmp_c_rssi_sum_list/tmp_c_rx_pkt_num_list, 1), 0.0)
/home/arimoto/opt/scensim_env/scenargie_simulator/2.2/scenarios_linux/srm_interference/commandline/./script/interference_2pan_plot_results.py:893: RuntimeWarning: invalid value encountered in divide
  tmp_c_rssi_ave_list = np.where(tmp_c_rx_pkt_num_list > 0, np.round(tmp_c_rssi_sum_list/tmp_c_rx_pkt_num_list, 1), 0.0)
/home/arimoto/opt/scensim_env/scenargie_simulator/2.2/scenarios_linux/srm_interference/commandline/./script/interference_2pan_plot_results.py:893: RuntimeWarning: invalid value encountered in divide
  tmp_c_rssi_ave_list = np.where(tmp_c_rx_pkt_num_list > 0, np.round(tmp_c_rssi_sum_list/tmp_c_rx_pkt_num_list, 1), 0.0)
/home/arimoto/opt/scensim_env/scenargie_simulator/2.2/scenarios_linux/srm_interference/commandline/./script/interference_2pan_plot_results.py:893: RuntimeWarning: invalid value encountered in divide
  tmp_c_rssi_ave_list = np.where(tmp_c_rx_pkt_num_list > 0, np.round(tmp_c_rssi_sum_list/tmp_c_rx_pkt_num_list, 1), 0.0)
/home/arimoto/opt/scensim_env/scenargie_simulator/2.2/scenarios_linux/srm_interference/commandline/./script/interference_2pan_plot_results.py:893: RuntimeWarning: invalid value encountered in divide
  tmp_c_rssi_ave_list = np.where(tmp_c_rx_pkt_num_list > 0, np.round(tmp_c_rssi_sum_list/tmp_c_rx_pkt_num_list, 1), 0.0)
/home/arimoto/opt/scensim_env/scenargie_simulator/2.2/scenarios_linux/srm_interference/commandline/./script/interference_2pan_plot_results.py:893: RuntimeWarning: invalid value encountered in divide
  tmp_c_rssi_ave_list = np.where(tmp_c_rx_pkt_num_list > 0, np.round(tmp_c_rssi_sum_list/tmp_c_rx_pkt_num_list, 1), 0.0)
/home/arimoto/opt/scensim_env/scenargie_simulator/2.2/scenarios_linux/srm_interference/commandline/./script/interference_2pan_plot_results.py:893: RuntimeWarning: invalid value encountered in divide
  tmp_c_rssi_ave_list = np.where(tmp_c_rx_pkt_num_list > 0, np.round(tmp_c_rssi_sum_list/tmp_c_rx_pkt_num_list, 1), 0.0)
/home/arimoto/opt/scensim_env/scenargie_simulator/2.2/scenarios_linux/srm_interference/commandline/./script/interference_2pan_plot_results.py:893: RuntimeWarning: invalid value encountered in divide
  tmp_c_rssi_ave_list = np.where(tmp_c_rx_pkt_num_list > 0, np.round(tmp_c_rssi_sum_list/tmp_c_rx_pkt_num_list, 1), 0.0)
start off_load_pan1/pan2: 0.2 / 1.0
Found 100 stat files to process.
Found 100 trace files to process.
Found 100 pos files to process.
/home/arimoto/opt/scensim_env/scenargie_simulator/2.2/scenarios_linux/srm_interference/commandline/./script/interference_2pan_plot_results.py:893: RuntimeWarning: invalid value encountered in divide
  tmp_c_rssi_ave_list = np.where(tmp_c_rx_pkt_num_list > 0, np.round(tmp_c_rssi_sum_list/tmp_c_rx_pkt_num_list, 1), 0.0)
/home/arimoto/opt/scensim_env/scenargie_simulator/2.2/scenarios_linux/srm_interference/commandline/./script/interference_2pan_plot_results.py:893: RuntimeWarning: invalid value encountered in divide
  tmp_c_rssi_ave_list = np.where(tmp_c_rx_pkt_num_list > 0, np.round(tmp_c_rssi_sum_list/tmp_c_rx_pkt_num_list, 1), 0.0)
/home/arimoto/opt/scensim_env/scenargie_simulator/2.2/scenarios_linux/srm_interference/commandline/./script/interference_2pan_plot_results.py:893: RuntimeWarning: invalid value encountered in divide
  tmp_c_rssi_ave_list = np.where(tmp_c_rx_pkt_num_list > 0, np.round(tmp_c_rssi_sum_list/tmp_c_rx_pkt_num_list, 1), 0.0)
/home/arimoto/opt/scensim_env/scenargie_simulator/2.2/scenarios_linux/srm_interference/commandline/./script/interference_2pan_plot_results.py:893: RuntimeWarning: invalid value encountered in divide
  tmp_c_rssi_ave_list = np.where(tmp_c_rx_pkt_num_list > 0, np.round(tmp_c_rssi_sum_list/tmp_c_rx_pkt_num_list, 1), 0.0)
/home/arimoto/opt/scensim_env/scenargie_simulator/2.2/scenarios_linux/srm_interference/commandline/./script/interference_2pan_plot_results.py:893: RuntimeWarning: invalid value encountered in divide
  tmp_c_rssi_ave_list = np.where(tmp_c_rx_pkt_num_list > 0, np.round(tmp_c_rssi_sum_list/tmp_c_rx_pkt_num_list, 1), 0.0)
/home/arimoto/opt/scensim_env/scenargie_simulator/2.2/scenarios_linux/srm_interference/commandline/./script/interference_2pan_plot_results.py:893: RuntimeWarning: invalid value encountered in divide
  tmp_c_rssi_ave_list = np.where(tmp_c_rx_pkt_num_list > 0, np.round(tmp_c_rssi_sum_list/tmp_c_rx_pkt_num_list, 1), 0.0)
/home/arimoto/opt/scensim_env/scenargie_simulator/2.2/scenarios_linux/srm_interference/commandline/./script/interference_2pan_plot_results.py:893: RuntimeWarning: invalid value encountered in divide
  tmp_c_rssi_ave_list = np.where(tmp_c_rx_pkt_num_list > 0, np.round(tmp_c_rssi_sum_list/tmp_c_rx_pkt_num_list, 1), 0.0)
/home/arimoto/opt/scensim_env/scenargie_simulator/2.2/scenarios_linux/srm_interference/commandline/./script/interference_2pan_plot_results.py:893: RuntimeWarning: invalid value encountered in divide
  tmp_c_rssi_ave_list = np.where(tmp_c_rx_pkt_num_list > 0, np.round(tmp_c_rssi_sum_list/tmp_c_rx_pkt_num_list, 1), 0.0)
/home/arimoto/opt/scensim_env/scenargie_simulator/2.2/scenarios_linux/srm_interference/commandline/./script/interference_2pan_plot_results.py:893: RuntimeWarning: invalid value encountered in divide
  tmp_c_rssi_ave_list = np.where(tmp_c_rx_pkt_num_list > 0, np.round(tmp_c_rssi_sum_list/tmp_c_rx_pkt_num_list, 1), 0.0)
/home/arimoto/opt/scensim_env/scenargie_simulator/2.2/scenarios_linux/srm_interference/commandline/./script/interference_2pan_plot_results.py:893: RuntimeWarning: invalid value encountered in divide
  tmp_c_rssi_ave_list = np.where(tmp_c_rx_pkt_num_list > 0, np.round(tmp_c_rssi_sum_list/tmp_c_rx_pkt_num_list, 1), 0.0)
/home/arimoto/opt/scensim_env/scenargie_simulator/2.2/scenarios_linux/srm_interference/commandline/./script/interference_2pan_plot_results.py:893: RuntimeWarning: invalid value encountered in divide
  tmp_c_rssi_ave_list = np.where(tmp_c_rx_pkt_num_list > 0, np.round(tmp_c_rssi_sum_list/tmp_c_rx_pkt_num_list, 1), 0.0)
/home/arimoto/opt/scensim_env/scenargie_simulator/2.2/scenarios_linux/srm_interference/commandline/./script/interference_2pan_plot_results.py:893: RuntimeWarning: invalid value encountered in divide
  tmp_c_rssi_ave_list = np.where(tmp_c_rx_pkt_num_list > 0, np.round(tmp_c_rssi_sum_list/tmp_c_rx_pkt_num_list, 1), 0.0)
/home/arimoto/opt/scensim_env/scenargie_simulator/2.2/scenarios_linux/srm_interference/commandline/./script/interference_2pan_plot_results.py:893: RuntimeWarning: invalid value encountered in divide
  tmp_c_rssi_ave_list = np.where(tmp_c_rx_pkt_num_list > 0, np.round(tmp_c_rssi_sum_list/tmp_c_rx_pkt_num_list, 1), 0.0)
/home/arimoto/opt/scensim_env/scenargie_simulator/2.2/scenarios_linux/srm_interference/commandline/./script/interference_2pan_plot_results.py:893: RuntimeWarning: invalid value encountered in divide
  tmp_c_rssi_ave_list = np.where(tmp_c_rx_pkt_num_list > 0, np.round(tmp_c_rssi_sum_list/tmp_c_rx_pkt_num_list, 1), 0.0)
/home/arimoto/opt/scensim_env/scenargie_simulator/2.2/scenarios_linux/srm_interference/commandline/./script/interference_2pan_plot_results.py:893: RuntimeWarning: invalid value encountered in divide
  tmp_c_rssi_ave_list = np.where(tmp_c_rx_pkt_num_list > 0, np.round(tmp_c_rssi_sum_list/tmp_c_rx_pkt_num_list, 1), 0.0)
/home/arimoto/opt/scensim_env/scenargie_simulator/2.2/scenarios_linux/srm_interference/commandline/./script/interference_2pan_plot_results.py:893: RuntimeWarning: invalid value encountered in divide
  tmp_c_rssi_ave_list = np.where(tmp_c_rx_pkt_num_list > 0, np.round(tmp_c_rssi_sum_list/tmp_c_rx_pkt_num_list, 1), 0.0)
/home/arimoto/opt/scensim_env/scenargie_simulator/2.2/scenarios_linux/srm_interference/commandline/./script/interference_2pan_plot_results.py:893: RuntimeWarning: invalid value encountered in divide
  tmp_c_rssi_ave_list = np.where(tmp_c_rx_pkt_num_list > 0, np.round(tmp_c_rssi_sum_list/tmp_c_rx_pkt_num_list, 1), 0.0)
/home/arimoto/opt/scensim_env/scenargie_simulator/2.2/scenarios_linux/srm_interference/commandline/./script/interference_2pan_plot_results.py:893: RuntimeWarning: invalid value encountered in divide
  tmp_c_rssi_ave_list = np.where(tmp_c_rx_pkt_num_list > 0, np.round(tmp_c_rssi_sum_list/tmp_c_rx_pkt_num_list, 1), 0.0)
/home/arimoto/opt/scensim_env/scenargie_simulator/2.2/scenarios_linux/srm_interference/commandline/./script/interference_2pan_plot_results.py:893: RuntimeWarning: invalid value encountered in divide
  tmp_c_rssi_ave_list = np.where(tmp_c_rx_pkt_num_list > 0, np.round(tmp_c_rssi_sum_list/tmp_c_rx_pkt_num_list, 1), 0.0)
/home/arimoto/opt/scensim_env/scenargie_simulator/2.2/scenarios_linux/srm_interference/commandline/./script/interference_2pan_plot_results.py:893: RuntimeWarning: invalid value encountered in divide
  tmp_c_rssi_ave_list = np.where(tmp_c_rx_pkt_num_list > 0, np.round(tmp_c_rssi_sum_list/tmp_c_rx_pkt_num_list, 1), 0.0)
/home/arimoto/opt/scensim_env/scenargie_simulator/2.2/scenarios_linux/srm_interference/commandline/./script/interference_2pan_plot_results.py:893: RuntimeWarning: invalid value encountered in divide
  tmp_c_rssi_ave_list = np.where(tmp_c_rx_pkt_num_list > 0, np.round(tmp_c_rssi_sum_list/tmp_c_rx_pkt_num_list, 1), 0.0)
/home/arimoto/opt/scensim_env/scenargie_simulator/2.2/scenarios_linux/srm_interference/commandline/./script/interference_2pan_plot_results.py:893: RuntimeWarning: invalid value encountered in divide
  tmp_c_rssi_ave_list = np.where(tmp_c_rx_pkt_num_list > 0, np.round(tmp_c_rssi_sum_list/tmp_c_rx_pkt_num_list, 1), 0.0)
/home/arimoto/opt/scensim_env/scenargie_simulator/2.2/scenarios_linux/srm_interference/commandline/./script/interference_2pan_plot_results.py:893: RuntimeWarning: invalid value encountered in divide
  tmp_c_rssi_ave_list = np.where(tmp_c_rx_pkt_num_list > 0, np.round(tmp_c_rssi_sum_list/tmp_c_rx_pkt_num_list, 1), 0.0)
/home/arimoto/opt/scensim_env/scenargie_simulator/2.2/scenarios_linux/srm_interference/commandline/./script/interference_2pan_plot_results.py:893: RuntimeWarning: invalid value encountered in divide
  tmp_c_rssi_ave_list = np.where(tmp_c_rx_pkt_num_list > 0, np.round(tmp_c_rssi_sum_list/tmp_c_rx_pkt_num_list, 1), 0.0)
/home/arimoto/opt/scensim_env/scenargie_simulator/2.2/scenarios_linux/srm_interference/commandline/./script/interference_2pan_plot_results.py:893: RuntimeWarning: invalid value encountered in divide
  tmp_c_rssi_ave_list = np.where(tmp_c_rx_pkt_num_list > 0, np.round(tmp_c_rssi_sum_list/tmp_c_rx_pkt_num_list, 1), 0.0)
/home/arimoto/opt/scensim_env/scenargie_simulator/2.2/scenarios_linux/srm_interference/commandline/./script/interference_2pan_plot_results.py:893: RuntimeWarning: invalid value encountered in divide
  tmp_c_rssi_ave_list = np.where(tmp_c_rx_pkt_num_list > 0, np.round(tmp_c_rssi_sum_list/tmp_c_rx_pkt_num_list, 1), 0.0)
/home/arimoto/opt/scensim_env/scenargie_simulator/2.2/scenarios_linux/srm_interference/commandline/./script/interference_2pan_plot_results.py:893: RuntimeWarning: invalid value encountered in divide
  tmp_c_rssi_ave_list = np.where(tmp_c_rx_pkt_num_list > 0, np.round(tmp_c_rssi_sum_list/tmp_c_rx_pkt_num_list, 1), 0.0)
/home/arimoto/opt/scensim_env/scenargie_simulator/2.2/scenarios_linux/srm_interference/commandline/./script/interference_2pan_plot_results.py:893: RuntimeWarning: invalid value encountered in divide
  tmp_c_rssi_ave_list = np.where(tmp_c_rx_pkt_num_list > 0, np.round(tmp_c_rssi_sum_list/tmp_c_rx_pkt_num_list, 1), 0.0)
/home/arimoto/opt/scensim_env/scenargie_simulator/2.2/scenarios_linux/srm_interference/commandline/./script/interference_2pan_plot_results.py:893: RuntimeWarning: invalid value encountered in divide
  tmp_c_rssi_ave_list = np.where(tmp_c_rx_pkt_num_list > 0, np.round(tmp_c_rssi_sum_list/tmp_c_rx_pkt_num_list, 1), 0.0)
/home/arimoto/opt/scensim_env/scenargie_simulator/2.2/scenarios_linux/srm_interference/commandline/./script/interference_2pan_plot_results.py:893: RuntimeWarning: invalid value encountered in divide
  tmp_c_rssi_ave_list = np.where(tmp_c_rx_pkt_num_list > 0, np.round(tmp_c_rssi_sum_list/tmp_c_rx_pkt_num_list, 1), 0.0)
/home/arimoto/opt/scensim_env/scenargie_simulator/2.2/scenarios_linux/srm_interference/commandline/./script/interference_2pan_plot_results.py:893: RuntimeWarning: invalid value encountered in divide
  tmp_c_rssi_ave_list = np.where(tmp_c_rx_pkt_num_list > 0, np.round(tmp_c_rssi_sum_list/tmp_c_rx_pkt_num_list, 1), 0.0)
/home/arimoto/opt/scensim_env/scenargie_simulator/2.2/scenarios_linux/srm_interference/commandline/./script/interference_2pan_plot_results.py:893: RuntimeWarning: invalid value encountered in divide
  tmp_c_rssi_ave_list = np.where(tmp_c_rx_pkt_num_list > 0, np.round(tmp_c_rssi_sum_list/tmp_c_rx_pkt_num_list, 1), 0.0)
start off_load_pan1/pan2: 0.3 / 1.0
Found 100 stat files to process.
Found 100 trace files to process.
Found 100 pos files to process.
/home/arimoto/opt/scensim_env/scenargie_simulator/2.2/scenarios_linux/srm_interference/commandline/./script/interference_2pan_plot_results.py:893: RuntimeWarning: invalid value encountered in divide
  tmp_c_rssi_ave_list = np.where(tmp_c_rx_pkt_num_list > 0, np.round(tmp_c_rssi_sum_list/tmp_c_rx_pkt_num_list, 1), 0.0)
/home/arimoto/opt/scensim_env/scenargie_simulator/2.2/scenarios_linux/srm_interference/commandline/./script/interference_2pan_plot_results.py:893: RuntimeWarning: invalid value encountered in divide
  tmp_c_rssi_ave_list = np.where(tmp_c_rx_pkt_num_list > 0, np.round(tmp_c_rssi_sum_list/tmp_c_rx_pkt_num_list, 1), 0.0)
/home/arimoto/opt/scensim_env/scenargie_simulator/2.2/scenarios_linux/srm_interference/commandline/./script/interference_2pan_plot_results.py:893: RuntimeWarning: invalid value encountered in divide
  tmp_c_rssi_ave_list = np.where(tmp_c_rx_pkt_num_list > 0, np.round(tmp_c_rssi_sum_list/tmp_c_rx_pkt_num_list, 1), 0.0)
/home/arimoto/opt/scensim_env/scenargie_simulator/2.2/scenarios_linux/srm_interference/commandline/./script/interference_2pan_plot_results.py:893: RuntimeWarning: invalid value encountered in divide
  tmp_c_rssi_ave_list = np.where(tmp_c_rx_pkt_num_list > 0, np.round(tmp_c_rssi_sum_list/tmp_c_rx_pkt_num_list, 1), 0.0)
/home/arimoto/opt/scensim_env/scenargie_simulator/2.2/scenarios_linux/srm_interference/commandline/./script/interference_2pan_plot_results.py:893: RuntimeWarning: invalid value encountered in divide
  tmp_c_rssi_ave_list = np.where(tmp_c_rx_pkt_num_list > 0, np.round(tmp_c_rssi_sum_list/tmp_c_rx_pkt_num_list, 1), 0.0)
/home/arimoto/opt/scensim_env/scenargie_simulator/2.2/scenarios_linux/srm_interference/commandline/./script/interference_2pan_plot_results.py:893: RuntimeWarning: invalid value encountered in divide
  tmp_c_rssi_ave_list = np.where(tmp_c_rx_pkt_num_list > 0, np.round(tmp_c_rssi_sum_list/tmp_c_rx_pkt_num_list, 1), 0.0)
/home/arimoto/opt/scensim_env/scenargie_simulator/2.2/scenarios_linux/srm_interference/commandline/./script/interference_2pan_plot_results.py:893: RuntimeWarning: invalid value encountered in divide
  tmp_c_rssi_ave_list = np.where(tmp_c_rx_pkt_num_list > 0, np.round(tmp_c_rssi_sum_list/tmp_c_rx_pkt_num_list, 1), 0.0)
/home/arimoto/opt/scensim_env/scenargie_simulator/2.2/scenarios_linux/srm_interference/commandline/./script/interference_2pan_plot_results.py:893: RuntimeWarning: invalid value encountered in divide
  tmp_c_rssi_ave_list = np.where(tmp_c_rx_pkt_num_list > 0, np.round(tmp_c_rssi_sum_list/tmp_c_rx_pkt_num_list, 1), 0.0)
/home/arimoto/opt/scensim_env/scenargie_simulator/2.2/scenarios_linux/srm_interference/commandline/./script/interference_2pan_plot_results.py:893: RuntimeWarning: invalid value encountered in divide
  tmp_c_rssi_ave_list = np.where(tmp_c_rx_pkt_num_list > 0, np.round(tmp_c_rssi_sum_list/tmp_c_rx_pkt_num_list, 1), 0.0)
/home/arimoto/opt/scensim_env/scenargie_simulator/2.2/scenarios_linux/srm_interference/commandline/./script/interference_2pan_plot_results.py:893: RuntimeWarning: invalid value encountered in divide
  tmp_c_rssi_ave_list = np.where(tmp_c_rx_pkt_num_list > 0, np.round(tmp_c_rssi_sum_list/tmp_c_rx_pkt_num_list, 1), 0.0)
/home/arimoto/opt/scensim_env/scenargie_simulator/2.2/scenarios_linux/srm_interference/commandline/./script/interference_2pan_plot_results.py:893: RuntimeWarning: invalid value encountered in divide
  tmp_c_rssi_ave_list = np.where(tmp_c_rx_pkt_num_list > 0, np.round(tmp_c_rssi_sum_list/tmp_c_rx_pkt_num_list, 1), 0.0)
/home/arimoto/opt/scensim_env/scenargie_simulator/2.2/scenarios_linux/srm_interference/commandline/./script/interference_2pan_plot_results.py:893: RuntimeWarning: invalid value encountered in divide
  tmp_c_rssi_ave_list = np.where(tmp_c_rx_pkt_num_list > 0, np.round(tmp_c_rssi_sum_list/tmp_c_rx_pkt_num_list, 1), 0.0)
/home/arimoto/opt/scensim_env/scenargie_simulator/2.2/scenarios_linux/srm_interference/commandline/./script/interference_2pan_plot_results.py:893: RuntimeWarning: invalid value encountered in divide
  tmp_c_rssi_ave_list = np.where(tmp_c_rx_pkt_num_list > 0, np.round(tmp_c_rssi_sum_list/tmp_c_rx_pkt_num_list, 1), 0.0)
/home/arimoto/opt/scensim_env/scenargie_simulator/2.2/scenarios_linux/srm_interference/commandline/./script/interference_2pan_plot_results.py:893: RuntimeWarning: invalid value encountered in divide
  tmp_c_rssi_ave_list = np.where(tmp_c_rx_pkt_num_list > 0, np.round(tmp_c_rssi_sum_list/tmp_c_rx_pkt_num_list, 1), 0.0)
/home/arimoto/opt/scensim_env/scenargie_simulator/2.2/scenarios_linux/srm_interference/commandline/./script/interference_2pan_plot_results.py:893: RuntimeWarning: invalid value encountered in divide
  tmp_c_rssi_ave_list = np.where(tmp_c_rx_pkt_num_list > 0, np.round(tmp_c_rssi_sum_list/tmp_c_rx_pkt_num_list, 1), 0.0)
/home/arimoto/opt/scensim_env/scenargie_simulator/2.2/scenarios_linux/srm_interference/commandline/./script/interference_2pan_plot_results.py:893: RuntimeWarning: invalid value encountered in divide
  tmp_c_rssi_ave_list = np.where(tmp_c_rx_pkt_num_list > 0, np.round(tmp_c_rssi_sum_list/tmp_c_rx_pkt_num_list, 1), 0.0)
/home/arimoto/opt/scensim_env/scenargie_simulator/2.2/scenarios_linux/srm_interference/commandline/./script/interference_2pan_plot_results.py:893: RuntimeWarning: invalid value encountered in divide
  tmp_c_rssi_ave_list = np.where(tmp_c_rx_pkt_num_list > 0, np.round(tmp_c_rssi_sum_list/tmp_c_rx_pkt_num_list, 1), 0.0)
/home/arimoto/opt/scensim_env/scenargie_simulator/2.2/scenarios_linux/srm_interference/commandline/./script/interference_2pan_plot_results.py:893: RuntimeWarning: invalid value encountered in divide
  tmp_c_rssi_ave_list = np.where(tmp_c_rx_pkt_num_list > 0, np.round(tmp_c_rssi_sum_list/tmp_c_rx_pkt_num_list, 1), 0.0)
/home/arimoto/opt/scensim_env/scenargie_simulator/2.2/scenarios_linux/srm_interference/commandline/./script/interference_2pan_plot_results.py:893: RuntimeWarning: invalid value encountered in divide
  tmp_c_rssi_ave_list = np.where(tmp_c_rx_pkt_num_list > 0, np.round(tmp_c_rssi_sum_list/tmp_c_rx_pkt_num_list, 1), 0.0)
/home/arimoto/opt/scensim_env/scenargie_simulator/2.2/scenarios_linux/srm_interference/commandline/./script/interference_2pan_plot_results.py:893: RuntimeWarning: invalid value encountered in divide
  tmp_c_rssi_ave_list = np.where(tmp_c_rx_pkt_num_list > 0, np.round(tmp_c_rssi_sum_list/tmp_c_rx_pkt_num_list, 1), 0.0)
/home/arimoto/opt/scensim_env/scenargie_simulator/2.2/scenarios_linux/srm_interference/commandline/./script/interference_2pan_plot_results.py:893: RuntimeWarning: invalid value encountered in divide
  tmp_c_rssi_ave_list = np.where(tmp_c_rx_pkt_num_list > 0, np.round(tmp_c_rssi_sum_list/tmp_c_rx_pkt_num_list, 1), 0.0)
/home/arimoto/opt/scensim_env/scenargie_simulator/2.2/scenarios_linux/srm_interference/commandline/./script/interference_2pan_plot_results.py:893: RuntimeWarning: invalid value encountered in divide
  tmp_c_rssi_ave_list = np.where(tmp_c_rx_pkt_num_list > 0, np.round(tmp_c_rssi_sum_list/tmp_c_rx_pkt_num_list, 1), 0.0)
/home/arimoto/opt/scensim_env/scenargie_simulator/2.2/scenarios_linux/srm_interference/commandline/./script/interference_2pan_plot_results.py:893: RuntimeWarning: invalid value encountered in divide
  tmp_c_rssi_ave_list = np.where(tmp_c_rx_pkt_num_list > 0, np.round(tmp_c_rssi_sum_list/tmp_c_rx_pkt_num_list, 1), 0.0)
/home/arimoto/opt/scensim_env/scenargie_simulator/2.2/scenarios_linux/srm_interference/commandline/./script/interference_2pan_plot_results.py:893: RuntimeWarning: invalid value encountered in divide
  tmp_c_rssi_ave_list = np.where(tmp_c_rx_pkt_num_list > 0, np.round(tmp_c_rssi_sum_list/tmp_c_rx_pkt_num_list, 1), 0.0)
/home/arimoto/opt/scensim_env/scenargie_simulator/2.2/scenarios_linux/srm_interference/commandline/./script/interference_2pan_plot_results.py:893: RuntimeWarning: invalid value encountered in divide
  tmp_c_rssi_ave_list = np.where(tmp_c_rx_pkt_num_list > 0, np.round(tmp_c_rssi_sum_list/tmp_c_rx_pkt_num_list, 1), 0.0)
/home/arimoto/opt/scensim_env/scenargie_simulator/2.2/scenarios_linux/srm_interference/commandline/./script/interference_2pan_plot_results.py:893: RuntimeWarning: invalid value encountered in divide
  tmp_c_rssi_ave_list = np.where(tmp_c_rx_pkt_num_list > 0, np.round(tmp_c_rssi_sum_list/tmp_c_rx_pkt_num_list, 1), 0.0)
/home/arimoto/opt/scensim_env/scenargie_simulator/2.2/scenarios_linux/srm_interference/commandline/./script/interference_2pan_plot_results.py:893: RuntimeWarning: invalid value encountered in divide
  tmp_c_rssi_ave_list = np.where(tmp_c_rx_pkt_num_list > 0, np.round(tmp_c_rssi_sum_list/tmp_c_rx_pkt_num_list, 1), 0.0)
/home/arimoto/opt/scensim_env/scenargie_simulator/2.2/scenarios_linux/srm_interference/commandline/./script/interference_2pan_plot_results.py:893: RuntimeWarning: invalid value encountered in divide
  tmp_c_rssi_ave_list = np.where(tmp_c_rx_pkt_num_list > 0, np.round(tmp_c_rssi_sum_list/tmp_c_rx_pkt_num_list, 1), 0.0)
/home/arimoto/opt/scensim_env/scenargie_simulator/2.2/scenarios_linux/srm_interference/commandline/./script/interference_2pan_plot_results.py:893: RuntimeWarning: invalid value encountered in divide
  tmp_c_rssi_ave_list = np.where(tmp_c_rx_pkt_num_list > 0, np.round(tmp_c_rssi_sum_list/tmp_c_rx_pkt_num_list, 1), 0.0)
/home/arimoto/opt/scensim_env/scenargie_simulator/2.2/scenarios_linux/srm_interference/commandline/./script/interference_2pan_plot_results.py:893: RuntimeWarning: invalid value encountered in divide
  tmp_c_rssi_ave_list = np.where(tmp_c_rx_pkt_num_list > 0, np.round(tmp_c_rssi_sum_list/tmp_c_rx_pkt_num_list, 1), 0.0)
/home/arimoto/opt/scensim_env/scenargie_simulator/2.2/scenarios_linux/srm_interference/commandline/./script/interference_2pan_plot_results.py:893: RuntimeWarning: invalid value encountered in divide
  tmp_c_rssi_ave_list = np.where(tmp_c_rx_pkt_num_list > 0, np.round(tmp_c_rssi_sum_list/tmp_c_rx_pkt_num_list, 1), 0.0)
/home/arimoto/opt/scensim_env/scenargie_simulator/2.2/scenarios_linux/srm_interference/commandline/./script/interference_2pan_plot_results.py:893: RuntimeWarning: invalid value encountered in divide
  tmp_c_rssi_ave_list = np.where(tmp_c_rx_pkt_num_list > 0, np.round(tmp_c_rssi_sum_list/tmp_c_rx_pkt_num_list, 1), 0.0)
start off_load_pan1/pan2: 0.4 / 1.0
Found 100 stat files to process.
Found 100 trace files to process.
Found 100 pos files to process.
/home/arimoto/opt/scensim_env/scenargie_simulator/2.2/scenarios_linux/srm_interference/commandline/./script/interference_2pan_plot_results.py:893: RuntimeWarning: invalid value encountered in divide
  tmp_c_rssi_ave_list = np.where(tmp_c_rx_pkt_num_list > 0, np.round(tmp_c_rssi_sum_list/tmp_c_rx_pkt_num_list, 1), 0.0)
/home/arimoto/opt/scensim_env/scenargie_simulator/2.2/scenarios_linux/srm_interference/commandline/./script/interference_2pan_plot_results.py:893: RuntimeWarning: invalid value encountered in divide
  tmp_c_rssi_ave_list = np.where(tmp_c_rx_pkt_num_list > 0, np.round(tmp_c_rssi_sum_list/tmp_c_rx_pkt_num_list, 1), 0.0)
/home/arimoto/opt/scensim_env/scenargie_simulator/2.2/scenarios_linux/srm_interference/commandline/./script/interference_2pan_plot_results.py:893: RuntimeWarning: invalid value encountered in divide
  tmp_c_rssi_ave_list = np.where(tmp_c_rx_pkt_num_list > 0, np.round(tmp_c_rssi_sum_list/tmp_c_rx_pkt_num_list, 1), 0.0)
/home/arimoto/opt/scensim_env/scenargie_simulator/2.2/scenarios_linux/srm_interference/commandline/./script/interference_2pan_plot_results.py:893: RuntimeWarning: invalid value encountered in divide
  tmp_c_rssi_ave_list = np.where(tmp_c_rx_pkt_num_list > 0, np.round(tmp_c_rssi_sum_list/tmp_c_rx_pkt_num_list, 1), 0.0)
/home/arimoto/opt/scensim_env/scenargie_simulator/2.2/scenarios_linux/srm_interference/commandline/./script/interference_2pan_plot_results.py:893: RuntimeWarning: invalid value encountered in divide
  tmp_c_rssi_ave_list = np.where(tmp_c_rx_pkt_num_list > 0, np.round(tmp_c_rssi_sum_list/tmp_c_rx_pkt_num_list, 1), 0.0)
/home/arimoto/opt/scensim_env/scenargie_simulator/2.2/scenarios_linux/srm_interference/commandline/./script/interference_2pan_plot_results.py:893: RuntimeWarning: invalid value encountered in divide
  tmp_c_rssi_ave_list = np.where(tmp_c_rx_pkt_num_list > 0, np.round(tmp_c_rssi_sum_list/tmp_c_rx_pkt_num_list, 1), 0.0)
/home/arimoto/opt/scensim_env/scenargie_simulator/2.2/scenarios_linux/srm_interference/commandline/./script/interference_2pan_plot_results.py:893: RuntimeWarning: invalid value encountered in divide
  tmp_c_rssi_ave_list = np.where(tmp_c_rx_pkt_num_list > 0, np.round(tmp_c_rssi_sum_list/tmp_c_rx_pkt_num_list, 1), 0.0)
/home/arimoto/opt/scensim_env/scenargie_simulator/2.2/scenarios_linux/srm_interference/commandline/./script/interference_2pan_plot_results.py:893: RuntimeWarning: invalid value encountered in divide
  tmp_c_rssi_ave_list = np.where(tmp_c_rx_pkt_num_list > 0, np.round(tmp_c_rssi_sum_list/tmp_c_rx_pkt_num_list, 1), 0.0)
/home/arimoto/opt/scensim_env/scenargie_simulator/2.2/scenarios_linux/srm_interference/commandline/./script/interference_2pan_plot_results.py:893: RuntimeWarning: invalid value encountered in divide
  tmp_c_rssi_ave_list = np.where(tmp_c_rx_pkt_num_list > 0, np.round(tmp_c_rssi_sum_list/tmp_c_rx_pkt_num_list, 1), 0.0)
/home/arimoto/opt/scensim_env/scenargie_simulator/2.2/scenarios_linux/srm_interference/commandline/./script/interference_2pan_plot_results.py:893: RuntimeWarning: invalid value encountered in divide
  tmp_c_rssi_ave_list = np.where(tmp_c_rx_pkt_num_list > 0, np.round(tmp_c_rssi_sum_list/tmp_c_rx_pkt_num_list, 1), 0.0)
/home/arimoto/opt/scensim_env/scenargie_simulator/2.2/scenarios_linux/srm_interference/commandline/./script/interference_2pan_plot_results.py:893: RuntimeWarning: invalid value encountered in divide
  tmp_c_rssi_ave_list = np.where(tmp_c_rx_pkt_num_list > 0, np.round(tmp_c_rssi_sum_list/tmp_c_rx_pkt_num_list, 1), 0.0)
/home/arimoto/opt/scensim_env/scenargie_simulator/2.2/scenarios_linux/srm_interference/commandline/./script/interference_2pan_plot_results.py:893: RuntimeWarning: invalid value encountered in divide
  tmp_c_rssi_ave_list = np.where(tmp_c_rx_pkt_num_list > 0, np.round(tmp_c_rssi_sum_list/tmp_c_rx_pkt_num_list, 1), 0.0)
/home/arimoto/opt/scensim_env/scenargie_simulator/2.2/scenarios_linux/srm_interference/commandline/./script/interference_2pan_plot_results.py:893: RuntimeWarning: invalid value encountered in divide
  tmp_c_rssi_ave_list = np.where(tmp_c_rx_pkt_num_list > 0, np.round(tmp_c_rssi_sum_list/tmp_c_rx_pkt_num_list, 1), 0.0)
/home/arimoto/opt/scensim_env/scenargie_simulator/2.2/scenarios_linux/srm_interference/commandline/./script/interference_2pan_plot_results.py:893: RuntimeWarning: invalid value encountered in divide
  tmp_c_rssi_ave_list = np.where(tmp_c_rx_pkt_num_list > 0, np.round(tmp_c_rssi_sum_list/tmp_c_rx_pkt_num_list, 1), 0.0)
/home/arimoto/opt/scensim_env/scenargie_simulator/2.2/scenarios_linux/srm_interference/commandline/./script/interference_2pan_plot_results.py:893: RuntimeWarning: invalid value encountered in divide
  tmp_c_rssi_ave_list = np.where(tmp_c_rx_pkt_num_list > 0, np.round(tmp_c_rssi_sum_list/tmp_c_rx_pkt_num_list, 1), 0.0)
/home/arimoto/opt/scensim_env/scenargie_simulator/2.2/scenarios_linux/srm_interference/commandline/./script/interference_2pan_plot_results.py:893: RuntimeWarning: invalid value encountered in divide
  tmp_c_rssi_ave_list = np.where(tmp_c_rx_pkt_num_list > 0, np.round(tmp_c_rssi_sum_list/tmp_c_rx_pkt_num_list, 1), 0.0)
/home/arimoto/opt/scensim_env/scenargie_simulator/2.2/scenarios_linux/srm_interference/commandline/./script/interference_2pan_plot_results.py:893: RuntimeWarning: invalid value encountered in divide
  tmp_c_rssi_ave_list = np.where(tmp_c_rx_pkt_num_list > 0, np.round(tmp_c_rssi_sum_list/tmp_c_rx_pkt_num_list, 1), 0.0)
/home/arimoto/opt/scensim_env/scenargie_simulator/2.2/scenarios_linux/srm_interference/commandline/./script/interference_2pan_plot_results.py:893: RuntimeWarning: invalid value encountered in divide
  tmp_c_rssi_ave_list = np.where(tmp_c_rx_pkt_num_list > 0, np.round(tmp_c_rssi_sum_list/tmp_c_rx_pkt_num_list, 1), 0.0)
/home/arimoto/opt/scensim_env/scenargie_simulator/2.2/scenarios_linux/srm_interference/commandline/./script/interference_2pan_plot_results.py:893: RuntimeWarning: invalid value encountered in divide
  tmp_c_rssi_ave_list = np.where(tmp_c_rx_pkt_num_list > 0, np.round(tmp_c_rssi_sum_list/tmp_c_rx_pkt_num_list, 1), 0.0)
/home/arimoto/opt/scensim_env/scenargie_simulator/2.2/scenarios_linux/srm_interference/commandline/./script/interference_2pan_plot_results.py:893: RuntimeWarning: invalid value encountered in divide
  tmp_c_rssi_ave_list = np.where(tmp_c_rx_pkt_num_list > 0, np.round(tmp_c_rssi_sum_list/tmp_c_rx_pkt_num_list, 1), 0.0)
/home/arimoto/opt/scensim_env/scenargie_simulator/2.2/scenarios_linux/srm_interference/commandline/./script/interference_2pan_plot_results.py:893: RuntimeWarning: invalid value encountered in divide
  tmp_c_rssi_ave_list = np.where(tmp_c_rx_pkt_num_list > 0, np.round(tmp_c_rssi_sum_list/tmp_c_rx_pkt_num_list, 1), 0.0)
/home/arimoto/opt/scensim_env/scenargie_simulator/2.2/scenarios_linux/srm_interference/commandline/./script/interference_2pan_plot_results.py:893: RuntimeWarning: invalid value encountered in divide
  tmp_c_rssi_ave_list = np.where(tmp_c_rx_pkt_num_list > 0, np.round(tmp_c_rssi_sum_list/tmp_c_rx_pkt_num_list, 1), 0.0)
/home/arimoto/opt/scensim_env/scenargie_simulator/2.2/scenarios_linux/srm_interference/commandline/./script/interference_2pan_plot_results.py:893: RuntimeWarning: invalid value encountered in divide
  tmp_c_rssi_ave_list = np.where(tmp_c_rx_pkt_num_list > 0, np.round(tmp_c_rssi_sum_list/tmp_c_rx_pkt_num_list, 1), 0.0)
/home/arimoto/opt/scensim_env/scenargie_simulator/2.2/scenarios_linux/srm_interference/commandline/./script/interference_2pan_plot_results.py:893: RuntimeWarning: invalid value encountered in divide
  tmp_c_rssi_ave_list = np.where(tmp_c_rx_pkt_num_list > 0, np.round(tmp_c_rssi_sum_list/tmp_c_rx_pkt_num_list, 1), 0.0)
/home/arimoto/opt/scensim_env/scenargie_simulator/2.2/scenarios_linux/srm_interference/commandline/./script/interference_2pan_plot_results.py:893: RuntimeWarning: invalid value encountered in divide
  tmp_c_rssi_ave_list = np.where(tmp_c_rx_pkt_num_list > 0, np.round(tmp_c_rssi_sum_list/tmp_c_rx_pkt_num_list, 1), 0.0)
/home/arimoto/opt/scensim_env/scenargie_simulator/2.2/scenarios_linux/srm_interference/commandline/./script/interference_2pan_plot_results.py:893: RuntimeWarning: invalid value encountered in divide
  tmp_c_rssi_ave_list = np.where(tmp_c_rx_pkt_num_list > 0, np.round(tmp_c_rssi_sum_list/tmp_c_rx_pkt_num_list, 1), 0.0)
/home/arimoto/opt/scensim_env/scenargie_simulator/2.2/scenarios_linux/srm_interference/commandline/./script/interference_2pan_plot_results.py:893: RuntimeWarning: invalid value encountered in divide
  tmp_c_rssi_ave_list = np.where(tmp_c_rx_pkt_num_list > 0, np.round(tmp_c_rssi_sum_list/tmp_c_rx_pkt_num_list, 1), 0.0)
/home/arimoto/opt/scensim_env/scenargie_simulator/2.2/scenarios_linux/srm_interference/commandline/./script/interference_2pan_plot_results.py:893: RuntimeWarning: invalid value encountered in divide
  tmp_c_rssi_ave_list = np.where(tmp_c_rx_pkt_num_list > 0, np.round(tmp_c_rssi_sum_list/tmp_c_rx_pkt_num_list, 1), 0.0)
/home/arimoto/opt/scensim_env/scenargie_simulator/2.2/scenarios_linux/srm_interference/commandline/./script/interference_2pan_plot_results.py:893: RuntimeWarning: invalid value encountered in divide
  tmp_c_rssi_ave_list = np.where(tmp_c_rx_pkt_num_list > 0, np.round(tmp_c_rssi_sum_list/tmp_c_rx_pkt_num_list, 1), 0.0)
/home/arimoto/opt/scensim_env/scenargie_simulator/2.2/scenarios_linux/srm_interference/commandline/./script/interference_2pan_plot_results.py:893: RuntimeWarning: invalid value encountered in divide
  tmp_c_rssi_ave_list = np.where(tmp_c_rx_pkt_num_list > 0, np.round(tmp_c_rssi_sum_list/tmp_c_rx_pkt_num_list, 1), 0.0)
/home/arimoto/opt/scensim_env/scenargie_simulator/2.2/scenarios_linux/srm_interference/commandline/./script/interference_2pan_plot_results.py:893: RuntimeWarning: invalid value encountered in divide
  tmp_c_rssi_ave_list = np.where(tmp_c_rx_pkt_num_list > 0, np.round(tmp_c_rssi_sum_list/tmp_c_rx_pkt_num_list, 1), 0.0)
/home/arimoto/opt/scensim_env/scenargie_simulator/2.2/scenarios_linux/srm_interference/commandline/./script/interference_2pan_plot_results.py:893: RuntimeWarning: invalid value encountered in divide
  tmp_c_rssi_ave_list = np.where(tmp_c_rx_pkt_num_list > 0, np.round(tmp_c_rssi_sum_list/tmp_c_rx_pkt_num_list, 1), 0.0)
start off_load_pan1/pan2: 0.5 / 1.0
Found 100 stat files to process.
Found 100 trace files to process.
Found 100 pos files to process.
/home/arimoto/opt/scensim_env/scenargie_simulator/2.2/scenarios_linux/srm_interference/commandline/./script/interference_2pan_plot_results.py:893: RuntimeWarning: invalid value encountered in divide
  tmp_c_rssi_ave_list = np.where(tmp_c_rx_pkt_num_list > 0, np.round(tmp_c_rssi_sum_list/tmp_c_rx_pkt_num_list, 1), 0.0)
/home/arimoto/opt/scensim_env/scenargie_simulator/2.2/scenarios_linux/srm_interference/commandline/./script/interference_2pan_plot_results.py:893: RuntimeWarning: invalid value encountered in divide
  tmp_c_rssi_ave_list = np.where(tmp_c_rx_pkt_num_list > 0, np.round(tmp_c_rssi_sum_list/tmp_c_rx_pkt_num_list, 1), 0.0)
/home/arimoto/opt/scensim_env/scenargie_simulator/2.2/scenarios_linux/srm_interference/commandline/./script/interference_2pan_plot_results.py:893: RuntimeWarning: invalid value encountered in divide
  tmp_c_rssi_ave_list = np.where(tmp_c_rx_pkt_num_list > 0, np.round(tmp_c_rssi_sum_list/tmp_c_rx_pkt_num_list, 1), 0.0)
/home/arimoto/opt/scensim_env/scenargie_simulator/2.2/scenarios_linux/srm_interference/commandline/./script/interference_2pan_plot_results.py:893: RuntimeWarning: invalid value encountered in divide
  tmp_c_rssi_ave_list = np.where(tmp_c_rx_pkt_num_list > 0, np.round(tmp_c_rssi_sum_list/tmp_c_rx_pkt_num_list, 1), 0.0)
/home/arimoto/opt/scensim_env/scenargie_simulator/2.2/scenarios_linux/srm_interference/commandline/./script/interference_2pan_plot_results.py:893: RuntimeWarning: invalid value encountered in divide
  tmp_c_rssi_ave_list = np.where(tmp_c_rx_pkt_num_list > 0, np.round(tmp_c_rssi_sum_list/tmp_c_rx_pkt_num_list, 1), 0.0)
/home/arimoto/opt/scensim_env/scenargie_simulator/2.2/scenarios_linux/srm_interference/commandline/./script/interference_2pan_plot_results.py:893: RuntimeWarning: invalid value encountered in divide
  tmp_c_rssi_ave_list = np.where(tmp_c_rx_pkt_num_list > 0, np.round(tmp_c_rssi_sum_list/tmp_c_rx_pkt_num_list, 1), 0.0)
/home/arimoto/opt/scensim_env/scenargie_simulator/2.2/scenarios_linux/srm_interference/commandline/./script/interference_2pan_plot_results.py:893: RuntimeWarning: invalid value encountered in divide
  tmp_c_rssi_ave_list = np.where(tmp_c_rx_pkt_num_list > 0, np.round(tmp_c_rssi_sum_list/tmp_c_rx_pkt_num_list, 1), 0.0)
/home/arimoto/opt/scensim_env/scenargie_simulator/2.2/scenarios_linux/srm_interference/commandline/./script/interference_2pan_plot_results.py:893: RuntimeWarning: invalid value encountered in divide
  tmp_c_rssi_ave_list = np.where(tmp_c_rx_pkt_num_list > 0, np.round(tmp_c_rssi_sum_list/tmp_c_rx_pkt_num_list, 1), 0.0)
/home/arimoto/opt/scensim_env/scenargie_simulator/2.2/scenarios_linux/srm_interference/commandline/./script/interference_2pan_plot_results.py:893: RuntimeWarning: invalid value encountered in divide
  tmp_c_rssi_ave_list = np.where(tmp_c_rx_pkt_num_list > 0, np.round(tmp_c_rssi_sum_list/tmp_c_rx_pkt_num_list, 1), 0.0)
/home/arimoto/opt/scensim_env/scenargie_simulator/2.2/scenarios_linux/srm_interference/commandline/./script/interference_2pan_plot_results.py:893: RuntimeWarning: invalid value encountered in divide
  tmp_c_rssi_ave_list = np.where(tmp_c_rx_pkt_num_list > 0, np.round(tmp_c_rssi_sum_list/tmp_c_rx_pkt_num_list, 1), 0.0)
/home/arimoto/opt/scensim_env/scenargie_simulator/2.2/scenarios_linux/srm_interference/commandline/./script/interference_2pan_plot_results.py:893: RuntimeWarning: invalid value encountered in divide
  tmp_c_rssi_ave_list = np.where(tmp_c_rx_pkt_num_list > 0, np.round(tmp_c_rssi_sum_list/tmp_c_rx_pkt_num_list, 1), 0.0)
/home/arimoto/opt/scensim_env/scenargie_simulator/2.2/scenarios_linux/srm_interference/commandline/./script/interference_2pan_plot_results.py:893: RuntimeWarning: invalid value encountered in divide
  tmp_c_rssi_ave_list = np.where(tmp_c_rx_pkt_num_list > 0, np.round(tmp_c_rssi_sum_list/tmp_c_rx_pkt_num_list, 1), 0.0)
/home/arimoto/opt/scensim_env/scenargie_simulator/2.2/scenarios_linux/srm_interference/commandline/./script/interference_2pan_plot_results.py:893: RuntimeWarning: invalid value encountered in divide
  tmp_c_rssi_ave_list = np.where(tmp_c_rx_pkt_num_list > 0, np.round(tmp_c_rssi_sum_list/tmp_c_rx_pkt_num_list, 1), 0.0)
/home/arimoto/opt/scensim_env/scenargie_simulator/2.2/scenarios_linux/srm_interference/commandline/./script/interference_2pan_plot_results.py:893: RuntimeWarning: invalid value encountered in divide
  tmp_c_rssi_ave_list = np.where(tmp_c_rx_pkt_num_list > 0, np.round(tmp_c_rssi_sum_list/tmp_c_rx_pkt_num_list, 1), 0.0)
/home/arimoto/opt/scensim_env/scenargie_simulator/2.2/scenarios_linux/srm_interference/commandline/./script/interference_2pan_plot_results.py:893: RuntimeWarning: invalid value encountered in divide
  tmp_c_rssi_ave_list = np.where(tmp_c_rx_pkt_num_list > 0, np.round(tmp_c_rssi_sum_list/tmp_c_rx_pkt_num_list, 1), 0.0)
/home/arimoto/opt/scensim_env/scenargie_simulator/2.2/scenarios_linux/srm_interference/commandline/./script/interference_2pan_plot_results.py:893: RuntimeWarning: invalid value encountered in divide
  tmp_c_rssi_ave_list = np.where(tmp_c_rx_pkt_num_list > 0, np.round(tmp_c_rssi_sum_list/tmp_c_rx_pkt_num_list, 1), 0.0)
/home/arimoto/opt/scensim_env/scenargie_simulator/2.2/scenarios_linux/srm_interference/commandline/./script/interference_2pan_plot_results.py:893: RuntimeWarning: invalid value encountered in divide
  tmp_c_rssi_ave_list = np.where(tmp_c_rx_pkt_num_list > 0, np.round(tmp_c_rssi_sum_list/tmp_c_rx_pkt_num_list, 1), 0.0)
/home/arimoto/opt/scensim_env/scenargie_simulator/2.2/scenarios_linux/srm_interference/commandline/./script/interference_2pan_plot_results.py:893: RuntimeWarning: invalid value encountered in divide
  tmp_c_rssi_ave_list = np.where(tmp_c_rx_pkt_num_list > 0, np.round(tmp_c_rssi_sum_list/tmp_c_rx_pkt_num_list, 1), 0.0)
/home/arimoto/opt/scensim_env/scenargie_simulator/2.2/scenarios_linux/srm_interference/commandline/./script/interference_2pan_plot_results.py:893: RuntimeWarning: invalid value encountered in divide
  tmp_c_rssi_ave_list = np.where(tmp_c_rx_pkt_num_list > 0, np.round(tmp_c_rssi_sum_list/tmp_c_rx_pkt_num_list, 1), 0.0)
/home/arimoto/opt/scensim_env/scenargie_simulator/2.2/scenarios_linux/srm_interference/commandline/./script/interference_2pan_plot_results.py:893: RuntimeWarning: invalid value encountered in divide
  tmp_c_rssi_ave_list = np.where(tmp_c_rx_pkt_num_list > 0, np.round(tmp_c_rssi_sum_list/tmp_c_rx_pkt_num_list, 1), 0.0)
/home/arimoto/opt/scensim_env/scenargie_simulator/2.2/scenarios_linux/srm_interference/commandline/./script/interference_2pan_plot_results.py:893: RuntimeWarning: invalid value encountered in divide
  tmp_c_rssi_ave_list = np.where(tmp_c_rx_pkt_num_list > 0, np.round(tmp_c_rssi_sum_list/tmp_c_rx_pkt_num_list, 1), 0.0)
/home/arimoto/opt/scensim_env/scenargie_simulator/2.2/scenarios_linux/srm_interference/commandline/./script/interference_2pan_plot_results.py:893: RuntimeWarning: invalid value encountered in divide
  tmp_c_rssi_ave_list = np.where(tmp_c_rx_pkt_num_list > 0, np.round(tmp_c_rssi_sum_list/tmp_c_rx_pkt_num_list, 1), 0.0)
/home/arimoto/opt/scensim_env/scenargie_simulator/2.2/scenarios_linux/srm_interference/commandline/./script/interference_2pan_plot_results.py:893: RuntimeWarning: invalid value encountered in divide
  tmp_c_rssi_ave_list = np.where(tmp_c_rx_pkt_num_list > 0, np.round(tmp_c_rssi_sum_list/tmp_c_rx_pkt_num_list, 1), 0.0)
/home/arimoto/opt/scensim_env/scenargie_simulator/2.2/scenarios_linux/srm_interference/commandline/./script/interference_2pan_plot_results.py:893: RuntimeWarning: invalid value encountered in divide
  tmp_c_rssi_ave_list = np.where(tmp_c_rx_pkt_num_list > 0, np.round(tmp_c_rssi_sum_list/tmp_c_rx_pkt_num_list, 1), 0.0)
/home/arimoto/opt/scensim_env/scenargie_simulator/2.2/scenarios_linux/srm_interference/commandline/./script/interference_2pan_plot_results.py:893: RuntimeWarning: invalid value encountered in divide
  tmp_c_rssi_ave_list = np.where(tmp_c_rx_pkt_num_list > 0, np.round(tmp_c_rssi_sum_list/tmp_c_rx_pkt_num_list, 1), 0.0)
/home/arimoto/opt/scensim_env/scenargie_simulator/2.2/scenarios_linux/srm_interference/commandline/./script/interference_2pan_plot_results.py:893: RuntimeWarning: invalid value encountered in divide
  tmp_c_rssi_ave_list = np.where(tmp_c_rx_pkt_num_list > 0, np.round(tmp_c_rssi_sum_list/tmp_c_rx_pkt_num_list, 1), 0.0)
/home/arimoto/opt/scensim_env/scenargie_simulator/2.2/scenarios_linux/srm_interference/commandline/./script/interference_2pan_plot_results.py:893: RuntimeWarning: invalid value encountered in divide
  tmp_c_rssi_ave_list = np.where(tmp_c_rx_pkt_num_list > 0, np.round(tmp_c_rssi_sum_list/tmp_c_rx_pkt_num_list, 1), 0.0)
/home/arimoto/opt/scensim_env/scenargie_simulator/2.2/scenarios_linux/srm_interference/commandline/./script/interference_2pan_plot_results.py:893: RuntimeWarning: invalid value encountered in divide
  tmp_c_rssi_ave_list = np.where(tmp_c_rx_pkt_num_list > 0, np.round(tmp_c_rssi_sum_list/tmp_c_rx_pkt_num_list, 1), 0.0)
/home/arimoto/opt/scensim_env/scenargie_simulator/2.2/scenarios_linux/srm_interference/commandline/./script/interference_2pan_plot_results.py:893: RuntimeWarning: invalid value encountered in divide
  tmp_c_rssi_ave_list = np.where(tmp_c_rx_pkt_num_list > 0, np.round(tmp_c_rssi_sum_list/tmp_c_rx_pkt_num_list, 1), 0.0)
/home/arimoto/opt/scensim_env/scenargie_simulator/2.2/scenarios_linux/srm_interference/commandline/./script/interference_2pan_plot_results.py:893: RuntimeWarning: invalid value encountered in divide
  tmp_c_rssi_ave_list = np.where(tmp_c_rx_pkt_num_list > 0, np.round(tmp_c_rssi_sum_list/tmp_c_rx_pkt_num_list, 1), 0.0)
/home/arimoto/opt/scensim_env/scenargie_simulator/2.2/scenarios_linux/srm_interference/commandline/./script/interference_2pan_plot_results.py:893: RuntimeWarning: invalid value encountered in divide
  tmp_c_rssi_ave_list = np.where(tmp_c_rx_pkt_num_list > 0, np.round(tmp_c_rssi_sum_list/tmp_c_rx_pkt_num_list, 1), 0.0)
/home/arimoto/opt/scensim_env/scenargie_simulator/2.2/scenarios_linux/srm_interference/commandline/./script/interference_2pan_plot_results.py:893: RuntimeWarning: invalid value encountered in divide
  tmp_c_rssi_ave_list = np.where(tmp_c_rx_pkt_num_list > 0, np.round(tmp_c_rssi_sum_list/tmp_c_rx_pkt_num_list, 1), 0.0)
start off_load_pan1/pan2: 0.6 / 1.0
Found 100 stat files to process.
Found 100 trace files to process.
Found 100 pos files to process.
/home/arimoto/opt/scensim_env/scenargie_simulator/2.2/scenarios_linux/srm_interference/commandline/./script/interference_2pan_plot_results.py:893: RuntimeWarning: invalid value encountered in divide
  tmp_c_rssi_ave_list = np.where(tmp_c_rx_pkt_num_list > 0, np.round(tmp_c_rssi_sum_list/tmp_c_rx_pkt_num_list, 1), 0.0)
/home/arimoto/opt/scensim_env/scenargie_simulator/2.2/scenarios_linux/srm_interference/commandline/./script/interference_2pan_plot_results.py:893: RuntimeWarning: invalid value encountered in divide
  tmp_c_rssi_ave_list = np.where(tmp_c_rx_pkt_num_list > 0, np.round(tmp_c_rssi_sum_list/tmp_c_rx_pkt_num_list, 1), 0.0)
/home/arimoto/opt/scensim_env/scenargie_simulator/2.2/scenarios_linux/srm_interference/commandline/./script/interference_2pan_plot_results.py:893: RuntimeWarning: invalid value encountered in divide
  tmp_c_rssi_ave_list = np.where(tmp_c_rx_pkt_num_list > 0, np.round(tmp_c_rssi_sum_list/tmp_c_rx_pkt_num_list, 1), 0.0)
/home/arimoto/opt/scensim_env/scenargie_simulator/2.2/scenarios_linux/srm_interference/commandline/./script/interference_2pan_plot_results.py:893: RuntimeWarning: invalid value encountered in divide
  tmp_c_rssi_ave_list = np.where(tmp_c_rx_pkt_num_list > 0, np.round(tmp_c_rssi_sum_list/tmp_c_rx_pkt_num_list, 1), 0.0)
/home/arimoto/opt/scensim_env/scenargie_simulator/2.2/scenarios_linux/srm_interference/commandline/./script/interference_2pan_plot_results.py:893: RuntimeWarning: invalid value encountered in divide
  tmp_c_rssi_ave_list = np.where(tmp_c_rx_pkt_num_list > 0, np.round(tmp_c_rssi_sum_list/tmp_c_rx_pkt_num_list, 1), 0.0)
/home/arimoto/opt/scensim_env/scenargie_simulator/2.2/scenarios_linux/srm_interference/commandline/./script/interference_2pan_plot_results.py:893: RuntimeWarning: invalid value encountered in divide
  tmp_c_rssi_ave_list = np.where(tmp_c_rx_pkt_num_list > 0, np.round(tmp_c_rssi_sum_list/tmp_c_rx_pkt_num_list, 1), 0.0)
/home/arimoto/opt/scensim_env/scenargie_simulator/2.2/scenarios_linux/srm_interference/commandline/./script/interference_2pan_plot_results.py:893: RuntimeWarning: invalid value encountered in divide
  tmp_c_rssi_ave_list = np.where(tmp_c_rx_pkt_num_list > 0, np.round(tmp_c_rssi_sum_list/tmp_c_rx_pkt_num_list, 1), 0.0)
/home/arimoto/opt/scensim_env/scenargie_simulator/2.2/scenarios_linux/srm_interference/commandline/./script/interference_2pan_plot_results.py:893: RuntimeWarning: invalid value encountered in divide
  tmp_c_rssi_ave_list = np.where(tmp_c_rx_pkt_num_list > 0, np.round(tmp_c_rssi_sum_list/tmp_c_rx_pkt_num_list, 1), 0.0)
/home/arimoto/opt/scensim_env/scenargie_simulator/2.2/scenarios_linux/srm_interference/commandline/./script/interference_2pan_plot_results.py:893: RuntimeWarning: invalid value encountered in divide
  tmp_c_rssi_ave_list = np.where(tmp_c_rx_pkt_num_list > 0, np.round(tmp_c_rssi_sum_list/tmp_c_rx_pkt_num_list, 1), 0.0)
/home/arimoto/opt/scensim_env/scenargie_simulator/2.2/scenarios_linux/srm_interference/commandline/./script/interference_2pan_plot_results.py:893: RuntimeWarning: invalid value encountered in divide
  tmp_c_rssi_ave_list = np.where(tmp_c_rx_pkt_num_list > 0, np.round(tmp_c_rssi_sum_list/tmp_c_rx_pkt_num_list, 1), 0.0)
/home/arimoto/opt/scensim_env/scenargie_simulator/2.2/scenarios_linux/srm_interference/commandline/./script/interference_2pan_plot_results.py:893: RuntimeWarning: invalid value encountered in divide
  tmp_c_rssi_ave_list = np.where(tmp_c_rx_pkt_num_list > 0, np.round(tmp_c_rssi_sum_list/tmp_c_rx_pkt_num_list, 1), 0.0)
/home/arimoto/opt/scensim_env/scenargie_simulator/2.2/scenarios_linux/srm_interference/commandline/./script/interference_2pan_plot_results.py:893: RuntimeWarning: invalid value encountered in divide
  tmp_c_rssi_ave_list = np.where(tmp_c_rx_pkt_num_list > 0, np.round(tmp_c_rssi_sum_list/tmp_c_rx_pkt_num_list, 1), 0.0)
/home/arimoto/opt/scensim_env/scenargie_simulator/2.2/scenarios_linux/srm_interference/commandline/./script/interference_2pan_plot_results.py:893: RuntimeWarning: invalid value encountered in divide
  tmp_c_rssi_ave_list = np.where(tmp_c_rx_pkt_num_list > 0, np.round(tmp_c_rssi_sum_list/tmp_c_rx_pkt_num_list, 1), 0.0)
/home/arimoto/opt/scensim_env/scenargie_simulator/2.2/scenarios_linux/srm_interference/commandline/./script/interference_2pan_plot_results.py:893: RuntimeWarning: invalid value encountered in divide
  tmp_c_rssi_ave_list = np.where(tmp_c_rx_pkt_num_list > 0, np.round(tmp_c_rssi_sum_list/tmp_c_rx_pkt_num_list, 1), 0.0)
/home/arimoto/opt/scensim_env/scenargie_simulator/2.2/scenarios_linux/srm_interference/commandline/./script/interference_2pan_plot_results.py:893: RuntimeWarning: invalid value encountered in divide
  tmp_c_rssi_ave_list = np.where(tmp_c_rx_pkt_num_list > 0, np.round(tmp_c_rssi_sum_list/tmp_c_rx_pkt_num_list, 1), 0.0)
/home/arimoto/opt/scensim_env/scenargie_simulator/2.2/scenarios_linux/srm_interference/commandline/./script/interference_2pan_plot_results.py:893: RuntimeWarning: invalid value encountered in divide
  tmp_c_rssi_ave_list = np.where(tmp_c_rx_pkt_num_list > 0, np.round(tmp_c_rssi_sum_list/tmp_c_rx_pkt_num_list, 1), 0.0)
/home/arimoto/opt/scensim_env/scenargie_simulator/2.2/scenarios_linux/srm_interference/commandline/./script/interference_2pan_plot_results.py:893: RuntimeWarning: invalid value encountered in divide
  tmp_c_rssi_ave_list = np.where(tmp_c_rx_pkt_num_list > 0, np.round(tmp_c_rssi_sum_list/tmp_c_rx_pkt_num_list, 1), 0.0)
/home/arimoto/opt/scensim_env/scenargie_simulator/2.2/scenarios_linux/srm_interference/commandline/./script/interference_2pan_plot_results.py:893: RuntimeWarning: invalid value encountered in divide
  tmp_c_rssi_ave_list = np.where(tmp_c_rx_pkt_num_list > 0, np.round(tmp_c_rssi_sum_list/tmp_c_rx_pkt_num_list, 1), 0.0)
/home/arimoto/opt/scensim_env/scenargie_simulator/2.2/scenarios_linux/srm_interference/commandline/./script/interference_2pan_plot_results.py:893: RuntimeWarning: invalid value encountered in divide
  tmp_c_rssi_ave_list = np.where(tmp_c_rx_pkt_num_list > 0, np.round(tmp_c_rssi_sum_list/tmp_c_rx_pkt_num_list, 1), 0.0)
/home/arimoto/opt/scensim_env/scenargie_simulator/2.2/scenarios_linux/srm_interference/commandline/./script/interference_2pan_plot_results.py:893: RuntimeWarning: invalid value encountered in divide
  tmp_c_rssi_ave_list = np.where(tmp_c_rx_pkt_num_list > 0, np.round(tmp_c_rssi_sum_list/tmp_c_rx_pkt_num_list, 1), 0.0)
/home/arimoto/opt/scensim_env/scenargie_simulator/2.2/scenarios_linux/srm_interference/commandline/./script/interference_2pan_plot_results.py:893: RuntimeWarning: invalid value encountered in divide
  tmp_c_rssi_ave_list = np.where(tmp_c_rx_pkt_num_list > 0, np.round(tmp_c_rssi_sum_list/tmp_c_rx_pkt_num_list, 1), 0.0)
/home/arimoto/opt/scensim_env/scenargie_simulator/2.2/scenarios_linux/srm_interference/commandline/./script/interference_2pan_plot_results.py:893: RuntimeWarning: invalid value encountered in divide
  tmp_c_rssi_ave_list = np.where(tmp_c_rx_pkt_num_list > 0, np.round(tmp_c_rssi_sum_list/tmp_c_rx_pkt_num_list, 1), 0.0)
/home/arimoto/opt/scensim_env/scenargie_simulator/2.2/scenarios_linux/srm_interference/commandline/./script/interference_2pan_plot_results.py:893: RuntimeWarning: invalid value encountered in divide
  tmp_c_rssi_ave_list = np.where(tmp_c_rx_pkt_num_list > 0, np.round(tmp_c_rssi_sum_list/tmp_c_rx_pkt_num_list, 1), 0.0)
/home/arimoto/opt/scensim_env/scenargie_simulator/2.2/scenarios_linux/srm_interference/commandline/./script/interference_2pan_plot_results.py:893: RuntimeWarning: invalid value encountered in divide
  tmp_c_rssi_ave_list = np.where(tmp_c_rx_pkt_num_list > 0, np.round(tmp_c_rssi_sum_list/tmp_c_rx_pkt_num_list, 1), 0.0)
/home/arimoto/opt/scensim_env/scenargie_simulator/2.2/scenarios_linux/srm_interference/commandline/./script/interference_2pan_plot_results.py:893: RuntimeWarning: invalid value encountered in divide
  tmp_c_rssi_ave_list = np.where(tmp_c_rx_pkt_num_list > 0, np.round(tmp_c_rssi_sum_list/tmp_c_rx_pkt_num_list, 1), 0.0)
/home/arimoto/opt/scensim_env/scenargie_simulator/2.2/scenarios_linux/srm_interference/commandline/./script/interference_2pan_plot_results.py:893: RuntimeWarning: invalid value encountered in divide
  tmp_c_rssi_ave_list = np.where(tmp_c_rx_pkt_num_list > 0, np.round(tmp_c_rssi_sum_list/tmp_c_rx_pkt_num_list, 1), 0.0)
/home/arimoto/opt/scensim_env/scenargie_simulator/2.2/scenarios_linux/srm_interference/commandline/./script/interference_2pan_plot_results.py:893: RuntimeWarning: invalid value encountered in divide
  tmp_c_rssi_ave_list = np.where(tmp_c_rx_pkt_num_list > 0, np.round(tmp_c_rssi_sum_list/tmp_c_rx_pkt_num_list, 1), 0.0)
/home/arimoto/opt/scensim_env/scenargie_simulator/2.2/scenarios_linux/srm_interference/commandline/./script/interference_2pan_plot_results.py:893: RuntimeWarning: invalid value encountered in divide
  tmp_c_rssi_ave_list = np.where(tmp_c_rx_pkt_num_list > 0, np.round(tmp_c_rssi_sum_list/tmp_c_rx_pkt_num_list, 1), 0.0)
/home/arimoto/opt/scensim_env/scenargie_simulator/2.2/scenarios_linux/srm_interference/commandline/./script/interference_2pan_plot_results.py:893: RuntimeWarning: invalid value encountered in divide
  tmp_c_rssi_ave_list = np.where(tmp_c_rx_pkt_num_list > 0, np.round(tmp_c_rssi_sum_list/tmp_c_rx_pkt_num_list, 1), 0.0)
/home/arimoto/opt/scensim_env/scenargie_simulator/2.2/scenarios_linux/srm_interference/commandline/./script/interference_2pan_plot_results.py:893: RuntimeWarning: invalid value encountered in divide
  tmp_c_rssi_ave_list = np.where(tmp_c_rx_pkt_num_list > 0, np.round(tmp_c_rssi_sum_list/tmp_c_rx_pkt_num_list, 1), 0.0)
/home/arimoto/opt/scensim_env/scenargie_simulator/2.2/scenarios_linux/srm_interference/commandline/./script/interference_2pan_plot_results.py:893: RuntimeWarning: invalid value encountered in divide
  tmp_c_rssi_ave_list = np.where(tmp_c_rx_pkt_num_list > 0, np.round(tmp_c_rssi_sum_list/tmp_c_rx_pkt_num_list, 1), 0.0)
/home/arimoto/opt/scensim_env/scenargie_simulator/2.2/scenarios_linux/srm_interference/commandline/./script/interference_2pan_plot_results.py:893: RuntimeWarning: invalid value encountered in divide
  tmp_c_rssi_ave_list = np.where(tmp_c_rx_pkt_num_list > 0, np.round(tmp_c_rssi_sum_list/tmp_c_rx_pkt_num_list, 1), 0.0)
start off_load_pan1/pan2: 0.7 / 1.0
Found 100 stat files to process.
Found 100 trace files to process.
Found 100 pos files to process.
/home/arimoto/opt/scensim_env/scenargie_simulator/2.2/scenarios_linux/srm_interference/commandline/./script/interference_2pan_plot_results.py:893: RuntimeWarning: invalid value encountered in divide
  tmp_c_rssi_ave_list = np.where(tmp_c_rx_pkt_num_list > 0, np.round(tmp_c_rssi_sum_list/tmp_c_rx_pkt_num_list, 1), 0.0)
/home/arimoto/opt/scensim_env/scenargie_simulator/2.2/scenarios_linux/srm_interference/commandline/./script/interference_2pan_plot_results.py:893: RuntimeWarning: invalid value encountered in divide
  tmp_c_rssi_ave_list = np.where(tmp_c_rx_pkt_num_list > 0, np.round(tmp_c_rssi_sum_list/tmp_c_rx_pkt_num_list, 1), 0.0)
/home/arimoto/opt/scensim_env/scenargie_simulator/2.2/scenarios_linux/srm_interference/commandline/./script/interference_2pan_plot_results.py:893: RuntimeWarning: invalid value encountered in divide
  tmp_c_rssi_ave_list = np.where(tmp_c_rx_pkt_num_list > 0, np.round(tmp_c_rssi_sum_list/tmp_c_rx_pkt_num_list, 1), 0.0)
/home/arimoto/opt/scensim_env/scenargie_simulator/2.2/scenarios_linux/srm_interference/commandline/./script/interference_2pan_plot_results.py:893: RuntimeWarning: invalid value encountered in divide
  tmp_c_rssi_ave_list = np.where(tmp_c_rx_pkt_num_list > 0, np.round(tmp_c_rssi_sum_list/tmp_c_rx_pkt_num_list, 1), 0.0)
/home/arimoto/opt/scensim_env/scenargie_simulator/2.2/scenarios_linux/srm_interference/commandline/./script/interference_2pan_plot_results.py:893: RuntimeWarning: invalid value encountered in divide
  tmp_c_rssi_ave_list = np.where(tmp_c_rx_pkt_num_list > 0, np.round(tmp_c_rssi_sum_list/tmp_c_rx_pkt_num_list, 1), 0.0)
/home/arimoto/opt/scensim_env/scenargie_simulator/2.2/scenarios_linux/srm_interference/commandline/./script/interference_2pan_plot_results.py:893: RuntimeWarning: invalid value encountered in divide
  tmp_c_rssi_ave_list = np.where(tmp_c_rx_pkt_num_list > 0, np.round(tmp_c_rssi_sum_list/tmp_c_rx_pkt_num_list, 1), 0.0)
/home/arimoto/opt/scensim_env/scenargie_simulator/2.2/scenarios_linux/srm_interference/commandline/./script/interference_2pan_plot_results.py:893: RuntimeWarning: invalid value encountered in divide
  tmp_c_rssi_ave_list = np.where(tmp_c_rx_pkt_num_list > 0, np.round(tmp_c_rssi_sum_list/tmp_c_rx_pkt_num_list, 1), 0.0)
/home/arimoto/opt/scensim_env/scenargie_simulator/2.2/scenarios_linux/srm_interference/commandline/./script/interference_2pan_plot_results.py:893: RuntimeWarning: invalid value encountered in divide
  tmp_c_rssi_ave_list = np.where(tmp_c_rx_pkt_num_list > 0, np.round(tmp_c_rssi_sum_list/tmp_c_rx_pkt_num_list, 1), 0.0)
/home/arimoto/opt/scensim_env/scenargie_simulator/2.2/scenarios_linux/srm_interference/commandline/./script/interference_2pan_plot_results.py:893: RuntimeWarning: invalid value encountered in divide
  tmp_c_rssi_ave_list = np.where(tmp_c_rx_pkt_num_list > 0, np.round(tmp_c_rssi_sum_list/tmp_c_rx_pkt_num_list, 1), 0.0)
/home/arimoto/opt/scensim_env/scenargie_simulator/2.2/scenarios_linux/srm_interference/commandline/./script/interference_2pan_plot_results.py:893: RuntimeWarning: invalid value encountered in divide
  tmp_c_rssi_ave_list = np.where(tmp_c_rx_pkt_num_list > 0, np.round(tmp_c_rssi_sum_list/tmp_c_rx_pkt_num_list, 1), 0.0)
/home/arimoto/opt/scensim_env/scenargie_simulator/2.2/scenarios_linux/srm_interference/commandline/./script/interference_2pan_plot_results.py:893: RuntimeWarning: invalid value encountered in divide
  tmp_c_rssi_ave_list = np.where(tmp_c_rx_pkt_num_list > 0, np.round(tmp_c_rssi_sum_list/tmp_c_rx_pkt_num_list, 1), 0.0)
/home/arimoto/opt/scensim_env/scenargie_simulator/2.2/scenarios_linux/srm_interference/commandline/./script/interference_2pan_plot_results.py:893: RuntimeWarning: invalid value encountered in divide
  tmp_c_rssi_ave_list = np.where(tmp_c_rx_pkt_num_list > 0, np.round(tmp_c_rssi_sum_list/tmp_c_rx_pkt_num_list, 1), 0.0)
/home/arimoto/opt/scensim_env/scenargie_simulator/2.2/scenarios_linux/srm_interference/commandline/./script/interference_2pan_plot_results.py:893: RuntimeWarning: invalid value encountered in divide
  tmp_c_rssi_ave_list = np.where(tmp_c_rx_pkt_num_list > 0, np.round(tmp_c_rssi_sum_list/tmp_c_rx_pkt_num_list, 1), 0.0)
/home/arimoto/opt/scensim_env/scenargie_simulator/2.2/scenarios_linux/srm_interference/commandline/./script/interference_2pan_plot_results.py:893: RuntimeWarning: invalid value encountered in divide
  tmp_c_rssi_ave_list = np.where(tmp_c_rx_pkt_num_list > 0, np.round(tmp_c_rssi_sum_list/tmp_c_rx_pkt_num_list, 1), 0.0)
/home/arimoto/opt/scensim_env/scenargie_simulator/2.2/scenarios_linux/srm_interference/commandline/./script/interference_2pan_plot_results.py:893: RuntimeWarning: invalid value encountered in divide
  tmp_c_rssi_ave_list = np.where(tmp_c_rx_pkt_num_list > 0, np.round(tmp_c_rssi_sum_list/tmp_c_rx_pkt_num_list, 1), 0.0)
/home/arimoto/opt/scensim_env/scenargie_simulator/2.2/scenarios_linux/srm_interference/commandline/./script/interference_2pan_plot_results.py:893: RuntimeWarning: invalid value encountered in divide
  tmp_c_rssi_ave_list = np.where(tmp_c_rx_pkt_num_list > 0, np.round(tmp_c_rssi_sum_list/tmp_c_rx_pkt_num_list, 1), 0.0)
/home/arimoto/opt/scensim_env/scenargie_simulator/2.2/scenarios_linux/srm_interference/commandline/./script/interference_2pan_plot_results.py:893: RuntimeWarning: invalid value encountered in divide
  tmp_c_rssi_ave_list = np.where(tmp_c_rx_pkt_num_list > 0, np.round(tmp_c_rssi_sum_list/tmp_c_rx_pkt_num_list, 1), 0.0)
/home/arimoto/opt/scensim_env/scenargie_simulator/2.2/scenarios_linux/srm_interference/commandline/./script/interference_2pan_plot_results.py:893: RuntimeWarning: invalid value encountered in divide
  tmp_c_rssi_ave_list = np.where(tmp_c_rx_pkt_num_list > 0, np.round(tmp_c_rssi_sum_list/tmp_c_rx_pkt_num_list, 1), 0.0)
/home/arimoto/opt/scensim_env/scenargie_simulator/2.2/scenarios_linux/srm_interference/commandline/./script/interference_2pan_plot_results.py:893: RuntimeWarning: invalid value encountered in divide
  tmp_c_rssi_ave_list = np.where(tmp_c_rx_pkt_num_list > 0, np.round(tmp_c_rssi_sum_list/tmp_c_rx_pkt_num_list, 1), 0.0)
/home/arimoto/opt/scensim_env/scenargie_simulator/2.2/scenarios_linux/srm_interference/commandline/./script/interference_2pan_plot_results.py:893: RuntimeWarning: invalid value encountered in divide
  tmp_c_rssi_ave_list = np.where(tmp_c_rx_pkt_num_list > 0, np.round(tmp_c_rssi_sum_list/tmp_c_rx_pkt_num_list, 1), 0.0)
/home/arimoto/opt/scensim_env/scenargie_simulator/2.2/scenarios_linux/srm_interference/commandline/./script/interference_2pan_plot_results.py:893: RuntimeWarning: invalid value encountered in divide
  tmp_c_rssi_ave_list = np.where(tmp_c_rx_pkt_num_list > 0, np.round(tmp_c_rssi_sum_list/tmp_c_rx_pkt_num_list, 1), 0.0)
/home/arimoto/opt/scensim_env/scenargie_simulator/2.2/scenarios_linux/srm_interference/commandline/./script/interference_2pan_plot_results.py:893: RuntimeWarning: invalid value encountered in divide
  tmp_c_rssi_ave_list = np.where(tmp_c_rx_pkt_num_list > 0, np.round(tmp_c_rssi_sum_list/tmp_c_rx_pkt_num_list, 1), 0.0)
/home/arimoto/opt/scensim_env/scenargie_simulator/2.2/scenarios_linux/srm_interference/commandline/./script/interference_2pan_plot_results.py:893: RuntimeWarning: invalid value encountered in divide
  tmp_c_rssi_ave_list = np.where(tmp_c_rx_pkt_num_list > 0, np.round(tmp_c_rssi_sum_list/tmp_c_rx_pkt_num_list, 1), 0.0)
/home/arimoto/opt/scensim_env/scenargie_simulator/2.2/scenarios_linux/srm_interference/commandline/./script/interference_2pan_plot_results.py:893: RuntimeWarning: invalid value encountered in divide
  tmp_c_rssi_ave_list = np.where(tmp_c_rx_pkt_num_list > 0, np.round(tmp_c_rssi_sum_list/tmp_c_rx_pkt_num_list, 1), 0.0)
/home/arimoto/opt/scensim_env/scenargie_simulator/2.2/scenarios_linux/srm_interference/commandline/./script/interference_2pan_plot_results.py:893: RuntimeWarning: invalid value encountered in divide
  tmp_c_rssi_ave_list = np.where(tmp_c_rx_pkt_num_list > 0, np.round(tmp_c_rssi_sum_list/tmp_c_rx_pkt_num_list, 1), 0.0)
/home/arimoto/opt/scensim_env/scenargie_simulator/2.2/scenarios_linux/srm_interference/commandline/./script/interference_2pan_plot_results.py:893: RuntimeWarning: invalid value encountered in divide
  tmp_c_rssi_ave_list = np.where(tmp_c_rx_pkt_num_list > 0, np.round(tmp_c_rssi_sum_list/tmp_c_rx_pkt_num_list, 1), 0.0)
/home/arimoto/opt/scensim_env/scenargie_simulator/2.2/scenarios_linux/srm_interference/commandline/./script/interference_2pan_plot_results.py:893: RuntimeWarning: invalid value encountered in divide
  tmp_c_rssi_ave_list = np.where(tmp_c_rx_pkt_num_list > 0, np.round(tmp_c_rssi_sum_list/tmp_c_rx_pkt_num_list, 1), 0.0)
/home/arimoto/opt/scensim_env/scenargie_simulator/2.2/scenarios_linux/srm_interference/commandline/./script/interference_2pan_plot_results.py:893: RuntimeWarning: invalid value encountered in divide
  tmp_c_rssi_ave_list = np.where(tmp_c_rx_pkt_num_list > 0, np.round(tmp_c_rssi_sum_list/tmp_c_rx_pkt_num_list, 1), 0.0)
/home/arimoto/opt/scensim_env/scenargie_simulator/2.2/scenarios_linux/srm_interference/commandline/./script/interference_2pan_plot_results.py:893: RuntimeWarning: invalid value encountered in divide
  tmp_c_rssi_ave_list = np.where(tmp_c_rx_pkt_num_list > 0, np.round(tmp_c_rssi_sum_list/tmp_c_rx_pkt_num_list, 1), 0.0)
/home/arimoto/opt/scensim_env/scenargie_simulator/2.2/scenarios_linux/srm_interference/commandline/./script/interference_2pan_plot_results.py:893: RuntimeWarning: invalid value encountered in divide
  tmp_c_rssi_ave_list = np.where(tmp_c_rx_pkt_num_list > 0, np.round(tmp_c_rssi_sum_list/tmp_c_rx_pkt_num_list, 1), 0.0)
/home/arimoto/opt/scensim_env/scenargie_simulator/2.2/scenarios_linux/srm_interference/commandline/./script/interference_2pan_plot_results.py:893: RuntimeWarning: invalid value encountered in divide
  tmp_c_rssi_ave_list = np.where(tmp_c_rx_pkt_num_list > 0, np.round(tmp_c_rssi_sum_list/tmp_c_rx_pkt_num_list, 1), 0.0)
/home/arimoto/opt/scensim_env/scenargie_simulator/2.2/scenarios_linux/srm_interference/commandline/./script/interference_2pan_plot_results.py:893: RuntimeWarning: invalid value encountered in divide
  tmp_c_rssi_ave_list = np.where(tmp_c_rx_pkt_num_list > 0, np.round(tmp_c_rssi_sum_list/tmp_c_rx_pkt_num_list, 1), 0.0)
start off_load_pan1/pan2: 0.8 / 1.0
Found 100 stat files to process.
Found 100 trace files to process.
Found 100 pos files to process.
/home/arimoto/opt/scensim_env/scenargie_simulator/2.2/scenarios_linux/srm_interference/commandline/./script/interference_2pan_plot_results.py:893: RuntimeWarning: invalid value encountered in divide
  tmp_c_rssi_ave_list = np.where(tmp_c_rx_pkt_num_list > 0, np.round(tmp_c_rssi_sum_list/tmp_c_rx_pkt_num_list, 1), 0.0)
/home/arimoto/opt/scensim_env/scenargie_simulator/2.2/scenarios_linux/srm_interference/commandline/./script/interference_2pan_plot_results.py:893: RuntimeWarning: invalid value encountered in divide
  tmp_c_rssi_ave_list = np.where(tmp_c_rx_pkt_num_list > 0, np.round(tmp_c_rssi_sum_list/tmp_c_rx_pkt_num_list, 1), 0.0)
/home/arimoto/opt/scensim_env/scenargie_simulator/2.2/scenarios_linux/srm_interference/commandline/./script/interference_2pan_plot_results.py:893: RuntimeWarning: invalid value encountered in divide
  tmp_c_rssi_ave_list = np.where(tmp_c_rx_pkt_num_list > 0, np.round(tmp_c_rssi_sum_list/tmp_c_rx_pkt_num_list, 1), 0.0)
/home/arimoto/opt/scensim_env/scenargie_simulator/2.2/scenarios_linux/srm_interference/commandline/./script/interference_2pan_plot_results.py:893: RuntimeWarning: invalid value encountered in divide
  tmp_c_rssi_ave_list = np.where(tmp_c_rx_pkt_num_list > 0, np.round(tmp_c_rssi_sum_list/tmp_c_rx_pkt_num_list, 1), 0.0)
/home/arimoto/opt/scensim_env/scenargie_simulator/2.2/scenarios_linux/srm_interference/commandline/./script/interference_2pan_plot_results.py:893: RuntimeWarning: invalid value encountered in divide
  tmp_c_rssi_ave_list = np.where(tmp_c_rx_pkt_num_list > 0, np.round(tmp_c_rssi_sum_list/tmp_c_rx_pkt_num_list, 1), 0.0)
/home/arimoto/opt/scensim_env/scenargie_simulator/2.2/scenarios_linux/srm_interference/commandline/./script/interference_2pan_plot_results.py:893: RuntimeWarning: invalid value encountered in divide
  tmp_c_rssi_ave_list = np.where(tmp_c_rx_pkt_num_list > 0, np.round(tmp_c_rssi_sum_list/tmp_c_rx_pkt_num_list, 1), 0.0)
/home/arimoto/opt/scensim_env/scenargie_simulator/2.2/scenarios_linux/srm_interference/commandline/./script/interference_2pan_plot_results.py:893: RuntimeWarning: invalid value encountered in divide
  tmp_c_rssi_ave_list = np.where(tmp_c_rx_pkt_num_list > 0, np.round(tmp_c_rssi_sum_list/tmp_c_rx_pkt_num_list, 1), 0.0)
/home/arimoto/opt/scensim_env/scenargie_simulator/2.2/scenarios_linux/srm_interference/commandline/./script/interference_2pan_plot_results.py:893: RuntimeWarning: invalid value encountered in divide
  tmp_c_rssi_ave_list = np.where(tmp_c_rx_pkt_num_list > 0, np.round(tmp_c_rssi_sum_list/tmp_c_rx_pkt_num_list, 1), 0.0)
/home/arimoto/opt/scensim_env/scenargie_simulator/2.2/scenarios_linux/srm_interference/commandline/./script/interference_2pan_plot_results.py:893: RuntimeWarning: invalid value encountered in divide
  tmp_c_rssi_ave_list = np.where(tmp_c_rx_pkt_num_list > 0, np.round(tmp_c_rssi_sum_list/tmp_c_rx_pkt_num_list, 1), 0.0)
/home/arimoto/opt/scensim_env/scenargie_simulator/2.2/scenarios_linux/srm_interference/commandline/./script/interference_2pan_plot_results.py:893: RuntimeWarning: invalid value encountered in divide
  tmp_c_rssi_ave_list = np.where(tmp_c_rx_pkt_num_list > 0, np.round(tmp_c_rssi_sum_list/tmp_c_rx_pkt_num_list, 1), 0.0)
/home/arimoto/opt/scensim_env/scenargie_simulator/2.2/scenarios_linux/srm_interference/commandline/./script/interference_2pan_plot_results.py:893: RuntimeWarning: invalid value encountered in divide
  tmp_c_rssi_ave_list = np.where(tmp_c_rx_pkt_num_list > 0, np.round(tmp_c_rssi_sum_list/tmp_c_rx_pkt_num_list, 1), 0.0)
/home/arimoto/opt/scensim_env/scenargie_simulator/2.2/scenarios_linux/srm_interference/commandline/./script/interference_2pan_plot_results.py:893: RuntimeWarning: invalid value encountered in divide
  tmp_c_rssi_ave_list = np.where(tmp_c_rx_pkt_num_list > 0, np.round(tmp_c_rssi_sum_list/tmp_c_rx_pkt_num_list, 1), 0.0)
/home/arimoto/opt/scensim_env/scenargie_simulator/2.2/scenarios_linux/srm_interference/commandline/./script/interference_2pan_plot_results.py:893: RuntimeWarning: invalid value encountered in divide
  tmp_c_rssi_ave_list = np.where(tmp_c_rx_pkt_num_list > 0, np.round(tmp_c_rssi_sum_list/tmp_c_rx_pkt_num_list, 1), 0.0)
/home/arimoto/opt/scensim_env/scenargie_simulator/2.2/scenarios_linux/srm_interference/commandline/./script/interference_2pan_plot_results.py:893: RuntimeWarning: invalid value encountered in divide
  tmp_c_rssi_ave_list = np.where(tmp_c_rx_pkt_num_list > 0, np.round(tmp_c_rssi_sum_list/tmp_c_rx_pkt_num_list, 1), 0.0)
/home/arimoto/opt/scensim_env/scenargie_simulator/2.2/scenarios_linux/srm_interference/commandline/./script/interference_2pan_plot_results.py:893: RuntimeWarning: invalid value encountered in divide
  tmp_c_rssi_ave_list = np.where(tmp_c_rx_pkt_num_list > 0, np.round(tmp_c_rssi_sum_list/tmp_c_rx_pkt_num_list, 1), 0.0)
/home/arimoto/opt/scensim_env/scenargie_simulator/2.2/scenarios_linux/srm_interference/commandline/./script/interference_2pan_plot_results.py:893: RuntimeWarning: invalid value encountered in divide
  tmp_c_rssi_ave_list = np.where(tmp_c_rx_pkt_num_list > 0, np.round(tmp_c_rssi_sum_list/tmp_c_rx_pkt_num_list, 1), 0.0)
/home/arimoto/opt/scensim_env/scenargie_simulator/2.2/scenarios_linux/srm_interference/commandline/./script/interference_2pan_plot_results.py:893: RuntimeWarning: invalid value encountered in divide
  tmp_c_rssi_ave_list = np.where(tmp_c_rx_pkt_num_list > 0, np.round(tmp_c_rssi_sum_list/tmp_c_rx_pkt_num_list, 1), 0.0)
/home/arimoto/opt/scensim_env/scenargie_simulator/2.2/scenarios_linux/srm_interference/commandline/./script/interference_2pan_plot_results.py:893: RuntimeWarning: invalid value encountered in divide
  tmp_c_rssi_ave_list = np.where(tmp_c_rx_pkt_num_list > 0, np.round(tmp_c_rssi_sum_list/tmp_c_rx_pkt_num_list, 1), 0.0)
/home/arimoto/opt/scensim_env/scenargie_simulator/2.2/scenarios_linux/srm_interference/commandline/./script/interference_2pan_plot_results.py:893: RuntimeWarning: invalid value encountered in divide
  tmp_c_rssi_ave_list = np.where(tmp_c_rx_pkt_num_list > 0, np.round(tmp_c_rssi_sum_list/tmp_c_rx_pkt_num_list, 1), 0.0)
/home/arimoto/opt/scensim_env/scenargie_simulator/2.2/scenarios_linux/srm_interference/commandline/./script/interference_2pan_plot_results.py:893: RuntimeWarning: invalid value encountered in divide
  tmp_c_rssi_ave_list = np.where(tmp_c_rx_pkt_num_list > 0, np.round(tmp_c_rssi_sum_list/tmp_c_rx_pkt_num_list, 1), 0.0)
/home/arimoto/opt/scensim_env/scenargie_simulator/2.2/scenarios_linux/srm_interference/commandline/./script/interference_2pan_plot_results.py:893: RuntimeWarning: invalid value encountered in divide
  tmp_c_rssi_ave_list = np.where(tmp_c_rx_pkt_num_list > 0, np.round(tmp_c_rssi_sum_list/tmp_c_rx_pkt_num_list, 1), 0.0)
/home/arimoto/opt/scensim_env/scenargie_simulator/2.2/scenarios_linux/srm_interference/commandline/./script/interference_2pan_plot_results.py:893: RuntimeWarning: invalid value encountered in divide
  tmp_c_rssi_ave_list = np.where(tmp_c_rx_pkt_num_list > 0, np.round(tmp_c_rssi_sum_list/tmp_c_rx_pkt_num_list, 1), 0.0)
/home/arimoto/opt/scensim_env/scenargie_simulator/2.2/scenarios_linux/srm_interference/commandline/./script/interference_2pan_plot_results.py:893: RuntimeWarning: invalid value encountered in divide
  tmp_c_rssi_ave_list = np.where(tmp_c_rx_pkt_num_list > 0, np.round(tmp_c_rssi_sum_list/tmp_c_rx_pkt_num_list, 1), 0.0)
/home/arimoto/opt/scensim_env/scenargie_simulator/2.2/scenarios_linux/srm_interference/commandline/./script/interference_2pan_plot_results.py:893: RuntimeWarning: invalid value encountered in divide
  tmp_c_rssi_ave_list = np.where(tmp_c_rx_pkt_num_list > 0, np.round(tmp_c_rssi_sum_list/tmp_c_rx_pkt_num_list, 1), 0.0)
/home/arimoto/opt/scensim_env/scenargie_simulator/2.2/scenarios_linux/srm_interference/commandline/./script/interference_2pan_plot_results.py:893: RuntimeWarning: invalid value encountered in divide
  tmp_c_rssi_ave_list = np.where(tmp_c_rx_pkt_num_list > 0, np.round(tmp_c_rssi_sum_list/tmp_c_rx_pkt_num_list, 1), 0.0)
/home/arimoto/opt/scensim_env/scenargie_simulator/2.2/scenarios_linux/srm_interference/commandline/./script/interference_2pan_plot_results.py:893: RuntimeWarning: invalid value encountered in divide
  tmp_c_rssi_ave_list = np.where(tmp_c_rx_pkt_num_list > 0, np.round(tmp_c_rssi_sum_list/tmp_c_rx_pkt_num_list, 1), 0.0)
/home/arimoto/opt/scensim_env/scenargie_simulator/2.2/scenarios_linux/srm_interference/commandline/./script/interference_2pan_plot_results.py:893: RuntimeWarning: invalid value encountered in divide
  tmp_c_rssi_ave_list = np.where(tmp_c_rx_pkt_num_list > 0, np.round(tmp_c_rssi_sum_list/tmp_c_rx_pkt_num_list, 1), 0.0)
/home/arimoto/opt/scensim_env/scenargie_simulator/2.2/scenarios_linux/srm_interference/commandline/./script/interference_2pan_plot_results.py:893: RuntimeWarning: invalid value encountered in divide
  tmp_c_rssi_ave_list = np.where(tmp_c_rx_pkt_num_list > 0, np.round(tmp_c_rssi_sum_list/tmp_c_rx_pkt_num_list, 1), 0.0)
/home/arimoto/opt/scensim_env/scenargie_simulator/2.2/scenarios_linux/srm_interference/commandline/./script/interference_2pan_plot_results.py:893: RuntimeWarning: invalid value encountered in divide
  tmp_c_rssi_ave_list = np.where(tmp_c_rx_pkt_num_list > 0, np.round(tmp_c_rssi_sum_list/tmp_c_rx_pkt_num_list, 1), 0.0)
/home/arimoto/opt/scensim_env/scenargie_simulator/2.2/scenarios_linux/srm_interference/commandline/./script/interference_2pan_plot_results.py:893: RuntimeWarning: invalid value encountered in divide
  tmp_c_rssi_ave_list = np.where(tmp_c_rx_pkt_num_list > 0, np.round(tmp_c_rssi_sum_list/tmp_c_rx_pkt_num_list, 1), 0.0)
/home/arimoto/opt/scensim_env/scenargie_simulator/2.2/scenarios_linux/srm_interference/commandline/./script/interference_2pan_plot_results.py:893: RuntimeWarning: invalid value encountered in divide
  tmp_c_rssi_ave_list = np.where(tmp_c_rx_pkt_num_list > 0, np.round(tmp_c_rssi_sum_list/tmp_c_rx_pkt_num_list, 1), 0.0)
/home/arimoto/opt/scensim_env/scenargie_simulator/2.2/scenarios_linux/srm_interference/commandline/./script/interference_2pan_plot_results.py:893: RuntimeWarning: invalid value encountered in divide
  tmp_c_rssi_ave_list = np.where(tmp_c_rx_pkt_num_list > 0, np.round(tmp_c_rssi_sum_list/tmp_c_rx_pkt_num_list, 1), 0.0)
start off_load_pan1/pan2: 0.9 / 1.0
Found 100 stat files to process.
Found 100 trace files to process.
Found 100 pos files to process.
/home/arimoto/opt/scensim_env/scenargie_simulator/2.2/scenarios_linux/srm_interference/commandline/./script/interference_2pan_plot_results.py:893: RuntimeWarning: invalid value encountered in divide
  tmp_c_rssi_ave_list = np.where(tmp_c_rx_pkt_num_list > 0, np.round(tmp_c_rssi_sum_list/tmp_c_rx_pkt_num_list, 1), 0.0)
/home/arimoto/opt/scensim_env/scenargie_simulator/2.2/scenarios_linux/srm_interference/commandline/./script/interference_2pan_plot_results.py:893: RuntimeWarning: invalid value encountered in divide
  tmp_c_rssi_ave_list = np.where(tmp_c_rx_pkt_num_list > 0, np.round(tmp_c_rssi_sum_list/tmp_c_rx_pkt_num_list, 1), 0.0)
/home/arimoto/opt/scensim_env/scenargie_simulator/2.2/scenarios_linux/srm_interference/commandline/./script/interference_2pan_plot_results.py:893: RuntimeWarning: invalid value encountered in divide
  tmp_c_rssi_ave_list = np.where(tmp_c_rx_pkt_num_list > 0, np.round(tmp_c_rssi_sum_list/tmp_c_rx_pkt_num_list, 1), 0.0)
/home/arimoto/opt/scensim_env/scenargie_simulator/2.2/scenarios_linux/srm_interference/commandline/./script/interference_2pan_plot_results.py:893: RuntimeWarning: invalid value encountered in divide
  tmp_c_rssi_ave_list = np.where(tmp_c_rx_pkt_num_list > 0, np.round(tmp_c_rssi_sum_list/tmp_c_rx_pkt_num_list, 1), 0.0)
/home/arimoto/opt/scensim_env/scenargie_simulator/2.2/scenarios_linux/srm_interference/commandline/./script/interference_2pan_plot_results.py:893: RuntimeWarning: invalid value encountered in divide
  tmp_c_rssi_ave_list = np.where(tmp_c_rx_pkt_num_list > 0, np.round(tmp_c_rssi_sum_list/tmp_c_rx_pkt_num_list, 1), 0.0)
/home/arimoto/opt/scensim_env/scenargie_simulator/2.2/scenarios_linux/srm_interference/commandline/./script/interference_2pan_plot_results.py:893: RuntimeWarning: invalid value encountered in divide
  tmp_c_rssi_ave_list = np.where(tmp_c_rx_pkt_num_list > 0, np.round(tmp_c_rssi_sum_list/tmp_c_rx_pkt_num_list, 1), 0.0)
/home/arimoto/opt/scensim_env/scenargie_simulator/2.2/scenarios_linux/srm_interference/commandline/./script/interference_2pan_plot_results.py:893: RuntimeWarning: invalid value encountered in divide
  tmp_c_rssi_ave_list = np.where(tmp_c_rx_pkt_num_list > 0, np.round(tmp_c_rssi_sum_list/tmp_c_rx_pkt_num_list, 1), 0.0)
/home/arimoto/opt/scensim_env/scenargie_simulator/2.2/scenarios_linux/srm_interference/commandline/./script/interference_2pan_plot_results.py:893: RuntimeWarning: invalid value encountered in divide
  tmp_c_rssi_ave_list = np.where(tmp_c_rx_pkt_num_list > 0, np.round(tmp_c_rssi_sum_list/tmp_c_rx_pkt_num_list, 1), 0.0)
/home/arimoto/opt/scensim_env/scenargie_simulator/2.2/scenarios_linux/srm_interference/commandline/./script/interference_2pan_plot_results.py:893: RuntimeWarning: invalid value encountered in divide
  tmp_c_rssi_ave_list = np.where(tmp_c_rx_pkt_num_list > 0, np.round(tmp_c_rssi_sum_list/tmp_c_rx_pkt_num_list, 1), 0.0)
/home/arimoto/opt/scensim_env/scenargie_simulator/2.2/scenarios_linux/srm_interference/commandline/./script/interference_2pan_plot_results.py:893: RuntimeWarning: invalid value encountered in divide
  tmp_c_rssi_ave_list = np.where(tmp_c_rx_pkt_num_list > 0, np.round(tmp_c_rssi_sum_list/tmp_c_rx_pkt_num_list, 1), 0.0)
/home/arimoto/opt/scensim_env/scenargie_simulator/2.2/scenarios_linux/srm_interference/commandline/./script/interference_2pan_plot_results.py:893: RuntimeWarning: invalid value encountered in divide
  tmp_c_rssi_ave_list = np.where(tmp_c_rx_pkt_num_list > 0, np.round(tmp_c_rssi_sum_list/tmp_c_rx_pkt_num_list, 1), 0.0)
/home/arimoto/opt/scensim_env/scenargie_simulator/2.2/scenarios_linux/srm_interference/commandline/./script/interference_2pan_plot_results.py:893: RuntimeWarning: invalid value encountered in divide
  tmp_c_rssi_ave_list = np.where(tmp_c_rx_pkt_num_list > 0, np.round(tmp_c_rssi_sum_list/tmp_c_rx_pkt_num_list, 1), 0.0)
/home/arimoto/opt/scensim_env/scenargie_simulator/2.2/scenarios_linux/srm_interference/commandline/./script/interference_2pan_plot_results.py:893: RuntimeWarning: invalid value encountered in divide
  tmp_c_rssi_ave_list = np.where(tmp_c_rx_pkt_num_list > 0, np.round(tmp_c_rssi_sum_list/tmp_c_rx_pkt_num_list, 1), 0.0)
/home/arimoto/opt/scensim_env/scenargie_simulator/2.2/scenarios_linux/srm_interference/commandline/./script/interference_2pan_plot_results.py:893: RuntimeWarning: invalid value encountered in divide
  tmp_c_rssi_ave_list = np.where(tmp_c_rx_pkt_num_list > 0, np.round(tmp_c_rssi_sum_list/tmp_c_rx_pkt_num_list, 1), 0.0)
/home/arimoto/opt/scensim_env/scenargie_simulator/2.2/scenarios_linux/srm_interference/commandline/./script/interference_2pan_plot_results.py:893: RuntimeWarning: invalid value encountered in divide
  tmp_c_rssi_ave_list = np.where(tmp_c_rx_pkt_num_list > 0, np.round(tmp_c_rssi_sum_list/tmp_c_rx_pkt_num_list, 1), 0.0)
/home/arimoto/opt/scensim_env/scenargie_simulator/2.2/scenarios_linux/srm_interference/commandline/./script/interference_2pan_plot_results.py:893: RuntimeWarning: invalid value encountered in divide
  tmp_c_rssi_ave_list = np.where(tmp_c_rx_pkt_num_list > 0, np.round(tmp_c_rssi_sum_list/tmp_c_rx_pkt_num_list, 1), 0.0)
/home/arimoto/opt/scensim_env/scenargie_simulator/2.2/scenarios_linux/srm_interference/commandline/./script/interference_2pan_plot_results.py:893: RuntimeWarning: invalid value encountered in divide
  tmp_c_rssi_ave_list = np.where(tmp_c_rx_pkt_num_list > 0, np.round(tmp_c_rssi_sum_list/tmp_c_rx_pkt_num_list, 1), 0.0)
/home/arimoto/opt/scensim_env/scenargie_simulator/2.2/scenarios_linux/srm_interference/commandline/./script/interference_2pan_plot_results.py:893: RuntimeWarning: invalid value encountered in divide
  tmp_c_rssi_ave_list = np.where(tmp_c_rx_pkt_num_list > 0, np.round(tmp_c_rssi_sum_list/tmp_c_rx_pkt_num_list, 1), 0.0)
/home/arimoto/opt/scensim_env/scenargie_simulator/2.2/scenarios_linux/srm_interference/commandline/./script/interference_2pan_plot_results.py:893: RuntimeWarning: invalid value encountered in divide
  tmp_c_rssi_ave_list = np.where(tmp_c_rx_pkt_num_list > 0, np.round(tmp_c_rssi_sum_list/tmp_c_rx_pkt_num_list, 1), 0.0)
/home/arimoto/opt/scensim_env/scenargie_simulator/2.2/scenarios_linux/srm_interference/commandline/./script/interference_2pan_plot_results.py:893: RuntimeWarning: invalid value encountered in divide
  tmp_c_rssi_ave_list = np.where(tmp_c_rx_pkt_num_list > 0, np.round(tmp_c_rssi_sum_list/tmp_c_rx_pkt_num_list, 1), 0.0)
/home/arimoto/opt/scensim_env/scenargie_simulator/2.2/scenarios_linux/srm_interference/commandline/./script/interference_2pan_plot_results.py:893: RuntimeWarning: invalid value encountered in divide
  tmp_c_rssi_ave_list = np.where(tmp_c_rx_pkt_num_list > 0, np.round(tmp_c_rssi_sum_list/tmp_c_rx_pkt_num_list, 1), 0.0)
/home/arimoto/opt/scensim_env/scenargie_simulator/2.2/scenarios_linux/srm_interference/commandline/./script/interference_2pan_plot_results.py:893: RuntimeWarning: invalid value encountered in divide
  tmp_c_rssi_ave_list = np.where(tmp_c_rx_pkt_num_list > 0, np.round(tmp_c_rssi_sum_list/tmp_c_rx_pkt_num_list, 1), 0.0)
/home/arimoto/opt/scensim_env/scenargie_simulator/2.2/scenarios_linux/srm_interference/commandline/./script/interference_2pan_plot_results.py:893: RuntimeWarning: invalid value encountered in divide
  tmp_c_rssi_ave_list = np.where(tmp_c_rx_pkt_num_list > 0, np.round(tmp_c_rssi_sum_list/tmp_c_rx_pkt_num_list, 1), 0.0)
/home/arimoto/opt/scensim_env/scenargie_simulator/2.2/scenarios_linux/srm_interference/commandline/./script/interference_2pan_plot_results.py:893: RuntimeWarning: invalid value encountered in divide
  tmp_c_rssi_ave_list = np.where(tmp_c_rx_pkt_num_list > 0, np.round(tmp_c_rssi_sum_list/tmp_c_rx_pkt_num_list, 1), 0.0)
/home/arimoto/opt/scensim_env/scenargie_simulator/2.2/scenarios_linux/srm_interference/commandline/./script/interference_2pan_plot_results.py:893: RuntimeWarning: invalid value encountered in divide
  tmp_c_rssi_ave_list = np.where(tmp_c_rx_pkt_num_list > 0, np.round(tmp_c_rssi_sum_list/tmp_c_rx_pkt_num_list, 1), 0.0)
/home/arimoto/opt/scensim_env/scenargie_simulator/2.2/scenarios_linux/srm_interference/commandline/./script/interference_2pan_plot_results.py:893: RuntimeWarning: invalid value encountered in divide
  tmp_c_rssi_ave_list = np.where(tmp_c_rx_pkt_num_list > 0, np.round(tmp_c_rssi_sum_list/tmp_c_rx_pkt_num_list, 1), 0.0)
/home/arimoto/opt/scensim_env/scenargie_simulator/2.2/scenarios_linux/srm_interference/commandline/./script/interference_2pan_plot_results.py:893: RuntimeWarning: invalid value encountered in divide
  tmp_c_rssi_ave_list = np.where(tmp_c_rx_pkt_num_list > 0, np.round(tmp_c_rssi_sum_list/tmp_c_rx_pkt_num_list, 1), 0.0)
/home/arimoto/opt/scensim_env/scenargie_simulator/2.2/scenarios_linux/srm_interference/commandline/./script/interference_2pan_plot_results.py:893: RuntimeWarning: invalid value encountered in divide
  tmp_c_rssi_ave_list = np.where(tmp_c_rx_pkt_num_list > 0, np.round(tmp_c_rssi_sum_list/tmp_c_rx_pkt_num_list, 1), 0.0)
/home/arimoto/opt/scensim_env/scenargie_simulator/2.2/scenarios_linux/srm_interference/commandline/./script/interference_2pan_plot_results.py:893: RuntimeWarning: invalid value encountered in divide
  tmp_c_rssi_ave_list = np.where(tmp_c_rx_pkt_num_list > 0, np.round(tmp_c_rssi_sum_list/tmp_c_rx_pkt_num_list, 1), 0.0)
/home/arimoto/opt/scensim_env/scenargie_simulator/2.2/scenarios_linux/srm_interference/commandline/./script/interference_2pan_plot_results.py:893: RuntimeWarning: invalid value encountered in divide
  tmp_c_rssi_ave_list = np.where(tmp_c_rx_pkt_num_list > 0, np.round(tmp_c_rssi_sum_list/tmp_c_rx_pkt_num_list, 1), 0.0)
/home/arimoto/opt/scensim_env/scenargie_simulator/2.2/scenarios_linux/srm_interference/commandline/./script/interference_2pan_plot_results.py:893: RuntimeWarning: invalid value encountered in divide
  tmp_c_rssi_ave_list = np.where(tmp_c_rx_pkt_num_list > 0, np.round(tmp_c_rssi_sum_list/tmp_c_rx_pkt_num_list, 1), 0.0)
/home/arimoto/opt/scensim_env/scenargie_simulator/2.2/scenarios_linux/srm_interference/commandline/./script/interference_2pan_plot_results.py:893: RuntimeWarning: invalid value encountered in divide
  tmp_c_rssi_ave_list = np.where(tmp_c_rx_pkt_num_list > 0, np.round(tmp_c_rssi_sum_list/tmp_c_rx_pkt_num_list, 1), 0.0)
start off_load_pan1/pan2: 1.0 / 1.0
Found 100 stat files to process.
Found 100 trace files to process.
Found 100 pos files to process.
/home/arimoto/opt/scensim_env/scenargie_simulator/2.2/scenarios_linux/srm_interference/commandline/./script/interference_2pan_plot_results.py:893: RuntimeWarning: invalid value encountered in divide
  tmp_c_rssi_ave_list = np.where(tmp_c_rx_pkt_num_list > 0, np.round(tmp_c_rssi_sum_list/tmp_c_rx_pkt_num_list, 1), 0.0)
/home/arimoto/opt/scensim_env/scenargie_simulator/2.2/scenarios_linux/srm_interference/commandline/./script/interference_2pan_plot_results.py:893: RuntimeWarning: invalid value encountered in divide
  tmp_c_rssi_ave_list = np.where(tmp_c_rx_pkt_num_list > 0, np.round(tmp_c_rssi_sum_list/tmp_c_rx_pkt_num_list, 1), 0.0)
/home/arimoto/opt/scensim_env/scenargie_simulator/2.2/scenarios_linux/srm_interference/commandline/./script/interference_2pan_plot_results.py:893: RuntimeWarning: invalid value encountered in divide
  tmp_c_rssi_ave_list = np.where(tmp_c_rx_pkt_num_list > 0, np.round(tmp_c_rssi_sum_list/tmp_c_rx_pkt_num_list, 1), 0.0)
/home/arimoto/opt/scensim_env/scenargie_simulator/2.2/scenarios_linux/srm_interference/commandline/./script/interference_2pan_plot_results.py:893: RuntimeWarning: invalid value encountered in divide
  tmp_c_rssi_ave_list = np.where(tmp_c_rx_pkt_num_list > 0, np.round(tmp_c_rssi_sum_list/tmp_c_rx_pkt_num_list, 1), 0.0)
/home/arimoto/opt/scensim_env/scenargie_simulator/2.2/scenarios_linux/srm_interference/commandline/./script/interference_2pan_plot_results.py:893: RuntimeWarning: invalid value encountered in divide
  tmp_c_rssi_ave_list = np.where(tmp_c_rx_pkt_num_list > 0, np.round(tmp_c_rssi_sum_list/tmp_c_rx_pkt_num_list, 1), 0.0)
/home/arimoto/opt/scensim_env/scenargie_simulator/2.2/scenarios_linux/srm_interference/commandline/./script/interference_2pan_plot_results.py:893: RuntimeWarning: invalid value encountered in divide
  tmp_c_rssi_ave_list = np.where(tmp_c_rx_pkt_num_list > 0, np.round(tmp_c_rssi_sum_list/tmp_c_rx_pkt_num_list, 1), 0.0)
/home/arimoto/opt/scensim_env/scenargie_simulator/2.2/scenarios_linux/srm_interference/commandline/./script/interference_2pan_plot_results.py:893: RuntimeWarning: invalid value encountered in divide
  tmp_c_rssi_ave_list = np.where(tmp_c_rx_pkt_num_list > 0, np.round(tmp_c_rssi_sum_list/tmp_c_rx_pkt_num_list, 1), 0.0)
/home/arimoto/opt/scensim_env/scenargie_simulator/2.2/scenarios_linux/srm_interference/commandline/./script/interference_2pan_plot_results.py:893: RuntimeWarning: invalid value encountered in divide
  tmp_c_rssi_ave_list = np.where(tmp_c_rx_pkt_num_list > 0, np.round(tmp_c_rssi_sum_list/tmp_c_rx_pkt_num_list, 1), 0.0)
/home/arimoto/opt/scensim_env/scenargie_simulator/2.2/scenarios_linux/srm_interference/commandline/./script/interference_2pan_plot_results.py:893: RuntimeWarning: invalid value encountered in divide
  tmp_c_rssi_ave_list = np.where(tmp_c_rx_pkt_num_list > 0, np.round(tmp_c_rssi_sum_list/tmp_c_rx_pkt_num_list, 1), 0.0)
/home/arimoto/opt/scensim_env/scenargie_simulator/2.2/scenarios_linux/srm_interference/commandline/./script/interference_2pan_plot_results.py:893: RuntimeWarning: invalid value encountered in divide
  tmp_c_rssi_ave_list = np.where(tmp_c_rx_pkt_num_list > 0, np.round(tmp_c_rssi_sum_list/tmp_c_rx_pkt_num_list, 1), 0.0)
/home/arimoto/opt/scensim_env/scenargie_simulator/2.2/scenarios_linux/srm_interference/commandline/./script/interference_2pan_plot_results.py:893: RuntimeWarning: invalid value encountered in divide
  tmp_c_rssi_ave_list = np.where(tmp_c_rx_pkt_num_list > 0, np.round(tmp_c_rssi_sum_list/tmp_c_rx_pkt_num_list, 1), 0.0)
/home/arimoto/opt/scensim_env/scenargie_simulator/2.2/scenarios_linux/srm_interference/commandline/./script/interference_2pan_plot_results.py:893: RuntimeWarning: invalid value encountered in divide
  tmp_c_rssi_ave_list = np.where(tmp_c_rx_pkt_num_list > 0, np.round(tmp_c_rssi_sum_list/tmp_c_rx_pkt_num_list, 1), 0.0)
/home/arimoto/opt/scensim_env/scenargie_simulator/2.2/scenarios_linux/srm_interference/commandline/./script/interference_2pan_plot_results.py:893: RuntimeWarning: invalid value encountered in divide
  tmp_c_rssi_ave_list = np.where(tmp_c_rx_pkt_num_list > 0, np.round(tmp_c_rssi_sum_list/tmp_c_rx_pkt_num_list, 1), 0.0)
/home/arimoto/opt/scensim_env/scenargie_simulator/2.2/scenarios_linux/srm_interference/commandline/./script/interference_2pan_plot_results.py:893: RuntimeWarning: invalid value encountered in divide
  tmp_c_rssi_ave_list = np.where(tmp_c_rx_pkt_num_list > 0, np.round(tmp_c_rssi_sum_list/tmp_c_rx_pkt_num_list, 1), 0.0)
/home/arimoto/opt/scensim_env/scenargie_simulator/2.2/scenarios_linux/srm_interference/commandline/./script/interference_2pan_plot_results.py:893: RuntimeWarning: invalid value encountered in divide
  tmp_c_rssi_ave_list = np.where(tmp_c_rx_pkt_num_list > 0, np.round(tmp_c_rssi_sum_list/tmp_c_rx_pkt_num_list, 1), 0.0)
/home/arimoto/opt/scensim_env/scenargie_simulator/2.2/scenarios_linux/srm_interference/commandline/./script/interference_2pan_plot_results.py:893: RuntimeWarning: invalid value encountered in divide
  tmp_c_rssi_ave_list = np.where(tmp_c_rx_pkt_num_list > 0, np.round(tmp_c_rssi_sum_list/tmp_c_rx_pkt_num_list, 1), 0.0)
/home/arimoto/opt/scensim_env/scenargie_simulator/2.2/scenarios_linux/srm_interference/commandline/./script/interference_2pan_plot_results.py:893: RuntimeWarning: invalid value encountered in divide
  tmp_c_rssi_ave_list = np.where(tmp_c_rx_pkt_num_list > 0, np.round(tmp_c_rssi_sum_list/tmp_c_rx_pkt_num_list, 1), 0.0)
/home/arimoto/opt/scensim_env/scenargie_simulator/2.2/scenarios_linux/srm_interference/commandline/./script/interference_2pan_plot_results.py:893: RuntimeWarning: invalid value encountered in divide
  tmp_c_rssi_ave_list = np.where(tmp_c_rx_pkt_num_list > 0, np.round(tmp_c_rssi_sum_list/tmp_c_rx_pkt_num_list, 1), 0.0)
/home/arimoto/opt/scensim_env/scenargie_simulator/2.2/scenarios_linux/srm_interference/commandline/./script/interference_2pan_plot_results.py:893: RuntimeWarning: invalid value encountered in divide
  tmp_c_rssi_ave_list = np.where(tmp_c_rx_pkt_num_list > 0, np.round(tmp_c_rssi_sum_list/tmp_c_rx_pkt_num_list, 1), 0.0)
/home/arimoto/opt/scensim_env/scenargie_simulator/2.2/scenarios_linux/srm_interference/commandline/./script/interference_2pan_plot_results.py:893: RuntimeWarning: invalid value encountered in divide
  tmp_c_rssi_ave_list = np.where(tmp_c_rx_pkt_num_list > 0, np.round(tmp_c_rssi_sum_list/tmp_c_rx_pkt_num_list, 1), 0.0)
/home/arimoto/opt/scensim_env/scenargie_simulator/2.2/scenarios_linux/srm_interference/commandline/./script/interference_2pan_plot_results.py:893: RuntimeWarning: invalid value encountered in divide
  tmp_c_rssi_ave_list = np.where(tmp_c_rx_pkt_num_list > 0, np.round(tmp_c_rssi_sum_list/tmp_c_rx_pkt_num_list, 1), 0.0)
/home/arimoto/opt/scensim_env/scenargie_simulator/2.2/scenarios_linux/srm_interference/commandline/./script/interference_2pan_plot_results.py:893: RuntimeWarning: invalid value encountered in divide
  tmp_c_rssi_ave_list = np.where(tmp_c_rx_pkt_num_list > 0, np.round(tmp_c_rssi_sum_list/tmp_c_rx_pkt_num_list, 1), 0.0)
/home/arimoto/opt/scensim_env/scenargie_simulator/2.2/scenarios_linux/srm_interference/commandline/./script/interference_2pan_plot_results.py:893: RuntimeWarning: invalid value encountered in divide
  tmp_c_rssi_ave_list = np.where(tmp_c_rx_pkt_num_list > 0, np.round(tmp_c_rssi_sum_list/tmp_c_rx_pkt_num_list, 1), 0.0)
/home/arimoto/opt/scensim_env/scenargie_simulator/2.2/scenarios_linux/srm_interference/commandline/./script/interference_2pan_plot_results.py:893: RuntimeWarning: invalid value encountered in divide
  tmp_c_rssi_ave_list = np.where(tmp_c_rx_pkt_num_list > 0, np.round(tmp_c_rssi_sum_list/tmp_c_rx_pkt_num_list, 1), 0.0)
/home/arimoto/opt/scensim_env/scenargie_simulator/2.2/scenarios_linux/srm_interference/commandline/./script/interference_2pan_plot_results.py:893: RuntimeWarning: invalid value encountered in divide
  tmp_c_rssi_ave_list = np.where(tmp_c_rx_pkt_num_list > 0, np.round(tmp_c_rssi_sum_list/tmp_c_rx_pkt_num_list, 1), 0.0)
/home/arimoto/opt/scensim_env/scenargie_simulator/2.2/scenarios_linux/srm_interference/commandline/./script/interference_2pan_plot_results.py:893: RuntimeWarning: invalid value encountered in divide
  tmp_c_rssi_ave_list = np.where(tmp_c_rx_pkt_num_list > 0, np.round(tmp_c_rssi_sum_list/tmp_c_rx_pkt_num_list, 1), 0.0)
/home/arimoto/opt/scensim_env/scenargie_simulator/2.2/scenarios_linux/srm_interference/commandline/./script/interference_2pan_plot_results.py:893: RuntimeWarning: invalid value encountered in divide
  tmp_c_rssi_ave_list = np.where(tmp_c_rx_pkt_num_list > 0, np.round(tmp_c_rssi_sum_list/tmp_c_rx_pkt_num_list, 1), 0.0)
/home/arimoto/opt/scensim_env/scenargie_simulator/2.2/scenarios_linux/srm_interference/commandline/./script/interference_2pan_plot_results.py:893: RuntimeWarning: invalid value encountered in divide
  tmp_c_rssi_ave_list = np.where(tmp_c_rx_pkt_num_list > 0, np.round(tmp_c_rssi_sum_list/tmp_c_rx_pkt_num_list, 1), 0.0)
/home/arimoto/opt/scensim_env/scenargie_simulator/2.2/scenarios_linux/srm_interference/commandline/./script/interference_2pan_plot_results.py:893: RuntimeWarning: invalid value encountered in divide
  tmp_c_rssi_ave_list = np.where(tmp_c_rx_pkt_num_list > 0, np.round(tmp_c_rssi_sum_list/tmp_c_rx_pkt_num_list, 1), 0.0)
/home/arimoto/opt/scensim_env/scenargie_simulator/2.2/scenarios_linux/srm_interference/commandline/./script/interference_2pan_plot_results.py:893: RuntimeWarning: invalid value encountered in divide
  tmp_c_rssi_ave_list = np.where(tmp_c_rx_pkt_num_list > 0, np.round(tmp_c_rssi_sum_list/tmp_c_rx_pkt_num_list, 1), 0.0)
/home/arimoto/opt/scensim_env/scenargie_simulator/2.2/scenarios_linux/srm_interference/commandline/./script/interference_2pan_plot_results.py:893: RuntimeWarning: invalid value encountered in divide
  tmp_c_rssi_ave_list = np.where(tmp_c_rx_pkt_num_list > 0, np.round(tmp_c_rssi_sum_list/tmp_c_rx_pkt_num_list, 1), 0.0)
/home/arimoto/opt/scensim_env/scenargie_simulator/2.2/scenarios_linux/srm_interference/commandline/./script/interference_2pan_plot_results.py:893: RuntimeWarning: invalid value encountered in divide
  tmp_c_rssi_ave_list = np.where(tmp_c_rx_pkt_num_list > 0, np.round(tmp_c_rssi_sum_list/tmp_c_rx_pkt_num_list, 1), 0.0)

===== Processing no_interf files =====

--- Starting Result Aggregation and Plotting ---
start off_load_pan1/pan2: 0.1 / 1.0
Found 100 stat files to process.
Found 100 trace files to process.
Found 100 pos files to process.
/home/arimoto/opt/scensim_env/scenargie_simulator/2.2/scenarios_linux/srm_interference/commandline/./script/interference_2pan_plot_results.py:893: RuntimeWarning: invalid value encountered in divide
  tmp_c_rssi_ave_list = np.where(tmp_c_rx_pkt_num_list > 0, np.round(tmp_c_rssi_sum_list/tmp_c_rx_pkt_num_list, 1), 0.0)
/home/arimoto/opt/scensim_env/scenargie_simulator/2.2/scenarios_linux/srm_interference/commandline/./script/interference_2pan_plot_results.py:893: RuntimeWarning: invalid value encountered in divide
  tmp_c_rssi_ave_list = np.where(tmp_c_rx_pkt_num_list > 0, np.round(tmp_c_rssi_sum_list/tmp_c_rx_pkt_num_list, 1), 0.0)
/home/arimoto/opt/scensim_env/scenargie_simulator/2.2/scenarios_linux/srm_interference/commandline/./script/interference_2pan_plot_results.py:893: RuntimeWarning: invalid value encountered in divide
  tmp_c_rssi_ave_list = np.where(tmp_c_rx_pkt_num_list > 0, np.round(tmp_c_rssi_sum_list/tmp_c_rx_pkt_num_list, 1), 0.0)
/home/arimoto/opt/scensim_env/scenargie_simulator/2.2/scenarios_linux/srm_interference/commandline/./script/interference_2pan_plot_results.py:893: RuntimeWarning: invalid value encountered in divide
  tmp_c_rssi_ave_list = np.where(tmp_c_rx_pkt_num_list > 0, np.round(tmp_c_rssi_sum_list/tmp_c_rx_pkt_num_list, 1), 0.0)
/home/arimoto/opt/scensim_env/scenargie_simulator/2.2/scenarios_linux/srm_interference/commandline/./script/interference_2pan_plot_results.py:893: RuntimeWarning: invalid value encountered in divide
  tmp_c_rssi_ave_list = np.where(tmp_c_rx_pkt_num_list > 0, np.round(tmp_c_rssi_sum_list/tmp_c_rx_pkt_num_list, 1), 0.0)
/home/arimoto/opt/scensim_env/scenargie_simulator/2.2/scenarios_linux/srm_interference/commandline/./script/interference_2pan_plot_results.py:893: RuntimeWarning: invalid value encountered in divide
  tmp_c_rssi_ave_list = np.where(tmp_c_rx_pkt_num_list > 0, np.round(tmp_c_rssi_sum_list/tmp_c_rx_pkt_num_list, 1), 0.0)
/home/arimoto/opt/scensim_env/scenargie_simulator/2.2/scenarios_linux/srm_interference/commandline/./script/interference_2pan_plot_results.py:893: RuntimeWarning: invalid value encountered in divide
  tmp_c_rssi_ave_list = np.where(tmp_c_rx_pkt_num_list > 0, np.round(tmp_c_rssi_sum_list/tmp_c_rx_pkt_num_list, 1), 0.0)
/home/arimoto/opt/scensim_env/scenargie_simulator/2.2/scenarios_linux/srm_interference/commandline/./script/interference_2pan_plot_results.py:893: RuntimeWarning: invalid value encountered in divide
  tmp_c_rssi_ave_list = np.where(tmp_c_rx_pkt_num_list > 0, np.round(tmp_c_rssi_sum_list/tmp_c_rx_pkt_num_list, 1), 0.0)
/home/arimoto/opt/scensim_env/scenargie_simulator/2.2/scenarios_linux/srm_interference/commandline/./script/interference_2pan_plot_results.py:893: RuntimeWarning: invalid value encountered in divide
  tmp_c_rssi_ave_list = np.where(tmp_c_rx_pkt_num_list > 0, np.round(tmp_c_rssi_sum_list/tmp_c_rx_pkt_num_list, 1), 0.0)
/home/arimoto/opt/scensim_env/scenargie_simulator/2.2/scenarios_linux/srm_interference/commandline/./script/interference_2pan_plot_results.py:893: RuntimeWarning: invalid value encountered in divide
  tmp_c_rssi_ave_list = np.where(tmp_c_rx_pkt_num_list > 0, np.round(tmp_c_rssi_sum_list/tmp_c_rx_pkt_num_list, 1), 0.0)
/home/arimoto/opt/scensim_env/scenargie_simulator/2.2/scenarios_linux/srm_interference/commandline/./script/interference_2pan_plot_results.py:893: RuntimeWarning: invalid value encountered in divide
  tmp_c_rssi_ave_list = np.where(tmp_c_rx_pkt_num_list > 0, np.round(tmp_c_rssi_sum_list/tmp_c_rx_pkt_num_list, 1), 0.0)
/home/arimoto/opt/scensim_env/scenargie_simulator/2.2/scenarios_linux/srm_interference/commandline/./script/interference_2pan_plot_results.py:893: RuntimeWarning: invalid value encountered in divide
  tmp_c_rssi_ave_list = np.where(tmp_c_rx_pkt_num_list > 0, np.round(tmp_c_rssi_sum_list/tmp_c_rx_pkt_num_list, 1), 0.0)
/home/arimoto/opt/scensim_env/scenargie_simulator/2.2/scenarios_linux/srm_interference/commandline/./script/interference_2pan_plot_results.py:893: RuntimeWarning: invalid value encountered in divide
  tmp_c_rssi_ave_list = np.where(tmp_c_rx_pkt_num_list > 0, np.round(tmp_c_rssi_sum_list/tmp_c_rx_pkt_num_list, 1), 0.0)
/home/arimoto/opt/scensim_env/scenargie_simulator/2.2/scenarios_linux/srm_interference/commandline/./script/interference_2pan_plot_results.py:893: RuntimeWarning: invalid value encountered in divide
  tmp_c_rssi_ave_list = np.where(tmp_c_rx_pkt_num_list > 0, np.round(tmp_c_rssi_sum_list/tmp_c_rx_pkt_num_list, 1), 0.0)
/home/arimoto/opt/scensim_env/scenargie_simulator/2.2/scenarios_linux/srm_interference/commandline/./script/interference_2pan_plot_results.py:893: RuntimeWarning: invalid value encountered in divide
  tmp_c_rssi_ave_list = np.where(tmp_c_rx_pkt_num_list > 0, np.round(tmp_c_rssi_sum_list/tmp_c_rx_pkt_num_list, 1), 0.0)
/home/arimoto/opt/scensim_env/scenargie_simulator/2.2/scenarios_linux/srm_interference/commandline/./script/interference_2pan_plot_results.py:893: RuntimeWarning: invalid value encountered in divide
  tmp_c_rssi_ave_list = np.where(tmp_c_rx_pkt_num_list > 0, np.round(tmp_c_rssi_sum_list/tmp_c_rx_pkt_num_list, 1), 0.0)
/home/arimoto/opt/scensim_env/scenargie_simulator/2.2/scenarios_linux/srm_interference/commandline/./script/interference_2pan_plot_results.py:893: RuntimeWarning: invalid value encountered in divide
  tmp_c_rssi_ave_list = np.where(tmp_c_rx_pkt_num_list > 0, np.round(tmp_c_rssi_sum_list/tmp_c_rx_pkt_num_list, 1), 0.0)
/home/arimoto/opt/scensim_env/scenargie_simulator/2.2/scenarios_linux/srm_interference/commandline/./script/interference_2pan_plot_results.py:893: RuntimeWarning: invalid value encountered in divide
  tmp_c_rssi_ave_list = np.where(tmp_c_rx_pkt_num_list > 0, np.round(tmp_c_rssi_sum_list/tmp_c_rx_pkt_num_list, 1), 0.0)
/home/arimoto/opt/scensim_env/scenargie_simulator/2.2/scenarios_linux/srm_interference/commandline/./script/interference_2pan_plot_results.py:893: RuntimeWarning: invalid value encountered in divide
  tmp_c_rssi_ave_list = np.where(tmp_c_rx_pkt_num_list > 0, np.round(tmp_c_rssi_sum_list/tmp_c_rx_pkt_num_list, 1), 0.0)
/home/arimoto/opt/scensim_env/scenargie_simulator/2.2/scenarios_linux/srm_interference/commandline/./script/interference_2pan_plot_results.py:893: RuntimeWarning: invalid value encountered in divide
  tmp_c_rssi_ave_list = np.where(tmp_c_rx_pkt_num_list > 0, np.round(tmp_c_rssi_sum_list/tmp_c_rx_pkt_num_list, 1), 0.0)
/home/arimoto/opt/scensim_env/scenargie_simulator/2.2/scenarios_linux/srm_interference/commandline/./script/interference_2pan_plot_results.py:893: RuntimeWarning: invalid value encountered in divide
  tmp_c_rssi_ave_list = np.where(tmp_c_rx_pkt_num_list > 0, np.round(tmp_c_rssi_sum_list/tmp_c_rx_pkt_num_list, 1), 0.0)
/home/arimoto/opt/scensim_env/scenargie_simulator/2.2/scenarios_linux/srm_interference/commandline/./script/interference_2pan_plot_results.py:893: RuntimeWarning: invalid value encountered in divide
  tmp_c_rssi_ave_list = np.where(tmp_c_rx_pkt_num_list > 0, np.round(tmp_c_rssi_sum_list/tmp_c_rx_pkt_num_list, 1), 0.0)
/home/arimoto/opt/scensim_env/scenargie_simulator/2.2/scenarios_linux/srm_interference/commandline/./script/interference_2pan_plot_results.py:893: RuntimeWarning: invalid value encountered in divide
  tmp_c_rssi_ave_list = np.where(tmp_c_rx_pkt_num_list > 0, np.round(tmp_c_rssi_sum_list/tmp_c_rx_pkt_num_list, 1), 0.0)
/home/arimoto/opt/scensim_env/scenargie_simulator/2.2/scenarios_linux/srm_interference/commandline/./script/interference_2pan_plot_results.py:893: RuntimeWarning: invalid value encountered in divide
  tmp_c_rssi_ave_list = np.where(tmp_c_rx_pkt_num_list > 0, np.round(tmp_c_rssi_sum_list/tmp_c_rx_pkt_num_list, 1), 0.0)
/home/arimoto/opt/scensim_env/scenargie_simulator/2.2/scenarios_linux/srm_interference/commandline/./script/interference_2pan_plot_results.py:893: RuntimeWarning: invalid value encountered in divide
  tmp_c_rssi_ave_list = np.where(tmp_c_rx_pkt_num_list > 0, np.round(tmp_c_rssi_sum_list/tmp_c_rx_pkt_num_list, 1), 0.0)
/home/arimoto/opt/scensim_env/scenargie_simulator/2.2/scenarios_linux/srm_interference/commandline/./script/interference_2pan_plot_results.py:893: RuntimeWarning: invalid value encountered in divide
  tmp_c_rssi_ave_list = np.where(tmp_c_rx_pkt_num_list > 0, np.round(tmp_c_rssi_sum_list/tmp_c_rx_pkt_num_list, 1), 0.0)
/home/arimoto/opt/scensim_env/scenargie_simulator/2.2/scenarios_linux/srm_interference/commandline/./script/interference_2pan_plot_results.py:893: RuntimeWarning: invalid value encountered in divide
  tmp_c_rssi_ave_list = np.where(tmp_c_rx_pkt_num_list > 0, np.round(tmp_c_rssi_sum_list/tmp_c_rx_pkt_num_list, 1), 0.0)
/home/arimoto/opt/scensim_env/scenargie_simulator/2.2/scenarios_linux/srm_interference/commandline/./script/interference_2pan_plot_results.py:893: RuntimeWarning: invalid value encountered in divide
  tmp_c_rssi_ave_list = np.where(tmp_c_rx_pkt_num_list > 0, np.round(tmp_c_rssi_sum_list/tmp_c_rx_pkt_num_list, 1), 0.0)
/home/arimoto/opt/scensim_env/scenargie_simulator/2.2/scenarios_linux/srm_interference/commandline/./script/interference_2pan_plot_results.py:893: RuntimeWarning: invalid value encountered in divide
  tmp_c_rssi_ave_list = np.where(tmp_c_rx_pkt_num_list > 0, np.round(tmp_c_rssi_sum_list/tmp_c_rx_pkt_num_list, 1), 0.0)
/home/arimoto/opt/scensim_env/scenargie_simulator/2.2/scenarios_linux/srm_interference/commandline/./script/interference_2pan_plot_results.py:893: RuntimeWarning: invalid value encountered in divide
  tmp_c_rssi_ave_list = np.where(tmp_c_rx_pkt_num_list > 0, np.round(tmp_c_rssi_sum_list/tmp_c_rx_pkt_num_list, 1), 0.0)
/home/arimoto/opt/scensim_env/scenargie_simulator/2.2/scenarios_linux/srm_interference/commandline/./script/interference_2pan_plot_results.py:893: RuntimeWarning: invalid value encountered in divide
  tmp_c_rssi_ave_list = np.where(tmp_c_rx_pkt_num_list > 0, np.round(tmp_c_rssi_sum_list/tmp_c_rx_pkt_num_list, 1), 0.0)
/home/arimoto/opt/scensim_env/scenargie_simulator/2.2/scenarios_linux/srm_interference/commandline/./script/interference_2pan_plot_results.py:893: RuntimeWarning: invalid value encountered in divide
  tmp_c_rssi_ave_list = np.where(tmp_c_rx_pkt_num_list > 0, np.round(tmp_c_rssi_sum_list/tmp_c_rx_pkt_num_list, 1), 0.0)
start off_load_pan1/pan2: 0.2 / 1.0
Found 100 stat files to process.
Found 100 trace files to process.
Found 100 pos files to process.
/home/arimoto/opt/scensim_env/scenargie_simulator/2.2/scenarios_linux/srm_interference/commandline/./script/interference_2pan_plot_results.py:893: RuntimeWarning: invalid value encountered in divide
  tmp_c_rssi_ave_list = np.where(tmp_c_rx_pkt_num_list > 0, np.round(tmp_c_rssi_sum_list/tmp_c_rx_pkt_num_list, 1), 0.0)
/home/arimoto/opt/scensim_env/scenargie_simulator/2.2/scenarios_linux/srm_interference/commandline/./script/interference_2pan_plot_results.py:893: RuntimeWarning: invalid value encountered in divide
  tmp_c_rssi_ave_list = np.where(tmp_c_rx_pkt_num_list > 0, np.round(tmp_c_rssi_sum_list/tmp_c_rx_pkt_num_list, 1), 0.0)
/home/arimoto/opt/scensim_env/scenargie_simulator/2.2/scenarios_linux/srm_interference/commandline/./script/interference_2pan_plot_results.py:893: RuntimeWarning: invalid value encountered in divide
  tmp_c_rssi_ave_list = np.where(tmp_c_rx_pkt_num_list > 0, np.round(tmp_c_rssi_sum_list/tmp_c_rx_pkt_num_list, 1), 0.0)
/home/arimoto/opt/scensim_env/scenargie_simulator/2.2/scenarios_linux/srm_interference/commandline/./script/interference_2pan_plot_results.py:893: RuntimeWarning: invalid value encountered in divide
  tmp_c_rssi_ave_list = np.where(tmp_c_rx_pkt_num_list > 0, np.round(tmp_c_rssi_sum_list/tmp_c_rx_pkt_num_list, 1), 0.0)
/home/arimoto/opt/scensim_env/scenargie_simulator/2.2/scenarios_linux/srm_interference/commandline/./script/interference_2pan_plot_results.py:893: RuntimeWarning: invalid value encountered in divide
  tmp_c_rssi_ave_list = np.where(tmp_c_rx_pkt_num_list > 0, np.round(tmp_c_rssi_sum_list/tmp_c_rx_pkt_num_list, 1), 0.0)
/home/arimoto/opt/scensim_env/scenargie_simulator/2.2/scenarios_linux/srm_interference/commandline/./script/interference_2pan_plot_results.py:893: RuntimeWarning: invalid value encountered in divide
  tmp_c_rssi_ave_list = np.where(tmp_c_rx_pkt_num_list > 0, np.round(tmp_c_rssi_sum_list/tmp_c_rx_pkt_num_list, 1), 0.0)
/home/arimoto/opt/scensim_env/scenargie_simulator/2.2/scenarios_linux/srm_interference/commandline/./script/interference_2pan_plot_results.py:893: RuntimeWarning: invalid value encountered in divide
  tmp_c_rssi_ave_list = np.where(tmp_c_rx_pkt_num_list > 0, np.round(tmp_c_rssi_sum_list/tmp_c_rx_pkt_num_list, 1), 0.0)
/home/arimoto/opt/scensim_env/scenargie_simulator/2.2/scenarios_linux/srm_interference/commandline/./script/interference_2pan_plot_results.py:893: RuntimeWarning: invalid value encountered in divide
  tmp_c_rssi_ave_list = np.where(tmp_c_rx_pkt_num_list > 0, np.round(tmp_c_rssi_sum_list/tmp_c_rx_pkt_num_list, 1), 0.0)
/home/arimoto/opt/scensim_env/scenargie_simulator/2.2/scenarios_linux/srm_interference/commandline/./script/interference_2pan_plot_results.py:893: RuntimeWarning: invalid value encountered in divide
  tmp_c_rssi_ave_list = np.where(tmp_c_rx_pkt_num_list > 0, np.round(tmp_c_rssi_sum_list/tmp_c_rx_pkt_num_list, 1), 0.0)
/home/arimoto/opt/scensim_env/scenargie_simulator/2.2/scenarios_linux/srm_interference/commandline/./script/interference_2pan_plot_results.py:893: RuntimeWarning: invalid value encountered in divide
  tmp_c_rssi_ave_list = np.where(tmp_c_rx_pkt_num_list > 0, np.round(tmp_c_rssi_sum_list/tmp_c_rx_pkt_num_list, 1), 0.0)
/home/arimoto/opt/scensim_env/scenargie_simulator/2.2/scenarios_linux/srm_interference/commandline/./script/interference_2pan_plot_results.py:893: RuntimeWarning: invalid value encountered in divide
  tmp_c_rssi_ave_list = np.where(tmp_c_rx_pkt_num_list > 0, np.round(tmp_c_rssi_sum_list/tmp_c_rx_pkt_num_list, 1), 0.0)
/home/arimoto/opt/scensim_env/scenargie_simulator/2.2/scenarios_linux/srm_interference/commandline/./script/interference_2pan_plot_results.py:893: RuntimeWarning: invalid value encountered in divide
  tmp_c_rssi_ave_list = np.where(tmp_c_rx_pkt_num_list > 0, np.round(tmp_c_rssi_sum_list/tmp_c_rx_pkt_num_list, 1), 0.0)
/home/arimoto/opt/scensim_env/scenargie_simulator/2.2/scenarios_linux/srm_interference/commandline/./script/interference_2pan_plot_results.py:893: RuntimeWarning: invalid value encountered in divide
  tmp_c_rssi_ave_list = np.where(tmp_c_rx_pkt_num_list > 0, np.round(tmp_c_rssi_sum_list/tmp_c_rx_pkt_num_list, 1), 0.0)
/home/arimoto/opt/scensim_env/scenargie_simulator/2.2/scenarios_linux/srm_interference/commandline/./script/interference_2pan_plot_results.py:893: RuntimeWarning: invalid value encountered in divide
  tmp_c_rssi_ave_list = np.where(tmp_c_rx_pkt_num_list > 0, np.round(tmp_c_rssi_sum_list/tmp_c_rx_pkt_num_list, 1), 0.0)
/home/arimoto/opt/scensim_env/scenargie_simulator/2.2/scenarios_linux/srm_interference/commandline/./script/interference_2pan_plot_results.py:893: RuntimeWarning: invalid value encountered in divide
  tmp_c_rssi_ave_list = np.where(tmp_c_rx_pkt_num_list > 0, np.round(tmp_c_rssi_sum_list/tmp_c_rx_pkt_num_list, 1), 0.0)
/home/arimoto/opt/scensim_env/scenargie_simulator/2.2/scenarios_linux/srm_interference/commandline/./script/interference_2pan_plot_results.py:893: RuntimeWarning: invalid value encountered in divide
  tmp_c_rssi_ave_list = np.where(tmp_c_rx_pkt_num_list > 0, np.round(tmp_c_rssi_sum_list/tmp_c_rx_pkt_num_list, 1), 0.0)
/home/arimoto/opt/scensim_env/scenargie_simulator/2.2/scenarios_linux/srm_interference/commandline/./script/interference_2pan_plot_results.py:893: RuntimeWarning: invalid value encountered in divide
  tmp_c_rssi_ave_list = np.where(tmp_c_rx_pkt_num_list > 0, np.round(tmp_c_rssi_sum_list/tmp_c_rx_pkt_num_list, 1), 0.0)
/home/arimoto/opt/scensim_env/scenargie_simulator/2.2/scenarios_linux/srm_interference/commandline/./script/interference_2pan_plot_results.py:893: RuntimeWarning: invalid value encountered in divide
  tmp_c_rssi_ave_list = np.where(tmp_c_rx_pkt_num_list > 0, np.round(tmp_c_rssi_sum_list/tmp_c_rx_pkt_num_list, 1), 0.0)
/home/arimoto/opt/scensim_env/scenargie_simulator/2.2/scenarios_linux/srm_interference/commandline/./script/interference_2pan_plot_results.py:893: RuntimeWarning: invalid value encountered in divide
  tmp_c_rssi_ave_list = np.where(tmp_c_rx_pkt_num_list > 0, np.round(tmp_c_rssi_sum_list/tmp_c_rx_pkt_num_list, 1), 0.0)
/home/arimoto/opt/scensim_env/scenargie_simulator/2.2/scenarios_linux/srm_interference/commandline/./script/interference_2pan_plot_results.py:893: RuntimeWarning: invalid value encountered in divide
  tmp_c_rssi_ave_list = np.where(tmp_c_rx_pkt_num_list > 0, np.round(tmp_c_rssi_sum_list/tmp_c_rx_pkt_num_list, 1), 0.0)
/home/arimoto/opt/scensim_env/scenargie_simulator/2.2/scenarios_linux/srm_interference/commandline/./script/interference_2pan_plot_results.py:893: RuntimeWarning: invalid value encountered in divide
  tmp_c_rssi_ave_list = np.where(tmp_c_rx_pkt_num_list > 0, np.round(tmp_c_rssi_sum_list/tmp_c_rx_pkt_num_list, 1), 0.0)
/home/arimoto/opt/scensim_env/scenargie_simulator/2.2/scenarios_linux/srm_interference/commandline/./script/interference_2pan_plot_results.py:893: RuntimeWarning: invalid value encountered in divide
  tmp_c_rssi_ave_list = np.where(tmp_c_rx_pkt_num_list > 0, np.round(tmp_c_rssi_sum_list/tmp_c_rx_pkt_num_list, 1), 0.0)
/home/arimoto/opt/scensim_env/scenargie_simulator/2.2/scenarios_linux/srm_interference/commandline/./script/interference_2pan_plot_results.py:893: RuntimeWarning: invalid value encountered in divide
  tmp_c_rssi_ave_list = np.where(tmp_c_rx_pkt_num_list > 0, np.round(tmp_c_rssi_sum_list/tmp_c_rx_pkt_num_list, 1), 0.0)
/home/arimoto/opt/scensim_env/scenargie_simulator/2.2/scenarios_linux/srm_interference/commandline/./script/interference_2pan_plot_results.py:893: RuntimeWarning: invalid value encountered in divide
  tmp_c_rssi_ave_list = np.where(tmp_c_rx_pkt_num_list > 0, np.round(tmp_c_rssi_sum_list/tmp_c_rx_pkt_num_list, 1), 0.0)
/home/arimoto/opt/scensim_env/scenargie_simulator/2.2/scenarios_linux/srm_interference/commandline/./script/interference_2pan_plot_results.py:893: RuntimeWarning: invalid value encountered in divide
  tmp_c_rssi_ave_list = np.where(tmp_c_rx_pkt_num_list > 0, np.round(tmp_c_rssi_sum_list/tmp_c_rx_pkt_num_list, 1), 0.0)
/home/arimoto/opt/scensim_env/scenargie_simulator/2.2/scenarios_linux/srm_interference/commandline/./script/interference_2pan_plot_results.py:893: RuntimeWarning: invalid value encountered in divide
  tmp_c_rssi_ave_list = np.where(tmp_c_rx_pkt_num_list > 0, np.round(tmp_c_rssi_sum_list/tmp_c_rx_pkt_num_list, 1), 0.0)
/home/arimoto/opt/scensim_env/scenargie_simulator/2.2/scenarios_linux/srm_interference/commandline/./script/interference_2pan_plot_results.py:893: RuntimeWarning: invalid value encountered in divide
  tmp_c_rssi_ave_list = np.where(tmp_c_rx_pkt_num_list > 0, np.round(tmp_c_rssi_sum_list/tmp_c_rx_pkt_num_list, 1), 0.0)
/home/arimoto/opt/scensim_env/scenargie_simulator/2.2/scenarios_linux/srm_interference/commandline/./script/interference_2pan_plot_results.py:893: RuntimeWarning: invalid value encountered in divide
  tmp_c_rssi_ave_list = np.where(tmp_c_rx_pkt_num_list > 0, np.round(tmp_c_rssi_sum_list/tmp_c_rx_pkt_num_list, 1), 0.0)
/home/arimoto/opt/scensim_env/scenargie_simulator/2.2/scenarios_linux/srm_interference/commandline/./script/interference_2pan_plot_results.py:893: RuntimeWarning: invalid value encountered in divide
  tmp_c_rssi_ave_list = np.where(tmp_c_rx_pkt_num_list > 0, np.round(tmp_c_rssi_sum_list/tmp_c_rx_pkt_num_list, 1), 0.0)
/home/arimoto/opt/scensim_env/scenargie_simulator/2.2/scenarios_linux/srm_interference/commandline/./script/interference_2pan_plot_results.py:893: RuntimeWarning: invalid value encountered in divide
  tmp_c_rssi_ave_list = np.where(tmp_c_rx_pkt_num_list > 0, np.round(tmp_c_rssi_sum_list/tmp_c_rx_pkt_num_list, 1), 0.0)
/home/arimoto/opt/scensim_env/scenargie_simulator/2.2/scenarios_linux/srm_interference/commandline/./script/interference_2pan_plot_results.py:893: RuntimeWarning: invalid value encountered in divide
  tmp_c_rssi_ave_list = np.where(tmp_c_rx_pkt_num_list > 0, np.round(tmp_c_rssi_sum_list/tmp_c_rx_pkt_num_list, 1), 0.0)
/home/arimoto/opt/scensim_env/scenargie_simulator/2.2/scenarios_linux/srm_interference/commandline/./script/interference_2pan_plot_results.py:893: RuntimeWarning: invalid value encountered in divide
  tmp_c_rssi_ave_list = np.where(tmp_c_rx_pkt_num_list > 0, np.round(tmp_c_rssi_sum_list/tmp_c_rx_pkt_num_list, 1), 0.0)
start off_load_pan1/pan2: 0.3 / 1.0
Found 100 stat files to process.
Found 100 trace files to process.
Found 100 pos files to process.
/home/arimoto/opt/scensim_env/scenargie_simulator/2.2/scenarios_linux/srm_interference/commandline/./script/interference_2pan_plot_results.py:893: RuntimeWarning: invalid value encountered in divide
  tmp_c_rssi_ave_list = np.where(tmp_c_rx_pkt_num_list > 0, np.round(tmp_c_rssi_sum_list/tmp_c_rx_pkt_num_list, 1), 0.0)
/home/arimoto/opt/scensim_env/scenargie_simulator/2.2/scenarios_linux/srm_interference/commandline/./script/interference_2pan_plot_results.py:893: RuntimeWarning: invalid value encountered in divide
  tmp_c_rssi_ave_list = np.where(tmp_c_rx_pkt_num_list > 0, np.round(tmp_c_rssi_sum_list/tmp_c_rx_pkt_num_list, 1), 0.0)
/home/arimoto/opt/scensim_env/scenargie_simulator/2.2/scenarios_linux/srm_interference/commandline/./script/interference_2pan_plot_results.py:893: RuntimeWarning: invalid value encountered in divide
  tmp_c_rssi_ave_list = np.where(tmp_c_rx_pkt_num_list > 0, np.round(tmp_c_rssi_sum_list/tmp_c_rx_pkt_num_list, 1), 0.0)
/home/arimoto/opt/scensim_env/scenargie_simulator/2.2/scenarios_linux/srm_interference/commandline/./script/interference_2pan_plot_results.py:893: RuntimeWarning: invalid value encountered in divide
  tmp_c_rssi_ave_list = np.where(tmp_c_rx_pkt_num_list > 0, np.round(tmp_c_rssi_sum_list/tmp_c_rx_pkt_num_list, 1), 0.0)
/home/arimoto/opt/scensim_env/scenargie_simulator/2.2/scenarios_linux/srm_interference/commandline/./script/interference_2pan_plot_results.py:893: RuntimeWarning: invalid value encountered in divide
  tmp_c_rssi_ave_list = np.where(tmp_c_rx_pkt_num_list > 0, np.round(tmp_c_rssi_sum_list/tmp_c_rx_pkt_num_list, 1), 0.0)
/home/arimoto/opt/scensim_env/scenargie_simulator/2.2/scenarios_linux/srm_interference/commandline/./script/interference_2pan_plot_results.py:893: RuntimeWarning: invalid value encountered in divide
  tmp_c_rssi_ave_list = np.where(tmp_c_rx_pkt_num_list > 0, np.round(tmp_c_rssi_sum_list/tmp_c_rx_pkt_num_list, 1), 0.0)
/home/arimoto/opt/scensim_env/scenargie_simulator/2.2/scenarios_linux/srm_interference/commandline/./script/interference_2pan_plot_results.py:893: RuntimeWarning: invalid value encountered in divide
  tmp_c_rssi_ave_list = np.where(tmp_c_rx_pkt_num_list > 0, np.round(tmp_c_rssi_sum_list/tmp_c_rx_pkt_num_list, 1), 0.0)
/home/arimoto/opt/scensim_env/scenargie_simulator/2.2/scenarios_linux/srm_interference/commandline/./script/interference_2pan_plot_results.py:893: RuntimeWarning: invalid value encountered in divide
  tmp_c_rssi_ave_list = np.where(tmp_c_rx_pkt_num_list > 0, np.round(tmp_c_rssi_sum_list/tmp_c_rx_pkt_num_list, 1), 0.0)
/home/arimoto/opt/scensim_env/scenargie_simulator/2.2/scenarios_linux/srm_interference/commandline/./script/interference_2pan_plot_results.py:893: RuntimeWarning: invalid value encountered in divide
  tmp_c_rssi_ave_list = np.where(tmp_c_rx_pkt_num_list > 0, np.round(tmp_c_rssi_sum_list/tmp_c_rx_pkt_num_list, 1), 0.0)
/home/arimoto/opt/scensim_env/scenargie_simulator/2.2/scenarios_linux/srm_interference/commandline/./script/interference_2pan_plot_results.py:893: RuntimeWarning: invalid value encountered in divide
  tmp_c_rssi_ave_list = np.where(tmp_c_rx_pkt_num_list > 0, np.round(tmp_c_rssi_sum_list/tmp_c_rx_pkt_num_list, 1), 0.0)
/home/arimoto/opt/scensim_env/scenargie_simulator/2.2/scenarios_linux/srm_interference/commandline/./script/interference_2pan_plot_results.py:893: RuntimeWarning: invalid value encountered in divide
  tmp_c_rssi_ave_list = np.where(tmp_c_rx_pkt_num_list > 0, np.round(tmp_c_rssi_sum_list/tmp_c_rx_pkt_num_list, 1), 0.0)
/home/arimoto/opt/scensim_env/scenargie_simulator/2.2/scenarios_linux/srm_interference/commandline/./script/interference_2pan_plot_results.py:893: RuntimeWarning: invalid value encountered in divide
  tmp_c_rssi_ave_list = np.where(tmp_c_rx_pkt_num_list > 0, np.round(tmp_c_rssi_sum_list/tmp_c_rx_pkt_num_list, 1), 0.0)
/home/arimoto/opt/scensim_env/scenargie_simulator/2.2/scenarios_linux/srm_interference/commandline/./script/interference_2pan_plot_results.py:893: RuntimeWarning: invalid value encountered in divide
  tmp_c_rssi_ave_list = np.where(tmp_c_rx_pkt_num_list > 0, np.round(tmp_c_rssi_sum_list/tmp_c_rx_pkt_num_list, 1), 0.0)
/home/arimoto/opt/scensim_env/scenargie_simulator/2.2/scenarios_linux/srm_interference/commandline/./script/interference_2pan_plot_results.py:893: RuntimeWarning: invalid value encountered in divide
  tmp_c_rssi_ave_list = np.where(tmp_c_rx_pkt_num_list > 0, np.round(tmp_c_rssi_sum_list/tmp_c_rx_pkt_num_list, 1), 0.0)
/home/arimoto/opt/scensim_env/scenargie_simulator/2.2/scenarios_linux/srm_interference/commandline/./script/interference_2pan_plot_results.py:893: RuntimeWarning: invalid value encountered in divide
  tmp_c_rssi_ave_list = np.where(tmp_c_rx_pkt_num_list > 0, np.round(tmp_c_rssi_sum_list/tmp_c_rx_pkt_num_list, 1), 0.0)
/home/arimoto/opt/scensim_env/scenargie_simulator/2.2/scenarios_linux/srm_interference/commandline/./script/interference_2pan_plot_results.py:893: RuntimeWarning: invalid value encountered in divide
  tmp_c_rssi_ave_list = np.where(tmp_c_rx_pkt_num_list > 0, np.round(tmp_c_rssi_sum_list/tmp_c_rx_pkt_num_list, 1), 0.0)
/home/arimoto/opt/scensim_env/scenargie_simulator/2.2/scenarios_linux/srm_interference/commandline/./script/interference_2pan_plot_results.py:893: RuntimeWarning: invalid value encountered in divide
  tmp_c_rssi_ave_list = np.where(tmp_c_rx_pkt_num_list > 0, np.round(tmp_c_rssi_sum_list/tmp_c_rx_pkt_num_list, 1), 0.0)
/home/arimoto/opt/scensim_env/scenargie_simulator/2.2/scenarios_linux/srm_interference/commandline/./script/interference_2pan_plot_results.py:893: RuntimeWarning: invalid value encountered in divide
  tmp_c_rssi_ave_list = np.where(tmp_c_rx_pkt_num_list > 0, np.round(tmp_c_rssi_sum_list/tmp_c_rx_pkt_num_list, 1), 0.0)
/home/arimoto/opt/scensim_env/scenargie_simulator/2.2/scenarios_linux/srm_interference/commandline/./script/interference_2pan_plot_results.py:893: RuntimeWarning: invalid value encountered in divide
  tmp_c_rssi_ave_list = np.where(tmp_c_rx_pkt_num_list > 0, np.round(tmp_c_rssi_sum_list/tmp_c_rx_pkt_num_list, 1), 0.0)
/home/arimoto/opt/scensim_env/scenargie_simulator/2.2/scenarios_linux/srm_interference/commandline/./script/interference_2pan_plot_results.py:893: RuntimeWarning: invalid value encountered in divide
  tmp_c_rssi_ave_list = np.where(tmp_c_rx_pkt_num_list > 0, np.round(tmp_c_rssi_sum_list/tmp_c_rx_pkt_num_list, 1), 0.0)
/home/arimoto/opt/scensim_env/scenargie_simulator/2.2/scenarios_linux/srm_interference/commandline/./script/interference_2pan_plot_results.py:893: RuntimeWarning: invalid value encountered in divide
  tmp_c_rssi_ave_list = np.where(tmp_c_rx_pkt_num_list > 0, np.round(tmp_c_rssi_sum_list/tmp_c_rx_pkt_num_list, 1), 0.0)
/home/arimoto/opt/scensim_env/scenargie_simulator/2.2/scenarios_linux/srm_interference/commandline/./script/interference_2pan_plot_results.py:893: RuntimeWarning: invalid value encountered in divide
  tmp_c_rssi_ave_list = np.where(tmp_c_rx_pkt_num_list > 0, np.round(tmp_c_rssi_sum_list/tmp_c_rx_pkt_num_list, 1), 0.0)
/home/arimoto/opt/scensim_env/scenargie_simulator/2.2/scenarios_linux/srm_interference/commandline/./script/interference_2pan_plot_results.py:893: RuntimeWarning: invalid value encountered in divide
  tmp_c_rssi_ave_list = np.where(tmp_c_rx_pkt_num_list > 0, np.round(tmp_c_rssi_sum_list/tmp_c_rx_pkt_num_list, 1), 0.0)
/home/arimoto/opt/scensim_env/scenargie_simulator/2.2/scenarios_linux/srm_interference/commandline/./script/interference_2pan_plot_results.py:893: RuntimeWarning: invalid value encountered in divide
  tmp_c_rssi_ave_list = np.where(tmp_c_rx_pkt_num_list > 0, np.round(tmp_c_rssi_sum_list/tmp_c_rx_pkt_num_list, 1), 0.0)
/home/arimoto/opt/scensim_env/scenargie_simulator/2.2/scenarios_linux/srm_interference/commandline/./script/interference_2pan_plot_results.py:893: RuntimeWarning: invalid value encountered in divide
  tmp_c_rssi_ave_list = np.where(tmp_c_rx_pkt_num_list > 0, np.round(tmp_c_rssi_sum_list/tmp_c_rx_pkt_num_list, 1), 0.0)
/home/arimoto/opt/scensim_env/scenargie_simulator/2.2/scenarios_linux/srm_interference/commandline/./script/interference_2pan_plot_results.py:893: RuntimeWarning: invalid value encountered in divide
  tmp_c_rssi_ave_list = np.where(tmp_c_rx_pkt_num_list > 0, np.round(tmp_c_rssi_sum_list/tmp_c_rx_pkt_num_list, 1), 0.0)
/home/arimoto/opt/scensim_env/scenargie_simulator/2.2/scenarios_linux/srm_interference/commandline/./script/interference_2pan_plot_results.py:893: RuntimeWarning: invalid value encountered in divide
  tmp_c_rssi_ave_list = np.where(tmp_c_rx_pkt_num_list > 0, np.round(tmp_c_rssi_sum_list/tmp_c_rx_pkt_num_list, 1), 0.0)
/home/arimoto/opt/scensim_env/scenargie_simulator/2.2/scenarios_linux/srm_interference/commandline/./script/interference_2pan_plot_results.py:893: RuntimeWarning: invalid value encountered in divide
  tmp_c_rssi_ave_list = np.where(tmp_c_rx_pkt_num_list > 0, np.round(tmp_c_rssi_sum_list/tmp_c_rx_pkt_num_list, 1), 0.0)
/home/arimoto/opt/scensim_env/scenargie_simulator/2.2/scenarios_linux/srm_interference/commandline/./script/interference_2pan_plot_results.py:893: RuntimeWarning: invalid value encountered in divide
  tmp_c_rssi_ave_list = np.where(tmp_c_rx_pkt_num_list > 0, np.round(tmp_c_rssi_sum_list/tmp_c_rx_pkt_num_list, 1), 0.0)
/home/arimoto/opt/scensim_env/scenargie_simulator/2.2/scenarios_linux/srm_interference/commandline/./script/interference_2pan_plot_results.py:893: RuntimeWarning: invalid value encountered in divide
  tmp_c_rssi_ave_list = np.where(tmp_c_rx_pkt_num_list > 0, np.round(tmp_c_rssi_sum_list/tmp_c_rx_pkt_num_list, 1), 0.0)
/home/arimoto/opt/scensim_env/scenargie_simulator/2.2/scenarios_linux/srm_interference/commandline/./script/interference_2pan_plot_results.py:893: RuntimeWarning: invalid value encountered in divide
  tmp_c_rssi_ave_list = np.where(tmp_c_rx_pkt_num_list > 0, np.round(tmp_c_rssi_sum_list/tmp_c_rx_pkt_num_list, 1), 0.0)
/home/arimoto/opt/scensim_env/scenargie_simulator/2.2/scenarios_linux/srm_interference/commandline/./script/interference_2pan_plot_results.py:893: RuntimeWarning: invalid value encountered in divide
  tmp_c_rssi_ave_list = np.where(tmp_c_rx_pkt_num_list > 0, np.round(tmp_c_rssi_sum_list/tmp_c_rx_pkt_num_list, 1), 0.0)
start off_load_pan1/pan2: 0.4 / 1.0
Found 100 stat files to process.
Found 100 trace files to process.
Found 100 pos files to process.
/home/arimoto/opt/scensim_env/scenargie_simulator/2.2/scenarios_linux/srm_interference/commandline/./script/interference_2pan_plot_results.py:893: RuntimeWarning: invalid value encountered in divide
  tmp_c_rssi_ave_list = np.where(tmp_c_rx_pkt_num_list > 0, np.round(tmp_c_rssi_sum_list/tmp_c_rx_pkt_num_list, 1), 0.0)
/home/arimoto/opt/scensim_env/scenargie_simulator/2.2/scenarios_linux/srm_interference/commandline/./script/interference_2pan_plot_results.py:893: RuntimeWarning: invalid value encountered in divide
  tmp_c_rssi_ave_list = np.where(tmp_c_rx_pkt_num_list > 0, np.round(tmp_c_rssi_sum_list/tmp_c_rx_pkt_num_list, 1), 0.0)
/home/arimoto/opt/scensim_env/scenargie_simulator/2.2/scenarios_linux/srm_interference/commandline/./script/interference_2pan_plot_results.py:893: RuntimeWarning: invalid value encountered in divide
  tmp_c_rssi_ave_list = np.where(tmp_c_rx_pkt_num_list > 0, np.round(tmp_c_rssi_sum_list/tmp_c_rx_pkt_num_list, 1), 0.0)
/home/arimoto/opt/scensim_env/scenargie_simulator/2.2/scenarios_linux/srm_interference/commandline/./script/interference_2pan_plot_results.py:893: RuntimeWarning: invalid value encountered in divide
  tmp_c_rssi_ave_list = np.where(tmp_c_rx_pkt_num_list > 0, np.round(tmp_c_rssi_sum_list/tmp_c_rx_pkt_num_list, 1), 0.0)
/home/arimoto/opt/scensim_env/scenargie_simulator/2.2/scenarios_linux/srm_interference/commandline/./script/interference_2pan_plot_results.py:893: RuntimeWarning: invalid value encountered in divide
  tmp_c_rssi_ave_list = np.where(tmp_c_rx_pkt_num_list > 0, np.round(tmp_c_rssi_sum_list/tmp_c_rx_pkt_num_list, 1), 0.0)
/home/arimoto/opt/scensim_env/scenargie_simulator/2.2/scenarios_linux/srm_interference/commandline/./script/interference_2pan_plot_results.py:893: RuntimeWarning: invalid value encountered in divide
  tmp_c_rssi_ave_list = np.where(tmp_c_rx_pkt_num_list > 0, np.round(tmp_c_rssi_sum_list/tmp_c_rx_pkt_num_list, 1), 0.0)
/home/arimoto/opt/scensim_env/scenargie_simulator/2.2/scenarios_linux/srm_interference/commandline/./script/interference_2pan_plot_results.py:893: RuntimeWarning: invalid value encountered in divide
  tmp_c_rssi_ave_list = np.where(tmp_c_rx_pkt_num_list > 0, np.round(tmp_c_rssi_sum_list/tmp_c_rx_pkt_num_list, 1), 0.0)
/home/arimoto/opt/scensim_env/scenargie_simulator/2.2/scenarios_linux/srm_interference/commandline/./script/interference_2pan_plot_results.py:893: RuntimeWarning: invalid value encountered in divide
  tmp_c_rssi_ave_list = np.where(tmp_c_rx_pkt_num_list > 0, np.round(tmp_c_rssi_sum_list/tmp_c_rx_pkt_num_list, 1), 0.0)
/home/arimoto/opt/scensim_env/scenargie_simulator/2.2/scenarios_linux/srm_interference/commandline/./script/interference_2pan_plot_results.py:893: RuntimeWarning: invalid value encountered in divide
  tmp_c_rssi_ave_list = np.where(tmp_c_rx_pkt_num_list > 0, np.round(tmp_c_rssi_sum_list/tmp_c_rx_pkt_num_list, 1), 0.0)
/home/arimoto/opt/scensim_env/scenargie_simulator/2.2/scenarios_linux/srm_interference/commandline/./script/interference_2pan_plot_results.py:893: RuntimeWarning: invalid value encountered in divide
  tmp_c_rssi_ave_list = np.where(tmp_c_rx_pkt_num_list > 0, np.round(tmp_c_rssi_sum_list/tmp_c_rx_pkt_num_list, 1), 0.0)
/home/arimoto/opt/scensim_env/scenargie_simulator/2.2/scenarios_linux/srm_interference/commandline/./script/interference_2pan_plot_results.py:893: RuntimeWarning: invalid value encountered in divide
  tmp_c_rssi_ave_list = np.where(tmp_c_rx_pkt_num_list > 0, np.round(tmp_c_rssi_sum_list/tmp_c_rx_pkt_num_list, 1), 0.0)
/home/arimoto/opt/scensim_env/scenargie_simulator/2.2/scenarios_linux/srm_interference/commandline/./script/interference_2pan_plot_results.py:893: RuntimeWarning: invalid value encountered in divide
  tmp_c_rssi_ave_list = np.where(tmp_c_rx_pkt_num_list > 0, np.round(tmp_c_rssi_sum_list/tmp_c_rx_pkt_num_list, 1), 0.0)
/home/arimoto/opt/scensim_env/scenargie_simulator/2.2/scenarios_linux/srm_interference/commandline/./script/interference_2pan_plot_results.py:893: RuntimeWarning: invalid value encountered in divide
  tmp_c_rssi_ave_list = np.where(tmp_c_rx_pkt_num_list > 0, np.round(tmp_c_rssi_sum_list/tmp_c_rx_pkt_num_list, 1), 0.0)
/home/arimoto/opt/scensim_env/scenargie_simulator/2.2/scenarios_linux/srm_interference/commandline/./script/interference_2pan_plot_results.py:893: RuntimeWarning: invalid value encountered in divide
  tmp_c_rssi_ave_list = np.where(tmp_c_rx_pkt_num_list > 0, np.round(tmp_c_rssi_sum_list/tmp_c_rx_pkt_num_list, 1), 0.0)
/home/arimoto/opt/scensim_env/scenargie_simulator/2.2/scenarios_linux/srm_interference/commandline/./script/interference_2pan_plot_results.py:893: RuntimeWarning: invalid value encountered in divide
  tmp_c_rssi_ave_list = np.where(tmp_c_rx_pkt_num_list > 0, np.round(tmp_c_rssi_sum_list/tmp_c_rx_pkt_num_list, 1), 0.0)
/home/arimoto/opt/scensim_env/scenargie_simulator/2.2/scenarios_linux/srm_interference/commandline/./script/interference_2pan_plot_results.py:893: RuntimeWarning: invalid value encountered in divide
  tmp_c_rssi_ave_list = np.where(tmp_c_rx_pkt_num_list > 0, np.round(tmp_c_rssi_sum_list/tmp_c_rx_pkt_num_list, 1), 0.0)
/home/arimoto/opt/scensim_env/scenargie_simulator/2.2/scenarios_linux/srm_interference/commandline/./script/interference_2pan_plot_results.py:893: RuntimeWarning: invalid value encountered in divide
  tmp_c_rssi_ave_list = np.where(tmp_c_rx_pkt_num_list > 0, np.round(tmp_c_rssi_sum_list/tmp_c_rx_pkt_num_list, 1), 0.0)
/home/arimoto/opt/scensim_env/scenargie_simulator/2.2/scenarios_linux/srm_interference/commandline/./script/interference_2pan_plot_results.py:893: RuntimeWarning: invalid value encountered in divide
  tmp_c_rssi_ave_list = np.where(tmp_c_rx_pkt_num_list > 0, np.round(tmp_c_rssi_sum_list/tmp_c_rx_pkt_num_list, 1), 0.0)
/home/arimoto/opt/scensim_env/scenargie_simulator/2.2/scenarios_linux/srm_interference/commandline/./script/interference_2pan_plot_results.py:893: RuntimeWarning: invalid value encountered in divide
  tmp_c_rssi_ave_list = np.where(tmp_c_rx_pkt_num_list > 0, np.round(tmp_c_rssi_sum_list/tmp_c_rx_pkt_num_list, 1), 0.0)
/home/arimoto/opt/scensim_env/scenargie_simulator/2.2/scenarios_linux/srm_interference/commandline/./script/interference_2pan_plot_results.py:893: RuntimeWarning: invalid value encountered in divide
  tmp_c_rssi_ave_list = np.where(tmp_c_rx_pkt_num_list > 0, np.round(tmp_c_rssi_sum_list/tmp_c_rx_pkt_num_list, 1), 0.0)
/home/arimoto/opt/scensim_env/scenargie_simulator/2.2/scenarios_linux/srm_interference/commandline/./script/interference_2pan_plot_results.py:893: RuntimeWarning: invalid value encountered in divide
  tmp_c_rssi_ave_list = np.where(tmp_c_rx_pkt_num_list > 0, np.round(tmp_c_rssi_sum_list/tmp_c_rx_pkt_num_list, 1), 0.0)
/home/arimoto/opt/scensim_env/scenargie_simulator/2.2/scenarios_linux/srm_interference/commandline/./script/interference_2pan_plot_results.py:893: RuntimeWarning: invalid value encountered in divide
  tmp_c_rssi_ave_list = np.where(tmp_c_rx_pkt_num_list > 0, np.round(tmp_c_rssi_sum_list/tmp_c_rx_pkt_num_list, 1), 0.0)
/home/arimoto/opt/scensim_env/scenargie_simulator/2.2/scenarios_linux/srm_interference/commandline/./script/interference_2pan_plot_results.py:893: RuntimeWarning: invalid value encountered in divide
  tmp_c_rssi_ave_list = np.where(tmp_c_rx_pkt_num_list > 0, np.round(tmp_c_rssi_sum_list/tmp_c_rx_pkt_num_list, 1), 0.0)
/home/arimoto/opt/scensim_env/scenargie_simulator/2.2/scenarios_linux/srm_interference/commandline/./script/interference_2pan_plot_results.py:893: RuntimeWarning: invalid value encountered in divide
  tmp_c_rssi_ave_list = np.where(tmp_c_rx_pkt_num_list > 0, np.round(tmp_c_rssi_sum_list/tmp_c_rx_pkt_num_list, 1), 0.0)
/home/arimoto/opt/scensim_env/scenargie_simulator/2.2/scenarios_linux/srm_interference/commandline/./script/interference_2pan_plot_results.py:893: RuntimeWarning: invalid value encountered in divide
  tmp_c_rssi_ave_list = np.where(tmp_c_rx_pkt_num_list > 0, np.round(tmp_c_rssi_sum_list/tmp_c_rx_pkt_num_list, 1), 0.0)
/home/arimoto/opt/scensim_env/scenargie_simulator/2.2/scenarios_linux/srm_interference/commandline/./script/interference_2pan_plot_results.py:893: RuntimeWarning: invalid value encountered in divide
  tmp_c_rssi_ave_list = np.where(tmp_c_rx_pkt_num_list > 0, np.round(tmp_c_rssi_sum_list/tmp_c_rx_pkt_num_list, 1), 0.0)
/home/arimoto/opt/scensim_env/scenargie_simulator/2.2/scenarios_linux/srm_interference/commandline/./script/interference_2pan_plot_results.py:893: RuntimeWarning: invalid value encountered in divide
  tmp_c_rssi_ave_list = np.where(tmp_c_rx_pkt_num_list > 0, np.round(tmp_c_rssi_sum_list/tmp_c_rx_pkt_num_list, 1), 0.0)
/home/arimoto/opt/scensim_env/scenargie_simulator/2.2/scenarios_linux/srm_interference/commandline/./script/interference_2pan_plot_results.py:893: RuntimeWarning: invalid value encountered in divide
  tmp_c_rssi_ave_list = np.where(tmp_c_rx_pkt_num_list > 0, np.round(tmp_c_rssi_sum_list/tmp_c_rx_pkt_num_list, 1), 0.0)
/home/arimoto/opt/scensim_env/scenargie_simulator/2.2/scenarios_linux/srm_interference/commandline/./script/interference_2pan_plot_results.py:893: RuntimeWarning: invalid value encountered in divide
  tmp_c_rssi_ave_list = np.where(tmp_c_rx_pkt_num_list > 0, np.round(tmp_c_rssi_sum_list/tmp_c_rx_pkt_num_list, 1), 0.0)
/home/arimoto/opt/scensim_env/scenargie_simulator/2.2/scenarios_linux/srm_interference/commandline/./script/interference_2pan_plot_results.py:893: RuntimeWarning: invalid value encountered in divide
  tmp_c_rssi_ave_list = np.where(tmp_c_rx_pkt_num_list > 0, np.round(tmp_c_rssi_sum_list/tmp_c_rx_pkt_num_list, 1), 0.0)
/home/arimoto/opt/scensim_env/scenargie_simulator/2.2/scenarios_linux/srm_interference/commandline/./script/interference_2pan_plot_results.py:893: RuntimeWarning: invalid value encountered in divide
  tmp_c_rssi_ave_list = np.where(tmp_c_rx_pkt_num_list > 0, np.round(tmp_c_rssi_sum_list/tmp_c_rx_pkt_num_list, 1), 0.0)
/home/arimoto/opt/scensim_env/scenargie_simulator/2.2/scenarios_linux/srm_interference/commandline/./script/interference_2pan_plot_results.py:893: RuntimeWarning: invalid value encountered in divide
  tmp_c_rssi_ave_list = np.where(tmp_c_rx_pkt_num_list > 0, np.round(tmp_c_rssi_sum_list/tmp_c_rx_pkt_num_list, 1), 0.0)
start off_load_pan1/pan2: 0.5 / 1.0
Found 100 stat files to process.
Found 100 trace files to process.
Found 100 pos files to process.
/home/arimoto/opt/scensim_env/scenargie_simulator/2.2/scenarios_linux/srm_interference/commandline/./script/interference_2pan_plot_results.py:893: RuntimeWarning: invalid value encountered in divide
  tmp_c_rssi_ave_list = np.where(tmp_c_rx_pkt_num_list > 0, np.round(tmp_c_rssi_sum_list/tmp_c_rx_pkt_num_list, 1), 0.0)
/home/arimoto/opt/scensim_env/scenargie_simulator/2.2/scenarios_linux/srm_interference/commandline/./script/interference_2pan_plot_results.py:893: RuntimeWarning: invalid value encountered in divide
  tmp_c_rssi_ave_list = np.where(tmp_c_rx_pkt_num_list > 0, np.round(tmp_c_rssi_sum_list/tmp_c_rx_pkt_num_list, 1), 0.0)
/home/arimoto/opt/scensim_env/scenargie_simulator/2.2/scenarios_linux/srm_interference/commandline/./script/interference_2pan_plot_results.py:893: RuntimeWarning: invalid value encountered in divide
  tmp_c_rssi_ave_list = np.where(tmp_c_rx_pkt_num_list > 0, np.round(tmp_c_rssi_sum_list/tmp_c_rx_pkt_num_list, 1), 0.0)
/home/arimoto/opt/scensim_env/scenargie_simulator/2.2/scenarios_linux/srm_interference/commandline/./script/interference_2pan_plot_results.py:893: RuntimeWarning: invalid value encountered in divide
  tmp_c_rssi_ave_list = np.where(tmp_c_rx_pkt_num_list > 0, np.round(tmp_c_rssi_sum_list/tmp_c_rx_pkt_num_list, 1), 0.0)
/home/arimoto/opt/scensim_env/scenargie_simulator/2.2/scenarios_linux/srm_interference/commandline/./script/interference_2pan_plot_results.py:893: RuntimeWarning: invalid value encountered in divide
  tmp_c_rssi_ave_list = np.where(tmp_c_rx_pkt_num_list > 0, np.round(tmp_c_rssi_sum_list/tmp_c_rx_pkt_num_list, 1), 0.0)
/home/arimoto/opt/scensim_env/scenargie_simulator/2.2/scenarios_linux/srm_interference/commandline/./script/interference_2pan_plot_results.py:893: RuntimeWarning: invalid value encountered in divide
  tmp_c_rssi_ave_list = np.where(tmp_c_rx_pkt_num_list > 0, np.round(tmp_c_rssi_sum_list/tmp_c_rx_pkt_num_list, 1), 0.0)
/home/arimoto/opt/scensim_env/scenargie_simulator/2.2/scenarios_linux/srm_interference/commandline/./script/interference_2pan_plot_results.py:893: RuntimeWarning: invalid value encountered in divide
  tmp_c_rssi_ave_list = np.where(tmp_c_rx_pkt_num_list > 0, np.round(tmp_c_rssi_sum_list/tmp_c_rx_pkt_num_list, 1), 0.0)
/home/arimoto/opt/scensim_env/scenargie_simulator/2.2/scenarios_linux/srm_interference/commandline/./script/interference_2pan_plot_results.py:893: RuntimeWarning: invalid value encountered in divide
  tmp_c_rssi_ave_list = np.where(tmp_c_rx_pkt_num_list > 0, np.round(tmp_c_rssi_sum_list/tmp_c_rx_pkt_num_list, 1), 0.0)
/home/arimoto/opt/scensim_env/scenargie_simulator/2.2/scenarios_linux/srm_interference/commandline/./script/interference_2pan_plot_results.py:893: RuntimeWarning: invalid value encountered in divide
  tmp_c_rssi_ave_list = np.where(tmp_c_rx_pkt_num_list > 0, np.round(tmp_c_rssi_sum_list/tmp_c_rx_pkt_num_list, 1), 0.0)
/home/arimoto/opt/scensim_env/scenargie_simulator/2.2/scenarios_linux/srm_interference/commandline/./script/interference_2pan_plot_results.py:893: RuntimeWarning: invalid value encountered in divide
  tmp_c_rssi_ave_list = np.where(tmp_c_rx_pkt_num_list > 0, np.round(tmp_c_rssi_sum_list/tmp_c_rx_pkt_num_list, 1), 0.0)
/home/arimoto/opt/scensim_env/scenargie_simulator/2.2/scenarios_linux/srm_interference/commandline/./script/interference_2pan_plot_results.py:893: RuntimeWarning: invalid value encountered in divide
  tmp_c_rssi_ave_list = np.where(tmp_c_rx_pkt_num_list > 0, np.round(tmp_c_rssi_sum_list/tmp_c_rx_pkt_num_list, 1), 0.0)
/home/arimoto/opt/scensim_env/scenargie_simulator/2.2/scenarios_linux/srm_interference/commandline/./script/interference_2pan_plot_results.py:893: RuntimeWarning: invalid value encountered in divide
  tmp_c_rssi_ave_list = np.where(tmp_c_rx_pkt_num_list > 0, np.round(tmp_c_rssi_sum_list/tmp_c_rx_pkt_num_list, 1), 0.0)
/home/arimoto/opt/scensim_env/scenargie_simulator/2.2/scenarios_linux/srm_interference/commandline/./script/interference_2pan_plot_results.py:893: RuntimeWarning: invalid value encountered in divide
  tmp_c_rssi_ave_list = np.where(tmp_c_rx_pkt_num_list > 0, np.round(tmp_c_rssi_sum_list/tmp_c_rx_pkt_num_list, 1), 0.0)
/home/arimoto/opt/scensim_env/scenargie_simulator/2.2/scenarios_linux/srm_interference/commandline/./script/interference_2pan_plot_results.py:893: RuntimeWarning: invalid value encountered in divide
  tmp_c_rssi_ave_list = np.where(tmp_c_rx_pkt_num_list > 0, np.round(tmp_c_rssi_sum_list/tmp_c_rx_pkt_num_list, 1), 0.0)
/home/arimoto/opt/scensim_env/scenargie_simulator/2.2/scenarios_linux/srm_interference/commandline/./script/interference_2pan_plot_results.py:893: RuntimeWarning: invalid value encountered in divide
  tmp_c_rssi_ave_list = np.where(tmp_c_rx_pkt_num_list > 0, np.round(tmp_c_rssi_sum_list/tmp_c_rx_pkt_num_list, 1), 0.0)
/home/arimoto/opt/scensim_env/scenargie_simulator/2.2/scenarios_linux/srm_interference/commandline/./script/interference_2pan_plot_results.py:893: RuntimeWarning: invalid value encountered in divide
  tmp_c_rssi_ave_list = np.where(tmp_c_rx_pkt_num_list > 0, np.round(tmp_c_rssi_sum_list/tmp_c_rx_pkt_num_list, 1), 0.0)
/home/arimoto/opt/scensim_env/scenargie_simulator/2.2/scenarios_linux/srm_interference/commandline/./script/interference_2pan_plot_results.py:893: RuntimeWarning: invalid value encountered in divide
  tmp_c_rssi_ave_list = np.where(tmp_c_rx_pkt_num_list > 0, np.round(tmp_c_rssi_sum_list/tmp_c_rx_pkt_num_list, 1), 0.0)
/home/arimoto/opt/scensim_env/scenargie_simulator/2.2/scenarios_linux/srm_interference/commandline/./script/interference_2pan_plot_results.py:893: RuntimeWarning: invalid value encountered in divide
  tmp_c_rssi_ave_list = np.where(tmp_c_rx_pkt_num_list > 0, np.round(tmp_c_rssi_sum_list/tmp_c_rx_pkt_num_list, 1), 0.0)
/home/arimoto/opt/scensim_env/scenargie_simulator/2.2/scenarios_linux/srm_interference/commandline/./script/interference_2pan_plot_results.py:893: RuntimeWarning: invalid value encountered in divide
  tmp_c_rssi_ave_list = np.where(tmp_c_rx_pkt_num_list > 0, np.round(tmp_c_rssi_sum_list/tmp_c_rx_pkt_num_list, 1), 0.0)
/home/arimoto/opt/scensim_env/scenargie_simulator/2.2/scenarios_linux/srm_interference/commandline/./script/interference_2pan_plot_results.py:893: RuntimeWarning: invalid value encountered in divide
  tmp_c_rssi_ave_list = np.where(tmp_c_rx_pkt_num_list > 0, np.round(tmp_c_rssi_sum_list/tmp_c_rx_pkt_num_list, 1), 0.0)
/home/arimoto/opt/scensim_env/scenargie_simulator/2.2/scenarios_linux/srm_interference/commandline/./script/interference_2pan_plot_results.py:893: RuntimeWarning: invalid value encountered in divide
  tmp_c_rssi_ave_list = np.where(tmp_c_rx_pkt_num_list > 0, np.round(tmp_c_rssi_sum_list/tmp_c_rx_pkt_num_list, 1), 0.0)
/home/arimoto/opt/scensim_env/scenargie_simulator/2.2/scenarios_linux/srm_interference/commandline/./script/interference_2pan_plot_results.py:893: RuntimeWarning: invalid value encountered in divide
  tmp_c_rssi_ave_list = np.where(tmp_c_rx_pkt_num_list > 0, np.round(tmp_c_rssi_sum_list/tmp_c_rx_pkt_num_list, 1), 0.0)
/home/arimoto/opt/scensim_env/scenargie_simulator/2.2/scenarios_linux/srm_interference/commandline/./script/interference_2pan_plot_results.py:893: RuntimeWarning: invalid value encountered in divide
  tmp_c_rssi_ave_list = np.where(tmp_c_rx_pkt_num_list > 0, np.round(tmp_c_rssi_sum_list/tmp_c_rx_pkt_num_list, 1), 0.0)
/home/arimoto/opt/scensim_env/scenargie_simulator/2.2/scenarios_linux/srm_interference/commandline/./script/interference_2pan_plot_results.py:893: RuntimeWarning: invalid value encountered in divide
  tmp_c_rssi_ave_list = np.where(tmp_c_rx_pkt_num_list > 0, np.round(tmp_c_rssi_sum_list/tmp_c_rx_pkt_num_list, 1), 0.0)
/home/arimoto/opt/scensim_env/scenargie_simulator/2.2/scenarios_linux/srm_interference/commandline/./script/interference_2pan_plot_results.py:893: RuntimeWarning: invalid value encountered in divide
  tmp_c_rssi_ave_list = np.where(tmp_c_rx_pkt_num_list > 0, np.round(tmp_c_rssi_sum_list/tmp_c_rx_pkt_num_list, 1), 0.0)
/home/arimoto/opt/scensim_env/scenargie_simulator/2.2/scenarios_linux/srm_interference/commandline/./script/interference_2pan_plot_results.py:893: RuntimeWarning: invalid value encountered in divide
  tmp_c_rssi_ave_list = np.where(tmp_c_rx_pkt_num_list > 0, np.round(tmp_c_rssi_sum_list/tmp_c_rx_pkt_num_list, 1), 0.0)
/home/arimoto/opt/scensim_env/scenargie_simulator/2.2/scenarios_linux/srm_interference/commandline/./script/interference_2pan_plot_results.py:893: RuntimeWarning: invalid value encountered in divide
  tmp_c_rssi_ave_list = np.where(tmp_c_rx_pkt_num_list > 0, np.round(tmp_c_rssi_sum_list/tmp_c_rx_pkt_num_list, 1), 0.0)
/home/arimoto/opt/scensim_env/scenargie_simulator/2.2/scenarios_linux/srm_interference/commandline/./script/interference_2pan_plot_results.py:893: RuntimeWarning: invalid value encountered in divide
  tmp_c_rssi_ave_list = np.where(tmp_c_rx_pkt_num_list > 0, np.round(tmp_c_rssi_sum_list/tmp_c_rx_pkt_num_list, 1), 0.0)
/home/arimoto/opt/scensim_env/scenargie_simulator/2.2/scenarios_linux/srm_interference/commandline/./script/interference_2pan_plot_results.py:893: RuntimeWarning: invalid value encountered in divide
  tmp_c_rssi_ave_list = np.where(tmp_c_rx_pkt_num_list > 0, np.round(tmp_c_rssi_sum_list/tmp_c_rx_pkt_num_list, 1), 0.0)
/home/arimoto/opt/scensim_env/scenargie_simulator/2.2/scenarios_linux/srm_interference/commandline/./script/interference_2pan_plot_results.py:893: RuntimeWarning: invalid value encountered in divide
  tmp_c_rssi_ave_list = np.where(tmp_c_rx_pkt_num_list > 0, np.round(tmp_c_rssi_sum_list/tmp_c_rx_pkt_num_list, 1), 0.0)
/home/arimoto/opt/scensim_env/scenargie_simulator/2.2/scenarios_linux/srm_interference/commandline/./script/interference_2pan_plot_results.py:893: RuntimeWarning: invalid value encountered in divide
  tmp_c_rssi_ave_list = np.where(tmp_c_rx_pkt_num_list > 0, np.round(tmp_c_rssi_sum_list/tmp_c_rx_pkt_num_list, 1), 0.0)
/home/arimoto/opt/scensim_env/scenargie_simulator/2.2/scenarios_linux/srm_interference/commandline/./script/interference_2pan_plot_results.py:893: RuntimeWarning: invalid value encountered in divide
  tmp_c_rssi_ave_list = np.where(tmp_c_rx_pkt_num_list > 0, np.round(tmp_c_rssi_sum_list/tmp_c_rx_pkt_num_list, 1), 0.0)
start off_load_pan1/pan2: 0.6 / 1.0
Found 100 stat files to process.
Found 100 trace files to process.
Found 100 pos files to process.
/home/arimoto/opt/scensim_env/scenargie_simulator/2.2/scenarios_linux/srm_interference/commandline/./script/interference_2pan_plot_results.py:893: RuntimeWarning: invalid value encountered in divide
  tmp_c_rssi_ave_list = np.where(tmp_c_rx_pkt_num_list > 0, np.round(tmp_c_rssi_sum_list/tmp_c_rx_pkt_num_list, 1), 0.0)
/home/arimoto/opt/scensim_env/scenargie_simulator/2.2/scenarios_linux/srm_interference/commandline/./script/interference_2pan_plot_results.py:893: RuntimeWarning: invalid value encountered in divide
  tmp_c_rssi_ave_list = np.where(tmp_c_rx_pkt_num_list > 0, np.round(tmp_c_rssi_sum_list/tmp_c_rx_pkt_num_list, 1), 0.0)
/home/arimoto/opt/scensim_env/scenargie_simulator/2.2/scenarios_linux/srm_interference/commandline/./script/interference_2pan_plot_results.py:893: RuntimeWarning: invalid value encountered in divide
  tmp_c_rssi_ave_list = np.where(tmp_c_rx_pkt_num_list > 0, np.round(tmp_c_rssi_sum_list/tmp_c_rx_pkt_num_list, 1), 0.0)
/home/arimoto/opt/scensim_env/scenargie_simulator/2.2/scenarios_linux/srm_interference/commandline/./script/interference_2pan_plot_results.py:893: RuntimeWarning: invalid value encountered in divide
  tmp_c_rssi_ave_list = np.where(tmp_c_rx_pkt_num_list > 0, np.round(tmp_c_rssi_sum_list/tmp_c_rx_pkt_num_list, 1), 0.0)
/home/arimoto/opt/scensim_env/scenargie_simulator/2.2/scenarios_linux/srm_interference/commandline/./script/interference_2pan_plot_results.py:893: RuntimeWarning: invalid value encountered in divide
  tmp_c_rssi_ave_list = np.where(tmp_c_rx_pkt_num_list > 0, np.round(tmp_c_rssi_sum_list/tmp_c_rx_pkt_num_list, 1), 0.0)
/home/arimoto/opt/scensim_env/scenargie_simulator/2.2/scenarios_linux/srm_interference/commandline/./script/interference_2pan_plot_results.py:893: RuntimeWarning: invalid value encountered in divide
  tmp_c_rssi_ave_list = np.where(tmp_c_rx_pkt_num_list > 0, np.round(tmp_c_rssi_sum_list/tmp_c_rx_pkt_num_list, 1), 0.0)
/home/arimoto/opt/scensim_env/scenargie_simulator/2.2/scenarios_linux/srm_interference/commandline/./script/interference_2pan_plot_results.py:893: RuntimeWarning: invalid value encountered in divide
  tmp_c_rssi_ave_list = np.where(tmp_c_rx_pkt_num_list > 0, np.round(tmp_c_rssi_sum_list/tmp_c_rx_pkt_num_list, 1), 0.0)
/home/arimoto/opt/scensim_env/scenargie_simulator/2.2/scenarios_linux/srm_interference/commandline/./script/interference_2pan_plot_results.py:893: RuntimeWarning: invalid value encountered in divide
  tmp_c_rssi_ave_list = np.where(tmp_c_rx_pkt_num_list > 0, np.round(tmp_c_rssi_sum_list/tmp_c_rx_pkt_num_list, 1), 0.0)
/home/arimoto/opt/scensim_env/scenargie_simulator/2.2/scenarios_linux/srm_interference/commandline/./script/interference_2pan_plot_results.py:893: RuntimeWarning: invalid value encountered in divide
  tmp_c_rssi_ave_list = np.where(tmp_c_rx_pkt_num_list > 0, np.round(tmp_c_rssi_sum_list/tmp_c_rx_pkt_num_list, 1), 0.0)
/home/arimoto/opt/scensim_env/scenargie_simulator/2.2/scenarios_linux/srm_interference/commandline/./script/interference_2pan_plot_results.py:893: RuntimeWarning: invalid value encountered in divide
  tmp_c_rssi_ave_list = np.where(tmp_c_rx_pkt_num_list > 0, np.round(tmp_c_rssi_sum_list/tmp_c_rx_pkt_num_list, 1), 0.0)
/home/arimoto/opt/scensim_env/scenargie_simulator/2.2/scenarios_linux/srm_interference/commandline/./script/interference_2pan_plot_results.py:893: RuntimeWarning: invalid value encountered in divide
  tmp_c_rssi_ave_list = np.where(tmp_c_rx_pkt_num_list > 0, np.round(tmp_c_rssi_sum_list/tmp_c_rx_pkt_num_list, 1), 0.0)
/home/arimoto/opt/scensim_env/scenargie_simulator/2.2/scenarios_linux/srm_interference/commandline/./script/interference_2pan_plot_results.py:893: RuntimeWarning: invalid value encountered in divide
  tmp_c_rssi_ave_list = np.where(tmp_c_rx_pkt_num_list > 0, np.round(tmp_c_rssi_sum_list/tmp_c_rx_pkt_num_list, 1), 0.0)
/home/arimoto/opt/scensim_env/scenargie_simulator/2.2/scenarios_linux/srm_interference/commandline/./script/interference_2pan_plot_results.py:893: RuntimeWarning: invalid value encountered in divide
  tmp_c_rssi_ave_list = np.where(tmp_c_rx_pkt_num_list > 0, np.round(tmp_c_rssi_sum_list/tmp_c_rx_pkt_num_list, 1), 0.0)
/home/arimoto/opt/scensim_env/scenargie_simulator/2.2/scenarios_linux/srm_interference/commandline/./script/interference_2pan_plot_results.py:893: RuntimeWarning: invalid value encountered in divide
  tmp_c_rssi_ave_list = np.where(tmp_c_rx_pkt_num_list > 0, np.round(tmp_c_rssi_sum_list/tmp_c_rx_pkt_num_list, 1), 0.0)
/home/arimoto/opt/scensim_env/scenargie_simulator/2.2/scenarios_linux/srm_interference/commandline/./script/interference_2pan_plot_results.py:893: RuntimeWarning: invalid value encountered in divide
  tmp_c_rssi_ave_list = np.where(tmp_c_rx_pkt_num_list > 0, np.round(tmp_c_rssi_sum_list/tmp_c_rx_pkt_num_list, 1), 0.0)
/home/arimoto/opt/scensim_env/scenargie_simulator/2.2/scenarios_linux/srm_interference/commandline/./script/interference_2pan_plot_results.py:893: RuntimeWarning: invalid value encountered in divide
  tmp_c_rssi_ave_list = np.where(tmp_c_rx_pkt_num_list > 0, np.round(tmp_c_rssi_sum_list/tmp_c_rx_pkt_num_list, 1), 0.0)
/home/arimoto/opt/scensim_env/scenargie_simulator/2.2/scenarios_linux/srm_interference/commandline/./script/interference_2pan_plot_results.py:893: RuntimeWarning: invalid value encountered in divide
  tmp_c_rssi_ave_list = np.where(tmp_c_rx_pkt_num_list > 0, np.round(tmp_c_rssi_sum_list/tmp_c_rx_pkt_num_list, 1), 0.0)
/home/arimoto/opt/scensim_env/scenargie_simulator/2.2/scenarios_linux/srm_interference/commandline/./script/interference_2pan_plot_results.py:893: RuntimeWarning: invalid value encountered in divide
  tmp_c_rssi_ave_list = np.where(tmp_c_rx_pkt_num_list > 0, np.round(tmp_c_rssi_sum_list/tmp_c_rx_pkt_num_list, 1), 0.0)
/home/arimoto/opt/scensim_env/scenargie_simulator/2.2/scenarios_linux/srm_interference/commandline/./script/interference_2pan_plot_results.py:893: RuntimeWarning: invalid value encountered in divide
  tmp_c_rssi_ave_list = np.where(tmp_c_rx_pkt_num_list > 0, np.round(tmp_c_rssi_sum_list/tmp_c_rx_pkt_num_list, 1), 0.0)
/home/arimoto/opt/scensim_env/scenargie_simulator/2.2/scenarios_linux/srm_interference/commandline/./script/interference_2pan_plot_results.py:893: RuntimeWarning: invalid value encountered in divide
  tmp_c_rssi_ave_list = np.where(tmp_c_rx_pkt_num_list > 0, np.round(tmp_c_rssi_sum_list/tmp_c_rx_pkt_num_list, 1), 0.0)
/home/arimoto/opt/scensim_env/scenargie_simulator/2.2/scenarios_linux/srm_interference/commandline/./script/interference_2pan_plot_results.py:893: RuntimeWarning: invalid value encountered in divide
  tmp_c_rssi_ave_list = np.where(tmp_c_rx_pkt_num_list > 0, np.round(tmp_c_rssi_sum_list/tmp_c_rx_pkt_num_list, 1), 0.0)
/home/arimoto/opt/scensim_env/scenargie_simulator/2.2/scenarios_linux/srm_interference/commandline/./script/interference_2pan_plot_results.py:893: RuntimeWarning: invalid value encountered in divide
  tmp_c_rssi_ave_list = np.where(tmp_c_rx_pkt_num_list > 0, np.round(tmp_c_rssi_sum_list/tmp_c_rx_pkt_num_list, 1), 0.0)
/home/arimoto/opt/scensim_env/scenargie_simulator/2.2/scenarios_linux/srm_interference/commandline/./script/interference_2pan_plot_results.py:893: RuntimeWarning: invalid value encountered in divide
  tmp_c_rssi_ave_list = np.where(tmp_c_rx_pkt_num_list > 0, np.round(tmp_c_rssi_sum_list/tmp_c_rx_pkt_num_list, 1), 0.0)
/home/arimoto/opt/scensim_env/scenargie_simulator/2.2/scenarios_linux/srm_interference/commandline/./script/interference_2pan_plot_results.py:893: RuntimeWarning: invalid value encountered in divide
  tmp_c_rssi_ave_list = np.where(tmp_c_rx_pkt_num_list > 0, np.round(tmp_c_rssi_sum_list/tmp_c_rx_pkt_num_list, 1), 0.0)
/home/arimoto/opt/scensim_env/scenargie_simulator/2.2/scenarios_linux/srm_interference/commandline/./script/interference_2pan_plot_results.py:893: RuntimeWarning: invalid value encountered in divide
  tmp_c_rssi_ave_list = np.where(tmp_c_rx_pkt_num_list > 0, np.round(tmp_c_rssi_sum_list/tmp_c_rx_pkt_num_list, 1), 0.0)
/home/arimoto/opt/scensim_env/scenargie_simulator/2.2/scenarios_linux/srm_interference/commandline/./script/interference_2pan_plot_results.py:893: RuntimeWarning: invalid value encountered in divide
  tmp_c_rssi_ave_list = np.where(tmp_c_rx_pkt_num_list > 0, np.round(tmp_c_rssi_sum_list/tmp_c_rx_pkt_num_list, 1), 0.0)
/home/arimoto/opt/scensim_env/scenargie_simulator/2.2/scenarios_linux/srm_interference/commandline/./script/interference_2pan_plot_results.py:893: RuntimeWarning: invalid value encountered in divide
  tmp_c_rssi_ave_list = np.where(tmp_c_rx_pkt_num_list > 0, np.round(tmp_c_rssi_sum_list/tmp_c_rx_pkt_num_list, 1), 0.0)
/home/arimoto/opt/scensim_env/scenargie_simulator/2.2/scenarios_linux/srm_interference/commandline/./script/interference_2pan_plot_results.py:893: RuntimeWarning: invalid value encountered in divide
  tmp_c_rssi_ave_list = np.where(tmp_c_rx_pkt_num_list > 0, np.round(tmp_c_rssi_sum_list/tmp_c_rx_pkt_num_list, 1), 0.0)
/home/arimoto/opt/scensim_env/scenargie_simulator/2.2/scenarios_linux/srm_interference/commandline/./script/interference_2pan_plot_results.py:893: RuntimeWarning: invalid value encountered in divide
  tmp_c_rssi_ave_list = np.where(tmp_c_rx_pkt_num_list > 0, np.round(tmp_c_rssi_sum_list/tmp_c_rx_pkt_num_list, 1), 0.0)
/home/arimoto/opt/scensim_env/scenargie_simulator/2.2/scenarios_linux/srm_interference/commandline/./script/interference_2pan_plot_results.py:893: RuntimeWarning: invalid value encountered in divide
  tmp_c_rssi_ave_list = np.where(tmp_c_rx_pkt_num_list > 0, np.round(tmp_c_rssi_sum_list/tmp_c_rx_pkt_num_list, 1), 0.0)
/home/arimoto/opt/scensim_env/scenargie_simulator/2.2/scenarios_linux/srm_interference/commandline/./script/interference_2pan_plot_results.py:893: RuntimeWarning: invalid value encountered in divide
  tmp_c_rssi_ave_list = np.where(tmp_c_rx_pkt_num_list > 0, np.round(tmp_c_rssi_sum_list/tmp_c_rx_pkt_num_list, 1), 0.0)
/home/arimoto/opt/scensim_env/scenargie_simulator/2.2/scenarios_linux/srm_interference/commandline/./script/interference_2pan_plot_results.py:893: RuntimeWarning: invalid value encountered in divide
  tmp_c_rssi_ave_list = np.where(tmp_c_rx_pkt_num_list > 0, np.round(tmp_c_rssi_sum_list/tmp_c_rx_pkt_num_list, 1), 0.0)
start off_load_pan1/pan2: 0.7 / 1.0
Found 100 stat files to process.
Found 100 trace files to process.
Found 100 pos files to process.
/home/arimoto/opt/scensim_env/scenargie_simulator/2.2/scenarios_linux/srm_interference/commandline/./script/interference_2pan_plot_results.py:893: RuntimeWarning: invalid value encountered in divide
  tmp_c_rssi_ave_list = np.where(tmp_c_rx_pkt_num_list > 0, np.round(tmp_c_rssi_sum_list/tmp_c_rx_pkt_num_list, 1), 0.0)
/home/arimoto/opt/scensim_env/scenargie_simulator/2.2/scenarios_linux/srm_interference/commandline/./script/interference_2pan_plot_results.py:893: RuntimeWarning: invalid value encountered in divide
  tmp_c_rssi_ave_list = np.where(tmp_c_rx_pkt_num_list > 0, np.round(tmp_c_rssi_sum_list/tmp_c_rx_pkt_num_list, 1), 0.0)
/home/arimoto/opt/scensim_env/scenargie_simulator/2.2/scenarios_linux/srm_interference/commandline/./script/interference_2pan_plot_results.py:893: RuntimeWarning: invalid value encountered in divide
  tmp_c_rssi_ave_list = np.where(tmp_c_rx_pkt_num_list > 0, np.round(tmp_c_rssi_sum_list/tmp_c_rx_pkt_num_list, 1), 0.0)
/home/arimoto/opt/scensim_env/scenargie_simulator/2.2/scenarios_linux/srm_interference/commandline/./script/interference_2pan_plot_results.py:893: RuntimeWarning: invalid value encountered in divide
  tmp_c_rssi_ave_list = np.where(tmp_c_rx_pkt_num_list > 0, np.round(tmp_c_rssi_sum_list/tmp_c_rx_pkt_num_list, 1), 0.0)
/home/arimoto/opt/scensim_env/scenargie_simulator/2.2/scenarios_linux/srm_interference/commandline/./script/interference_2pan_plot_results.py:893: RuntimeWarning: invalid value encountered in divide
  tmp_c_rssi_ave_list = np.where(tmp_c_rx_pkt_num_list > 0, np.round(tmp_c_rssi_sum_list/tmp_c_rx_pkt_num_list, 1), 0.0)
/home/arimoto/opt/scensim_env/scenargie_simulator/2.2/scenarios_linux/srm_interference/commandline/./script/interference_2pan_plot_results.py:893: RuntimeWarning: invalid value encountered in divide
  tmp_c_rssi_ave_list = np.where(tmp_c_rx_pkt_num_list > 0, np.round(tmp_c_rssi_sum_list/tmp_c_rx_pkt_num_list, 1), 0.0)
/home/arimoto/opt/scensim_env/scenargie_simulator/2.2/scenarios_linux/srm_interference/commandline/./script/interference_2pan_plot_results.py:893: RuntimeWarning: invalid value encountered in divide
  tmp_c_rssi_ave_list = np.where(tmp_c_rx_pkt_num_list > 0, np.round(tmp_c_rssi_sum_list/tmp_c_rx_pkt_num_list, 1), 0.0)
/home/arimoto/opt/scensim_env/scenargie_simulator/2.2/scenarios_linux/srm_interference/commandline/./script/interference_2pan_plot_results.py:893: RuntimeWarning: invalid value encountered in divide
  tmp_c_rssi_ave_list = np.where(tmp_c_rx_pkt_num_list > 0, np.round(tmp_c_rssi_sum_list/tmp_c_rx_pkt_num_list, 1), 0.0)
/home/arimoto/opt/scensim_env/scenargie_simulator/2.2/scenarios_linux/srm_interference/commandline/./script/interference_2pan_plot_results.py:893: RuntimeWarning: invalid value encountered in divide
  tmp_c_rssi_ave_list = np.where(tmp_c_rx_pkt_num_list > 0, np.round(tmp_c_rssi_sum_list/tmp_c_rx_pkt_num_list, 1), 0.0)
/home/arimoto/opt/scensim_env/scenargie_simulator/2.2/scenarios_linux/srm_interference/commandline/./script/interference_2pan_plot_results.py:893: RuntimeWarning: invalid value encountered in divide
  tmp_c_rssi_ave_list = np.where(tmp_c_rx_pkt_num_list > 0, np.round(tmp_c_rssi_sum_list/tmp_c_rx_pkt_num_list, 1), 0.0)
/home/arimoto/opt/scensim_env/scenargie_simulator/2.2/scenarios_linux/srm_interference/commandline/./script/interference_2pan_plot_results.py:893: RuntimeWarning: invalid value encountered in divide
  tmp_c_rssi_ave_list = np.where(tmp_c_rx_pkt_num_list > 0, np.round(tmp_c_rssi_sum_list/tmp_c_rx_pkt_num_list, 1), 0.0)
/home/arimoto/opt/scensim_env/scenargie_simulator/2.2/scenarios_linux/srm_interference/commandline/./script/interference_2pan_plot_results.py:893: RuntimeWarning: invalid value encountered in divide
  tmp_c_rssi_ave_list = np.where(tmp_c_rx_pkt_num_list > 0, np.round(tmp_c_rssi_sum_list/tmp_c_rx_pkt_num_list, 1), 0.0)
/home/arimoto/opt/scensim_env/scenargie_simulator/2.2/scenarios_linux/srm_interference/commandline/./script/interference_2pan_plot_results.py:893: RuntimeWarning: invalid value encountered in divide
  tmp_c_rssi_ave_list = np.where(tmp_c_rx_pkt_num_list > 0, np.round(tmp_c_rssi_sum_list/tmp_c_rx_pkt_num_list, 1), 0.0)
/home/arimoto/opt/scensim_env/scenargie_simulator/2.2/scenarios_linux/srm_interference/commandline/./script/interference_2pan_plot_results.py:893: RuntimeWarning: invalid value encountered in divide
  tmp_c_rssi_ave_list = np.where(tmp_c_rx_pkt_num_list > 0, np.round(tmp_c_rssi_sum_list/tmp_c_rx_pkt_num_list, 1), 0.0)
/home/arimoto/opt/scensim_env/scenargie_simulator/2.2/scenarios_linux/srm_interference/commandline/./script/interference_2pan_plot_results.py:893: RuntimeWarning: invalid value encountered in divide
  tmp_c_rssi_ave_list = np.where(tmp_c_rx_pkt_num_list > 0, np.round(tmp_c_rssi_sum_list/tmp_c_rx_pkt_num_list, 1), 0.0)
/home/arimoto/opt/scensim_env/scenargie_simulator/2.2/scenarios_linux/srm_interference/commandline/./script/interference_2pan_plot_results.py:893: RuntimeWarning: invalid value encountered in divide
  tmp_c_rssi_ave_list = np.where(tmp_c_rx_pkt_num_list > 0, np.round(tmp_c_rssi_sum_list/tmp_c_rx_pkt_num_list, 1), 0.0)
/home/arimoto/opt/scensim_env/scenargie_simulator/2.2/scenarios_linux/srm_interference/commandline/./script/interference_2pan_plot_results.py:893: RuntimeWarning: invalid value encountered in divide
  tmp_c_rssi_ave_list = np.where(tmp_c_rx_pkt_num_list > 0, np.round(tmp_c_rssi_sum_list/tmp_c_rx_pkt_num_list, 1), 0.0)
/home/arimoto/opt/scensim_env/scenargie_simulator/2.2/scenarios_linux/srm_interference/commandline/./script/interference_2pan_plot_results.py:893: RuntimeWarning: invalid value encountered in divide
  tmp_c_rssi_ave_list = np.where(tmp_c_rx_pkt_num_list > 0, np.round(tmp_c_rssi_sum_list/tmp_c_rx_pkt_num_list, 1), 0.0)
/home/arimoto/opt/scensim_env/scenargie_simulator/2.2/scenarios_linux/srm_interference/commandline/./script/interference_2pan_plot_results.py:893: RuntimeWarning: invalid value encountered in divide
  tmp_c_rssi_ave_list = np.where(tmp_c_rx_pkt_num_list > 0, np.round(tmp_c_rssi_sum_list/tmp_c_rx_pkt_num_list, 1), 0.0)
/home/arimoto/opt/scensim_env/scenargie_simulator/2.2/scenarios_linux/srm_interference/commandline/./script/interference_2pan_plot_results.py:893: RuntimeWarning: invalid value encountered in divide
  tmp_c_rssi_ave_list = np.where(tmp_c_rx_pkt_num_list > 0, np.round(tmp_c_rssi_sum_list/tmp_c_rx_pkt_num_list, 1), 0.0)
/home/arimoto/opt/scensim_env/scenargie_simulator/2.2/scenarios_linux/srm_interference/commandline/./script/interference_2pan_plot_results.py:893: RuntimeWarning: invalid value encountered in divide
  tmp_c_rssi_ave_list = np.where(tmp_c_rx_pkt_num_list > 0, np.round(tmp_c_rssi_sum_list/tmp_c_rx_pkt_num_list, 1), 0.0)
/home/arimoto/opt/scensim_env/scenargie_simulator/2.2/scenarios_linux/srm_interference/commandline/./script/interference_2pan_plot_results.py:893: RuntimeWarning: invalid value encountered in divide
  tmp_c_rssi_ave_list = np.where(tmp_c_rx_pkt_num_list > 0, np.round(tmp_c_rssi_sum_list/tmp_c_rx_pkt_num_list, 1), 0.0)
/home/arimoto/opt/scensim_env/scenargie_simulator/2.2/scenarios_linux/srm_interference/commandline/./script/interference_2pan_plot_results.py:893: RuntimeWarning: invalid value encountered in divide
  tmp_c_rssi_ave_list = np.where(tmp_c_rx_pkt_num_list > 0, np.round(tmp_c_rssi_sum_list/tmp_c_rx_pkt_num_list, 1), 0.0)
/home/arimoto/opt/scensim_env/scenargie_simulator/2.2/scenarios_linux/srm_interference/commandline/./script/interference_2pan_plot_results.py:893: RuntimeWarning: invalid value encountered in divide
  tmp_c_rssi_ave_list = np.where(tmp_c_rx_pkt_num_list > 0, np.round(tmp_c_rssi_sum_list/tmp_c_rx_pkt_num_list, 1), 0.0)
/home/arimoto/opt/scensim_env/scenargie_simulator/2.2/scenarios_linux/srm_interference/commandline/./script/interference_2pan_plot_results.py:893: RuntimeWarning: invalid value encountered in divide
  tmp_c_rssi_ave_list = np.where(tmp_c_rx_pkt_num_list > 0, np.round(tmp_c_rssi_sum_list/tmp_c_rx_pkt_num_list, 1), 0.0)
/home/arimoto/opt/scensim_env/scenargie_simulator/2.2/scenarios_linux/srm_interference/commandline/./script/interference_2pan_plot_results.py:893: RuntimeWarning: invalid value encountered in divide
  tmp_c_rssi_ave_list = np.where(tmp_c_rx_pkt_num_list > 0, np.round(tmp_c_rssi_sum_list/tmp_c_rx_pkt_num_list, 1), 0.0)
/home/arimoto/opt/scensim_env/scenargie_simulator/2.2/scenarios_linux/srm_interference/commandline/./script/interference_2pan_plot_results.py:893: RuntimeWarning: invalid value encountered in divide
  tmp_c_rssi_ave_list = np.where(tmp_c_rx_pkt_num_list > 0, np.round(tmp_c_rssi_sum_list/tmp_c_rx_pkt_num_list, 1), 0.0)
/home/arimoto/opt/scensim_env/scenargie_simulator/2.2/scenarios_linux/srm_interference/commandline/./script/interference_2pan_plot_results.py:893: RuntimeWarning: invalid value encountered in divide
  tmp_c_rssi_ave_list = np.where(tmp_c_rx_pkt_num_list > 0, np.round(tmp_c_rssi_sum_list/tmp_c_rx_pkt_num_list, 1), 0.0)
/home/arimoto/opt/scensim_env/scenargie_simulator/2.2/scenarios_linux/srm_interference/commandline/./script/interference_2pan_plot_results.py:893: RuntimeWarning: invalid value encountered in divide
  tmp_c_rssi_ave_list = np.where(tmp_c_rx_pkt_num_list > 0, np.round(tmp_c_rssi_sum_list/tmp_c_rx_pkt_num_list, 1), 0.0)
/home/arimoto/opt/scensim_env/scenargie_simulator/2.2/scenarios_linux/srm_interference/commandline/./script/interference_2pan_plot_results.py:893: RuntimeWarning: invalid value encountered in divide
  tmp_c_rssi_ave_list = np.where(tmp_c_rx_pkt_num_list > 0, np.round(tmp_c_rssi_sum_list/tmp_c_rx_pkt_num_list, 1), 0.0)
/home/arimoto/opt/scensim_env/scenargie_simulator/2.2/scenarios_linux/srm_interference/commandline/./script/interference_2pan_plot_results.py:893: RuntimeWarning: invalid value encountered in divide
  tmp_c_rssi_ave_list = np.where(tmp_c_rx_pkt_num_list > 0, np.round(tmp_c_rssi_sum_list/tmp_c_rx_pkt_num_list, 1), 0.0)
/home/arimoto/opt/scensim_env/scenargie_simulator/2.2/scenarios_linux/srm_interference/commandline/./script/interference_2pan_plot_results.py:893: RuntimeWarning: invalid value encountered in divide
  tmp_c_rssi_ave_list = np.where(tmp_c_rx_pkt_num_list > 0, np.round(tmp_c_rssi_sum_list/tmp_c_rx_pkt_num_list, 1), 0.0)
start off_load_pan1/pan2: 0.8 / 1.0
Found 100 stat files to process.
Found 100 trace files to process.
Found 100 pos files to process.
/home/arimoto/opt/scensim_env/scenargie_simulator/2.2/scenarios_linux/srm_interference/commandline/./script/interference_2pan_plot_results.py:893: RuntimeWarning: invalid value encountered in divide
  tmp_c_rssi_ave_list = np.where(tmp_c_rx_pkt_num_list > 0, np.round(tmp_c_rssi_sum_list/tmp_c_rx_pkt_num_list, 1), 0.0)
/home/arimoto/opt/scensim_env/scenargie_simulator/2.2/scenarios_linux/srm_interference/commandline/./script/interference_2pan_plot_results.py:893: RuntimeWarning: invalid value encountered in divide
  tmp_c_rssi_ave_list = np.where(tmp_c_rx_pkt_num_list > 0, np.round(tmp_c_rssi_sum_list/tmp_c_rx_pkt_num_list, 1), 0.0)
/home/arimoto/opt/scensim_env/scenargie_simulator/2.2/scenarios_linux/srm_interference/commandline/./script/interference_2pan_plot_results.py:893: RuntimeWarning: invalid value encountered in divide
  tmp_c_rssi_ave_list = np.where(tmp_c_rx_pkt_num_list > 0, np.round(tmp_c_rssi_sum_list/tmp_c_rx_pkt_num_list, 1), 0.0)
/home/arimoto/opt/scensim_env/scenargie_simulator/2.2/scenarios_linux/srm_interference/commandline/./script/interference_2pan_plot_results.py:893: RuntimeWarning: invalid value encountered in divide
  tmp_c_rssi_ave_list = np.where(tmp_c_rx_pkt_num_list > 0, np.round(tmp_c_rssi_sum_list/tmp_c_rx_pkt_num_list, 1), 0.0)
/home/arimoto/opt/scensim_env/scenargie_simulator/2.2/scenarios_linux/srm_interference/commandline/./script/interference_2pan_plot_results.py:893: RuntimeWarning: invalid value encountered in divide
  tmp_c_rssi_ave_list = np.where(tmp_c_rx_pkt_num_list > 0, np.round(tmp_c_rssi_sum_list/tmp_c_rx_pkt_num_list, 1), 0.0)
/home/arimoto/opt/scensim_env/scenargie_simulator/2.2/scenarios_linux/srm_interference/commandline/./script/interference_2pan_plot_results.py:893: RuntimeWarning: invalid value encountered in divide
  tmp_c_rssi_ave_list = np.where(tmp_c_rx_pkt_num_list > 0, np.round(tmp_c_rssi_sum_list/tmp_c_rx_pkt_num_list, 1), 0.0)
/home/arimoto/opt/scensim_env/scenargie_simulator/2.2/scenarios_linux/srm_interference/commandline/./script/interference_2pan_plot_results.py:893: RuntimeWarning: invalid value encountered in divide
  tmp_c_rssi_ave_list = np.where(tmp_c_rx_pkt_num_list > 0, np.round(tmp_c_rssi_sum_list/tmp_c_rx_pkt_num_list, 1), 0.0)
/home/arimoto/opt/scensim_env/scenargie_simulator/2.2/scenarios_linux/srm_interference/commandline/./script/interference_2pan_plot_results.py:893: RuntimeWarning: invalid value encountered in divide
  tmp_c_rssi_ave_list = np.where(tmp_c_rx_pkt_num_list > 0, np.round(tmp_c_rssi_sum_list/tmp_c_rx_pkt_num_list, 1), 0.0)
/home/arimoto/opt/scensim_env/scenargie_simulator/2.2/scenarios_linux/srm_interference/commandline/./script/interference_2pan_plot_results.py:893: RuntimeWarning: invalid value encountered in divide
  tmp_c_rssi_ave_list = np.where(tmp_c_rx_pkt_num_list > 0, np.round(tmp_c_rssi_sum_list/tmp_c_rx_pkt_num_list, 1), 0.0)
/home/arimoto/opt/scensim_env/scenargie_simulator/2.2/scenarios_linux/srm_interference/commandline/./script/interference_2pan_plot_results.py:893: RuntimeWarning: invalid value encountered in divide
  tmp_c_rssi_ave_list = np.where(tmp_c_rx_pkt_num_list > 0, np.round(tmp_c_rssi_sum_list/tmp_c_rx_pkt_num_list, 1), 0.0)
/home/arimoto/opt/scensim_env/scenargie_simulator/2.2/scenarios_linux/srm_interference/commandline/./script/interference_2pan_plot_results.py:893: RuntimeWarning: invalid value encountered in divide
  tmp_c_rssi_ave_list = np.where(tmp_c_rx_pkt_num_list > 0, np.round(tmp_c_rssi_sum_list/tmp_c_rx_pkt_num_list, 1), 0.0)
/home/arimoto/opt/scensim_env/scenargie_simulator/2.2/scenarios_linux/srm_interference/commandline/./script/interference_2pan_plot_results.py:893: RuntimeWarning: invalid value encountered in divide
  tmp_c_rssi_ave_list = np.where(tmp_c_rx_pkt_num_list > 0, np.round(tmp_c_rssi_sum_list/tmp_c_rx_pkt_num_list, 1), 0.0)
/home/arimoto/opt/scensim_env/scenargie_simulator/2.2/scenarios_linux/srm_interference/commandline/./script/interference_2pan_plot_results.py:893: RuntimeWarning: invalid value encountered in divide
  tmp_c_rssi_ave_list = np.where(tmp_c_rx_pkt_num_list > 0, np.round(tmp_c_rssi_sum_list/tmp_c_rx_pkt_num_list, 1), 0.0)
/home/arimoto/opt/scensim_env/scenargie_simulator/2.2/scenarios_linux/srm_interference/commandline/./script/interference_2pan_plot_results.py:893: RuntimeWarning: invalid value encountered in divide
  tmp_c_rssi_ave_list = np.where(tmp_c_rx_pkt_num_list > 0, np.round(tmp_c_rssi_sum_list/tmp_c_rx_pkt_num_list, 1), 0.0)
/home/arimoto/opt/scensim_env/scenargie_simulator/2.2/scenarios_linux/srm_interference/commandline/./script/interference_2pan_plot_results.py:893: RuntimeWarning: invalid value encountered in divide
  tmp_c_rssi_ave_list = np.where(tmp_c_rx_pkt_num_list > 0, np.round(tmp_c_rssi_sum_list/tmp_c_rx_pkt_num_list, 1), 0.0)
/home/arimoto/opt/scensim_env/scenargie_simulator/2.2/scenarios_linux/srm_interference/commandline/./script/interference_2pan_plot_results.py:893: RuntimeWarning: invalid value encountered in divide
  tmp_c_rssi_ave_list = np.where(tmp_c_rx_pkt_num_list > 0, np.round(tmp_c_rssi_sum_list/tmp_c_rx_pkt_num_list, 1), 0.0)
/home/arimoto/opt/scensim_env/scenargie_simulator/2.2/scenarios_linux/srm_interference/commandline/./script/interference_2pan_plot_results.py:893: RuntimeWarning: invalid value encountered in divide
  tmp_c_rssi_ave_list = np.where(tmp_c_rx_pkt_num_list > 0, np.round(tmp_c_rssi_sum_list/tmp_c_rx_pkt_num_list, 1), 0.0)
/home/arimoto/opt/scensim_env/scenargie_simulator/2.2/scenarios_linux/srm_interference/commandline/./script/interference_2pan_plot_results.py:893: RuntimeWarning: invalid value encountered in divide
  tmp_c_rssi_ave_list = np.where(tmp_c_rx_pkt_num_list > 0, np.round(tmp_c_rssi_sum_list/tmp_c_rx_pkt_num_list, 1), 0.0)
/home/arimoto/opt/scensim_env/scenargie_simulator/2.2/scenarios_linux/srm_interference/commandline/./script/interference_2pan_plot_results.py:893: RuntimeWarning: invalid value encountered in divide
  tmp_c_rssi_ave_list = np.where(tmp_c_rx_pkt_num_list > 0, np.round(tmp_c_rssi_sum_list/tmp_c_rx_pkt_num_list, 1), 0.0)
/home/arimoto/opt/scensim_env/scenargie_simulator/2.2/scenarios_linux/srm_interference/commandline/./script/interference_2pan_plot_results.py:893: RuntimeWarning: invalid value encountered in divide
  tmp_c_rssi_ave_list = np.where(tmp_c_rx_pkt_num_list > 0, np.round(tmp_c_rssi_sum_list/tmp_c_rx_pkt_num_list, 1), 0.0)
/home/arimoto/opt/scensim_env/scenargie_simulator/2.2/scenarios_linux/srm_interference/commandline/./script/interference_2pan_plot_results.py:893: RuntimeWarning: invalid value encountered in divide
  tmp_c_rssi_ave_list = np.where(tmp_c_rx_pkt_num_list > 0, np.round(tmp_c_rssi_sum_list/tmp_c_rx_pkt_num_list, 1), 0.0)
/home/arimoto/opt/scensim_env/scenargie_simulator/2.2/scenarios_linux/srm_interference/commandline/./script/interference_2pan_plot_results.py:893: RuntimeWarning: invalid value encountered in divide
  tmp_c_rssi_ave_list = np.where(tmp_c_rx_pkt_num_list > 0, np.round(tmp_c_rssi_sum_list/tmp_c_rx_pkt_num_list, 1), 0.0)
/home/arimoto/opt/scensim_env/scenargie_simulator/2.2/scenarios_linux/srm_interference/commandline/./script/interference_2pan_plot_results.py:893: RuntimeWarning: invalid value encountered in divide
  tmp_c_rssi_ave_list = np.where(tmp_c_rx_pkt_num_list > 0, np.round(tmp_c_rssi_sum_list/tmp_c_rx_pkt_num_list, 1), 0.0)
/home/arimoto/opt/scensim_env/scenargie_simulator/2.2/scenarios_linux/srm_interference/commandline/./script/interference_2pan_plot_results.py:893: RuntimeWarning: invalid value encountered in divide
  tmp_c_rssi_ave_list = np.where(tmp_c_rx_pkt_num_list > 0, np.round(tmp_c_rssi_sum_list/tmp_c_rx_pkt_num_list, 1), 0.0)
/home/arimoto/opt/scensim_env/scenargie_simulator/2.2/scenarios_linux/srm_interference/commandline/./script/interference_2pan_plot_results.py:893: RuntimeWarning: invalid value encountered in divide
  tmp_c_rssi_ave_list = np.where(tmp_c_rx_pkt_num_list > 0, np.round(tmp_c_rssi_sum_list/tmp_c_rx_pkt_num_list, 1), 0.0)
/home/arimoto/opt/scensim_env/scenargie_simulator/2.2/scenarios_linux/srm_interference/commandline/./script/interference_2pan_plot_results.py:893: RuntimeWarning: invalid value encountered in divide
  tmp_c_rssi_ave_list = np.where(tmp_c_rx_pkt_num_list > 0, np.round(tmp_c_rssi_sum_list/tmp_c_rx_pkt_num_list, 1), 0.0)
/home/arimoto/opt/scensim_env/scenargie_simulator/2.2/scenarios_linux/srm_interference/commandline/./script/interference_2pan_plot_results.py:893: RuntimeWarning: invalid value encountered in divide
  tmp_c_rssi_ave_list = np.where(tmp_c_rx_pkt_num_list > 0, np.round(tmp_c_rssi_sum_list/tmp_c_rx_pkt_num_list, 1), 0.0)
/home/arimoto/opt/scensim_env/scenargie_simulator/2.2/scenarios_linux/srm_interference/commandline/./script/interference_2pan_plot_results.py:893: RuntimeWarning: invalid value encountered in divide
  tmp_c_rssi_ave_list = np.where(tmp_c_rx_pkt_num_list > 0, np.round(tmp_c_rssi_sum_list/tmp_c_rx_pkt_num_list, 1), 0.0)
/home/arimoto/opt/scensim_env/scenargie_simulator/2.2/scenarios_linux/srm_interference/commandline/./script/interference_2pan_plot_results.py:893: RuntimeWarning: invalid value encountered in divide
  tmp_c_rssi_ave_list = np.where(tmp_c_rx_pkt_num_list > 0, np.round(tmp_c_rssi_sum_list/tmp_c_rx_pkt_num_list, 1), 0.0)
/home/arimoto/opt/scensim_env/scenargie_simulator/2.2/scenarios_linux/srm_interference/commandline/./script/interference_2pan_plot_results.py:893: RuntimeWarning: invalid value encountered in divide
  tmp_c_rssi_ave_list = np.where(tmp_c_rx_pkt_num_list > 0, np.round(tmp_c_rssi_sum_list/tmp_c_rx_pkt_num_list, 1), 0.0)
/home/arimoto/opt/scensim_env/scenargie_simulator/2.2/scenarios_linux/srm_interference/commandline/./script/interference_2pan_plot_results.py:893: RuntimeWarning: invalid value encountered in divide
  tmp_c_rssi_ave_list = np.where(tmp_c_rx_pkt_num_list > 0, np.round(tmp_c_rssi_sum_list/tmp_c_rx_pkt_num_list, 1), 0.0)
/home/arimoto/opt/scensim_env/scenargie_simulator/2.2/scenarios_linux/srm_interference/commandline/./script/interference_2pan_plot_results.py:893: RuntimeWarning: invalid value encountered in divide
  tmp_c_rssi_ave_list = np.where(tmp_c_rx_pkt_num_list > 0, np.round(tmp_c_rssi_sum_list/tmp_c_rx_pkt_num_list, 1), 0.0)
start off_load_pan1/pan2: 0.9 / 1.0
Found 100 stat files to process.
Found 100 trace files to process.
Found 100 pos files to process.
/home/arimoto/opt/scensim_env/scenargie_simulator/2.2/scenarios_linux/srm_interference/commandline/./script/interference_2pan_plot_results.py:893: RuntimeWarning: invalid value encountered in divide
  tmp_c_rssi_ave_list = np.where(tmp_c_rx_pkt_num_list > 0, np.round(tmp_c_rssi_sum_list/tmp_c_rx_pkt_num_list, 1), 0.0)
/home/arimoto/opt/scensim_env/scenargie_simulator/2.2/scenarios_linux/srm_interference/commandline/./script/interference_2pan_plot_results.py:893: RuntimeWarning: invalid value encountered in divide
  tmp_c_rssi_ave_list = np.where(tmp_c_rx_pkt_num_list > 0, np.round(tmp_c_rssi_sum_list/tmp_c_rx_pkt_num_list, 1), 0.0)
/home/arimoto/opt/scensim_env/scenargie_simulator/2.2/scenarios_linux/srm_interference/commandline/./script/interference_2pan_plot_results.py:893: RuntimeWarning: invalid value encountered in divide
  tmp_c_rssi_ave_list = np.where(tmp_c_rx_pkt_num_list > 0, np.round(tmp_c_rssi_sum_list/tmp_c_rx_pkt_num_list, 1), 0.0)
/home/arimoto/opt/scensim_env/scenargie_simulator/2.2/scenarios_linux/srm_interference/commandline/./script/interference_2pan_plot_results.py:893: RuntimeWarning: invalid value encountered in divide
  tmp_c_rssi_ave_list = np.where(tmp_c_rx_pkt_num_list > 0, np.round(tmp_c_rssi_sum_list/tmp_c_rx_pkt_num_list, 1), 0.0)
/home/arimoto/opt/scensim_env/scenargie_simulator/2.2/scenarios_linux/srm_interference/commandline/./script/interference_2pan_plot_results.py:893: RuntimeWarning: invalid value encountered in divide
  tmp_c_rssi_ave_list = np.where(tmp_c_rx_pkt_num_list > 0, np.round(tmp_c_rssi_sum_list/tmp_c_rx_pkt_num_list, 1), 0.0)
/home/arimoto/opt/scensim_env/scenargie_simulator/2.2/scenarios_linux/srm_interference/commandline/./script/interference_2pan_plot_results.py:893: RuntimeWarning: invalid value encountered in divide
  tmp_c_rssi_ave_list = np.where(tmp_c_rx_pkt_num_list > 0, np.round(tmp_c_rssi_sum_list/tmp_c_rx_pkt_num_list, 1), 0.0)
/home/arimoto/opt/scensim_env/scenargie_simulator/2.2/scenarios_linux/srm_interference/commandline/./script/interference_2pan_plot_results.py:893: RuntimeWarning: invalid value encountered in divide
  tmp_c_rssi_ave_list = np.where(tmp_c_rx_pkt_num_list > 0, np.round(tmp_c_rssi_sum_list/tmp_c_rx_pkt_num_list, 1), 0.0)
/home/arimoto/opt/scensim_env/scenargie_simulator/2.2/scenarios_linux/srm_interference/commandline/./script/interference_2pan_plot_results.py:893: RuntimeWarning: invalid value encountered in divide
  tmp_c_rssi_ave_list = np.where(tmp_c_rx_pkt_num_list > 0, np.round(tmp_c_rssi_sum_list/tmp_c_rx_pkt_num_list, 1), 0.0)
/home/arimoto/opt/scensim_env/scenargie_simulator/2.2/scenarios_linux/srm_interference/commandline/./script/interference_2pan_plot_results.py:893: RuntimeWarning: invalid value encountered in divide
  tmp_c_rssi_ave_list = np.where(tmp_c_rx_pkt_num_list > 0, np.round(tmp_c_rssi_sum_list/tmp_c_rx_pkt_num_list, 1), 0.0)
/home/arimoto/opt/scensim_env/scenargie_simulator/2.2/scenarios_linux/srm_interference/commandline/./script/interference_2pan_plot_results.py:893: RuntimeWarning: invalid value encountered in divide
  tmp_c_rssi_ave_list = np.where(tmp_c_rx_pkt_num_list > 0, np.round(tmp_c_rssi_sum_list/tmp_c_rx_pkt_num_list, 1), 0.0)
/home/arimoto/opt/scensim_env/scenargie_simulator/2.2/scenarios_linux/srm_interference/commandline/./script/interference_2pan_plot_results.py:893: RuntimeWarning: invalid value encountered in divide
  tmp_c_rssi_ave_list = np.where(tmp_c_rx_pkt_num_list > 0, np.round(tmp_c_rssi_sum_list/tmp_c_rx_pkt_num_list, 1), 0.0)
/home/arimoto/opt/scensim_env/scenargie_simulator/2.2/scenarios_linux/srm_interference/commandline/./script/interference_2pan_plot_results.py:893: RuntimeWarning: invalid value encountered in divide
  tmp_c_rssi_ave_list = np.where(tmp_c_rx_pkt_num_list > 0, np.round(tmp_c_rssi_sum_list/tmp_c_rx_pkt_num_list, 1), 0.0)
/home/arimoto/opt/scensim_env/scenargie_simulator/2.2/scenarios_linux/srm_interference/commandline/./script/interference_2pan_plot_results.py:893: RuntimeWarning: invalid value encountered in divide
  tmp_c_rssi_ave_list = np.where(tmp_c_rx_pkt_num_list > 0, np.round(tmp_c_rssi_sum_list/tmp_c_rx_pkt_num_list, 1), 0.0)
/home/arimoto/opt/scensim_env/scenargie_simulator/2.2/scenarios_linux/srm_interference/commandline/./script/interference_2pan_plot_results.py:893: RuntimeWarning: invalid value encountered in divide
  tmp_c_rssi_ave_list = np.where(tmp_c_rx_pkt_num_list > 0, np.round(tmp_c_rssi_sum_list/tmp_c_rx_pkt_num_list, 1), 0.0)
/home/arimoto/opt/scensim_env/scenargie_simulator/2.2/scenarios_linux/srm_interference/commandline/./script/interference_2pan_plot_results.py:893: RuntimeWarning: invalid value encountered in divide
  tmp_c_rssi_ave_list = np.where(tmp_c_rx_pkt_num_list > 0, np.round(tmp_c_rssi_sum_list/tmp_c_rx_pkt_num_list, 1), 0.0)
/home/arimoto/opt/scensim_env/scenargie_simulator/2.2/scenarios_linux/srm_interference/commandline/./script/interference_2pan_plot_results.py:893: RuntimeWarning: invalid value encountered in divide
  tmp_c_rssi_ave_list = np.where(tmp_c_rx_pkt_num_list > 0, np.round(tmp_c_rssi_sum_list/tmp_c_rx_pkt_num_list, 1), 0.0)
/home/arimoto/opt/scensim_env/scenargie_simulator/2.2/scenarios_linux/srm_interference/commandline/./script/interference_2pan_plot_results.py:893: RuntimeWarning: invalid value encountered in divide
  tmp_c_rssi_ave_list = np.where(tmp_c_rx_pkt_num_list > 0, np.round(tmp_c_rssi_sum_list/tmp_c_rx_pkt_num_list, 1), 0.0)
/home/arimoto/opt/scensim_env/scenargie_simulator/2.2/scenarios_linux/srm_interference/commandline/./script/interference_2pan_plot_results.py:893: RuntimeWarning: invalid value encountered in divide
  tmp_c_rssi_ave_list = np.where(tmp_c_rx_pkt_num_list > 0, np.round(tmp_c_rssi_sum_list/tmp_c_rx_pkt_num_list, 1), 0.0)
/home/arimoto/opt/scensim_env/scenargie_simulator/2.2/scenarios_linux/srm_interference/commandline/./script/interference_2pan_plot_results.py:893: RuntimeWarning: invalid value encountered in divide
  tmp_c_rssi_ave_list = np.where(tmp_c_rx_pkt_num_list > 0, np.round(tmp_c_rssi_sum_list/tmp_c_rx_pkt_num_list, 1), 0.0)
/home/arimoto/opt/scensim_env/scenargie_simulator/2.2/scenarios_linux/srm_interference/commandline/./script/interference_2pan_plot_results.py:893: RuntimeWarning: invalid value encountered in divide
  tmp_c_rssi_ave_list = np.where(tmp_c_rx_pkt_num_list > 0, np.round(tmp_c_rssi_sum_list/tmp_c_rx_pkt_num_list, 1), 0.0)
/home/arimoto/opt/scensim_env/scenargie_simulator/2.2/scenarios_linux/srm_interference/commandline/./script/interference_2pan_plot_results.py:893: RuntimeWarning: invalid value encountered in divide
  tmp_c_rssi_ave_list = np.where(tmp_c_rx_pkt_num_list > 0, np.round(tmp_c_rssi_sum_list/tmp_c_rx_pkt_num_list, 1), 0.0)
/home/arimoto/opt/scensim_env/scenargie_simulator/2.2/scenarios_linux/srm_interference/commandline/./script/interference_2pan_plot_results.py:893: RuntimeWarning: invalid value encountered in divide
  tmp_c_rssi_ave_list = np.where(tmp_c_rx_pkt_num_list > 0, np.round(tmp_c_rssi_sum_list/tmp_c_rx_pkt_num_list, 1), 0.0)
/home/arimoto/opt/scensim_env/scenargie_simulator/2.2/scenarios_linux/srm_interference/commandline/./script/interference_2pan_plot_results.py:893: RuntimeWarning: invalid value encountered in divide
  tmp_c_rssi_ave_list = np.where(tmp_c_rx_pkt_num_list > 0, np.round(tmp_c_rssi_sum_list/tmp_c_rx_pkt_num_list, 1), 0.0)
/home/arimoto/opt/scensim_env/scenargie_simulator/2.2/scenarios_linux/srm_interference/commandline/./script/interference_2pan_plot_results.py:893: RuntimeWarning: invalid value encountered in divide
  tmp_c_rssi_ave_list = np.where(tmp_c_rx_pkt_num_list > 0, np.round(tmp_c_rssi_sum_list/tmp_c_rx_pkt_num_list, 1), 0.0)
/home/arimoto/opt/scensim_env/scenargie_simulator/2.2/scenarios_linux/srm_interference/commandline/./script/interference_2pan_plot_results.py:893: RuntimeWarning: invalid value encountered in divide
  tmp_c_rssi_ave_list = np.where(tmp_c_rx_pkt_num_list > 0, np.round(tmp_c_rssi_sum_list/tmp_c_rx_pkt_num_list, 1), 0.0)
/home/arimoto/opt/scensim_env/scenargie_simulator/2.2/scenarios_linux/srm_interference/commandline/./script/interference_2pan_plot_results.py:893: RuntimeWarning: invalid value encountered in divide
  tmp_c_rssi_ave_list = np.where(tmp_c_rx_pkt_num_list > 0, np.round(tmp_c_rssi_sum_list/tmp_c_rx_pkt_num_list, 1), 0.0)
/home/arimoto/opt/scensim_env/scenargie_simulator/2.2/scenarios_linux/srm_interference/commandline/./script/interference_2pan_plot_results.py:893: RuntimeWarning: invalid value encountered in divide
  tmp_c_rssi_ave_list = np.where(tmp_c_rx_pkt_num_list > 0, np.round(tmp_c_rssi_sum_list/tmp_c_rx_pkt_num_list, 1), 0.0)
/home/arimoto/opt/scensim_env/scenargie_simulator/2.2/scenarios_linux/srm_interference/commandline/./script/interference_2pan_plot_results.py:893: RuntimeWarning: invalid value encountered in divide
  tmp_c_rssi_ave_list = np.where(tmp_c_rx_pkt_num_list > 0, np.round(tmp_c_rssi_sum_list/tmp_c_rx_pkt_num_list, 1), 0.0)
/home/arimoto/opt/scensim_env/scenargie_simulator/2.2/scenarios_linux/srm_interference/commandline/./script/interference_2pan_plot_results.py:893: RuntimeWarning: invalid value encountered in divide
  tmp_c_rssi_ave_list = np.where(tmp_c_rx_pkt_num_list > 0, np.round(tmp_c_rssi_sum_list/tmp_c_rx_pkt_num_list, 1), 0.0)
/home/arimoto/opt/scensim_env/scenargie_simulator/2.2/scenarios_linux/srm_interference/commandline/./script/interference_2pan_plot_results.py:893: RuntimeWarning: invalid value encountered in divide
  tmp_c_rssi_ave_list = np.where(tmp_c_rx_pkt_num_list > 0, np.round(tmp_c_rssi_sum_list/tmp_c_rx_pkt_num_list, 1), 0.0)
/home/arimoto/opt/scensim_env/scenargie_simulator/2.2/scenarios_linux/srm_interference/commandline/./script/interference_2pan_plot_results.py:893: RuntimeWarning: invalid value encountered in divide
  tmp_c_rssi_ave_list = np.where(tmp_c_rx_pkt_num_list > 0, np.round(tmp_c_rssi_sum_list/tmp_c_rx_pkt_num_list, 1), 0.0)
/home/arimoto/opt/scensim_env/scenargie_simulator/2.2/scenarios_linux/srm_interference/commandline/./script/interference_2pan_plot_results.py:893: RuntimeWarning: invalid value encountered in divide
  tmp_c_rssi_ave_list = np.where(tmp_c_rx_pkt_num_list > 0, np.round(tmp_c_rssi_sum_list/tmp_c_rx_pkt_num_list, 1), 0.0)
start off_load_pan1/pan2: 1.0 / 1.0
Found 100 stat files to process.
Found 100 trace files to process.
Found 100 pos files to process.
/home/arimoto/opt/scensim_env/scenargie_simulator/2.2/scenarios_linux/srm_interference/commandline/./script/interference_2pan_plot_results.py:893: RuntimeWarning: invalid value encountered in divide
  tmp_c_rssi_ave_list = np.where(tmp_c_rx_pkt_num_list > 0, np.round(tmp_c_rssi_sum_list/tmp_c_rx_pkt_num_list, 1), 0.0)
/home/arimoto/opt/scensim_env/scenargie_simulator/2.2/scenarios_linux/srm_interference/commandline/./script/interference_2pan_plot_results.py:893: RuntimeWarning: invalid value encountered in divide
  tmp_c_rssi_ave_list = np.where(tmp_c_rx_pkt_num_list > 0, np.round(tmp_c_rssi_sum_list/tmp_c_rx_pkt_num_list, 1), 0.0)
/home/arimoto/opt/scensim_env/scenargie_simulator/2.2/scenarios_linux/srm_interference/commandline/./script/interference_2pan_plot_results.py:893: RuntimeWarning: invalid value encountered in divide
  tmp_c_rssi_ave_list = np.where(tmp_c_rx_pkt_num_list > 0, np.round(tmp_c_rssi_sum_list/tmp_c_rx_pkt_num_list, 1), 0.0)
/home/arimoto/opt/scensim_env/scenargie_simulator/2.2/scenarios_linux/srm_interference/commandline/./script/interference_2pan_plot_results.py:893: RuntimeWarning: invalid value encountered in divide
  tmp_c_rssi_ave_list = np.where(tmp_c_rx_pkt_num_list > 0, np.round(tmp_c_rssi_sum_list/tmp_c_rx_pkt_num_list, 1), 0.0)
/home/arimoto/opt/scensim_env/scenargie_simulator/2.2/scenarios_linux/srm_interference/commandline/./script/interference_2pan_plot_results.py:893: RuntimeWarning: invalid value encountered in divide
  tmp_c_rssi_ave_list = np.where(tmp_c_rx_pkt_num_list > 0, np.round(tmp_c_rssi_sum_list/tmp_c_rx_pkt_num_list, 1), 0.0)
/home/arimoto/opt/scensim_env/scenargie_simulator/2.2/scenarios_linux/srm_interference/commandline/./script/interference_2pan_plot_results.py:893: RuntimeWarning: invalid value encountered in divide
  tmp_c_rssi_ave_list = np.where(tmp_c_rx_pkt_num_list > 0, np.round(tmp_c_rssi_sum_list/tmp_c_rx_pkt_num_list, 1), 0.0)
/home/arimoto/opt/scensim_env/scenargie_simulator/2.2/scenarios_linux/srm_interference/commandline/./script/interference_2pan_plot_results.py:893: RuntimeWarning: invalid value encountered in divide
  tmp_c_rssi_ave_list = np.where(tmp_c_rx_pkt_num_list > 0, np.round(tmp_c_rssi_sum_list/tmp_c_rx_pkt_num_list, 1), 0.0)
/home/arimoto/opt/scensim_env/scenargie_simulator/2.2/scenarios_linux/srm_interference/commandline/./script/interference_2pan_plot_results.py:893: RuntimeWarning: invalid value encountered in divide
  tmp_c_rssi_ave_list = np.where(tmp_c_rx_pkt_num_list > 0, np.round(tmp_c_rssi_sum_list/tmp_c_rx_pkt_num_list, 1), 0.0)
/home/arimoto/opt/scensim_env/scenargie_simulator/2.2/scenarios_linux/srm_interference/commandline/./script/interference_2pan_plot_results.py:893: RuntimeWarning: invalid value encountered in divide
  tmp_c_rssi_ave_list = np.where(tmp_c_rx_pkt_num_list > 0, np.round(tmp_c_rssi_sum_list/tmp_c_rx_pkt_num_list, 1), 0.0)
/home/arimoto/opt/scensim_env/scenargie_simulator/2.2/scenarios_linux/srm_interference/commandline/./script/interference_2pan_plot_results.py:893: RuntimeWarning: invalid value encountered in divide
  tmp_c_rssi_ave_list = np.where(tmp_c_rx_pkt_num_list > 0, np.round(tmp_c_rssi_sum_list/tmp_c_rx_pkt_num_list, 1), 0.0)
/home/arimoto/opt/scensim_env/scenargie_simulator/2.2/scenarios_linux/srm_interference/commandline/./script/interference_2pan_plot_results.py:893: RuntimeWarning: invalid value encountered in divide
  tmp_c_rssi_ave_list = np.where(tmp_c_rx_pkt_num_list > 0, np.round(tmp_c_rssi_sum_list/tmp_c_rx_pkt_num_list, 1), 0.0)
/home/arimoto/opt/scensim_env/scenargie_simulator/2.2/scenarios_linux/srm_interference/commandline/./script/interference_2pan_plot_results.py:893: RuntimeWarning: invalid value encountered in divide
  tmp_c_rssi_ave_list = np.where(tmp_c_rx_pkt_num_list > 0, np.round(tmp_c_rssi_sum_list/tmp_c_rx_pkt_num_list, 1), 0.0)
/home/arimoto/opt/scensim_env/scenargie_simulator/2.2/scenarios_linux/srm_interference/commandline/./script/interference_2pan_plot_results.py:893: RuntimeWarning: invalid value encountered in divide
  tmp_c_rssi_ave_list = np.where(tmp_c_rx_pkt_num_list > 0, np.round(tmp_c_rssi_sum_list/tmp_c_rx_pkt_num_list, 1), 0.0)
/home/arimoto/opt/scensim_env/scenargie_simulator/2.2/scenarios_linux/srm_interference/commandline/./script/interference_2pan_plot_results.py:893: RuntimeWarning: invalid value encountered in divide
  tmp_c_rssi_ave_list = np.where(tmp_c_rx_pkt_num_list > 0, np.round(tmp_c_rssi_sum_list/tmp_c_rx_pkt_num_list, 1), 0.0)
/home/arimoto/opt/scensim_env/scenargie_simulator/2.2/scenarios_linux/srm_interference/commandline/./script/interference_2pan_plot_results.py:893: RuntimeWarning: invalid value encountered in divide
  tmp_c_rssi_ave_list = np.where(tmp_c_rx_pkt_num_list > 0, np.round(tmp_c_rssi_sum_list/tmp_c_rx_pkt_num_list, 1), 0.0)
/home/arimoto/opt/scensim_env/scenargie_simulator/2.2/scenarios_linux/srm_interference/commandline/./script/interference_2pan_plot_results.py:893: RuntimeWarning: invalid value encountered in divide
  tmp_c_rssi_ave_list = np.where(tmp_c_rx_pkt_num_list > 0, np.round(tmp_c_rssi_sum_list/tmp_c_rx_pkt_num_list, 1), 0.0)
/home/arimoto/opt/scensim_env/scenargie_simulator/2.2/scenarios_linux/srm_interference/commandline/./script/interference_2pan_plot_results.py:893: RuntimeWarning: invalid value encountered in divide
  tmp_c_rssi_ave_list = np.where(tmp_c_rx_pkt_num_list > 0, np.round(tmp_c_rssi_sum_list/tmp_c_rx_pkt_num_list, 1), 0.0)
/home/arimoto/opt/scensim_env/scenargie_simulator/2.2/scenarios_linux/srm_interference/commandline/./script/interference_2pan_plot_results.py:893: RuntimeWarning: invalid value encountered in divide
  tmp_c_rssi_ave_list = np.where(tmp_c_rx_pkt_num_list > 0, np.round(tmp_c_rssi_sum_list/tmp_c_rx_pkt_num_list, 1), 0.0)
/home/arimoto/opt/scensim_env/scenargie_simulator/2.2/scenarios_linux/srm_interference/commandline/./script/interference_2pan_plot_results.py:893: RuntimeWarning: invalid value encountered in divide
  tmp_c_rssi_ave_list = np.where(tmp_c_rx_pkt_num_list > 0, np.round(tmp_c_rssi_sum_list/tmp_c_rx_pkt_num_list, 1), 0.0)
/home/arimoto/opt/scensim_env/scenargie_simulator/2.2/scenarios_linux/srm_interference/commandline/./script/interference_2pan_plot_results.py:893: RuntimeWarning: invalid value encountered in divide
  tmp_c_rssi_ave_list = np.where(tmp_c_rx_pkt_num_list > 0, np.round(tmp_c_rssi_sum_list/tmp_c_rx_pkt_num_list, 1), 0.0)
/home/arimoto/opt/scensim_env/scenargie_simulator/2.2/scenarios_linux/srm_interference/commandline/./script/interference_2pan_plot_results.py:893: RuntimeWarning: invalid value encountered in divide
  tmp_c_rssi_ave_list = np.where(tmp_c_rx_pkt_num_list > 0, np.round(tmp_c_rssi_sum_list/tmp_c_rx_pkt_num_list, 1), 0.0)
/home/arimoto/opt/scensim_env/scenargie_simulator/2.2/scenarios_linux/srm_interference/commandline/./script/interference_2pan_plot_results.py:893: RuntimeWarning: invalid value encountered in divide
  tmp_c_rssi_ave_list = np.where(tmp_c_rx_pkt_num_list > 0, np.round(tmp_c_rssi_sum_list/tmp_c_rx_pkt_num_list, 1), 0.0)
/home/arimoto/opt/scensim_env/scenargie_simulator/2.2/scenarios_linux/srm_interference/commandline/./script/interference_2pan_plot_results.py:893: RuntimeWarning: invalid value encountered in divide
  tmp_c_rssi_ave_list = np.where(tmp_c_rx_pkt_num_list > 0, np.round(tmp_c_rssi_sum_list/tmp_c_rx_pkt_num_list, 1), 0.0)
/home/arimoto/opt/scensim_env/scenargie_simulator/2.2/scenarios_linux/srm_interference/commandline/./script/interference_2pan_plot_results.py:893: RuntimeWarning: invalid value encountered in divide
  tmp_c_rssi_ave_list = np.where(tmp_c_rx_pkt_num_list > 0, np.round(tmp_c_rssi_sum_list/tmp_c_rx_pkt_num_list, 1), 0.0)
/home/arimoto/opt/scensim_env/scenargie_simulator/2.2/scenarios_linux/srm_interference/commandline/./script/interference_2pan_plot_results.py:893: RuntimeWarning: invalid value encountered in divide
  tmp_c_rssi_ave_list = np.where(tmp_c_rx_pkt_num_list > 0, np.round(tmp_c_rssi_sum_list/tmp_c_rx_pkt_num_list, 1), 0.0)
/home/arimoto/opt/scensim_env/scenargie_simulator/2.2/scenarios_linux/srm_interference/commandline/./script/interference_2pan_plot_results.py:893: RuntimeWarning: invalid value encountered in divide
  tmp_c_rssi_ave_list = np.where(tmp_c_rx_pkt_num_list > 0, np.round(tmp_c_rssi_sum_list/tmp_c_rx_pkt_num_list, 1), 0.0)
/home/arimoto/opt/scensim_env/scenargie_simulator/2.2/scenarios_linux/srm_interference/commandline/./script/interference_2pan_plot_results.py:893: RuntimeWarning: invalid value encountered in divide
  tmp_c_rssi_ave_list = np.where(tmp_c_rx_pkt_num_list > 0, np.round(tmp_c_rssi_sum_list/tmp_c_rx_pkt_num_list, 1), 0.0)
/home/arimoto/opt/scensim_env/scenargie_simulator/2.2/scenarios_linux/srm_interference/commandline/./script/interference_2pan_plot_results.py:893: RuntimeWarning: invalid value encountered in divide
  tmp_c_rssi_ave_list = np.where(tmp_c_rx_pkt_num_list > 0, np.round(tmp_c_rssi_sum_list/tmp_c_rx_pkt_num_list, 1), 0.0)
/home/arimoto/opt/scensim_env/scenargie_simulator/2.2/scenarios_linux/srm_interference/commandline/./script/interference_2pan_plot_results.py:893: RuntimeWarning: invalid value encountered in divide
  tmp_c_rssi_ave_list = np.where(tmp_c_rx_pkt_num_list > 0, np.round(tmp_c_rssi_sum_list/tmp_c_rx_pkt_num_list, 1), 0.0)
/home/arimoto/opt/scensim_env/scenargie_simulator/2.2/scenarios_linux/srm_interference/commandline/./script/interference_2pan_plot_results.py:893: RuntimeWarning: invalid value encountered in divide
  tmp_c_rssi_ave_list = np.where(tmp_c_rx_pkt_num_list > 0, np.round(tmp_c_rssi_sum_list/tmp_c_rx_pkt_num_list, 1), 0.0)
/home/arimoto/opt/scensim_env/scenargie_simulator/2.2/scenarios_linux/srm_interference/commandline/./script/interference_2pan_plot_results.py:893: RuntimeWarning: invalid value encountered in divide
  tmp_c_rssi_ave_list = np.where(tmp_c_rx_pkt_num_list > 0, np.round(tmp_c_rssi_sum_list/tmp_c_rx_pkt_num_list, 1), 0.0)
/home/arimoto/opt/scensim_env/scenargie_simulator/2.2/scenarios_linux/srm_interference/commandline/./script/interference_2pan_plot_results.py:893: RuntimeWarning: invalid value encountered in divide
  tmp_c_rssi_ave_list = np.where(tmp_c_rx_pkt_num_list > 0, np.round(tmp_c_rssi_sum_list/tmp_c_rx_pkt_num_list, 1), 0.0)
/home/arimoto/opt/scensim_env/scenargie_simulator/2.2/scenarios_linux/srm_interference/commandline/./script/interference_2pan_plot_results.py:343: MatplotlibDeprecationWarning: The 'labels' parameter of boxplot() has been renamed 'tick_labels' since Matplotlib 3.9; support for the old name will be dropped in 3.11.
  plt.boxplot([bin_data_list[i] for i in plot_indices],
/home/arimoto/opt/scensim_env/scenargie_simulator/2.2/scenarios_linux/srm_interference/commandline/./script/interference_2pan_plot_results.py:288: MatplotlibDeprecationWarning: The 'labels' parameter of boxplot() has been renamed 'tick_labels' since Matplotlib 3.9; support for the old name will be dropped in 3.11.
  plt.boxplot(plot_data, labels=plot_labels)
/home/arimoto/opt/scensim_env/scenargie_simulator/2.2/scenarios_linux/srm_interference/commandline/./script/interference_2pan_plot_results.py:343: MatplotlibDeprecationWarning: The 'labels' parameter of boxplot() has been renamed 'tick_labels' since Matplotlib 3.9; support for the old name will be dropped in 3.11.
  plt.boxplot([bin_data_list[i] for i in plot_indices],
/home/arimoto/opt/scensim_env/scenargie_simulator/2.2/scenarios_linux/srm_interference/commandline/./script/interference_2pan_plot_results.py:288: MatplotlibDeprecationWarning: The 'labels' parameter of boxplot() has been renamed 'tick_labels' since Matplotlib 3.9; support for the old name will be dropped in 3.11.
  plt.boxplot(plot_data, labels=plot_labels)
/home/arimoto/opt/scensim_env/scenargie_simulator/2.2/scenarios_linux/srm_interference/commandline/./script/interference_2pan_plot_results.py:343: MatplotlibDeprecationWarning: The 'labels' parameter of boxplot() has been renamed 'tick_labels' since Matplotlib 3.9; support for the old name will be dropped in 3.11.
  plt.boxplot([bin_data_list[i] for i in plot_indices],
/home/arimoto/opt/scensim_env/scenargie_simulator/2.2/scenarios_linux/srm_interference/commandline/./script/interference_2pan_plot_results.py:288: MatplotlibDeprecationWarning: The 'labels' parameter of boxplot() has been renamed 'tick_labels' since Matplotlib 3.9; support for the old name will be dropped in 3.11.
  plt.boxplot(plot_data, labels=plot_labels)
/home/arimoto/opt/scensim_env/scenargie_simulator/2.2/scenarios_linux/srm_interference/commandline/./script/interference_2pan_plot_results.py:343: MatplotlibDeprecationWarning: The 'labels' parameter of boxplot() has been renamed 'tick_labels' since Matplotlib 3.9; support for the old name will be dropped in 3.11.
  plt.boxplot([bin_data_list[i] for i in plot_indices],
/home/arimoto/opt/scensim_env/scenargie_simulator/2.2/scenarios_linux/srm_interference/commandline/./script/interference_2pan_plot_results.py:288: MatplotlibDeprecationWarning: The 'labels' parameter of boxplot() has been renamed 'tick_labels' since Matplotlib 3.9; support for the old name will be dropped in 3.11.
  plt.boxplot(plot_data, labels=plot_labels)
/home/arimoto/opt/scensim_env/scenargie_simulator/2.2/scenarios_linux/srm_interference/commandline/./script/interference_2pan_plot_results.py:343: MatplotlibDeprecationWarning: The 'labels' parameter of boxplot() has been renamed 'tick_labels' since Matplotlib 3.9; support for the old name will be dropped in 3.11.
  plt.boxplot([bin_data_list[i] for i in plot_indices],
/home/arimoto/opt/scensim_env/scenargie_simulator/2.2/scenarios_linux/srm_interference/commandline/./script/interference_2pan_plot_results.py:288: MatplotlibDeprecationWarning: The 'labels' parameter of boxplot() has been renamed 'tick_labels' since Matplotlib 3.9; support for the old name will be dropped in 3.11.
  plt.boxplot(plot_data, labels=plot_labels)
/home/arimoto/opt/scensim_env/scenargie_simulator/2.2/scenarios_linux/srm_interference/commandline/./script/interference_2pan_plot_results.py:343: MatplotlibDeprecationWarning: The 'labels' parameter of boxplot() has been renamed 'tick_labels' since Matplotlib 3.9; support for the old name will be dropped in 3.11.
  plt.boxplot([bin_data_list[i] for i in plot_indices],
/home/arimoto/opt/scensim_env/scenargie_simulator/2.2/scenarios_linux/srm_interference/commandline/./script/interference_2pan_plot_results.py:288: MatplotlibDeprecationWarning: The 'labels' parameter of boxplot() has been renamed 'tick_labels' since Matplotlib 3.9; support for the old name will be dropped in 3.11.
  plt.boxplot(plot_data, labels=plot_labels)
/home/arimoto/opt/scensim_env/scenargie_simulator/2.2/scenarios_linux/srm_interference/commandline/./script/interference_2pan_plot_results.py:343: MatplotlibDeprecationWarning: The 'labels' parameter of boxplot() has been renamed 'tick_labels' since Matplotlib 3.9; support for the old name will be dropped in 3.11.
  plt.boxplot([bin_data_list[i] for i in plot_indices],
/home/arimoto/opt/scensim_env/scenargie_simulator/2.2/scenarios_linux/srm_interference/commandline/./script/interference_2pan_plot_results.py:288: MatplotlibDeprecationWarning: The 'labels' parameter of boxplot() has been renamed 'tick_labels' since Matplotlib 3.9; support for the old name will be dropped in 3.11.
  plt.boxplot(plot_data, labels=plot_labels)
/home/arimoto/opt/scensim_env/scenargie_simulator/2.2/scenarios_linux/srm_interference/commandline/./script/interference_2pan_plot_results.py:343: MatplotlibDeprecationWarning: The 'labels' parameter of boxplot() has been renamed 'tick_labels' since Matplotlib 3.9; support for the old name will be dropped in 3.11.
  plt.boxplot([bin_data_list[i] for i in plot_indices],
/home/arimoto/opt/scensim_env/scenargie_simulator/2.2/scenarios_linux/srm_interference/commandline/./script/interference_2pan_plot_results.py:288: MatplotlibDeprecationWarning: The 'labels' parameter of boxplot() has been renamed 'tick_labels' since Matplotlib 3.9; support for the old name will be dropped in 3.11.
  plt.boxplot(plot_data, labels=plot_labels)
/home/arimoto/opt/scensim_env/scenargie_simulator/2.2/scenarios_linux/srm_interference/commandline/./script/interference_2pan_plot_results.py:343: MatplotlibDeprecationWarning: The 'labels' parameter of boxplot() has been renamed 'tick_labels' since Matplotlib 3.9; support for the old name will be dropped in 3.11.
  plt.boxplot([bin_data_list[i] for i in plot_indices],
/home/arimoto/opt/scensim_env/scenargie_simulator/2.2/scenarios_linux/srm_interference/commandline/./script/interference_2pan_plot_results.py:288: MatplotlibDeprecationWarning: The 'labels' parameter of boxplot() has been renamed 'tick_labels' since Matplotlib 3.9; support for the old name will be dropped in 3.11.
  plt.boxplot(plot_data, labels=plot_labels)
/home/arimoto/opt/scensim_env/scenargie_simulator/2.2/scenarios_linux/srm_interference/commandline/./script/interference_2pan_plot_results.py:343: MatplotlibDeprecationWarning: The 'labels' parameter of boxplot() has been renamed 'tick_labels' since Matplotlib 3.9; support for the old name will be dropped in 3.11.
  plt.boxplot([bin_data_list[i] for i in plot_indices],
/home/arimoto/opt/scensim_env/scenargie_simulator/2.2/scenarios_linux/srm_interference/commandline/./script/interference_2pan_plot_results.py:288: MatplotlibDeprecationWarning: The 'labels' parameter of boxplot() has been renamed 'tick_labels' since Matplotlib 3.9; support for the old name will be dropped in 3.11.
  plt.boxplot(plot_data, labels=plot_labels)
/home/arimoto/opt/scensim_env/scenargie_simulator/2.2/scenarios_linux/srm_interference/commandline/./script/interference_2pan_plot_results.py:343: MatplotlibDeprecationWarning: The 'labels' parameter of boxplot() has been renamed 'tick_labels' since Matplotlib 3.9; support for the old name will be dropped in 3.11.
  plt.boxplot([bin_data_list[i] for i in plot_indices],
/home/arimoto/opt/scensim_env/scenargie_simulator/2.2/scenarios_linux/srm_interference/commandline/./script/interference_2pan_plot_results.py:288: MatplotlibDeprecationWarning: The 'labels' parameter of boxplot() has been renamed 'tick_labels' since Matplotlib 3.9; support for the old name will be dropped in 3.11.
  plt.boxplot(plot_data, labels=plot_labels)
/home/arimoto/opt/scensim_env/scenargie_simulator/2.2/scenarios_linux/srm_interference/commandline/./script/interference_2pan_plot_results.py:343: MatplotlibDeprecationWarning: The 'labels' parameter of boxplot() has been renamed 'tick_labels' since Matplotlib 3.9; support for the old name will be dropped in 3.11.
  plt.boxplot([bin_data_list[i] for i in plot_indices],
/home/arimoto/opt/scensim_env/scenargie_simulator/2.2/scenarios_linux/srm_interference/commandline/./script/interference_2pan_plot_results.py:288: MatplotlibDeprecationWarning: The 'labels' parameter of boxplot() has been renamed 'tick_labels' since Matplotlib 3.9; support for the old name will be dropped in 3.11.
  plt.boxplot(plot_data, labels=plot_labels)
/home/arimoto/opt/scensim_env/scenargie_simulator/2.2/scenarios_linux/srm_interference/commandline/./script/interference_2pan_plot_results.py:343: MatplotlibDeprecationWarning: The 'labels' parameter of boxplot() has been renamed 'tick_labels' since Matplotlib 3.9; support for the old name will be dropped in 3.11.
  plt.boxplot([bin_data_list[i] for i in plot_indices],
/home/arimoto/opt/scensim_env/scenargie_simulator/2.2/scenarios_linux/srm_interference/commandline/./script/interference_2pan_plot_results.py:288: MatplotlibDeprecationWarning: The 'labels' parameter of boxplot() has been renamed 'tick_labels' since Matplotlib 3.9; support for the old name will be dropped in 3.11.
  plt.boxplot(plot_data, labels=plot_labels)
/home/arimoto/opt/scensim_env/scenargie_simulator/2.2/scenarios_linux/srm_interference/commandline/./script/interference_2pan_plot_results.py:343: MatplotlibDeprecationWarning: The 'labels' parameter of boxplot() has been renamed 'tick_labels' since Matplotlib 3.9; support for the old name will be dropped in 3.11.
  plt.boxplot([bin_data_list[i] for i in plot_indices],
/home/arimoto/opt/scensim_env/scenargie_simulator/2.2/scenarios_linux/srm_interference/commandline/./script/interference_2pan_plot_results.py:288: MatplotlibDeprecationWarning: The 'labels' parameter of boxplot() has been renamed 'tick_labels' since Matplotlib 3.9; support for the old name will be dropped in 3.11.
  plt.boxplot(plot_data, labels=plot_labels)
/home/arimoto/opt/scensim_env/scenargie_simulator/2.2/scenarios_linux/srm_interference/commandline/./script/interference_2pan_plot_results.py:343: MatplotlibDeprecationWarning: The 'labels' parameter of boxplot() has been renamed 'tick_labels' since Matplotlib 3.9; support for the old name will be dropped in 3.11.
  plt.boxplot([bin_data_list[i] for i in plot_indices],
/home/arimoto/opt/scensim_env/scenargie_simulator/2.2/scenarios_linux/srm_interference/commandline/./script/interference_2pan_plot_results.py:288: MatplotlibDeprecationWarning: The 'labels' parameter of boxplot() has been renamed 'tick_labels' since Matplotlib 3.9; support for the old name will be dropped in 3.11.
  plt.boxplot(plot_data, labels=plot_labels)
/home/arimoto/opt/scensim_env/scenargie_simulator/2.2/scenarios_linux/srm_interference/commandline/./script/interference_2pan_plot_results.py:343: MatplotlibDeprecationWarning: The 'labels' parameter of boxplot() has been renamed 'tick_labels' since Matplotlib 3.9; support for the old name will be dropped in 3.11.
  plt.boxplot([bin_data_list[i] for i in plot_indices],
/home/arimoto/opt/scensim_env/scenargie_simulator/2.2/scenarios_linux/srm_interference/commandline/./script/interference_2pan_plot_results.py:288: MatplotlibDeprecationWarning: The 'labels' parameter of boxplot() has been renamed 'tick_labels' since Matplotlib 3.9; support for the old name will be dropped in 3.11.
  plt.boxplot(plot_data, labels=plot_labels)
/home/arimoto/opt/scensim_env/scenargie_simulator/2.2/scenarios_linux/srm_interference/commandline/./script/interference_2pan_plot_results.py:343: MatplotlibDeprecationWarning: The 'labels' parameter of boxplot() has been renamed 'tick_labels' since Matplotlib 3.9; support for the old name will be dropped in 3.11.
  plt.boxplot([bin_data_list[i] for i in plot_indices],
/home/arimoto/opt/scensim_env/scenargie_simulator/2.2/scenarios_linux/srm_interference/commandline/./script/interference_2pan_plot_results.py:288: MatplotlibDeprecationWarning: The 'labels' parameter of boxplot() has been renamed 'tick_labels' since Matplotlib 3.9; support for the old name will be dropped in 3.11.
  plt.boxplot(plot_data, labels=plot_labels)
/home/arimoto/opt/scensim_env/scenargie_simulator/2.2/scenarios_linux/srm_interference/commandline/./script/interference_2pan_plot_results.py:343: MatplotlibDeprecationWarning: The 'labels' parameter of boxplot() has been renamed 'tick_labels' since Matplotlib 3.9; support for the old name will be dropped in 3.11.
  plt.boxplot([bin_data_list[i] for i in plot_indices],
/home/arimoto/opt/scensim_env/scenargie_simulator/2.2/scenarios_linux/srm_interference/commandline/./script/interference_2pan_plot_results.py:288: MatplotlibDeprecationWarning: The 'labels' parameter of boxplot() has been renamed 'tick_labels' since Matplotlib 3.9; support for the old name will be dropped in 3.11.
  plt.boxplot(plot_data, labels=plot_labels)
/home/arimoto/opt/scensim_env/scenargie_simulator/2.2/scenarios_linux/srm_interference/commandline/./script/interference_2pan_plot_results.py:343: MatplotlibDeprecationWarning: The 'labels' parameter of boxplot() has been renamed 'tick_labels' since Matplotlib 3.9; support for the old name will be dropped in 3.11.
  plt.boxplot([bin_data_list[i] for i in plot_indices],
/home/arimoto/opt/scensim_env/scenargie_simulator/2.2/scenarios_linux/srm_interference/commandline/./script/interference_2pan_plot_results.py:288: MatplotlibDeprecationWarning: The 'labels' parameter of boxplot() has been renamed 'tick_labels' since Matplotlib 3.9; support for the old name will be dropped in 3.11.
  plt.boxplot(plot_data, labels=plot_labels)
/home/arimoto/opt/scensim_env/scenargie_simulator/2.2/scenarios_linux/srm_interference/commandline/./script/interference_2pan_plot_results.py:343: MatplotlibDeprecationWarning: The 'labels' parameter of boxplot() has been renamed 'tick_labels' since Matplotlib 3.9; support for the old name will be dropped in 3.11.
  plt.boxplot([bin_data_list[i] for i in plot_indices],
/home/arimoto/opt/scensim_env/scenargie_simulator/2.2/scenarios_linux/srm_interference/commandline/./script/interference_2pan_plot_results.py:288: MatplotlibDeprecationWarning: The 'labels' parameter of boxplot() has been renamed 'tick_labels' since Matplotlib 3.9; support for the old name will be dropped in 3.11.
  plt.boxplot(plot_data, labels=plot_labels)

--- 0.01devices ---
Load 10%: TP=100, FP=100, FN=0, TN=0, Precision=0.500, Recall=1.000, FPR=1.000, F1=0.667
Load 20%: TP=100, FP=100, FN=0, TN=0, Precision=0.500, Recall=1.000, FPR=1.000, F1=0.667
Load 30%: TP=100, FP=100, FN=0, TN=0, Precision=0.500, Recall=1.000, FPR=1.000, F1=0.667
Load 40%: TP=100, FP=100, FN=0, TN=0, Precision=0.500, Recall=1.000, FPR=1.000, F1=0.667
Load 50%: TP=100, FP=100, FN=0, TN=0, Precision=0.500, Recall=1.000, FPR=1.000, F1=0.667
Load 60%: TP=100, FP=100, FN=0, TN=0, Precision=0.500, Recall=1.000, FPR=1.000, F1=0.667
Load 70%: TP=100, FP=97, FN=0, TN=3, Precision=0.508, Recall=1.000, FPR=0.970, F1=0.673
Load 80%: TP=99, FP=97, FN=1, TN=3, Precision=0.505, Recall=0.990, FPR=0.970, F1=0.669
Load 90%: TP=99, FP=90, FN=1, TN=10, Precision=0.524, Recall=0.990, FPR=0.900, F1=0.685
Load 100%: TP=96, FP=78, FN=4, TN=22, Precision=0.552, Recall=0.960, FPR=0.780, F1=0.701

--- 0.02devices ---
Load 10%: TP=100, FP=100, FN=0, TN=0, Precision=0.500, Recall=1.000, FPR=1.000, F1=0.667
Load 20%: TP=100, FP=100, FN=0, TN=0, Precision=0.500, Recall=1.000, FPR=1.000, F1=0.667
Load 30%: TP=100, FP=100, FN=0, TN=0, Precision=0.500, Recall=1.000, FPR=1.000, F1=0.667
Load 40%: TP=100, FP=96, FN=0, TN=4, Precision=0.510, Recall=1.000, FPR=0.960, F1=0.676
Load 50%: TP=100, FP=99, FN=0, TN=1, Precision=0.503, Recall=1.000, FPR=0.990, F1=0.669
Load 60%: TP=100, FP=97, FN=0, TN=3, Precision=0.508, Recall=1.000, FPR=0.970, F1=0.673
Load 70%: TP=95, FP=68, FN=5, TN=32, Precision=0.583, Recall=0.950, FPR=0.680, F1=0.722
Load 80%: TP=85, FP=47, FN=15, TN=53, Precision=0.644, Recall=0.850, FPR=0.470, F1=0.733
Load 90%: TP=62, FP=22, FN=38, TN=78, Precision=0.738, Recall=0.620, FPR=0.220, F1=0.674
Load 100%: TP=49, FP=9, FN=51, TN=91, Precision=0.845, Recall=0.490, FPR=0.090, F1=0.620

--- 0.03devices ---
Load 10%: TP=100, FP=99, FN=0, TN=1, Precision=0.503, Recall=1.000, FPR=0.990, F1=0.669
Load 20%: TP=100, FP=100, FN=0, TN=0, Precision=0.500, Recall=1.000, FPR=1.000, F1=0.667
Load 30%: TP=100, FP=100, FN=0, TN=0, Precision=0.500, Recall=1.000, FPR=1.000, F1=0.667
Load 40%: TP=100, FP=69, FN=0, TN=31, Precision=0.592, Recall=1.000, FPR=0.690, F1=0.743
Load 50%: TP=98, FP=80, FN=2, TN=20, Precision=0.551, Recall=0.980, FPR=0.800, F1=0.705
Load 60%: TP=95, FP=79, FN=5, TN=21, Precision=0.546, Recall=0.950, FPR=0.790, F1=0.693
Load 70%: TP=63, FP=18, FN=37, TN=82, Precision=0.778, Recall=0.630, FPR=0.180, F1=0.696
Load 80%: TP=39, FP=12, FN=61, TN=88, Precision=0.765, Recall=0.390, FPR=0.120, F1=0.517
Load 90%: TP=11, FP=5, FN=89, TN=95, Precision=0.688, Recall=0.110, FPR=0.050, F1=0.190
Load 100%: TP=9, FP=1, FN=91, TN=99, Precision=0.900, Recall=0.090, FPR=0.010, F1=0.164

--- 0.04devices ---
Load 10%: TP=100, FP=96, FN=0, TN=4, Precision=0.510, Recall=1.000, FPR=0.960, F1=0.676
Load 20%: TP=100, FP=100, FN=0, TN=0, Precision=0.500, Recall=1.000, FPR=1.000, F1=0.667
Load 30%: TP=100, FP=95, FN=0, TN=5, Precision=0.513, Recall=1.000, FPR=0.950, F1=0.678
Load 40%: TP=100, FP=23, FN=0, TN=77, Precision=0.813, Recall=1.000, FPR=0.230, F1=0.897
Load 50%: TP=92, FP=42, FN=8, TN=58, Precision=0.687, Recall=0.920, FPR=0.420, F1=0.786
Load 60%: TP=73, FP=56, FN=27, TN=44, Precision=0.566, Recall=0.730, FPR=0.560, F1=0.638
Load 70%: TP=17, FP=4, FN=83, TN=96, Precision=0.810, Recall=0.170, FPR=0.040, F1=0.281
Load 80%: TP=11, FP=4, FN=89, TN=96, Precision=0.733, Recall=0.110, FPR=0.040, F1=0.191
Load 90%: TP=2, FP=1, FN=98, TN=99, Precision=0.667, Recall=0.020, FPR=0.010, F1=0.039
Load 100%: TP=3, FP=1, FN=97, TN=99, Precision=0.750, Recall=0.030, FPR=0.010, F1=0.058

--- 0.05devices ---
Load 10%: TP=100, FP=90, FN=0, TN=10, Precision=0.526, Recall=1.000, FPR=0.900, F1=0.690
Load 20%: TP=100, FP=98, FN=0, TN=2, Precision=0.505, Recall=1.000, FPR=0.980, F1=0.671
Load 30%: TP=99, FP=86, FN=1, TN=14, Precision=0.535, Recall=0.990, FPR=0.860, F1=0.695
Load 40%: TP=96, FP=9, FN=4, TN=91, Precision=0.914, Recall=0.960, FPR=0.090, F1=0.937
Load 50%: TP=67, FP=11, FN=33, TN=89, Precision=0.859, Recall=0.670, FPR=0.110, F1=0.753
Load 60%: TP=46, FP=28, FN=54, TN=72, Precision=0.622, Recall=0.460, FPR=0.280, F1=0.529
Load 70%: TP=4, FP=0, FN=96, TN=100, Precision=1.000, Recall=0.040, FPR=0.000, F1=0.077
Load 80%: TP=5, FP=0, FN=95, TN=100, Precision=1.000, Recall=0.050, FPR=0.000, F1=0.095
Load 90%: TP=1, FP=0, FN=99, TN=100, Precision=1.000, Recall=0.010, FPR=0.000, F1=0.020
Load 100%: TP=1, FP=1, FN=99, TN=99, Precision=0.500, Recall=0.010, FPR=0.010, F1=0.020

--- 0.06devices ---
Load 10%: TP=100, FP=74, FN=0, TN=26, Precision=0.575, Recall=1.000, FPR=0.740, F1=0.730
Load 20%: TP=100, FP=88, FN=0, TN=12, Precision=0.532, Recall=1.000, FPR=0.880, F1=0.694
Load 30%: TP=98, FP=64, FN=2, TN=36, Precision=0.605, Recall=0.980, FPR=0.640, F1=0.748
Load 40%: TP=78, FP=3, FN=22, TN=97, Precision=0.963, Recall=0.780, FPR=0.030, F1=0.862
Load 50%: TP=44, FP=5, FN=56, TN=95, Precision=0.898, Recall=0.440, FPR=0.050, F1=0.591
Load 60%: TP=25, FP=8, FN=75, TN=92, Precision=0.758, Recall=0.250, FPR=0.080, F1=0.376
Load 70%: TP=0, FP=0, FN=100, TN=100, Precision=0.000, Recall=0.000, FPR=0.000, F1=0.000
Load 80%: TP=4, FP=0, FN=96, TN=100, Precision=1.000, Recall=0.040, FPR=0.000, F1=0.077
Load 90%: TP=1, FP=0, FN=99, TN=100, Precision=1.000, Recall=0.010, FPR=0.000, F1=0.020
Load 100%: TP=0, FP=0, FN=100, TN=100, Precision=0.000, Recall=0.000, FPR=0.000, F1=0.000

--- 0.07devices ---
Load 10%: TP=100, FP=60, FN=0, TN=40, Precision=0.625, Recall=1.000, FPR=0.600, F1=0.769
Load 20%: TP=100, FP=72, FN=0, TN=28, Precision=0.581, Recall=1.000, FPR=0.720, F1=0.735
Load 30%: TP=92, FP=40, FN=8, TN=60, Precision=0.697, Recall=0.920, FPR=0.400, F1=0.793
Load 40%: TP=60, FP=1, FN=40, TN=99, Precision=0.984, Recall=0.600, FPR=0.010, F1=0.745
Load 50%: TP=29, FP=1, FN=71, TN=99, Precision=0.967, Recall=0.290, FPR=0.010, F1=0.446
Load 60%: TP=10, FP=2, FN=90, TN=98, Precision=0.833, Recall=0.100, FPR=0.020, F1=0.179
Load 70%: TP=0, FP=0, FN=100, TN=100, Precision=0.000, Recall=0.000, FPR=0.000, F1=0.000
Load 80%: TP=2, FP=0, FN=98, TN=100, Precision=1.000, Recall=0.020, FPR=0.000, F1=0.039
Load 90%: TP=0, FP=0, FN=100, TN=100, Precision=0.000, Recall=0.000, FPR=0.000, F1=0.000
Load 100%: TP=0, FP=0, FN=100, TN=100, Precision=0.000, Recall=0.000, FPR=0.000, F1=0.000

--- 0.08devices ---
Load 10%: TP=100, FP=38, FN=0, TN=62, Precision=0.725, Recall=1.000, FPR=0.380, F1=0.840
Load 20%: TP=100, FP=53, FN=0, TN=47, Precision=0.654, Recall=1.000, FPR=0.530, F1=0.791
Load 30%: TP=86, FP=24, FN=14, TN=76, Precision=0.782, Recall=0.860, FPR=0.240, F1=0.819
Load 40%: TP=39, FP=0, FN=61, TN=100, Precision=1.000, Recall=0.390, FPR=0.000, F1=0.561
Load 50%: TP=11, FP=0, FN=89, TN=100, Precision=1.000, Recall=0.110, FPR=0.000, F1=0.198
Load 60%: TP=3, FP=0, FN=97, TN=100, Precision=1.000, Recall=0.030, FPR=0.000, F1=0.058
Load 70%: TP=0, FP=0, FN=100, TN=100, Precision=0.000, Recall=0.000, FPR=0.000, F1=0.000
Load 80%: TP=1, FP=0, FN=99, TN=100, Precision=1.000, Recall=0.010, FPR=0.000, F1=0.020
Load 90%: TP=0, FP=0, FN=100, TN=100, Precision=0.000, Recall=0.000, FPR=0.000, F1=0.000
Load 100%: TP=0, FP=0, FN=100, TN=100, Precision=0.000, Recall=0.000, FPR=0.000, F1=0.000

--- 0.09devices ---
Load 10%: TP=100, FP=23, FN=0, TN=77, Precision=0.813, Recall=1.000, FPR=0.230, F1=0.897
Load 20%: TP=99, FP=34, FN=1, TN=66, Precision=0.744, Recall=0.990, FPR=0.340, F1=0.850
Load 30%: TP=75, FP=12, FN=25, TN=88, Precision=0.862, Recall=0.750, FPR=0.120, F1=0.802
Load 40%: TP=22, FP=0, FN=78, TN=100, Precision=1.000, Recall=0.220, FPR=0.000, F1=0.361
Load 50%: TP=6, FP=0, FN=94, TN=100, Precision=1.000, Recall=0.060, FPR=0.000, F1=0.113
Load 60%: TP=1, FP=0, FN=99, TN=100, Precision=1.000, Recall=0.010, FPR=0.000, F1=0.020
Load 70%: TP=0, FP=0, FN=100, TN=100, Precision=0.000, Recall=0.000, FPR=0.000, F1=0.000
Load 80%: TP=0, FP=0, FN=100, TN=100, Precision=0.000, Recall=0.000, FPR=0.000, F1=0.000
Load 90%: TP=0, FP=0, FN=100, TN=100, Precision=0.000, Recall=0.000, FPR=0.000, F1=0.000
Load 100%: TP=0, FP=0, FN=100, TN=100, Precision=0.000, Recall=0.000, FPR=0.000, F1=0.000

--- 0.1devices ---
Load 10%: TP=100, FP=8, FN=0, TN=92, Precision=0.926, Recall=1.000, FPR=0.080, F1=0.962
Load 20%: TP=97, FP=18, FN=3, TN=82, Precision=0.843, Recall=0.970, FPR=0.180, F1=0.902
Load 30%: TP=52, FP=6, FN=48, TN=94, Precision=0.897, Recall=0.520, FPR=0.060, F1=0.658
Load 40%: TP=7, FP=0, FN=93, TN=100, Precision=1.000, Recall=0.070, FPR=0.000, F1=0.131
Load 50%: TP=1, FP=0, FN=99, TN=100, Precision=1.000, Recall=0.010, FPR=0.000, F1=0.020
Load 60%: TP=1, FP=0, FN=99, TN=100, Precision=1.000, Recall=0.010, FPR=0.000, F1=0.020
Load 70%: TP=0, FP=0, FN=100, TN=100, Precision=0.000, Recall=0.000, FPR=0.000, F1=0.000
Load 80%: TP=0, FP=0, FN=100, TN=100, Precision=0.000, Recall=0.000, FPR=0.000, F1=0.000
Load 90%: TP=0, FP=0, FN=100, TN=100, Precision=0.000, Recall=0.000, FPR=0.000, F1=0.000
Load 100%: TP=0, FP=0, FN=100, TN=100, Precision=0.000, Recall=0.000, FPR=0.000, F1=0.000

--- 0.11devices ---
Load 10%: TP=100, FP=4, FN=0, TN=96, Precision=0.962, Recall=1.000, FPR=0.040, F1=0.980
Load 20%: TP=90, FP=7, FN=10, TN=93, Precision=0.928, Recall=0.900, FPR=0.070, F1=0.914
Load 30%: TP=33, FP=3, FN=67, TN=97, Precision=0.917, Recall=0.330, FPR=0.030, F1=0.485
Load 40%: TP=3, FP=0, FN=97, TN=100, Precision=1.000, Recall=0.030, FPR=0.000, F1=0.058
Load 50%: TP=0, FP=0, FN=100, TN=100, Precision=0.000, Recall=0.000, FPR=0.000, F1=0.000
Load 60%: TP=0, FP=0, FN=100, TN=100, Precision=0.000, Recall=0.000, FPR=0.000, F1=0.000
Load 70%: TP=0, FP=0, FN=100, TN=100, Precision=0.000, Recall=0.000, FPR=0.000, F1=0.000
Load 80%: TP=0, FP=0, FN=100, TN=100, Precision=0.000, Recall=0.000, FPR=0.000, F1=0.000
Load 90%: TP=0, FP=0, FN=100, TN=100, Precision=0.000, Recall=0.000, FPR=0.000, F1=0.000
Load 100%: TP=0, FP=0, FN=100, TN=100, Precision=0.000, Recall=0.000, FPR=0.000, F1=0.000

--- 0.12devices ---
Load 10%: TP=100, FP=2, FN=0, TN=98, Precision=0.980, Recall=1.000, FPR=0.020, F1=0.990
Load 20%: TP=83, FP=3, FN=17, TN=97, Precision=0.965, Recall=0.830, FPR=0.030, F1=0.892
Load 30%: TP=19, FP=2, FN=81, TN=98, Precision=0.905, Recall=0.190, FPR=0.020, F1=0.314
Load 40%: TP=2, FP=0, FN=98, TN=100, Precision=1.000, Recall=0.020, FPR=0.000, F1=0.039
Load 50%: TP=0, FP=0, FN=100, TN=100, Precision=0.000, Recall=0.000, FPR=0.000, F1=0.000
Load 60%: TP=0, FP=0, FN=100, TN=100, Precision=0.000, Recall=0.000, FPR=0.000, F1=0.000
Load 70%: TP=0, FP=0, FN=100, TN=100, Precision=0.000, Recall=0.000, FPR=0.000, F1=0.000
Load 80%: TP=0, FP=0, FN=100, TN=100, Precision=0.000, Recall=0.000, FPR=0.000, F1=0.000
Load 90%: TP=0, FP=0, FN=100, TN=100, Precision=0.000, Recall=0.000, FPR=0.000, F1=0.000
Load 100%: TP=0, FP=0, FN=100, TN=100, Precision=0.000, Recall=0.000, FPR=0.000, F1=0.000

--- 0.13devices ---
Load 10%: TP=99, FP=2, FN=1, TN=98, Precision=0.980, Recall=0.990, FPR=0.020, F1=0.985
Load 20%: TP=66, FP=1, FN=34, TN=99, Precision=0.985, Recall=0.660, FPR=0.010, F1=0.790
Load 30%: TP=14, FP=2, FN=86, TN=98, Precision=0.875, Recall=0.140, FPR=0.020, F1=0.241
Load 40%: TP=1, FP=0, FN=99, TN=100, Precision=1.000, Recall=0.010, FPR=0.000, F1=0.020
Load 50%: TP=0, FP=0, FN=100, TN=100, Precision=0.000, Recall=0.000, FPR=0.000, F1=0.000
Load 60%: TP=0, FP=0, FN=100, TN=100, Precision=0.000, Recall=0.000, FPR=0.000, F1=0.000
Load 70%: TP=0, FP=0, FN=100, TN=100, Precision=0.000, Recall=0.000, FPR=0.000, F1=0.000
Load 80%: TP=0, FP=0, FN=100, TN=100, Precision=0.000, Recall=0.000, FPR=0.000, F1=0.000
Load 90%: TP=0, FP=0, FN=100, TN=100, Precision=0.000, Recall=0.000, FPR=0.000, F1=0.000
Load 100%: TP=0, FP=0, FN=100, TN=100, Precision=0.000, Recall=0.000, FPR=0.000, F1=0.000

--- 0.14devices ---
Load 10%: TP=97, FP=2, FN=3, TN=98, Precision=0.980, Recall=0.970, FPR=0.020, F1=0.975
Load 20%: TP=51, FP=1, FN=49, TN=99, Precision=0.981, Recall=0.510, FPR=0.010, F1=0.671
Load 30%: TP=10, FP=1, FN=90, TN=99, Precision=0.909, Recall=0.100, FPR=0.010, F1=0.180
Load 40%: TP=1, FP=0, FN=99, TN=100, Precision=1.000, Recall=0.010, FPR=0.000, F1=0.020
Load 50%: TP=0, FP=0, FN=100, TN=100, Precision=0.000, Recall=0.000, FPR=0.000, F1=0.000
Load 60%: TP=0, FP=0, FN=100, TN=100, Precision=0.000, Recall=0.000, FPR=0.000, F1=0.000
Load 70%: TP=0, FP=0, FN=100, TN=100, Precision=0.000, Recall=0.000, FPR=0.000, F1=0.000
Load 80%: TP=0, FP=0, FN=100, TN=100, Precision=0.000, Recall=0.000, FPR=0.000, F1=0.000
Load 90%: TP=0, FP=0, FN=100, TN=100, Precision=0.000, Recall=0.000, FPR=0.000, F1=0.000
Load 100%: TP=0, FP=0, FN=100, TN=100, Precision=0.000, Recall=0.000, FPR=0.000, F1=0.000

--- 0.15devices ---
Load 10%: TP=94, FP=2, FN=6, TN=98, Precision=0.979, Recall=0.940, FPR=0.020, F1=0.959
Load 20%: TP=38, FP=0, FN=62, TN=100, Precision=1.000, Recall=0.380, FPR=0.000, F1=0.551
Load 30%: TP=4, FP=1, FN=96, TN=99, Precision=0.800, Recall=0.040, FPR=0.010, F1=0.076
Load 40%: TP=0, FP=0, FN=100, TN=100, Precision=0.000, Recall=0.000, FPR=0.000, F1=0.000
Load 50%: TP=0, FP=0, FN=100, TN=100, Precision=0.000, Recall=0.000, FPR=0.000, F1=0.000
Load 60%: TP=0, FP=0, FN=100, TN=100, Precision=0.000, Recall=0.000, FPR=0.000, F1=0.000
Load 70%: TP=0, FP=0, FN=100, TN=100, Precision=0.000, Recall=0.000, FPR=0.000, F1=0.000
Load 80%: TP=0, FP=0, FN=100, TN=100, Precision=0.000, Recall=0.000, FPR=0.000, F1=0.000
Load 90%: TP=0, FP=0, FN=100, TN=100, Precision=0.000, Recall=0.000, FPR=0.000, F1=0.000
Load 100%: TP=0, FP=0, FN=100, TN=100, Precision=0.000, Recall=0.000, FPR=0.000, F1=0.000

--- 0.16devices ---
Load 10%: TP=91, FP=1, FN=9, TN=99, Precision=0.989, Recall=0.910, FPR=0.010, F1=0.948
Load 20%: TP=29, FP=0, FN=71, TN=100, Precision=1.000, Recall=0.290, FPR=0.000, F1=0.450
Load 30%: TP=1, FP=1, FN=99, TN=99, Precision=0.500, Recall=0.010, FPR=0.010, F1=0.020
Load 40%: TP=0, FP=0, FN=100, TN=100, Precision=0.000, Recall=0.000, FPR=0.000, F1=0.000
Load 50%: TP=0, FP=0, FN=100, TN=100, Precision=0.000, Recall=0.000, FPR=0.000, F1=0.000
Load 60%: TP=0, FP=0, FN=100, TN=100, Precision=0.000, Recall=0.000, FPR=0.000, F1=0.000
Load 70%: TP=0, FP=0, FN=100, TN=100, Precision=0.000, Recall=0.000, FPR=0.000, F1=0.000
Load 80%: TP=0, FP=0, FN=100, TN=100, Precision=0.000, Recall=0.000, FPR=0.000, F1=0.000
Load 90%: TP=0, FP=0, FN=100, TN=100, Precision=0.000, Recall=0.000, FPR=0.000, F1=0.000
Load 100%: TP=0, FP=0, FN=100, TN=100, Precision=0.000, Recall=0.000, FPR=0.000, F1=0.000

--- 0.17devices ---
Load 10%: TP=89, FP=0, FN=11, TN=100, Precision=1.000, Recall=0.890, FPR=0.000, F1=0.942
Load 20%: TP=16, FP=0, FN=84, TN=100, Precision=1.000, Recall=0.160, FPR=0.000, F1=0.276
Load 30%: TP=1, FP=0, FN=99, TN=100, Precision=1.000, Recall=0.010, FPR=0.000, F1=0.020
Load 40%: TP=0, FP=0, FN=100, TN=100, Precision=0.000, Recall=0.000, FPR=0.000, F1=0.000
Load 50%: TP=0, FP=0, FN=100, TN=100, Precision=0.000, Recall=0.000, FPR=0.000, F1=0.000
Load 60%: TP=0, FP=0, FN=100, TN=100, Precision=0.000, Recall=0.000, FPR=0.000, F1=0.000
Load 70%: TP=0, FP=0, FN=100, TN=100, Precision=0.000, Recall=0.000, FPR=0.000, F1=0.000
Load 80%: TP=0, FP=0, FN=100, TN=100, Precision=0.000, Recall=0.000, FPR=0.000, F1=0.000
Load 90%: TP=0, FP=0, FN=100, TN=100, Precision=0.000, Recall=0.000, FPR=0.000, F1=0.000
Load 100%: TP=0, FP=0, FN=100, TN=100, Precision=0.000, Recall=0.000, FPR=0.000, F1=0.000

--- 0.18devices ---
Load 10%: TP=79, FP=0, FN=21, TN=100, Precision=1.000, Recall=0.790, FPR=0.000, F1=0.883
Load 20%: TP=13, FP=0, FN=87, TN=100, Precision=1.000, Recall=0.130, FPR=0.000, F1=0.230
Load 30%: TP=1, FP=0, FN=99, TN=100, Precision=1.000, Recall=0.010, FPR=0.000, F1=0.020
Load 40%: TP=0, FP=0, FN=100, TN=100, Precision=0.000, Recall=0.000, FPR=0.000, F1=0.000
Load 50%: TP=0, FP=0, FN=100, TN=100, Precision=0.000, Recall=0.000, FPR=0.000, F1=0.000
Load 60%: TP=0, FP=0, FN=100, TN=100, Precision=0.000, Recall=0.000, FPR=0.000, F1=0.000
Load 70%: TP=0, FP=0, FN=100, TN=100, Precision=0.000, Recall=0.000, FPR=0.000, F1=0.000
Load 80%: TP=0, FP=0, FN=100, TN=100, Precision=0.000, Recall=0.000, FPR=0.000, F1=0.000
Load 90%: TP=0, FP=0, FN=100, TN=100, Precision=0.000, Recall=0.000, FPR=0.000, F1=0.000
Load 100%: TP=0, FP=0, FN=100, TN=100, Precision=0.000, Recall=0.000, FPR=0.000, F1=0.000

--- 0.19devices ---
Load 10%: TP=74, FP=0, FN=26, TN=100, Precision=1.000, Recall=0.740, FPR=0.000, F1=0.851
Load 20%: TP=5, FP=0, FN=95, TN=100, Precision=1.000, Recall=0.050, FPR=0.000, F1=0.095
Load 30%: TP=0, FP=0, FN=100, TN=100, Precision=0.000, Recall=0.000, FPR=0.000, F1=0.000
Load 40%: TP=0, FP=0, FN=100, TN=100, Precision=0.000, Recall=0.000, FPR=0.000, F1=0.000
Load 50%: TP=0, FP=0, FN=100, TN=100, Precision=0.000, Recall=0.000, FPR=0.000, F1=0.000
Load 60%: TP=0, FP=0, FN=100, TN=100, Precision=0.000, Recall=0.000, FPR=0.000, F1=0.000
Load 70%: TP=0, FP=0, FN=100, TN=100, Precision=0.000, Recall=0.000, FPR=0.000, F1=0.000
Load 80%: TP=0, FP=0, FN=100, TN=100, Precision=0.000, Recall=0.000, FPR=0.000, F1=0.000
Load 90%: TP=0, FP=0, FN=100, TN=100, Precision=0.000, Recall=0.000, FPR=0.000, F1=0.000
Load 100%: TP=0, FP=0, FN=100, TN=100, Precision=0.000, Recall=0.000, FPR=0.000, F1=0.000

--- 0.2devices ---
Load 10%: TP=69, FP=0, FN=31, TN=100, Precision=1.000, Recall=0.690, FPR=0.000, F1=0.817
Load 20%: TP=3, FP=0, FN=97, TN=100, Precision=1.000, Recall=0.030, FPR=0.000, F1=0.058
Load 30%: TP=0, FP=0, FN=100, TN=100, Precision=0.000, Recall=0.000, FPR=0.000, F1=0.000
Load 40%: TP=0, FP=0, FN=100, TN=100, Precision=0.000, Recall=0.000, FPR=0.000, F1=0.000
Load 50%: TP=0, FP=0, FN=100, TN=100, Precision=0.000, Recall=0.000, FPR=0.000, F1=0.000
Load 60%: TP=0, FP=0, FN=100, TN=100, Precision=0.000, Recall=0.000, FPR=0.000, F1=0.000
Load 70%: TP=0, FP=0, FN=100, TN=100, Precision=0.000, Recall=0.000, FPR=0.000, F1=0.000
Load 80%: TP=0, FP=0, FN=100, TN=100, Precision=0.000, Recall=0.000, FPR=0.000, F1=0.000
Load 90%: TP=0, FP=0, FN=100, TN=100, Precision=0.000, Recall=0.000, FPR=0.000, F1=0.000
Load 100%: TP=0, FP=0, FN=100, TN=100, Precision=0.000, Recall=0.000, FPR=0.000, F1=0.000

--- 0.21devices ---
Load 10%: TP=58, FP=0, FN=42, TN=100, Precision=1.000, Recall=0.580, FPR=0.000, F1=0.734
Load 20%: TP=2, FP=0, FN=98, TN=100, Precision=1.000, Recall=0.020, FPR=0.000, F1=0.039
Load 30%: TP=0, FP=0, FN=100, TN=100, Precision=0.000, Recall=0.000, FPR=0.000, F1=0.000
Load 40%: TP=0, FP=0, FN=100, TN=100, Precision=0.000, Recall=0.000, FPR=0.000, F1=0.000
Load 50%: TP=0, FP=0, FN=100, TN=100, Precision=0.000, Recall=0.000, FPR=0.000, F1=0.000
Load 60%: TP=0, FP=0, FN=100, TN=100, Precision=0.000, Recall=0.000, FPR=0.000, F1=0.000
Load 70%: TP=0, FP=0, FN=100, TN=100, Precision=0.000, Recall=0.000, FPR=0.000, F1=0.000
Load 80%: TP=0, FP=0, FN=100, TN=100, Precision=0.000, Recall=0.000, FPR=0.000, F1=0.000
Load 90%: TP=0, FP=0, FN=100, TN=100, Precision=0.000, Recall=0.000, FPR=0.000, F1=0.000
Load 100%: TP=0, FP=0, FN=100, TN=100, Precision=0.000, Recall=0.000, FPR=0.000, F1=0.000

--- 0.22devices ---
Load 10%: TP=52, FP=0, FN=48, TN=100, Precision=1.000, Recall=0.520, FPR=0.000, F1=0.684
Load 20%: TP=1, FP=0, FN=99, TN=100, Precision=1.000, Recall=0.010, FPR=0.000, F1=0.020
Load 30%: TP=0, FP=0, FN=100, TN=100, Precision=0.000, Recall=0.000, FPR=0.000, F1=0.000
Load 40%: TP=0, FP=0, FN=100, TN=100, Precision=0.000, Recall=0.000, FPR=0.000, F1=0.000
Load 50%: TP=0, FP=0, FN=100, TN=100, Precision=0.000, Recall=0.000, FPR=0.000, F1=0.000
Load 60%: TP=0, FP=0, FN=100, TN=100, Precision=0.000, Recall=0.000, FPR=0.000, F1=0.000
Load 70%: TP=0, FP=0, FN=100, TN=100, Precision=0.000, Recall=0.000, FPR=0.000, F1=0.000
Load 80%: TP=0, FP=0, FN=100, TN=100, Precision=0.000, Recall=0.000, FPR=0.000, F1=0.000
Load 90%: TP=0, FP=0, FN=100, TN=100, Precision=0.000, Recall=0.000, FPR=0.000, F1=0.000
Load 100%: TP=0, FP=0, FN=100, TN=100, Precision=0.000, Recall=0.000, FPR=0.000, F1=0.000
