
===== Processing interf files =====

--- Starting Result Aggregation and Plotting ---
start off_load_pan1/pan2: 0.1 / 1.0
Found 100 stat files to process.
Found 100 trace files to process.
Found 100 pos files to process.
/home/arimoto/opt/scensim_env/scenargie_simulator/2.2/scenarios_linux/srm_interference/commandline/./script/interference_2pan_plot_results.py:893: RuntimeWarning: invalid value encountered in divide
  tmp_c_rssi_ave_list = np.where(tmp_c_rx_pkt_num_list > 0, np.round(tmp_c_rssi_sum_list/tmp_c_rx_pkt_num_list, 1), 0.0)
/home/arimoto/opt/scensim_env/scenargie_simulator/2.2/scenarios_linux/srm_interference/commandline/./script/interference_2pan_plot_results.py:893: RuntimeWarning: invalid value encountered in divide
  tmp_c_rssi_ave_list = np.where(tmp_c_rx_pkt_num_list > 0, np.round(tmp_c_rssi_sum_list/tmp_c_rx_pkt_num_list, 1), 0.0)
/home/arimoto/opt/scensim_env/scenargie_simulator/2.2/scenarios_linux/srm_interference/commandline/./script/interference_2pan_plot_results.py:893: RuntimeWarning: invalid value encountered in divide
  tmp_c_rssi_ave_list = np.where(tmp_c_rx_pkt_num_list > 0, np.round(tmp_c_rssi_sum_list/tmp_c_rx_pkt_num_list, 1), 0.0)
/home/arimoto/opt/scensim_env/scenargie_simulator/2.2/scenarios_linux/srm_interference/commandline/./script/interference_2pan_plot_results.py:893: RuntimeWarning: invalid value encountered in divide
  tmp_c_rssi_ave_list = np.where(tmp_c_rx_pkt_num_list > 0, np.round(tmp_c_rssi_sum_list/tmp_c_rx_pkt_num_list, 1), 0.0)
/home/arimoto/opt/scensim_env/scenargie_simulator/2.2/scenarios_linux/srm_interference/commandline/./script/interference_2pan_plot_results.py:893: RuntimeWarning: invalid value encountered in divide
  tmp_c_rssi_ave_list = np.where(tmp_c_rx_pkt_num_list > 0, np.round(tmp_c_rssi_sum_list/tmp_c_rx_pkt_num_list, 1), 0.0)
/home/arimoto/opt/scensim_env/scenargie_simulator/2.2/scenarios_linux/srm_interference/commandline/./script/interference_2pan_plot_results.py:893: RuntimeWarning: invalid value encountered in divide
  tmp_c_rssi_ave_list = np.where(tmp_c_rx_pkt_num_list > 0, np.round(tmp_c_rssi_sum_list/tmp_c_rx_pkt_num_list, 1), 0.0)
/home/arimoto/opt/scensim_env/scenargie_simulator/2.2/scenarios_linux/srm_interference/commandline/./script/interference_2pan_plot_results.py:893: RuntimeWarning: invalid value encountered in divide
  tmp_c_rssi_ave_list = np.where(tmp_c_rx_pkt_num_list > 0, np.round(tmp_c_rssi_sum_list/tmp_c_rx_pkt_num_list, 1), 0.0)
/home/arimoto/opt/scensim_env/scenargie_simulator/2.2/scenarios_linux/srm_interference/commandline/./script/interference_2pan_plot_results.py:893: RuntimeWarning: invalid value encountered in divide
  tmp_c_rssi_ave_list = np.where(tmp_c_rx_pkt_num_list > 0, np.round(tmp_c_rssi_sum_list/tmp_c_rx_pkt_num_list, 1), 0.0)
/home/arimoto/opt/scensim_env/scenargie_simulator/2.2/scenarios_linux/srm_interference/commandline/./script/interference_2pan_plot_results.py:893: RuntimeWarning: invalid value encountered in divide
  tmp_c_rssi_ave_list = np.where(tmp_c_rx_pkt_num_list > 0, np.round(tmp_c_rssi_sum_list/tmp_c_rx_pkt_num_list, 1), 0.0)
/home/arimoto/opt/scensim_env/scenargie_simulator/2.2/scenarios_linux/srm_interference/commandline/./script/interference_2pan_plot_results.py:893: RuntimeWarning: invalid value encountered in divide
  tmp_c_rssi_ave_list = np.where(tmp_c_rx_pkt_num_list > 0, np.round(tmp_c_rssi_sum_list/tmp_c_rx_pkt_num_list, 1), 0.0)
/home/arimoto/opt/scensim_env/scenargie_simulator/2.2/scenarios_linux/srm_interference/commandline/./script/interference_2pan_plot_results.py:893: RuntimeWarning: invalid value encountered in divide
  tmp_c_rssi_ave_list = np.where(tmp_c_rx_pkt_num_list > 0, np.round(tmp_c_rssi_sum_list/tmp_c_rx_pkt_num_list, 1), 0.0)
/home/arimoto/opt/scensim_env/scenargie_simulator/2.2/scenarios_linux/srm_interference/commandline/./script/interference_2pan_plot_results.py:893: RuntimeWarning: invalid value encountered in divide
  tmp_c_rssi_ave_list = np.where(tmp_c_rx_pkt_num_list > 0, np.round(tmp_c_rssi_sum_list/tmp_c_rx_pkt_num_list, 1), 0.0)
/home/arimoto/opt/scensim_env/scenargie_simulator/2.2/scenarios_linux/srm_interference/commandline/./script/interference_2pan_plot_results.py:893: RuntimeWarning: invalid value encountered in divide
  tmp_c_rssi_ave_list = np.where(tmp_c_rx_pkt_num_list > 0, np.round(tmp_c_rssi_sum_list/tmp_c_rx_pkt_num_list, 1), 0.0)
/home/arimoto/opt/scensim_env/scenargie_simulator/2.2/scenarios_linux/srm_interference/commandline/./script/interference_2pan_plot_results.py:893: RuntimeWarning: invalid value encountered in divide
  tmp_c_rssi_ave_list = np.where(tmp_c_rx_pkt_num_list > 0, np.round(tmp_c_rssi_sum_list/tmp_c_rx_pkt_num_list, 1), 0.0)
/home/arimoto/opt/scensim_env/scenargie_simulator/2.2/scenarios_linux/srm_interference/commandline/./script/interference_2pan_plot_results.py:893: RuntimeWarning: invalid value encountered in divide
  tmp_c_rssi_ave_list = np.where(tmp_c_rx_pkt_num_list > 0, np.round(tmp_c_rssi_sum_list/tmp_c_rx_pkt_num_list, 1), 0.0)
/home/arimoto/opt/scensim_env/scenargie_simulator/2.2/scenarios_linux/srm_interference/commandline/./script/interference_2pan_plot_results.py:893: RuntimeWarning: invalid value encountered in divide
  tmp_c_rssi_ave_list = np.where(tmp_c_rx_pkt_num_list > 0, np.round(tmp_c_rssi_sum_list/tmp_c_rx_pkt_num_list, 1), 0.0)
/home/arimoto/opt/scensim_env/scenargie_simulator/2.2/scenarios_linux/srm_interference/commandline/./script/interference_2pan_plot_results.py:893: RuntimeWarning: invalid value encountered in divide
  tmp_c_rssi_ave_list = np.where(tmp_c_rx_pkt_num_list > 0, np.round(tmp_c_rssi_sum_list/tmp_c_rx_pkt_num_list, 1), 0.0)
/home/arimoto/opt/scensim_env/scenargie_simulator/2.2/scenarios_linux/srm_interference/commandline/./script/interference_2pan_plot_results.py:893: RuntimeWarning: invalid value encountered in divide
  tmp_c_rssi_ave_list = np.where(tmp_c_rx_pkt_num_list > 0, np.round(tmp_c_rssi_sum_list/tmp_c_rx_pkt_num_list, 1), 0.0)
/home/arimoto/opt/scensim_env/scenargie_simulator/2.2/scenarios_linux/srm_interference/commandline/./script/interference_2pan_plot_results.py:893: RuntimeWarning: invalid value encountered in divide
  tmp_c_rssi_ave_list = np.where(tmp_c_rx_pkt_num_list > 0, np.round(tmp_c_rssi_sum_list/tmp_c_rx_pkt_num_list, 1), 0.0)
/home/arimoto/opt/scensim_env/scenargie_simulator/2.2/scenarios_linux/srm_interference/commandline/./script/interference_2pan_plot_results.py:893: RuntimeWarning: invalid value encountered in divide
  tmp_c_rssi_ave_list = np.where(tmp_c_rx_pkt_num_list > 0, np.round(tmp_c_rssi_sum_list/tmp_c_rx_pkt_num_list, 1), 0.0)
/home/arimoto/opt/scensim_env/scenargie_simulator/2.2/scenarios_linux/srm_interference/commandline/./script/interference_2pan_plot_results.py:893: RuntimeWarning: invalid value encountered in divide
  tmp_c_rssi_ave_list = np.where(tmp_c_rx_pkt_num_list > 0, np.round(tmp_c_rssi_sum_list/tmp_c_rx_pkt_num_list, 1), 0.0)
/home/arimoto/opt/scensim_env/scenargie_simulator/2.2/scenarios_linux/srm_interference/commandline/./script/interference_2pan_plot_results.py:893: RuntimeWarning: invalid value encountered in divide
  tmp_c_rssi_ave_list = np.where(tmp_c_rx_pkt_num_list > 0, np.round(tmp_c_rssi_sum_list/tmp_c_rx_pkt_num_list, 1), 0.0)
/home/arimoto/opt/scensim_env/scenargie_simulator/2.2/scenarios_linux/srm_interference/commandline/./script/interference_2pan_plot_results.py:893: RuntimeWarning: invalid value encountered in divide
  tmp_c_rssi_ave_list = np.where(tmp_c_rx_pkt_num_list > 0, np.round(tmp_c_rssi_sum_list/tmp_c_rx_pkt_num_list, 1), 0.0)
/home/arimoto/opt/scensim_env/scenargie_simulator/2.2/scenarios_linux/srm_interference/commandline/./script/interference_2pan_plot_results.py:893: RuntimeWarning: invalid value encountered in divide
  tmp_c_rssi_ave_list = np.where(tmp_c_rx_pkt_num_list > 0, np.round(tmp_c_rssi_sum_list/tmp_c_rx_pkt_num_list, 1), 0.0)
/home/arimoto/opt/scensim_env/scenargie_simulator/2.2/scenarios_linux/srm_interference/commandline/./script/interference_2pan_plot_results.py:893: RuntimeWarning: invalid value encountered in divide
  tmp_c_rssi_ave_list = np.where(tmp_c_rx_pkt_num_list > 0, np.round(tmp_c_rssi_sum_list/tmp_c_rx_pkt_num_list, 1), 0.0)
/home/arimoto/opt/scensim_env/scenargie_simulator/2.2/scenarios_linux/srm_interference/commandline/./script/interference_2pan_plot_results.py:893: RuntimeWarning: invalid value encountered in divide
  tmp_c_rssi_ave_list = np.where(tmp_c_rx_pkt_num_list > 0, np.round(tmp_c_rssi_sum_list/tmp_c_rx_pkt_num_list, 1), 0.0)
/home/arimoto/opt/scensim_env/scenargie_simulator/2.2/scenarios_linux/srm_interference/commandline/./script/interference_2pan_plot_results.py:893: RuntimeWarning: invalid value encountered in divide
  tmp_c_rssi_ave_list = np.where(tmp_c_rx_pkt_num_list > 0, np.round(tmp_c_rssi_sum_list/tmp_c_rx_pkt_num_list, 1), 0.0)
/home/arimoto/opt/scensim_env/scenargie_simulator/2.2/scenarios_linux/srm_interference/commandline/./script/interference_2pan_plot_results.py:893: RuntimeWarning: invalid value encountered in divide
  tmp_c_rssi_ave_list = np.where(tmp_c_rx_pkt_num_list > 0, np.round(tmp_c_rssi_sum_list/tmp_c_rx_pkt_num_list, 1), 0.0)
/home/arimoto/opt/scensim_env/scenargie_simulator/2.2/scenarios_linux/srm_interference/commandline/./script/interference_2pan_plot_results.py:893: RuntimeWarning: invalid value encountered in divide
  tmp_c_rssi_ave_list = np.where(tmp_c_rx_pkt_num_list > 0, np.round(tmp_c_rssi_sum_list/tmp_c_rx_pkt_num_list, 1), 0.0)
/home/arimoto/opt/scensim_env/scenargie_simulator/2.2/scenarios_linux/srm_interference/commandline/./script/interference_2pan_plot_results.py:893: RuntimeWarning: invalid value encountered in divide
  tmp_c_rssi_ave_list = np.where(tmp_c_rx_pkt_num_list > 0, np.round(tmp_c_rssi_sum_list/tmp_c_rx_pkt_num_list, 1), 0.0)
/home/arimoto/opt/scensim_env/scenargie_simulator/2.2/scenarios_linux/srm_interference/commandline/./script/interference_2pan_plot_results.py:893: RuntimeWarning: invalid value encountered in divide
  tmp_c_rssi_ave_list = np.where(tmp_c_rx_pkt_num_list > 0, np.round(tmp_c_rssi_sum_list/tmp_c_rx_pkt_num_list, 1), 0.0)
/home/arimoto/opt/scensim_env/scenargie_simulator/2.2/scenarios_linux/srm_interference/commandline/./script/interference_2pan_plot_results.py:893: RuntimeWarning: invalid value encountered in divide
  tmp_c_rssi_ave_list = np.where(tmp_c_rx_pkt_num_list > 0, np.round(tmp_c_rssi_sum_list/tmp_c_rx_pkt_num_list, 1), 0.0)
start off_load_pan1/pan2: 0.2 / 1.0
Found 100 stat files to process.
Found 100 trace files to process.
Found 100 pos files to process.
/home/arimoto/opt/scensim_env/scenargie_simulator/2.2/scenarios_linux/srm_interference/commandline/./script/interference_2pan_plot_results.py:893: RuntimeWarning: invalid value encountered in divide
  tmp_c_rssi_ave_list = np.where(tmp_c_rx_pkt_num_list > 0, np.round(tmp_c_rssi_sum_list/tmp_c_rx_pkt_num_list, 1), 0.0)
/home/arimoto/opt/scensim_env/scenargie_simulator/2.2/scenarios_linux/srm_interference/commandline/./script/interference_2pan_plot_results.py:893: RuntimeWarning: invalid value encountered in divide
  tmp_c_rssi_ave_list = np.where(tmp_c_rx_pkt_num_list > 0, np.round(tmp_c_rssi_sum_list/tmp_c_rx_pkt_num_list, 1), 0.0)
/home/arimoto/opt/scensim_env/scenargie_simulator/2.2/scenarios_linux/srm_interference/commandline/./script/interference_2pan_plot_results.py:893: RuntimeWarning: invalid value encountered in divide
  tmp_c_rssi_ave_list = np.where(tmp_c_rx_pkt_num_list > 0, np.round(tmp_c_rssi_sum_list/tmp_c_rx_pkt_num_list, 1), 0.0)
/home/arimoto/opt/scensim_env/scenargie_simulator/2.2/scenarios_linux/srm_interference/commandline/./script/interference_2pan_plot_results.py:893: RuntimeWarning: invalid value encountered in divide
  tmp_c_rssi_ave_list = np.where(tmp_c_rx_pkt_num_list > 0, np.round(tmp_c_rssi_sum_list/tmp_c_rx_pkt_num_list, 1), 0.0)
/home/arimoto/opt/scensim_env/scenargie_simulator/2.2/scenarios_linux/srm_interference/commandline/./script/interference_2pan_plot_results.py:893: RuntimeWarning: invalid value encountered in divide
  tmp_c_rssi_ave_list = np.where(tmp_c_rx_pkt_num_list > 0, np.round(tmp_c_rssi_sum_list/tmp_c_rx_pkt_num_list, 1), 0.0)
/home/arimoto/opt/scensim_env/scenargie_simulator/2.2/scenarios_linux/srm_interference/commandline/./script/interference_2pan_plot_results.py:893: RuntimeWarning: invalid value encountered in divide
  tmp_c_rssi_ave_list = np.where(tmp_c_rx_pkt_num_list > 0, np.round(tmp_c_rssi_sum_list/tmp_c_rx_pkt_num_list, 1), 0.0)
/home/arimoto/opt/scensim_env/scenargie_simulator/2.2/scenarios_linux/srm_interference/commandline/./script/interference_2pan_plot_results.py:893: RuntimeWarning: invalid value encountered in divide
  tmp_c_rssi_ave_list = np.where(tmp_c_rx_pkt_num_list > 0, np.round(tmp_c_rssi_sum_list/tmp_c_rx_pkt_num_list, 1), 0.0)
/home/arimoto/opt/scensim_env/scenargie_simulator/2.2/scenarios_linux/srm_interference/commandline/./script/interference_2pan_plot_results.py:893: RuntimeWarning: invalid value encountered in divide
  tmp_c_rssi_ave_list = np.where(tmp_c_rx_pkt_num_list > 0, np.round(tmp_c_rssi_sum_list/tmp_c_rx_pkt_num_list, 1), 0.0)
/home/arimoto/opt/scensim_env/scenargie_simulator/2.2/scenarios_linux/srm_interference/commandline/./script/interference_2pan_plot_results.py:893: RuntimeWarning: invalid value encountered in divide
  tmp_c_rssi_ave_list = np.where(tmp_c_rx_pkt_num_list > 0, np.round(tmp_c_rssi_sum_list/tmp_c_rx_pkt_num_list, 1), 0.0)
/home/arimoto/opt/scensim_env/scenargie_simulator/2.2/scenarios_linux/srm_interference/commandline/./script/interference_2pan_plot_results.py:893: RuntimeWarning: invalid value encountered in divide
  tmp_c_rssi_ave_list = np.where(tmp_c_rx_pkt_num_list > 0, np.round(tmp_c_rssi_sum_list/tmp_c_rx_pkt_num_list, 1), 0.0)
/home/arimoto/opt/scensim_env/scenargie_simulator/2.2/scenarios_linux/srm_interference/commandline/./script/interference_2pan_plot_results.py:893: RuntimeWarning: invalid value encountered in divide
  tmp_c_rssi_ave_list = np.where(tmp_c_rx_pkt_num_list > 0, np.round(tmp_c_rssi_sum_list/tmp_c_rx_pkt_num_list, 1), 0.0)
/home/arimoto/opt/scensim_env/scenargie_simulator/2.2/scenarios_linux/srm_interference/commandline/./script/interference_2pan_plot_results.py:893: RuntimeWarning: invalid value encountered in divide
  tmp_c_rssi_ave_list = np.where(tmp_c_rx_pkt_num_list > 0, np.round(tmp_c_rssi_sum_list/tmp_c_rx_pkt_num_list, 1), 0.0)
/home/arimoto/opt/scensim_env/scenargie_simulator/2.2/scenarios_linux/srm_interference/commandline/./script/interference_2pan_plot_results.py:893: RuntimeWarning: invalid value encountered in divide
  tmp_c_rssi_ave_list = np.where(tmp_c_rx_pkt_num_list > 0, np.round(tmp_c_rssi_sum_list/tmp_c_rx_pkt_num_list, 1), 0.0)
/home/arimoto/opt/scensim_env/scenargie_simulator/2.2/scenarios_linux/srm_interference/commandline/./script/interference_2pan_plot_results.py:893: RuntimeWarning: invalid value encountered in divide
  tmp_c_rssi_ave_list = np.where(tmp_c_rx_pkt_num_list > 0, np.round(tmp_c_rssi_sum_list/tmp_c_rx_pkt_num_list, 1), 0.0)
/home/arimoto/opt/scensim_env/scenargie_simulator/2.2/scenarios_linux/srm_interference/commandline/./script/interference_2pan_plot_results.py:893: RuntimeWarning: invalid value encountered in divide
  tmp_c_rssi_ave_list = np.where(tmp_c_rx_pkt_num_list > 0, np.round(tmp_c_rssi_sum_list/tmp_c_rx_pkt_num_list, 1), 0.0)
/home/arimoto/opt/scensim_env/scenargie_simulator/2.2/scenarios_linux/srm_interference/commandline/./script/interference_2pan_plot_results.py:893: RuntimeWarning: invalid value encountered in divide
  tmp_c_rssi_ave_list = np.where(tmp_c_rx_pkt_num_list > 0, np.round(tmp_c_rssi_sum_list/tmp_c_rx_pkt_num_list, 1), 0.0)
/home/arimoto/opt/scensim_env/scenargie_simulator/2.2/scenarios_linux/srm_interference/commandline/./script/interference_2pan_plot_results.py:893: RuntimeWarning: invalid value encountered in divide
  tmp_c_rssi_ave_list = np.where(tmp_c_rx_pkt_num_list > 0, np.round(tmp_c_rssi_sum_list/tmp_c_rx_pkt_num_list, 1), 0.0)
/home/arimoto/opt/scensim_env/scenargie_simulator/2.2/scenarios_linux/srm_interference/commandline/./script/interference_2pan_plot_results.py:893: RuntimeWarning: invalid value encountered in divide
  tmp_c_rssi_ave_list = np.where(tmp_c_rx_pkt_num_list > 0, np.round(tmp_c_rssi_sum_list/tmp_c_rx_pkt_num_list, 1), 0.0)
/home/arimoto/opt/scensim_env/scenargie_simulator/2.2/scenarios_linux/srm_interference/commandline/./script/interference_2pan_plot_results.py:893: RuntimeWarning: invalid value encountered in divide
  tmp_c_rssi_ave_list = np.where(tmp_c_rx_pkt_num_list > 0, np.round(tmp_c_rssi_sum_list/tmp_c_rx_pkt_num_list, 1), 0.0)
/home/arimoto/opt/scensim_env/scenargie_simulator/2.2/scenarios_linux/srm_interference/commandline/./script/interference_2pan_plot_results.py:893: RuntimeWarning: invalid value encountered in divide
  tmp_c_rssi_ave_list = np.where(tmp_c_rx_pkt_num_list > 0, np.round(tmp_c_rssi_sum_list/tmp_c_rx_pkt_num_list, 1), 0.0)
/home/arimoto/opt/scensim_env/scenargie_simulator/2.2/scenarios_linux/srm_interference/commandline/./script/interference_2pan_plot_results.py:893: RuntimeWarning: invalid value encountered in divide
  tmp_c_rssi_ave_list = np.where(tmp_c_rx_pkt_num_list > 0, np.round(tmp_c_rssi_sum_list/tmp_c_rx_pkt_num_list, 1), 0.0)
/home/arimoto/opt/scensim_env/scenargie_simulator/2.2/scenarios_linux/srm_interference/commandline/./script/interference_2pan_plot_results.py:893: RuntimeWarning: invalid value encountered in divide
  tmp_c_rssi_ave_list = np.where(tmp_c_rx_pkt_num_list > 0, np.round(tmp_c_rssi_sum_list/tmp_c_rx_pkt_num_list, 1), 0.0)
/home/arimoto/opt/scensim_env/scenargie_simulator/2.2/scenarios_linux/srm_interference/commandline/./script/interference_2pan_plot_results.py:893: RuntimeWarning: invalid value encountered in divide
  tmp_c_rssi_ave_list = np.where(tmp_c_rx_pkt_num_list > 0, np.round(tmp_c_rssi_sum_list/tmp_c_rx_pkt_num_list, 1), 0.0)
/home/arimoto/opt/scensim_env/scenargie_simulator/2.2/scenarios_linux/srm_interference/commandline/./script/interference_2pan_plot_results.py:893: RuntimeWarning: invalid value encountered in divide
  tmp_c_rssi_ave_list = np.where(tmp_c_rx_pkt_num_list > 0, np.round(tmp_c_rssi_sum_list/tmp_c_rx_pkt_num_list, 1), 0.0)
/home/arimoto/opt/scensim_env/scenargie_simulator/2.2/scenarios_linux/srm_interference/commandline/./script/interference_2pan_plot_results.py:893: RuntimeWarning: invalid value encountered in divide
  tmp_c_rssi_ave_list = np.where(tmp_c_rx_pkt_num_list > 0, np.round(tmp_c_rssi_sum_list/tmp_c_rx_pkt_num_list, 1), 0.0)
/home/arimoto/opt/scensim_env/scenargie_simulator/2.2/scenarios_linux/srm_interference/commandline/./script/interference_2pan_plot_results.py:893: RuntimeWarning: invalid value encountered in divide
  tmp_c_rssi_ave_list = np.where(tmp_c_rx_pkt_num_list > 0, np.round(tmp_c_rssi_sum_list/tmp_c_rx_pkt_num_list, 1), 0.0)
/home/arimoto/opt/scensim_env/scenargie_simulator/2.2/scenarios_linux/srm_interference/commandline/./script/interference_2pan_plot_results.py:893: RuntimeWarning: invalid value encountered in divide
  tmp_c_rssi_ave_list = np.where(tmp_c_rx_pkt_num_list > 0, np.round(tmp_c_rssi_sum_list/tmp_c_rx_pkt_num_list, 1), 0.0)
/home/arimoto/opt/scensim_env/scenargie_simulator/2.2/scenarios_linux/srm_interference/commandline/./script/interference_2pan_plot_results.py:893: RuntimeWarning: invalid value encountered in divide
  tmp_c_rssi_ave_list = np.where(tmp_c_rx_pkt_num_list > 0, np.round(tmp_c_rssi_sum_list/tmp_c_rx_pkt_num_list, 1), 0.0)
/home/arimoto/opt/scensim_env/scenargie_simulator/2.2/scenarios_linux/srm_interference/commandline/./script/interference_2pan_plot_results.py:893: RuntimeWarning: invalid value encountered in divide
  tmp_c_rssi_ave_list = np.where(tmp_c_rx_pkt_num_list > 0, np.round(tmp_c_rssi_sum_list/tmp_c_rx_pkt_num_list, 1), 0.0)
/home/arimoto/opt/scensim_env/scenargie_simulator/2.2/scenarios_linux/srm_interference/commandline/./script/interference_2pan_plot_results.py:893: RuntimeWarning: invalid value encountered in divide
  tmp_c_rssi_ave_list = np.where(tmp_c_rx_pkt_num_list > 0, np.round(tmp_c_rssi_sum_list/tmp_c_rx_pkt_num_list, 1), 0.0)
/home/arimoto/opt/scensim_env/scenargie_simulator/2.2/scenarios_linux/srm_interference/commandline/./script/interference_2pan_plot_results.py:893: RuntimeWarning: invalid value encountered in divide
  tmp_c_rssi_ave_list = np.where(tmp_c_rx_pkt_num_list > 0, np.round(tmp_c_rssi_sum_list/tmp_c_rx_pkt_num_list, 1), 0.0)
/home/arimoto/opt/scensim_env/scenargie_simulator/2.2/scenarios_linux/srm_interference/commandline/./script/interference_2pan_plot_results.py:893: RuntimeWarning: invalid value encountered in divide
  tmp_c_rssi_ave_list = np.where(tmp_c_rx_pkt_num_list > 0, np.round(tmp_c_rssi_sum_list/tmp_c_rx_pkt_num_list, 1), 0.0)
start off_load_pan1/pan2: 0.3 / 1.0
Found 100 stat files to process.
Found 100 trace files to process.
Found 100 pos files to process.
/home/arimoto/opt/scensim_env/scenargie_simulator/2.2/scenarios_linux/srm_interference/commandline/./script/interference_2pan_plot_results.py:893: RuntimeWarning: invalid value encountered in divide
  tmp_c_rssi_ave_list = np.where(tmp_c_rx_pkt_num_list > 0, np.round(tmp_c_rssi_sum_list/tmp_c_rx_pkt_num_list, 1), 0.0)
/home/arimoto/opt/scensim_env/scenargie_simulator/2.2/scenarios_linux/srm_interference/commandline/./script/interference_2pan_plot_results.py:893: RuntimeWarning: invalid value encountered in divide
  tmp_c_rssi_ave_list = np.where(tmp_c_rx_pkt_num_list > 0, np.round(tmp_c_rssi_sum_list/tmp_c_rx_pkt_num_list, 1), 0.0)
/home/arimoto/opt/scensim_env/scenargie_simulator/2.2/scenarios_linux/srm_interference/commandline/./script/interference_2pan_plot_results.py:893: RuntimeWarning: invalid value encountered in divide
  tmp_c_rssi_ave_list = np.where(tmp_c_rx_pkt_num_list > 0, np.round(tmp_c_rssi_sum_list/tmp_c_rx_pkt_num_list, 1), 0.0)
/home/arimoto/opt/scensim_env/scenargie_simulator/2.2/scenarios_linux/srm_interference/commandline/./script/interference_2pan_plot_results.py:893: RuntimeWarning: invalid value encountered in divide
  tmp_c_rssi_ave_list = np.where(tmp_c_rx_pkt_num_list > 0, np.round(tmp_c_rssi_sum_list/tmp_c_rx_pkt_num_list, 1), 0.0)
/home/arimoto/opt/scensim_env/scenargie_simulator/2.2/scenarios_linux/srm_interference/commandline/./script/interference_2pan_plot_results.py:893: RuntimeWarning: invalid value encountered in divide
  tmp_c_rssi_ave_list = np.where(tmp_c_rx_pkt_num_list > 0, np.round(tmp_c_rssi_sum_list/tmp_c_rx_pkt_num_list, 1), 0.0)
/home/arimoto/opt/scensim_env/scenargie_simulator/2.2/scenarios_linux/srm_interference/commandline/./script/interference_2pan_plot_results.py:893: RuntimeWarning: invalid value encountered in divide
  tmp_c_rssi_ave_list = np.where(tmp_c_rx_pkt_num_list > 0, np.round(tmp_c_rssi_sum_list/tmp_c_rx_pkt_num_list, 1), 0.0)
/home/arimoto/opt/scensim_env/scenargie_simulator/2.2/scenarios_linux/srm_interference/commandline/./script/interference_2pan_plot_results.py:893: RuntimeWarning: invalid value encountered in divide
  tmp_c_rssi_ave_list = np.where(tmp_c_rx_pkt_num_list > 0, np.round(tmp_c_rssi_sum_list/tmp_c_rx_pkt_num_list, 1), 0.0)
/home/arimoto/opt/scensim_env/scenargie_simulator/2.2/scenarios_linux/srm_interference/commandline/./script/interference_2pan_plot_results.py:893: RuntimeWarning: invalid value encountered in divide
  tmp_c_rssi_ave_list = np.where(tmp_c_rx_pkt_num_list > 0, np.round(tmp_c_rssi_sum_list/tmp_c_rx_pkt_num_list, 1), 0.0)
/home/arimoto/opt/scensim_env/scenargie_simulator/2.2/scenarios_linux/srm_interference/commandline/./script/interference_2pan_plot_results.py:893: RuntimeWarning: invalid value encountered in divide
  tmp_c_rssi_ave_list = np.where(tmp_c_rx_pkt_num_list > 0, np.round(tmp_c_rssi_sum_list/tmp_c_rx_pkt_num_list, 1), 0.0)
/home/arimoto/opt/scensim_env/scenargie_simulator/2.2/scenarios_linux/srm_interference/commandline/./script/interference_2pan_plot_results.py:893: RuntimeWarning: invalid value encountered in divide
  tmp_c_rssi_ave_list = np.where(tmp_c_rx_pkt_num_list > 0, np.round(tmp_c_rssi_sum_list/tmp_c_rx_pkt_num_list, 1), 0.0)
/home/arimoto/opt/scensim_env/scenargie_simulator/2.2/scenarios_linux/srm_interference/commandline/./script/interference_2pan_plot_results.py:893: RuntimeWarning: invalid value encountered in divide
  tmp_c_rssi_ave_list = np.where(tmp_c_rx_pkt_num_list > 0, np.round(tmp_c_rssi_sum_list/tmp_c_rx_pkt_num_list, 1), 0.0)
/home/arimoto/opt/scensim_env/scenargie_simulator/2.2/scenarios_linux/srm_interference/commandline/./script/interference_2pan_plot_results.py:893: RuntimeWarning: invalid value encountered in divide
  tmp_c_rssi_ave_list = np.where(tmp_c_rx_pkt_num_list > 0, np.round(tmp_c_rssi_sum_list/tmp_c_rx_pkt_num_list, 1), 0.0)
/home/arimoto/opt/scensim_env/scenargie_simulator/2.2/scenarios_linux/srm_interference/commandline/./script/interference_2pan_plot_results.py:893: RuntimeWarning: invalid value encountered in divide
  tmp_c_rssi_ave_list = np.where(tmp_c_rx_pkt_num_list > 0, np.round(tmp_c_rssi_sum_list/tmp_c_rx_pkt_num_list, 1), 0.0)
/home/arimoto/opt/scensim_env/scenargie_simulator/2.2/scenarios_linux/srm_interference/commandline/./script/interference_2pan_plot_results.py:893: RuntimeWarning: invalid value encountered in divide
  tmp_c_rssi_ave_list = np.where(tmp_c_rx_pkt_num_list > 0, np.round(tmp_c_rssi_sum_list/tmp_c_rx_pkt_num_list, 1), 0.0)
/home/arimoto/opt/scensim_env/scenargie_simulator/2.2/scenarios_linux/srm_interference/commandline/./script/interference_2pan_plot_results.py:893: RuntimeWarning: invalid value encountered in divide
  tmp_c_rssi_ave_list = np.where(tmp_c_rx_pkt_num_list > 0, np.round(tmp_c_rssi_sum_list/tmp_c_rx_pkt_num_list, 1), 0.0)
/home/arimoto/opt/scensim_env/scenargie_simulator/2.2/scenarios_linux/srm_interference/commandline/./script/interference_2pan_plot_results.py:893: RuntimeWarning: invalid value encountered in divide
  tmp_c_rssi_ave_list = np.where(tmp_c_rx_pkt_num_list > 0, np.round(tmp_c_rssi_sum_list/tmp_c_rx_pkt_num_list, 1), 0.0)
/home/arimoto/opt/scensim_env/scenargie_simulator/2.2/scenarios_linux/srm_interference/commandline/./script/interference_2pan_plot_results.py:893: RuntimeWarning: invalid value encountered in divide
  tmp_c_rssi_ave_list = np.where(tmp_c_rx_pkt_num_list > 0, np.round(tmp_c_rssi_sum_list/tmp_c_rx_pkt_num_list, 1), 0.0)
/home/arimoto/opt/scensim_env/scenargie_simulator/2.2/scenarios_linux/srm_interference/commandline/./script/interference_2pan_plot_results.py:893: RuntimeWarning: invalid value encountered in divide
  tmp_c_rssi_ave_list = np.where(tmp_c_rx_pkt_num_list > 0, np.round(tmp_c_rssi_sum_list/tmp_c_rx_pkt_num_list, 1), 0.0)
/home/arimoto/opt/scensim_env/scenargie_simulator/2.2/scenarios_linux/srm_interference/commandline/./script/interference_2pan_plot_results.py:893: RuntimeWarning: invalid value encountered in divide
  tmp_c_rssi_ave_list = np.where(tmp_c_rx_pkt_num_list > 0, np.round(tmp_c_rssi_sum_list/tmp_c_rx_pkt_num_list, 1), 0.0)
/home/arimoto/opt/scensim_env/scenargie_simulator/2.2/scenarios_linux/srm_interference/commandline/./script/interference_2pan_plot_results.py:893: RuntimeWarning: invalid value encountered in divide
  tmp_c_rssi_ave_list = np.where(tmp_c_rx_pkt_num_list > 0, np.round(tmp_c_rssi_sum_list/tmp_c_rx_pkt_num_list, 1), 0.0)
/home/arimoto/opt/scensim_env/scenargie_simulator/2.2/scenarios_linux/srm_interference/commandline/./script/interference_2pan_plot_results.py:893: RuntimeWarning: invalid value encountered in divide
  tmp_c_rssi_ave_list = np.where(tmp_c_rx_pkt_num_list > 0, np.round(tmp_c_rssi_sum_list/tmp_c_rx_pkt_num_list, 1), 0.0)
/home/arimoto/opt/scensim_env/scenargie_simulator/2.2/scenarios_linux/srm_interference/commandline/./script/interference_2pan_plot_results.py:893: RuntimeWarning: invalid value encountered in divide
  tmp_c_rssi_ave_list = np.where(tmp_c_rx_pkt_num_list > 0, np.round(tmp_c_rssi_sum_list/tmp_c_rx_pkt_num_list, 1), 0.0)
/home/arimoto/opt/scensim_env/scenargie_simulator/2.2/scenarios_linux/srm_interference/commandline/./script/interference_2pan_plot_results.py:893: RuntimeWarning: invalid value encountered in divide
  tmp_c_rssi_ave_list = np.where(tmp_c_rx_pkt_num_list > 0, np.round(tmp_c_rssi_sum_list/tmp_c_rx_pkt_num_list, 1), 0.0)
/home/arimoto/opt/scensim_env/scenargie_simulator/2.2/scenarios_linux/srm_interference/commandline/./script/interference_2pan_plot_results.py:893: RuntimeWarning: invalid value encountered in divide
  tmp_c_rssi_ave_list = np.where(tmp_c_rx_pkt_num_list > 0, np.round(tmp_c_rssi_sum_list/tmp_c_rx_pkt_num_list, 1), 0.0)
/home/arimoto/opt/scensim_env/scenargie_simulator/2.2/scenarios_linux/srm_interference/commandline/./script/interference_2pan_plot_results.py:893: RuntimeWarning: invalid value encountered in divide
  tmp_c_rssi_ave_list = np.where(tmp_c_rx_pkt_num_list > 0, np.round(tmp_c_rssi_sum_list/tmp_c_rx_pkt_num_list, 1), 0.0)
/home/arimoto/opt/scensim_env/scenargie_simulator/2.2/scenarios_linux/srm_interference/commandline/./script/interference_2pan_plot_results.py:893: RuntimeWarning: invalid value encountered in divide
  tmp_c_rssi_ave_list = np.where(tmp_c_rx_pkt_num_list > 0, np.round(tmp_c_rssi_sum_list/tmp_c_rx_pkt_num_list, 1), 0.0)
/home/arimoto/opt/scensim_env/scenargie_simulator/2.2/scenarios_linux/srm_interference/commandline/./script/interference_2pan_plot_results.py:893: RuntimeWarning: invalid value encountered in divide
  tmp_c_rssi_ave_list = np.where(tmp_c_rx_pkt_num_list > 0, np.round(tmp_c_rssi_sum_list/tmp_c_rx_pkt_num_list, 1), 0.0)
/home/arimoto/opt/scensim_env/scenargie_simulator/2.2/scenarios_linux/srm_interference/commandline/./script/interference_2pan_plot_results.py:893: RuntimeWarning: invalid value encountered in divide
  tmp_c_rssi_ave_list = np.where(tmp_c_rx_pkt_num_list > 0, np.round(tmp_c_rssi_sum_list/tmp_c_rx_pkt_num_list, 1), 0.0)
/home/arimoto/opt/scensim_env/scenargie_simulator/2.2/scenarios_linux/srm_interference/commandline/./script/interference_2pan_plot_results.py:893: RuntimeWarning: invalid value encountered in divide
  tmp_c_rssi_ave_list = np.where(tmp_c_rx_pkt_num_list > 0, np.round(tmp_c_rssi_sum_list/tmp_c_rx_pkt_num_list, 1), 0.0)
/home/arimoto/opt/scensim_env/scenargie_simulator/2.2/scenarios_linux/srm_interference/commandline/./script/interference_2pan_plot_results.py:893: RuntimeWarning: invalid value encountered in divide
  tmp_c_rssi_ave_list = np.where(tmp_c_rx_pkt_num_list > 0, np.round(tmp_c_rssi_sum_list/tmp_c_rx_pkt_num_list, 1), 0.0)
/home/arimoto/opt/scensim_env/scenargie_simulator/2.2/scenarios_linux/srm_interference/commandline/./script/interference_2pan_plot_results.py:893: RuntimeWarning: invalid value encountered in divide
  tmp_c_rssi_ave_list = np.where(tmp_c_rx_pkt_num_list > 0, np.round(tmp_c_rssi_sum_list/tmp_c_rx_pkt_num_list, 1), 0.0)
/home/arimoto/opt/scensim_env/scenargie_simulator/2.2/scenarios_linux/srm_interference/commandline/./script/interference_2pan_plot_results.py:893: RuntimeWarning: invalid value encountered in divide
  tmp_c_rssi_ave_list = np.where(tmp_c_rx_pkt_num_list > 0, np.round(tmp_c_rssi_sum_list/tmp_c_rx_pkt_num_list, 1), 0.0)
start off_load_pan1/pan2: 0.4 / 1.0
Found 100 stat files to process.
Found 100 trace files to process.
Found 100 pos files to process.
/home/arimoto/opt/scensim_env/scenargie_simulator/2.2/scenarios_linux/srm_interference/commandline/./script/interference_2pan_plot_results.py:893: RuntimeWarning: invalid value encountered in divide
  tmp_c_rssi_ave_list = np.where(tmp_c_rx_pkt_num_list > 0, np.round(tmp_c_rssi_sum_list/tmp_c_rx_pkt_num_list, 1), 0.0)
/home/arimoto/opt/scensim_env/scenargie_simulator/2.2/scenarios_linux/srm_interference/commandline/./script/interference_2pan_plot_results.py:893: RuntimeWarning: invalid value encountered in divide
  tmp_c_rssi_ave_list = np.where(tmp_c_rx_pkt_num_list > 0, np.round(tmp_c_rssi_sum_list/tmp_c_rx_pkt_num_list, 1), 0.0)
/home/arimoto/opt/scensim_env/scenargie_simulator/2.2/scenarios_linux/srm_interference/commandline/./script/interference_2pan_plot_results.py:893: RuntimeWarning: invalid value encountered in divide
  tmp_c_rssi_ave_list = np.where(tmp_c_rx_pkt_num_list > 0, np.round(tmp_c_rssi_sum_list/tmp_c_rx_pkt_num_list, 1), 0.0)
/home/arimoto/opt/scensim_env/scenargie_simulator/2.2/scenarios_linux/srm_interference/commandline/./script/interference_2pan_plot_results.py:893: RuntimeWarning: invalid value encountered in divide
  tmp_c_rssi_ave_list = np.where(tmp_c_rx_pkt_num_list > 0, np.round(tmp_c_rssi_sum_list/tmp_c_rx_pkt_num_list, 1), 0.0)
/home/arimoto/opt/scensim_env/scenargie_simulator/2.2/scenarios_linux/srm_interference/commandline/./script/interference_2pan_plot_results.py:893: RuntimeWarning: invalid value encountered in divide
  tmp_c_rssi_ave_list = np.where(tmp_c_rx_pkt_num_list > 0, np.round(tmp_c_rssi_sum_list/tmp_c_rx_pkt_num_list, 1), 0.0)
/home/arimoto/opt/scensim_env/scenargie_simulator/2.2/scenarios_linux/srm_interference/commandline/./script/interference_2pan_plot_results.py:893: RuntimeWarning: invalid value encountered in divide
  tmp_c_rssi_ave_list = np.where(tmp_c_rx_pkt_num_list > 0, np.round(tmp_c_rssi_sum_list/tmp_c_rx_pkt_num_list, 1), 0.0)
/home/arimoto/opt/scensim_env/scenargie_simulator/2.2/scenarios_linux/srm_interference/commandline/./script/interference_2pan_plot_results.py:893: RuntimeWarning: invalid value encountered in divide
  tmp_c_rssi_ave_list = np.where(tmp_c_rx_pkt_num_list > 0, np.round(tmp_c_rssi_sum_list/tmp_c_rx_pkt_num_list, 1), 0.0)
/home/arimoto/opt/scensim_env/scenargie_simulator/2.2/scenarios_linux/srm_interference/commandline/./script/interference_2pan_plot_results.py:893: RuntimeWarning: invalid value encountered in divide
  tmp_c_rssi_ave_list = np.where(tmp_c_rx_pkt_num_list > 0, np.round(tmp_c_rssi_sum_list/tmp_c_rx_pkt_num_list, 1), 0.0)
/home/arimoto/opt/scensim_env/scenargie_simulator/2.2/scenarios_linux/srm_interference/commandline/./script/interference_2pan_plot_results.py:893: RuntimeWarning: invalid value encountered in divide
  tmp_c_rssi_ave_list = np.where(tmp_c_rx_pkt_num_list > 0, np.round(tmp_c_rssi_sum_list/tmp_c_rx_pkt_num_list, 1), 0.0)
/home/arimoto/opt/scensim_env/scenargie_simulator/2.2/scenarios_linux/srm_interference/commandline/./script/interference_2pan_plot_results.py:893: RuntimeWarning: invalid value encountered in divide
  tmp_c_rssi_ave_list = np.where(tmp_c_rx_pkt_num_list > 0, np.round(tmp_c_rssi_sum_list/tmp_c_rx_pkt_num_list, 1), 0.0)
/home/arimoto/opt/scensim_env/scenargie_simulator/2.2/scenarios_linux/srm_interference/commandline/./script/interference_2pan_plot_results.py:893: RuntimeWarning: invalid value encountered in divide
  tmp_c_rssi_ave_list = np.where(tmp_c_rx_pkt_num_list > 0, np.round(tmp_c_rssi_sum_list/tmp_c_rx_pkt_num_list, 1), 0.0)
/home/arimoto/opt/scensim_env/scenargie_simulator/2.2/scenarios_linux/srm_interference/commandline/./script/interference_2pan_plot_results.py:893: RuntimeWarning: invalid value encountered in divide
  tmp_c_rssi_ave_list = np.where(tmp_c_rx_pkt_num_list > 0, np.round(tmp_c_rssi_sum_list/tmp_c_rx_pkt_num_list, 1), 0.0)
/home/arimoto/opt/scensim_env/scenargie_simulator/2.2/scenarios_linux/srm_interference/commandline/./script/interference_2pan_plot_results.py:893: RuntimeWarning: invalid value encountered in divide
  tmp_c_rssi_ave_list = np.where(tmp_c_rx_pkt_num_list > 0, np.round(tmp_c_rssi_sum_list/tmp_c_rx_pkt_num_list, 1), 0.0)
/home/arimoto/opt/scensim_env/scenargie_simulator/2.2/scenarios_linux/srm_interference/commandline/./script/interference_2pan_plot_results.py:893: RuntimeWarning: invalid value encountered in divide
  tmp_c_rssi_ave_list = np.where(tmp_c_rx_pkt_num_list > 0, np.round(tmp_c_rssi_sum_list/tmp_c_rx_pkt_num_list, 1), 0.0)
/home/arimoto/opt/scensim_env/scenargie_simulator/2.2/scenarios_linux/srm_interference/commandline/./script/interference_2pan_plot_results.py:893: RuntimeWarning: invalid value encountered in divide
  tmp_c_rssi_ave_list = np.where(tmp_c_rx_pkt_num_list > 0, np.round(tmp_c_rssi_sum_list/tmp_c_rx_pkt_num_list, 1), 0.0)
/home/arimoto/opt/scensim_env/scenargie_simulator/2.2/scenarios_linux/srm_interference/commandline/./script/interference_2pan_plot_results.py:893: RuntimeWarning: invalid value encountered in divide
  tmp_c_rssi_ave_list = np.where(tmp_c_rx_pkt_num_list > 0, np.round(tmp_c_rssi_sum_list/tmp_c_rx_pkt_num_list, 1), 0.0)
/home/arimoto/opt/scensim_env/scenargie_simulator/2.2/scenarios_linux/srm_interference/commandline/./script/interference_2pan_plot_results.py:893: RuntimeWarning: invalid value encountered in divide
  tmp_c_rssi_ave_list = np.where(tmp_c_rx_pkt_num_list > 0, np.round(tmp_c_rssi_sum_list/tmp_c_rx_pkt_num_list, 1), 0.0)
/home/arimoto/opt/scensim_env/scenargie_simulator/2.2/scenarios_linux/srm_interference/commandline/./script/interference_2pan_plot_results.py:893: RuntimeWarning: invalid value encountered in divide
  tmp_c_rssi_ave_list = np.where(tmp_c_rx_pkt_num_list > 0, np.round(tmp_c_rssi_sum_list/tmp_c_rx_pkt_num_list, 1), 0.0)
/home/arimoto/opt/scensim_env/scenargie_simulator/2.2/scenarios_linux/srm_interference/commandline/./script/interference_2pan_plot_results.py:893: RuntimeWarning: invalid value encountered in divide
  tmp_c_rssi_ave_list = np.where(tmp_c_rx_pkt_num_list > 0, np.round(tmp_c_rssi_sum_list/tmp_c_rx_pkt_num_list, 1), 0.0)
/home/arimoto/opt/scensim_env/scenargie_simulator/2.2/scenarios_linux/srm_interference/commandline/./script/interference_2pan_plot_results.py:893: RuntimeWarning: invalid value encountered in divide
  tmp_c_rssi_ave_list = np.where(tmp_c_rx_pkt_num_list > 0, np.round(tmp_c_rssi_sum_list/tmp_c_rx_pkt_num_list, 1), 0.0)
/home/arimoto/opt/scensim_env/scenargie_simulator/2.2/scenarios_linux/srm_interference/commandline/./script/interference_2pan_plot_results.py:893: RuntimeWarning: invalid value encountered in divide
  tmp_c_rssi_ave_list = np.where(tmp_c_rx_pkt_num_list > 0, np.round(tmp_c_rssi_sum_list/tmp_c_rx_pkt_num_list, 1), 0.0)
/home/arimoto/opt/scensim_env/scenargie_simulator/2.2/scenarios_linux/srm_interference/commandline/./script/interference_2pan_plot_results.py:893: RuntimeWarning: invalid value encountered in divide
  tmp_c_rssi_ave_list = np.where(tmp_c_rx_pkt_num_list > 0, np.round(tmp_c_rssi_sum_list/tmp_c_rx_pkt_num_list, 1), 0.0)
/home/arimoto/opt/scensim_env/scenargie_simulator/2.2/scenarios_linux/srm_interference/commandline/./script/interference_2pan_plot_results.py:893: RuntimeWarning: invalid value encountered in divide
  tmp_c_rssi_ave_list = np.where(tmp_c_rx_pkt_num_list > 0, np.round(tmp_c_rssi_sum_list/tmp_c_rx_pkt_num_list, 1), 0.0)
/home/arimoto/opt/scensim_env/scenargie_simulator/2.2/scenarios_linux/srm_interference/commandline/./script/interference_2pan_plot_results.py:893: RuntimeWarning: invalid value encountered in divide
  tmp_c_rssi_ave_list = np.where(tmp_c_rx_pkt_num_list > 0, np.round(tmp_c_rssi_sum_list/tmp_c_rx_pkt_num_list, 1), 0.0)
/home/arimoto/opt/scensim_env/scenargie_simulator/2.2/scenarios_linux/srm_interference/commandline/./script/interference_2pan_plot_results.py:893: RuntimeWarning: invalid value encountered in divide
  tmp_c_rssi_ave_list = np.where(tmp_c_rx_pkt_num_list > 0, np.round(tmp_c_rssi_sum_list/tmp_c_rx_pkt_num_list, 1), 0.0)
/home/arimoto/opt/scensim_env/scenargie_simulator/2.2/scenarios_linux/srm_interference/commandline/./script/interference_2pan_plot_results.py:893: RuntimeWarning: invalid value encountered in divide
  tmp_c_rssi_ave_list = np.where(tmp_c_rx_pkt_num_list > 0, np.round(tmp_c_rssi_sum_list/tmp_c_rx_pkt_num_list, 1), 0.0)
/home/arimoto/opt/scensim_env/scenargie_simulator/2.2/scenarios_linux/srm_interference/commandline/./script/interference_2pan_plot_results.py:893: RuntimeWarning: invalid value encountered in divide
  tmp_c_rssi_ave_list = np.where(tmp_c_rx_pkt_num_list > 0, np.round(tmp_c_rssi_sum_list/tmp_c_rx_pkt_num_list, 1), 0.0)
/home/arimoto/opt/scensim_env/scenargie_simulator/2.2/scenarios_linux/srm_interference/commandline/./script/interference_2pan_plot_results.py:893: RuntimeWarning: invalid value encountered in divide
  tmp_c_rssi_ave_list = np.where(tmp_c_rx_pkt_num_list > 0, np.round(tmp_c_rssi_sum_list/tmp_c_rx_pkt_num_list, 1), 0.0)
/home/arimoto/opt/scensim_env/scenargie_simulator/2.2/scenarios_linux/srm_interference/commandline/./script/interference_2pan_plot_results.py:893: RuntimeWarning: invalid value encountered in divide
  tmp_c_rssi_ave_list = np.where(tmp_c_rx_pkt_num_list > 0, np.round(tmp_c_rssi_sum_list/tmp_c_rx_pkt_num_list, 1), 0.0)
/home/arimoto/opt/scensim_env/scenargie_simulator/2.2/scenarios_linux/srm_interference/commandline/./script/interference_2pan_plot_results.py:893: RuntimeWarning: invalid value encountered in divide
  tmp_c_rssi_ave_list = np.where(tmp_c_rx_pkt_num_list > 0, np.round(tmp_c_rssi_sum_list/tmp_c_rx_pkt_num_list, 1), 0.0)
/home/arimoto/opt/scensim_env/scenargie_simulator/2.2/scenarios_linux/srm_interference/commandline/./script/interference_2pan_plot_results.py:893: RuntimeWarning: invalid value encountered in divide
  tmp_c_rssi_ave_list = np.where(tmp_c_rx_pkt_num_list > 0, np.round(tmp_c_rssi_sum_list/tmp_c_rx_pkt_num_list, 1), 0.0)
/home/arimoto/opt/scensim_env/scenargie_simulator/2.2/scenarios_linux/srm_interference/commandline/./script/interference_2pan_plot_results.py:893: RuntimeWarning: invalid value encountered in divide
  tmp_c_rssi_ave_list = np.where(tmp_c_rx_pkt_num_list > 0, np.round(tmp_c_rssi_sum_list/tmp_c_rx_pkt_num_list, 1), 0.0)
start off_load_pan1/pan2: 0.5 / 1.0
Found 100 stat files to process.
Found 100 trace files to process.
Found 100 pos files to process.
/home/arimoto/opt/scensim_env/scenargie_simulator/2.2/scenarios_linux/srm_interference/commandline/./script/interference_2pan_plot_results.py:893: RuntimeWarning: invalid value encountered in divide
  tmp_c_rssi_ave_list = np.where(tmp_c_rx_pkt_num_list > 0, np.round(tmp_c_rssi_sum_list/tmp_c_rx_pkt_num_list, 1), 0.0)
/home/arimoto/opt/scensim_env/scenargie_simulator/2.2/scenarios_linux/srm_interference/commandline/./script/interference_2pan_plot_results.py:893: RuntimeWarning: invalid value encountered in divide
  tmp_c_rssi_ave_list = np.where(tmp_c_rx_pkt_num_list > 0, np.round(tmp_c_rssi_sum_list/tmp_c_rx_pkt_num_list, 1), 0.0)
/home/arimoto/opt/scensim_env/scenargie_simulator/2.2/scenarios_linux/srm_interference/commandline/./script/interference_2pan_plot_results.py:893: RuntimeWarning: invalid value encountered in divide
  tmp_c_rssi_ave_list = np.where(tmp_c_rx_pkt_num_list > 0, np.round(tmp_c_rssi_sum_list/tmp_c_rx_pkt_num_list, 1), 0.0)
/home/arimoto/opt/scensim_env/scenargie_simulator/2.2/scenarios_linux/srm_interference/commandline/./script/interference_2pan_plot_results.py:893: RuntimeWarning: invalid value encountered in divide
  tmp_c_rssi_ave_list = np.where(tmp_c_rx_pkt_num_list > 0, np.round(tmp_c_rssi_sum_list/tmp_c_rx_pkt_num_list, 1), 0.0)
/home/arimoto/opt/scensim_env/scenargie_simulator/2.2/scenarios_linux/srm_interference/commandline/./script/interference_2pan_plot_results.py:893: RuntimeWarning: invalid value encountered in divide
  tmp_c_rssi_ave_list = np.where(tmp_c_rx_pkt_num_list > 0, np.round(tmp_c_rssi_sum_list/tmp_c_rx_pkt_num_list, 1), 0.0)
/home/arimoto/opt/scensim_env/scenargie_simulator/2.2/scenarios_linux/srm_interference/commandline/./script/interference_2pan_plot_results.py:893: RuntimeWarning: invalid value encountered in divide
  tmp_c_rssi_ave_list = np.where(tmp_c_rx_pkt_num_list > 0, np.round(tmp_c_rssi_sum_list/tmp_c_rx_pkt_num_list, 1), 0.0)
/home/arimoto/opt/scensim_env/scenargie_simulator/2.2/scenarios_linux/srm_interference/commandline/./script/interference_2pan_plot_results.py:893: RuntimeWarning: invalid value encountered in divide
  tmp_c_rssi_ave_list = np.where(tmp_c_rx_pkt_num_list > 0, np.round(tmp_c_rssi_sum_list/tmp_c_rx_pkt_num_list, 1), 0.0)
/home/arimoto/opt/scensim_env/scenargie_simulator/2.2/scenarios_linux/srm_interference/commandline/./script/interference_2pan_plot_results.py:893: RuntimeWarning: invalid value encountered in divide
  tmp_c_rssi_ave_list = np.where(tmp_c_rx_pkt_num_list > 0, np.round(tmp_c_rssi_sum_list/tmp_c_rx_pkt_num_list, 1), 0.0)
/home/arimoto/opt/scensim_env/scenargie_simulator/2.2/scenarios_linux/srm_interference/commandline/./script/interference_2pan_plot_results.py:893: RuntimeWarning: invalid value encountered in divide
  tmp_c_rssi_ave_list = np.where(tmp_c_rx_pkt_num_list > 0, np.round(tmp_c_rssi_sum_list/tmp_c_rx_pkt_num_list, 1), 0.0)
/home/arimoto/opt/scensim_env/scenargie_simulator/2.2/scenarios_linux/srm_interference/commandline/./script/interference_2pan_plot_results.py:893: RuntimeWarning: invalid value encountered in divide
  tmp_c_rssi_ave_list = np.where(tmp_c_rx_pkt_num_list > 0, np.round(tmp_c_rssi_sum_list/tmp_c_rx_pkt_num_list, 1), 0.0)
/home/arimoto/opt/scensim_env/scenargie_simulator/2.2/scenarios_linux/srm_interference/commandline/./script/interference_2pan_plot_results.py:893: RuntimeWarning: invalid value encountered in divide
  tmp_c_rssi_ave_list = np.where(tmp_c_rx_pkt_num_list > 0, np.round(tmp_c_rssi_sum_list/tmp_c_rx_pkt_num_list, 1), 0.0)
/home/arimoto/opt/scensim_env/scenargie_simulator/2.2/scenarios_linux/srm_interference/commandline/./script/interference_2pan_plot_results.py:893: RuntimeWarning: invalid value encountered in divide
  tmp_c_rssi_ave_list = np.where(tmp_c_rx_pkt_num_list > 0, np.round(tmp_c_rssi_sum_list/tmp_c_rx_pkt_num_list, 1), 0.0)
/home/arimoto/opt/scensim_env/scenargie_simulator/2.2/scenarios_linux/srm_interference/commandline/./script/interference_2pan_plot_results.py:893: RuntimeWarning: invalid value encountered in divide
  tmp_c_rssi_ave_list = np.where(tmp_c_rx_pkt_num_list > 0, np.round(tmp_c_rssi_sum_list/tmp_c_rx_pkt_num_list, 1), 0.0)
/home/arimoto/opt/scensim_env/scenargie_simulator/2.2/scenarios_linux/srm_interference/commandline/./script/interference_2pan_plot_results.py:893: RuntimeWarning: invalid value encountered in divide
  tmp_c_rssi_ave_list = np.where(tmp_c_rx_pkt_num_list > 0, np.round(tmp_c_rssi_sum_list/tmp_c_rx_pkt_num_list, 1), 0.0)
/home/arimoto/opt/scensim_env/scenargie_simulator/2.2/scenarios_linux/srm_interference/commandline/./script/interference_2pan_plot_results.py:893: RuntimeWarning: invalid value encountered in divide
  tmp_c_rssi_ave_list = np.where(tmp_c_rx_pkt_num_list > 0, np.round(tmp_c_rssi_sum_list/tmp_c_rx_pkt_num_list, 1), 0.0)
/home/arimoto/opt/scensim_env/scenargie_simulator/2.2/scenarios_linux/srm_interference/commandline/./script/interference_2pan_plot_results.py:893: RuntimeWarning: invalid value encountered in divide
  tmp_c_rssi_ave_list = np.where(tmp_c_rx_pkt_num_list > 0, np.round(tmp_c_rssi_sum_list/tmp_c_rx_pkt_num_list, 1), 0.0)
/home/arimoto/opt/scensim_env/scenargie_simulator/2.2/scenarios_linux/srm_interference/commandline/./script/interference_2pan_plot_results.py:893: RuntimeWarning: invalid value encountered in divide
  tmp_c_rssi_ave_list = np.where(tmp_c_rx_pkt_num_list > 0, np.round(tmp_c_rssi_sum_list/tmp_c_rx_pkt_num_list, 1), 0.0)
/home/arimoto/opt/scensim_env/scenargie_simulator/2.2/scenarios_linux/srm_interference/commandline/./script/interference_2pan_plot_results.py:893: RuntimeWarning: invalid value encountered in divide
  tmp_c_rssi_ave_list = np.where(tmp_c_rx_pkt_num_list > 0, np.round(tmp_c_rssi_sum_list/tmp_c_rx_pkt_num_list, 1), 0.0)
/home/arimoto/opt/scensim_env/scenargie_simulator/2.2/scenarios_linux/srm_interference/commandline/./script/interference_2pan_plot_results.py:893: RuntimeWarning: invalid value encountered in divide
  tmp_c_rssi_ave_list = np.where(tmp_c_rx_pkt_num_list > 0, np.round(tmp_c_rssi_sum_list/tmp_c_rx_pkt_num_list, 1), 0.0)
/home/arimoto/opt/scensim_env/scenargie_simulator/2.2/scenarios_linux/srm_interference/commandline/./script/interference_2pan_plot_results.py:893: RuntimeWarning: invalid value encountered in divide
  tmp_c_rssi_ave_list = np.where(tmp_c_rx_pkt_num_list > 0, np.round(tmp_c_rssi_sum_list/tmp_c_rx_pkt_num_list, 1), 0.0)
/home/arimoto/opt/scensim_env/scenargie_simulator/2.2/scenarios_linux/srm_interference/commandline/./script/interference_2pan_plot_results.py:893: RuntimeWarning: invalid value encountered in divide
  tmp_c_rssi_ave_list = np.where(tmp_c_rx_pkt_num_list > 0, np.round(tmp_c_rssi_sum_list/tmp_c_rx_pkt_num_list, 1), 0.0)
/home/arimoto/opt/scensim_env/scenargie_simulator/2.2/scenarios_linux/srm_interference/commandline/./script/interference_2pan_plot_results.py:893: RuntimeWarning: invalid value encountered in divide
  tmp_c_rssi_ave_list = np.where(tmp_c_rx_pkt_num_list > 0, np.round(tmp_c_rssi_sum_list/tmp_c_rx_pkt_num_list, 1), 0.0)
/home/arimoto/opt/scensim_env/scenargie_simulator/2.2/scenarios_linux/srm_interference/commandline/./script/interference_2pan_plot_results.py:893: RuntimeWarning: invalid value encountered in divide
  tmp_c_rssi_ave_list = np.where(tmp_c_rx_pkt_num_list > 0, np.round(tmp_c_rssi_sum_list/tmp_c_rx_pkt_num_list, 1), 0.0)
/home/arimoto/opt/scensim_env/scenargie_simulator/2.2/scenarios_linux/srm_interference/commandline/./script/interference_2pan_plot_results.py:893: RuntimeWarning: invalid value encountered in divide
  tmp_c_rssi_ave_list = np.where(tmp_c_rx_pkt_num_list > 0, np.round(tmp_c_rssi_sum_list/tmp_c_rx_pkt_num_list, 1), 0.0)
/home/arimoto/opt/scensim_env/scenargie_simulator/2.2/scenarios_linux/srm_interference/commandline/./script/interference_2pan_plot_results.py:893: RuntimeWarning: invalid value encountered in divide
  tmp_c_rssi_ave_list = np.where(tmp_c_rx_pkt_num_list > 0, np.round(tmp_c_rssi_sum_list/tmp_c_rx_pkt_num_list, 1), 0.0)
/home/arimoto/opt/scensim_env/scenargie_simulator/2.2/scenarios_linux/srm_interference/commandline/./script/interference_2pan_plot_results.py:893: RuntimeWarning: invalid value encountered in divide
  tmp_c_rssi_ave_list = np.where(tmp_c_rx_pkt_num_list > 0, np.round(tmp_c_rssi_sum_list/tmp_c_rx_pkt_num_list, 1), 0.0)
/home/arimoto/opt/scensim_env/scenargie_simulator/2.2/scenarios_linux/srm_interference/commandline/./script/interference_2pan_plot_results.py:893: RuntimeWarning: invalid value encountered in divide
  tmp_c_rssi_ave_list = np.where(tmp_c_rx_pkt_num_list > 0, np.round(tmp_c_rssi_sum_list/tmp_c_rx_pkt_num_list, 1), 0.0)
/home/arimoto/opt/scensim_env/scenargie_simulator/2.2/scenarios_linux/srm_interference/commandline/./script/interference_2pan_plot_results.py:893: RuntimeWarning: invalid value encountered in divide
  tmp_c_rssi_ave_list = np.where(tmp_c_rx_pkt_num_list > 0, np.round(tmp_c_rssi_sum_list/tmp_c_rx_pkt_num_list, 1), 0.0)
/home/arimoto/opt/scensim_env/scenargie_simulator/2.2/scenarios_linux/srm_interference/commandline/./script/interference_2pan_plot_results.py:893: RuntimeWarning: invalid value encountered in divide
  tmp_c_rssi_ave_list = np.where(tmp_c_rx_pkt_num_list > 0, np.round(tmp_c_rssi_sum_list/tmp_c_rx_pkt_num_list, 1), 0.0)
/home/arimoto/opt/scensim_env/scenargie_simulator/2.2/scenarios_linux/srm_interference/commandline/./script/interference_2pan_plot_results.py:893: RuntimeWarning: invalid value encountered in divide
  tmp_c_rssi_ave_list = np.where(tmp_c_rx_pkt_num_list > 0, np.round(tmp_c_rssi_sum_list/tmp_c_rx_pkt_num_list, 1), 0.0)
/home/arimoto/opt/scensim_env/scenargie_simulator/2.2/scenarios_linux/srm_interference/commandline/./script/interference_2pan_plot_results.py:893: RuntimeWarning: invalid value encountered in divide
  tmp_c_rssi_ave_list = np.where(tmp_c_rx_pkt_num_list > 0, np.round(tmp_c_rssi_sum_list/tmp_c_rx_pkt_num_list, 1), 0.0)
/home/arimoto/opt/scensim_env/scenargie_simulator/2.2/scenarios_linux/srm_interference/commandline/./script/interference_2pan_plot_results.py:893: RuntimeWarning: invalid value encountered in divide
  tmp_c_rssi_ave_list = np.where(tmp_c_rx_pkt_num_list > 0, np.round(tmp_c_rssi_sum_list/tmp_c_rx_pkt_num_list, 1), 0.0)
start off_load_pan1/pan2: 0.6 / 1.0
Found 100 stat files to process.
Found 100 trace files to process.
Found 100 pos files to process.
/home/arimoto/opt/scensim_env/scenargie_simulator/2.2/scenarios_linux/srm_interference/commandline/./script/interference_2pan_plot_results.py:893: RuntimeWarning: invalid value encountered in divide
  tmp_c_rssi_ave_list = np.where(tmp_c_rx_pkt_num_list > 0, np.round(tmp_c_rssi_sum_list/tmp_c_rx_pkt_num_list, 1), 0.0)
/home/arimoto/opt/scensim_env/scenargie_simulator/2.2/scenarios_linux/srm_interference/commandline/./script/interference_2pan_plot_results.py:893: RuntimeWarning: invalid value encountered in divide
  tmp_c_rssi_ave_list = np.where(tmp_c_rx_pkt_num_list > 0, np.round(tmp_c_rssi_sum_list/tmp_c_rx_pkt_num_list, 1), 0.0)
/home/arimoto/opt/scensim_env/scenargie_simulator/2.2/scenarios_linux/srm_interference/commandline/./script/interference_2pan_plot_results.py:893: RuntimeWarning: invalid value encountered in divide
  tmp_c_rssi_ave_list = np.where(tmp_c_rx_pkt_num_list > 0, np.round(tmp_c_rssi_sum_list/tmp_c_rx_pkt_num_list, 1), 0.0)
/home/arimoto/opt/scensim_env/scenargie_simulator/2.2/scenarios_linux/srm_interference/commandline/./script/interference_2pan_plot_results.py:893: RuntimeWarning: invalid value encountered in divide
  tmp_c_rssi_ave_list = np.where(tmp_c_rx_pkt_num_list > 0, np.round(tmp_c_rssi_sum_list/tmp_c_rx_pkt_num_list, 1), 0.0)
/home/arimoto/opt/scensim_env/scenargie_simulator/2.2/scenarios_linux/srm_interference/commandline/./script/interference_2pan_plot_results.py:893: RuntimeWarning: invalid value encountered in divide
  tmp_c_rssi_ave_list = np.where(tmp_c_rx_pkt_num_list > 0, np.round(tmp_c_rssi_sum_list/tmp_c_rx_pkt_num_list, 1), 0.0)
/home/arimoto/opt/scensim_env/scenargie_simulator/2.2/scenarios_linux/srm_interference/commandline/./script/interference_2pan_plot_results.py:893: RuntimeWarning: invalid value encountered in divide
  tmp_c_rssi_ave_list = np.where(tmp_c_rx_pkt_num_list > 0, np.round(tmp_c_rssi_sum_list/tmp_c_rx_pkt_num_list, 1), 0.0)
/home/arimoto/opt/scensim_env/scenargie_simulator/2.2/scenarios_linux/srm_interference/commandline/./script/interference_2pan_plot_results.py:893: RuntimeWarning: invalid value encountered in divide
  tmp_c_rssi_ave_list = np.where(tmp_c_rx_pkt_num_list > 0, np.round(tmp_c_rssi_sum_list/tmp_c_rx_pkt_num_list, 1), 0.0)
/home/arimoto/opt/scensim_env/scenargie_simulator/2.2/scenarios_linux/srm_interference/commandline/./script/interference_2pan_plot_results.py:893: RuntimeWarning: invalid value encountered in divide
  tmp_c_rssi_ave_list = np.where(tmp_c_rx_pkt_num_list > 0, np.round(tmp_c_rssi_sum_list/tmp_c_rx_pkt_num_list, 1), 0.0)
/home/arimoto/opt/scensim_env/scenargie_simulator/2.2/scenarios_linux/srm_interference/commandline/./script/interference_2pan_plot_results.py:893: RuntimeWarning: invalid value encountered in divide
  tmp_c_rssi_ave_list = np.where(tmp_c_rx_pkt_num_list > 0, np.round(tmp_c_rssi_sum_list/tmp_c_rx_pkt_num_list, 1), 0.0)
/home/arimoto/opt/scensim_env/scenargie_simulator/2.2/scenarios_linux/srm_interference/commandline/./script/interference_2pan_plot_results.py:893: RuntimeWarning: invalid value encountered in divide
  tmp_c_rssi_ave_list = np.where(tmp_c_rx_pkt_num_list > 0, np.round(tmp_c_rssi_sum_list/tmp_c_rx_pkt_num_list, 1), 0.0)
/home/arimoto/opt/scensim_env/scenargie_simulator/2.2/scenarios_linux/srm_interference/commandline/./script/interference_2pan_plot_results.py:893: RuntimeWarning: invalid value encountered in divide
  tmp_c_rssi_ave_list = np.where(tmp_c_rx_pkt_num_list > 0, np.round(tmp_c_rssi_sum_list/tmp_c_rx_pkt_num_list, 1), 0.0)
/home/arimoto/opt/scensim_env/scenargie_simulator/2.2/scenarios_linux/srm_interference/commandline/./script/interference_2pan_plot_results.py:893: RuntimeWarning: invalid value encountered in divide
  tmp_c_rssi_ave_list = np.where(tmp_c_rx_pkt_num_list > 0, np.round(tmp_c_rssi_sum_list/tmp_c_rx_pkt_num_list, 1), 0.0)
/home/arimoto/opt/scensim_env/scenargie_simulator/2.2/scenarios_linux/srm_interference/commandline/./script/interference_2pan_plot_results.py:893: RuntimeWarning: invalid value encountered in divide
  tmp_c_rssi_ave_list = np.where(tmp_c_rx_pkt_num_list > 0, np.round(tmp_c_rssi_sum_list/tmp_c_rx_pkt_num_list, 1), 0.0)
/home/arimoto/opt/scensim_env/scenargie_simulator/2.2/scenarios_linux/srm_interference/commandline/./script/interference_2pan_plot_results.py:893: RuntimeWarning: invalid value encountered in divide
  tmp_c_rssi_ave_list = np.where(tmp_c_rx_pkt_num_list > 0, np.round(tmp_c_rssi_sum_list/tmp_c_rx_pkt_num_list, 1), 0.0)
/home/arimoto/opt/scensim_env/scenargie_simulator/2.2/scenarios_linux/srm_interference/commandline/./script/interference_2pan_plot_results.py:893: RuntimeWarning: invalid value encountered in divide
  tmp_c_rssi_ave_list = np.where(tmp_c_rx_pkt_num_list > 0, np.round(tmp_c_rssi_sum_list/tmp_c_rx_pkt_num_list, 1), 0.0)
/home/arimoto/opt/scensim_env/scenargie_simulator/2.2/scenarios_linux/srm_interference/commandline/./script/interference_2pan_plot_results.py:893: RuntimeWarning: invalid value encountered in divide
  tmp_c_rssi_ave_list = np.where(tmp_c_rx_pkt_num_list > 0, np.round(tmp_c_rssi_sum_list/tmp_c_rx_pkt_num_list, 1), 0.0)
/home/arimoto/opt/scensim_env/scenargie_simulator/2.2/scenarios_linux/srm_interference/commandline/./script/interference_2pan_plot_results.py:893: RuntimeWarning: invalid value encountered in divide
  tmp_c_rssi_ave_list = np.where(tmp_c_rx_pkt_num_list > 0, np.round(tmp_c_rssi_sum_list/tmp_c_rx_pkt_num_list, 1), 0.0)
/home/arimoto/opt/scensim_env/scenargie_simulator/2.2/scenarios_linux/srm_interference/commandline/./script/interference_2pan_plot_results.py:893: RuntimeWarning: invalid value encountered in divide
  tmp_c_rssi_ave_list = np.where(tmp_c_rx_pkt_num_list > 0, np.round(tmp_c_rssi_sum_list/tmp_c_rx_pkt_num_list, 1), 0.0)
/home/arimoto/opt/scensim_env/scenargie_simulator/2.2/scenarios_linux/srm_interference/commandline/./script/interference_2pan_plot_results.py:893: RuntimeWarning: invalid value encountered in divide
  tmp_c_rssi_ave_list = np.where(tmp_c_rx_pkt_num_list > 0, np.round(tmp_c_rssi_sum_list/tmp_c_rx_pkt_num_list, 1), 0.0)
/home/arimoto/opt/scensim_env/scenargie_simulator/2.2/scenarios_linux/srm_interference/commandline/./script/interference_2pan_plot_results.py:893: RuntimeWarning: invalid value encountered in divide
  tmp_c_rssi_ave_list = np.where(tmp_c_rx_pkt_num_list > 0, np.round(tmp_c_rssi_sum_list/tmp_c_rx_pkt_num_list, 1), 0.0)
/home/arimoto/opt/scensim_env/scenargie_simulator/2.2/scenarios_linux/srm_interference/commandline/./script/interference_2pan_plot_results.py:893: RuntimeWarning: invalid value encountered in divide
  tmp_c_rssi_ave_list = np.where(tmp_c_rx_pkt_num_list > 0, np.round(tmp_c_rssi_sum_list/tmp_c_rx_pkt_num_list, 1), 0.0)
/home/arimoto/opt/scensim_env/scenargie_simulator/2.2/scenarios_linux/srm_interference/commandline/./script/interference_2pan_plot_results.py:893: RuntimeWarning: invalid value encountered in divide
  tmp_c_rssi_ave_list = np.where(tmp_c_rx_pkt_num_list > 0, np.round(tmp_c_rssi_sum_list/tmp_c_rx_pkt_num_list, 1), 0.0)
/home/arimoto/opt/scensim_env/scenargie_simulator/2.2/scenarios_linux/srm_interference/commandline/./script/interference_2pan_plot_results.py:893: RuntimeWarning: invalid value encountered in divide
  tmp_c_rssi_ave_list = np.where(tmp_c_rx_pkt_num_list > 0, np.round(tmp_c_rssi_sum_list/tmp_c_rx_pkt_num_list, 1), 0.0)
/home/arimoto/opt/scensim_env/scenargie_simulator/2.2/scenarios_linux/srm_interference/commandline/./script/interference_2pan_plot_results.py:893: RuntimeWarning: invalid value encountered in divide
  tmp_c_rssi_ave_list = np.where(tmp_c_rx_pkt_num_list > 0, np.round(tmp_c_rssi_sum_list/tmp_c_rx_pkt_num_list, 1), 0.0)
/home/arimoto/opt/scensim_env/scenargie_simulator/2.2/scenarios_linux/srm_interference/commandline/./script/interference_2pan_plot_results.py:893: RuntimeWarning: invalid value encountered in divide
  tmp_c_rssi_ave_list = np.where(tmp_c_rx_pkt_num_list > 0, np.round(tmp_c_rssi_sum_list/tmp_c_rx_pkt_num_list, 1), 0.0)
/home/arimoto/opt/scensim_env/scenargie_simulator/2.2/scenarios_linux/srm_interference/commandline/./script/interference_2pan_plot_results.py:893: RuntimeWarning: invalid value encountered in divide
  tmp_c_rssi_ave_list = np.where(tmp_c_rx_pkt_num_list > 0, np.round(tmp_c_rssi_sum_list/tmp_c_rx_pkt_num_list, 1), 0.0)
/home/arimoto/opt/scensim_env/scenargie_simulator/2.2/scenarios_linux/srm_interference/commandline/./script/interference_2pan_plot_results.py:893: RuntimeWarning: invalid value encountered in divide
  tmp_c_rssi_ave_list = np.where(tmp_c_rx_pkt_num_list > 0, np.round(tmp_c_rssi_sum_list/tmp_c_rx_pkt_num_list, 1), 0.0)
/home/arimoto/opt/scensim_env/scenargie_simulator/2.2/scenarios_linux/srm_interference/commandline/./script/interference_2pan_plot_results.py:893: RuntimeWarning: invalid value encountered in divide
  tmp_c_rssi_ave_list = np.where(tmp_c_rx_pkt_num_list > 0, np.round(tmp_c_rssi_sum_list/tmp_c_rx_pkt_num_list, 1), 0.0)
/home/arimoto/opt/scensim_env/scenargie_simulator/2.2/scenarios_linux/srm_interference/commandline/./script/interference_2pan_plot_results.py:893: RuntimeWarning: invalid value encountered in divide
  tmp_c_rssi_ave_list = np.where(tmp_c_rx_pkt_num_list > 0, np.round(tmp_c_rssi_sum_list/tmp_c_rx_pkt_num_list, 1), 0.0)
/home/arimoto/opt/scensim_env/scenargie_simulator/2.2/scenarios_linux/srm_interference/commandline/./script/interference_2pan_plot_results.py:893: RuntimeWarning: invalid value encountered in divide
  tmp_c_rssi_ave_list = np.where(tmp_c_rx_pkt_num_list > 0, np.round(tmp_c_rssi_sum_list/tmp_c_rx_pkt_num_list, 1), 0.0)
/home/arimoto/opt/scensim_env/scenargie_simulator/2.2/scenarios_linux/srm_interference/commandline/./script/interference_2pan_plot_results.py:893: RuntimeWarning: invalid value encountered in divide
  tmp_c_rssi_ave_list = np.where(tmp_c_rx_pkt_num_list > 0, np.round(tmp_c_rssi_sum_list/tmp_c_rx_pkt_num_list, 1), 0.0)
/home/arimoto/opt/scensim_env/scenargie_simulator/2.2/scenarios_linux/srm_interference/commandline/./script/interference_2pan_plot_results.py:893: RuntimeWarning: invalid value encountered in divide
  tmp_c_rssi_ave_list = np.where(tmp_c_rx_pkt_num_list > 0, np.round(tmp_c_rssi_sum_list/tmp_c_rx_pkt_num_list, 1), 0.0)
start off_load_pan1/pan2: 0.7 / 1.0
Found 100 stat files to process.
Found 100 trace files to process.
Found 100 pos files to process.
/home/arimoto/opt/scensim_env/scenargie_simulator/2.2/scenarios_linux/srm_interference/commandline/./script/interference_2pan_plot_results.py:893: RuntimeWarning: invalid value encountered in divide
  tmp_c_rssi_ave_list = np.where(tmp_c_rx_pkt_num_list > 0, np.round(tmp_c_rssi_sum_list/tmp_c_rx_pkt_num_list, 1), 0.0)
/home/arimoto/opt/scensim_env/scenargie_simulator/2.2/scenarios_linux/srm_interference/commandline/./script/interference_2pan_plot_results.py:893: RuntimeWarning: invalid value encountered in divide
  tmp_c_rssi_ave_list = np.where(tmp_c_rx_pkt_num_list > 0, np.round(tmp_c_rssi_sum_list/tmp_c_rx_pkt_num_list, 1), 0.0)
/home/arimoto/opt/scensim_env/scenargie_simulator/2.2/scenarios_linux/srm_interference/commandline/./script/interference_2pan_plot_results.py:893: RuntimeWarning: invalid value encountered in divide
  tmp_c_rssi_ave_list = np.where(tmp_c_rx_pkt_num_list > 0, np.round(tmp_c_rssi_sum_list/tmp_c_rx_pkt_num_list, 1), 0.0)
/home/arimoto/opt/scensim_env/scenargie_simulator/2.2/scenarios_linux/srm_interference/commandline/./script/interference_2pan_plot_results.py:893: RuntimeWarning: invalid value encountered in divide
  tmp_c_rssi_ave_list = np.where(tmp_c_rx_pkt_num_list > 0, np.round(tmp_c_rssi_sum_list/tmp_c_rx_pkt_num_list, 1), 0.0)
/home/arimoto/opt/scensim_env/scenargie_simulator/2.2/scenarios_linux/srm_interference/commandline/./script/interference_2pan_plot_results.py:893: RuntimeWarning: invalid value encountered in divide
  tmp_c_rssi_ave_list = np.where(tmp_c_rx_pkt_num_list > 0, np.round(tmp_c_rssi_sum_list/tmp_c_rx_pkt_num_list, 1), 0.0)
/home/arimoto/opt/scensim_env/scenargie_simulator/2.2/scenarios_linux/srm_interference/commandline/./script/interference_2pan_plot_results.py:893: RuntimeWarning: invalid value encountered in divide
  tmp_c_rssi_ave_list = np.where(tmp_c_rx_pkt_num_list > 0, np.round(tmp_c_rssi_sum_list/tmp_c_rx_pkt_num_list, 1), 0.0)
/home/arimoto/opt/scensim_env/scenargie_simulator/2.2/scenarios_linux/srm_interference/commandline/./script/interference_2pan_plot_results.py:893: RuntimeWarning: invalid value encountered in divide
  tmp_c_rssi_ave_list = np.where(tmp_c_rx_pkt_num_list > 0, np.round(tmp_c_rssi_sum_list/tmp_c_rx_pkt_num_list, 1), 0.0)
/home/arimoto/opt/scensim_env/scenargie_simulator/2.2/scenarios_linux/srm_interference/commandline/./script/interference_2pan_plot_results.py:893: RuntimeWarning: invalid value encountered in divide
  tmp_c_rssi_ave_list = np.where(tmp_c_rx_pkt_num_list > 0, np.round(tmp_c_rssi_sum_list/tmp_c_rx_pkt_num_list, 1), 0.0)
/home/arimoto/opt/scensim_env/scenargie_simulator/2.2/scenarios_linux/srm_interference/commandline/./script/interference_2pan_plot_results.py:893: RuntimeWarning: invalid value encountered in divide
  tmp_c_rssi_ave_list = np.where(tmp_c_rx_pkt_num_list > 0, np.round(tmp_c_rssi_sum_list/tmp_c_rx_pkt_num_list, 1), 0.0)
/home/arimoto/opt/scensim_env/scenargie_simulator/2.2/scenarios_linux/srm_interference/commandline/./script/interference_2pan_plot_results.py:893: RuntimeWarning: invalid value encountered in divide
  tmp_c_rssi_ave_list = np.where(tmp_c_rx_pkt_num_list > 0, np.round(tmp_c_rssi_sum_list/tmp_c_rx_pkt_num_list, 1), 0.0)
/home/arimoto/opt/scensim_env/scenargie_simulator/2.2/scenarios_linux/srm_interference/commandline/./script/interference_2pan_plot_results.py:893: RuntimeWarning: invalid value encountered in divide
  tmp_c_rssi_ave_list = np.where(tmp_c_rx_pkt_num_list > 0, np.round(tmp_c_rssi_sum_list/tmp_c_rx_pkt_num_list, 1), 0.0)
/home/arimoto/opt/scensim_env/scenargie_simulator/2.2/scenarios_linux/srm_interference/commandline/./script/interference_2pan_plot_results.py:893: RuntimeWarning: invalid value encountered in divide
  tmp_c_rssi_ave_list = np.where(tmp_c_rx_pkt_num_list > 0, np.round(tmp_c_rssi_sum_list/tmp_c_rx_pkt_num_list, 1), 0.0)
/home/arimoto/opt/scensim_env/scenargie_simulator/2.2/scenarios_linux/srm_interference/commandline/./script/interference_2pan_plot_results.py:893: RuntimeWarning: invalid value encountered in divide
  tmp_c_rssi_ave_list = np.where(tmp_c_rx_pkt_num_list > 0, np.round(tmp_c_rssi_sum_list/tmp_c_rx_pkt_num_list, 1), 0.0)
/home/arimoto/opt/scensim_env/scenargie_simulator/2.2/scenarios_linux/srm_interference/commandline/./script/interference_2pan_plot_results.py:893: RuntimeWarning: invalid value encountered in divide
  tmp_c_rssi_ave_list = np.where(tmp_c_rx_pkt_num_list > 0, np.round(tmp_c_rssi_sum_list/tmp_c_rx_pkt_num_list, 1), 0.0)
/home/arimoto/opt/scensim_env/scenargie_simulator/2.2/scenarios_linux/srm_interference/commandline/./script/interference_2pan_plot_results.py:893: RuntimeWarning: invalid value encountered in divide
  tmp_c_rssi_ave_list = np.where(tmp_c_rx_pkt_num_list > 0, np.round(tmp_c_rssi_sum_list/tmp_c_rx_pkt_num_list, 1), 0.0)
/home/arimoto/opt/scensim_env/scenargie_simulator/2.2/scenarios_linux/srm_interference/commandline/./script/interference_2pan_plot_results.py:893: RuntimeWarning: invalid value encountered in divide
  tmp_c_rssi_ave_list = np.where(tmp_c_rx_pkt_num_list > 0, np.round(tmp_c_rssi_sum_list/tmp_c_rx_pkt_num_list, 1), 0.0)
/home/arimoto/opt/scensim_env/scenargie_simulator/2.2/scenarios_linux/srm_interference/commandline/./script/interference_2pan_plot_results.py:893: RuntimeWarning: invalid value encountered in divide
  tmp_c_rssi_ave_list = np.where(tmp_c_rx_pkt_num_list > 0, np.round(tmp_c_rssi_sum_list/tmp_c_rx_pkt_num_list, 1), 0.0)
/home/arimoto/opt/scensim_env/scenargie_simulator/2.2/scenarios_linux/srm_interference/commandline/./script/interference_2pan_plot_results.py:893: RuntimeWarning: invalid value encountered in divide
  tmp_c_rssi_ave_list = np.where(tmp_c_rx_pkt_num_list > 0, np.round(tmp_c_rssi_sum_list/tmp_c_rx_pkt_num_list, 1), 0.0)
/home/arimoto/opt/scensim_env/scenargie_simulator/2.2/scenarios_linux/srm_interference/commandline/./script/interference_2pan_plot_results.py:893: RuntimeWarning: invalid value encountered in divide
  tmp_c_rssi_ave_list = np.where(tmp_c_rx_pkt_num_list > 0, np.round(tmp_c_rssi_sum_list/tmp_c_rx_pkt_num_list, 1), 0.0)
/home/arimoto/opt/scensim_env/scenargie_simulator/2.2/scenarios_linux/srm_interference/commandline/./script/interference_2pan_plot_results.py:893: RuntimeWarning: invalid value encountered in divide
  tmp_c_rssi_ave_list = np.where(tmp_c_rx_pkt_num_list > 0, np.round(tmp_c_rssi_sum_list/tmp_c_rx_pkt_num_list, 1), 0.0)
/home/arimoto/opt/scensim_env/scenargie_simulator/2.2/scenarios_linux/srm_interference/commandline/./script/interference_2pan_plot_results.py:893: RuntimeWarning: invalid value encountered in divide
  tmp_c_rssi_ave_list = np.where(tmp_c_rx_pkt_num_list > 0, np.round(tmp_c_rssi_sum_list/tmp_c_rx_pkt_num_list, 1), 0.0)
/home/arimoto/opt/scensim_env/scenargie_simulator/2.2/scenarios_linux/srm_interference/commandline/./script/interference_2pan_plot_results.py:893: RuntimeWarning: invalid value encountered in divide
  tmp_c_rssi_ave_list = np.where(tmp_c_rx_pkt_num_list > 0, np.round(tmp_c_rssi_sum_list/tmp_c_rx_pkt_num_list, 1), 0.0)
/home/arimoto/opt/scensim_env/scenargie_simulator/2.2/scenarios_linux/srm_interference/commandline/./script/interference_2pan_plot_results.py:893: RuntimeWarning: invalid value encountered in divide
  tmp_c_rssi_ave_list = np.where(tmp_c_rx_pkt_num_list > 0, np.round(tmp_c_rssi_sum_list/tmp_c_rx_pkt_num_list, 1), 0.0)
/home/arimoto/opt/scensim_env/scenargie_simulator/2.2/scenarios_linux/srm_interference/commandline/./script/interference_2pan_plot_results.py:893: RuntimeWarning: invalid value encountered in divide
  tmp_c_rssi_ave_list = np.where(tmp_c_rx_pkt_num_list > 0, np.round(tmp_c_rssi_sum_list/tmp_c_rx_pkt_num_list, 1), 0.0)
/home/arimoto/opt/scensim_env/scenargie_simulator/2.2/scenarios_linux/srm_interference/commandline/./script/interference_2pan_plot_results.py:893: RuntimeWarning: invalid value encountered in divide
  tmp_c_rssi_ave_list = np.where(tmp_c_rx_pkt_num_list > 0, np.round(tmp_c_rssi_sum_list/tmp_c_rx_pkt_num_list, 1), 0.0)
/home/arimoto/opt/scensim_env/scenargie_simulator/2.2/scenarios_linux/srm_interference/commandline/./script/interference_2pan_plot_results.py:893: RuntimeWarning: invalid value encountered in divide
  tmp_c_rssi_ave_list = np.where(tmp_c_rx_pkt_num_list > 0, np.round(tmp_c_rssi_sum_list/tmp_c_rx_pkt_num_list, 1), 0.0)
/home/arimoto/opt/scensim_env/scenargie_simulator/2.2/scenarios_linux/srm_interference/commandline/./script/interference_2pan_plot_results.py:893: RuntimeWarning: invalid value encountered in divide
  tmp_c_rssi_ave_list = np.where(tmp_c_rx_pkt_num_list > 0, np.round(tmp_c_rssi_sum_list/tmp_c_rx_pkt_num_list, 1), 0.0)
/home/arimoto/opt/scensim_env/scenargie_simulator/2.2/scenarios_linux/srm_interference/commandline/./script/interference_2pan_plot_results.py:893: RuntimeWarning: invalid value encountered in divide
  tmp_c_rssi_ave_list = np.where(tmp_c_rx_pkt_num_list > 0, np.round(tmp_c_rssi_sum_list/tmp_c_rx_pkt_num_list, 1), 0.0)
/home/arimoto/opt/scensim_env/scenargie_simulator/2.2/scenarios_linux/srm_interference/commandline/./script/interference_2pan_plot_results.py:893: RuntimeWarning: invalid value encountered in divide
  tmp_c_rssi_ave_list = np.where(tmp_c_rx_pkt_num_list > 0, np.round(tmp_c_rssi_sum_list/tmp_c_rx_pkt_num_list, 1), 0.0)
/home/arimoto/opt/scensim_env/scenargie_simulator/2.2/scenarios_linux/srm_interference/commandline/./script/interference_2pan_plot_results.py:893: RuntimeWarning: invalid value encountered in divide
  tmp_c_rssi_ave_list = np.where(tmp_c_rx_pkt_num_list > 0, np.round(tmp_c_rssi_sum_list/tmp_c_rx_pkt_num_list, 1), 0.0)
/home/arimoto/opt/scensim_env/scenargie_simulator/2.2/scenarios_linux/srm_interference/commandline/./script/interference_2pan_plot_results.py:893: RuntimeWarning: invalid value encountered in divide
  tmp_c_rssi_ave_list = np.where(tmp_c_rx_pkt_num_list > 0, np.round(tmp_c_rssi_sum_list/tmp_c_rx_pkt_num_list, 1), 0.0)
/home/arimoto/opt/scensim_env/scenargie_simulator/2.2/scenarios_linux/srm_interference/commandline/./script/interference_2pan_plot_results.py:893: RuntimeWarning: invalid value encountered in divide
  tmp_c_rssi_ave_list = np.where(tmp_c_rx_pkt_num_list > 0, np.round(tmp_c_rssi_sum_list/tmp_c_rx_pkt_num_list, 1), 0.0)
start off_load_pan1/pan2: 0.8 / 1.0
Found 100 stat files to process.
Found 100 trace files to process.
Found 100 pos files to process.
/home/arimoto/opt/scensim_env/scenargie_simulator/2.2/scenarios_linux/srm_interference/commandline/./script/interference_2pan_plot_results.py:893: RuntimeWarning: invalid value encountered in divide
  tmp_c_rssi_ave_list = np.where(tmp_c_rx_pkt_num_list > 0, np.round(tmp_c_rssi_sum_list/tmp_c_rx_pkt_num_list, 1), 0.0)
/home/arimoto/opt/scensim_env/scenargie_simulator/2.2/scenarios_linux/srm_interference/commandline/./script/interference_2pan_plot_results.py:893: RuntimeWarning: invalid value encountered in divide
  tmp_c_rssi_ave_list = np.where(tmp_c_rx_pkt_num_list > 0, np.round(tmp_c_rssi_sum_list/tmp_c_rx_pkt_num_list, 1), 0.0)
/home/arimoto/opt/scensim_env/scenargie_simulator/2.2/scenarios_linux/srm_interference/commandline/./script/interference_2pan_plot_results.py:893: RuntimeWarning: invalid value encountered in divide
  tmp_c_rssi_ave_list = np.where(tmp_c_rx_pkt_num_list > 0, np.round(tmp_c_rssi_sum_list/tmp_c_rx_pkt_num_list, 1), 0.0)
/home/arimoto/opt/scensim_env/scenargie_simulator/2.2/scenarios_linux/srm_interference/commandline/./script/interference_2pan_plot_results.py:893: RuntimeWarning: invalid value encountered in divide
  tmp_c_rssi_ave_list = np.where(tmp_c_rx_pkt_num_list > 0, np.round(tmp_c_rssi_sum_list/tmp_c_rx_pkt_num_list, 1), 0.0)
/home/arimoto/opt/scensim_env/scenargie_simulator/2.2/scenarios_linux/srm_interference/commandline/./script/interference_2pan_plot_results.py:893: RuntimeWarning: invalid value encountered in divide
  tmp_c_rssi_ave_list = np.where(tmp_c_rx_pkt_num_list > 0, np.round(tmp_c_rssi_sum_list/tmp_c_rx_pkt_num_list, 1), 0.0)
/home/arimoto/opt/scensim_env/scenargie_simulator/2.2/scenarios_linux/srm_interference/commandline/./script/interference_2pan_plot_results.py:893: RuntimeWarning: invalid value encountered in divide
  tmp_c_rssi_ave_list = np.where(tmp_c_rx_pkt_num_list > 0, np.round(tmp_c_rssi_sum_list/tmp_c_rx_pkt_num_list, 1), 0.0)
/home/arimoto/opt/scensim_env/scenargie_simulator/2.2/scenarios_linux/srm_interference/commandline/./script/interference_2pan_plot_results.py:893: RuntimeWarning: invalid value encountered in divide
  tmp_c_rssi_ave_list = np.where(tmp_c_rx_pkt_num_list > 0, np.round(tmp_c_rssi_sum_list/tmp_c_rx_pkt_num_list, 1), 0.0)
/home/arimoto/opt/scensim_env/scenargie_simulator/2.2/scenarios_linux/srm_interference/commandline/./script/interference_2pan_plot_results.py:893: RuntimeWarning: invalid value encountered in divide
  tmp_c_rssi_ave_list = np.where(tmp_c_rx_pkt_num_list > 0, np.round(tmp_c_rssi_sum_list/tmp_c_rx_pkt_num_list, 1), 0.0)
/home/arimoto/opt/scensim_env/scenargie_simulator/2.2/scenarios_linux/srm_interference/commandline/./script/interference_2pan_plot_results.py:893: RuntimeWarning: invalid value encountered in divide
  tmp_c_rssi_ave_list = np.where(tmp_c_rx_pkt_num_list > 0, np.round(tmp_c_rssi_sum_list/tmp_c_rx_pkt_num_list, 1), 0.0)
/home/arimoto/opt/scensim_env/scenargie_simulator/2.2/scenarios_linux/srm_interference/commandline/./script/interference_2pan_plot_results.py:893: RuntimeWarning: invalid value encountered in divide
  tmp_c_rssi_ave_list = np.where(tmp_c_rx_pkt_num_list > 0, np.round(tmp_c_rssi_sum_list/tmp_c_rx_pkt_num_list, 1), 0.0)
/home/arimoto/opt/scensim_env/scenargie_simulator/2.2/scenarios_linux/srm_interference/commandline/./script/interference_2pan_plot_results.py:893: RuntimeWarning: invalid value encountered in divide
  tmp_c_rssi_ave_list = np.where(tmp_c_rx_pkt_num_list > 0, np.round(tmp_c_rssi_sum_list/tmp_c_rx_pkt_num_list, 1), 0.0)
/home/arimoto/opt/scensim_env/scenargie_simulator/2.2/scenarios_linux/srm_interference/commandline/./script/interference_2pan_plot_results.py:893: RuntimeWarning: invalid value encountered in divide
  tmp_c_rssi_ave_list = np.where(tmp_c_rx_pkt_num_list > 0, np.round(tmp_c_rssi_sum_list/tmp_c_rx_pkt_num_list, 1), 0.0)
/home/arimoto/opt/scensim_env/scenargie_simulator/2.2/scenarios_linux/srm_interference/commandline/./script/interference_2pan_plot_results.py:893: RuntimeWarning: invalid value encountered in divide
  tmp_c_rssi_ave_list = np.where(tmp_c_rx_pkt_num_list > 0, np.round(tmp_c_rssi_sum_list/tmp_c_rx_pkt_num_list, 1), 0.0)
/home/arimoto/opt/scensim_env/scenargie_simulator/2.2/scenarios_linux/srm_interference/commandline/./script/interference_2pan_plot_results.py:893: RuntimeWarning: invalid value encountered in divide
  tmp_c_rssi_ave_list = np.where(tmp_c_rx_pkt_num_list > 0, np.round(tmp_c_rssi_sum_list/tmp_c_rx_pkt_num_list, 1), 0.0)
/home/arimoto/opt/scensim_env/scenargie_simulator/2.2/scenarios_linux/srm_interference/commandline/./script/interference_2pan_plot_results.py:893: RuntimeWarning: invalid value encountered in divide
  tmp_c_rssi_ave_list = np.where(tmp_c_rx_pkt_num_list > 0, np.round(tmp_c_rssi_sum_list/tmp_c_rx_pkt_num_list, 1), 0.0)
/home/arimoto/opt/scensim_env/scenargie_simulator/2.2/scenarios_linux/srm_interference/commandline/./script/interference_2pan_plot_results.py:893: RuntimeWarning: invalid value encountered in divide
  tmp_c_rssi_ave_list = np.where(tmp_c_rx_pkt_num_list > 0, np.round(tmp_c_rssi_sum_list/tmp_c_rx_pkt_num_list, 1), 0.0)
/home/arimoto/opt/scensim_env/scenargie_simulator/2.2/scenarios_linux/srm_interference/commandline/./script/interference_2pan_plot_results.py:893: RuntimeWarning: invalid value encountered in divide
  tmp_c_rssi_ave_list = np.where(tmp_c_rx_pkt_num_list > 0, np.round(tmp_c_rssi_sum_list/tmp_c_rx_pkt_num_list, 1), 0.0)
/home/arimoto/opt/scensim_env/scenargie_simulator/2.2/scenarios_linux/srm_interference/commandline/./script/interference_2pan_plot_results.py:893: RuntimeWarning: invalid value encountered in divide
  tmp_c_rssi_ave_list = np.where(tmp_c_rx_pkt_num_list > 0, np.round(tmp_c_rssi_sum_list/tmp_c_rx_pkt_num_list, 1), 0.0)
/home/arimoto/opt/scensim_env/scenargie_simulator/2.2/scenarios_linux/srm_interference/commandline/./script/interference_2pan_plot_results.py:893: RuntimeWarning: invalid value encountered in divide
  tmp_c_rssi_ave_list = np.where(tmp_c_rx_pkt_num_list > 0, np.round(tmp_c_rssi_sum_list/tmp_c_rx_pkt_num_list, 1), 0.0)
/home/arimoto/opt/scensim_env/scenargie_simulator/2.2/scenarios_linux/srm_interference/commandline/./script/interference_2pan_plot_results.py:893: RuntimeWarning: invalid value encountered in divide
  tmp_c_rssi_ave_list = np.where(tmp_c_rx_pkt_num_list > 0, np.round(tmp_c_rssi_sum_list/tmp_c_rx_pkt_num_list, 1), 0.0)
/home/arimoto/opt/scensim_env/scenargie_simulator/2.2/scenarios_linux/srm_interference/commandline/./script/interference_2pan_plot_results.py:893: RuntimeWarning: invalid value encountered in divide
  tmp_c_rssi_ave_list = np.where(tmp_c_rx_pkt_num_list > 0, np.round(tmp_c_rssi_sum_list/tmp_c_rx_pkt_num_list, 1), 0.0)
/home/arimoto/opt/scensim_env/scenargie_simulator/2.2/scenarios_linux/srm_interference/commandline/./script/interference_2pan_plot_results.py:893: RuntimeWarning: invalid value encountered in divide
  tmp_c_rssi_ave_list = np.where(tmp_c_rx_pkt_num_list > 0, np.round(tmp_c_rssi_sum_list/tmp_c_rx_pkt_num_list, 1), 0.0)
/home/arimoto/opt/scensim_env/scenargie_simulator/2.2/scenarios_linux/srm_interference/commandline/./script/interference_2pan_plot_results.py:893: RuntimeWarning: invalid value encountered in divide
  tmp_c_rssi_ave_list = np.where(tmp_c_rx_pkt_num_list > 0, np.round(tmp_c_rssi_sum_list/tmp_c_rx_pkt_num_list, 1), 0.0)
/home/arimoto/opt/scensim_env/scenargie_simulator/2.2/scenarios_linux/srm_interference/commandline/./script/interference_2pan_plot_results.py:893: RuntimeWarning: invalid value encountered in divide
  tmp_c_rssi_ave_list = np.where(tmp_c_rx_pkt_num_list > 0, np.round(tmp_c_rssi_sum_list/tmp_c_rx_pkt_num_list, 1), 0.0)
/home/arimoto/opt/scensim_env/scenargie_simulator/2.2/scenarios_linux/srm_interference/commandline/./script/interference_2pan_plot_results.py:893: RuntimeWarning: invalid value encountered in divide
  tmp_c_rssi_ave_list = np.where(tmp_c_rx_pkt_num_list > 0, np.round(tmp_c_rssi_sum_list/tmp_c_rx_pkt_num_list, 1), 0.0)
/home/arimoto/opt/scensim_env/scenargie_simulator/2.2/scenarios_linux/srm_interference/commandline/./script/interference_2pan_plot_results.py:893: RuntimeWarning: invalid value encountered in divide
  tmp_c_rssi_ave_list = np.where(tmp_c_rx_pkt_num_list > 0, np.round(tmp_c_rssi_sum_list/tmp_c_rx_pkt_num_list, 1), 0.0)
/home/arimoto/opt/scensim_env/scenargie_simulator/2.2/scenarios_linux/srm_interference/commandline/./script/interference_2pan_plot_results.py:893: RuntimeWarning: invalid value encountered in divide
  tmp_c_rssi_ave_list = np.where(tmp_c_rx_pkt_num_list > 0, np.round(tmp_c_rssi_sum_list/tmp_c_rx_pkt_num_list, 1), 0.0)
/home/arimoto/opt/scensim_env/scenargie_simulator/2.2/scenarios_linux/srm_interference/commandline/./script/interference_2pan_plot_results.py:893: RuntimeWarning: invalid value encountered in divide
  tmp_c_rssi_ave_list = np.where(tmp_c_rx_pkt_num_list > 0, np.round(tmp_c_rssi_sum_list/tmp_c_rx_pkt_num_list, 1), 0.0)
/home/arimoto/opt/scensim_env/scenargie_simulator/2.2/scenarios_linux/srm_interference/commandline/./script/interference_2pan_plot_results.py:893: RuntimeWarning: invalid value encountered in divide
  tmp_c_rssi_ave_list = np.where(tmp_c_rx_pkt_num_list > 0, np.round(tmp_c_rssi_sum_list/tmp_c_rx_pkt_num_list, 1), 0.0)
/home/arimoto/opt/scensim_env/scenargie_simulator/2.2/scenarios_linux/srm_interference/commandline/./script/interference_2pan_plot_results.py:893: RuntimeWarning: invalid value encountered in divide
  tmp_c_rssi_ave_list = np.where(tmp_c_rx_pkt_num_list > 0, np.round(tmp_c_rssi_sum_list/tmp_c_rx_pkt_num_list, 1), 0.0)
/home/arimoto/opt/scensim_env/scenargie_simulator/2.2/scenarios_linux/srm_interference/commandline/./script/interference_2pan_plot_results.py:893: RuntimeWarning: invalid value encountered in divide
  tmp_c_rssi_ave_list = np.where(tmp_c_rx_pkt_num_list > 0, np.round(tmp_c_rssi_sum_list/tmp_c_rx_pkt_num_list, 1), 0.0)
/home/arimoto/opt/scensim_env/scenargie_simulator/2.2/scenarios_linux/srm_interference/commandline/./script/interference_2pan_plot_results.py:893: RuntimeWarning: invalid value encountered in divide
  tmp_c_rssi_ave_list = np.where(tmp_c_rx_pkt_num_list > 0, np.round(tmp_c_rssi_sum_list/tmp_c_rx_pkt_num_list, 1), 0.0)
start off_load_pan1/pan2: 0.9 / 1.0
Found 100 stat files to process.
Found 100 trace files to process.
Found 100 pos files to process.
/home/arimoto/opt/scensim_env/scenargie_simulator/2.2/scenarios_linux/srm_interference/commandline/./script/interference_2pan_plot_results.py:893: RuntimeWarning: invalid value encountered in divide
  tmp_c_rssi_ave_list = np.where(tmp_c_rx_pkt_num_list > 0, np.round(tmp_c_rssi_sum_list/tmp_c_rx_pkt_num_list, 1), 0.0)
/home/arimoto/opt/scensim_env/scenargie_simulator/2.2/scenarios_linux/srm_interference/commandline/./script/interference_2pan_plot_results.py:893: RuntimeWarning: invalid value encountered in divide
  tmp_c_rssi_ave_list = np.where(tmp_c_rx_pkt_num_list > 0, np.round(tmp_c_rssi_sum_list/tmp_c_rx_pkt_num_list, 1), 0.0)
/home/arimoto/opt/scensim_env/scenargie_simulator/2.2/scenarios_linux/srm_interference/commandline/./script/interference_2pan_plot_results.py:893: RuntimeWarning: invalid value encountered in divide
  tmp_c_rssi_ave_list = np.where(tmp_c_rx_pkt_num_list > 0, np.round(tmp_c_rssi_sum_list/tmp_c_rx_pkt_num_list, 1), 0.0)
/home/arimoto/opt/scensim_env/scenargie_simulator/2.2/scenarios_linux/srm_interference/commandline/./script/interference_2pan_plot_results.py:893: RuntimeWarning: invalid value encountered in divide
  tmp_c_rssi_ave_list = np.where(tmp_c_rx_pkt_num_list > 0, np.round(tmp_c_rssi_sum_list/tmp_c_rx_pkt_num_list, 1), 0.0)
/home/arimoto/opt/scensim_env/scenargie_simulator/2.2/scenarios_linux/srm_interference/commandline/./script/interference_2pan_plot_results.py:893: RuntimeWarning: invalid value encountered in divide
  tmp_c_rssi_ave_list = np.where(tmp_c_rx_pkt_num_list > 0, np.round(tmp_c_rssi_sum_list/tmp_c_rx_pkt_num_list, 1), 0.0)
/home/arimoto/opt/scensim_env/scenargie_simulator/2.2/scenarios_linux/srm_interference/commandline/./script/interference_2pan_plot_results.py:893: RuntimeWarning: invalid value encountered in divide
  tmp_c_rssi_ave_list = np.where(tmp_c_rx_pkt_num_list > 0, np.round(tmp_c_rssi_sum_list/tmp_c_rx_pkt_num_list, 1), 0.0)
/home/arimoto/opt/scensim_env/scenargie_simulator/2.2/scenarios_linux/srm_interference/commandline/./script/interference_2pan_plot_results.py:893: RuntimeWarning: invalid value encountered in divide
  tmp_c_rssi_ave_list = np.where(tmp_c_rx_pkt_num_list > 0, np.round(tmp_c_rssi_sum_list/tmp_c_rx_pkt_num_list, 1), 0.0)
/home/arimoto/opt/scensim_env/scenargie_simulator/2.2/scenarios_linux/srm_interference/commandline/./script/interference_2pan_plot_results.py:893: RuntimeWarning: invalid value encountered in divide
  tmp_c_rssi_ave_list = np.where(tmp_c_rx_pkt_num_list > 0, np.round(tmp_c_rssi_sum_list/tmp_c_rx_pkt_num_list, 1), 0.0)
/home/arimoto/opt/scensim_env/scenargie_simulator/2.2/scenarios_linux/srm_interference/commandline/./script/interference_2pan_plot_results.py:893: RuntimeWarning: invalid value encountered in divide
  tmp_c_rssi_ave_list = np.where(tmp_c_rx_pkt_num_list > 0, np.round(tmp_c_rssi_sum_list/tmp_c_rx_pkt_num_list, 1), 0.0)
/home/arimoto/opt/scensim_env/scenargie_simulator/2.2/scenarios_linux/srm_interference/commandline/./script/interference_2pan_plot_results.py:893: RuntimeWarning: invalid value encountered in divide
  tmp_c_rssi_ave_list = np.where(tmp_c_rx_pkt_num_list > 0, np.round(tmp_c_rssi_sum_list/tmp_c_rx_pkt_num_list, 1), 0.0)
/home/arimoto/opt/scensim_env/scenargie_simulator/2.2/scenarios_linux/srm_interference/commandline/./script/interference_2pan_plot_results.py:893: RuntimeWarning: invalid value encountered in divide
  tmp_c_rssi_ave_list = np.where(tmp_c_rx_pkt_num_list > 0, np.round(tmp_c_rssi_sum_list/tmp_c_rx_pkt_num_list, 1), 0.0)
/home/arimoto/opt/scensim_env/scenargie_simulator/2.2/scenarios_linux/srm_interference/commandline/./script/interference_2pan_plot_results.py:893: RuntimeWarning: invalid value encountered in divide
  tmp_c_rssi_ave_list = np.where(tmp_c_rx_pkt_num_list > 0, np.round(tmp_c_rssi_sum_list/tmp_c_rx_pkt_num_list, 1), 0.0)
/home/arimoto/opt/scensim_env/scenargie_simulator/2.2/scenarios_linux/srm_interference/commandline/./script/interference_2pan_plot_results.py:893: RuntimeWarning: invalid value encountered in divide
  tmp_c_rssi_ave_list = np.where(tmp_c_rx_pkt_num_list > 0, np.round(tmp_c_rssi_sum_list/tmp_c_rx_pkt_num_list, 1), 0.0)
/home/arimoto/opt/scensim_env/scenargie_simulator/2.2/scenarios_linux/srm_interference/commandline/./script/interference_2pan_plot_results.py:893: RuntimeWarning: invalid value encountered in divide
  tmp_c_rssi_ave_list = np.where(tmp_c_rx_pkt_num_list > 0, np.round(tmp_c_rssi_sum_list/tmp_c_rx_pkt_num_list, 1), 0.0)
/home/arimoto/opt/scensim_env/scenargie_simulator/2.2/scenarios_linux/srm_interference/commandline/./script/interference_2pan_plot_results.py:893: RuntimeWarning: invalid value encountered in divide
  tmp_c_rssi_ave_list = np.where(tmp_c_rx_pkt_num_list > 0, np.round(tmp_c_rssi_sum_list/tmp_c_rx_pkt_num_list, 1), 0.0)
/home/arimoto/opt/scensim_env/scenargie_simulator/2.2/scenarios_linux/srm_interference/commandline/./script/interference_2pan_plot_results.py:893: RuntimeWarning: invalid value encountered in divide
  tmp_c_rssi_ave_list = np.where(tmp_c_rx_pkt_num_list > 0, np.round(tmp_c_rssi_sum_list/tmp_c_rx_pkt_num_list, 1), 0.0)
/home/arimoto/opt/scensim_env/scenargie_simulator/2.2/scenarios_linux/srm_interference/commandline/./script/interference_2pan_plot_results.py:893: RuntimeWarning: invalid value encountered in divide
  tmp_c_rssi_ave_list = np.where(tmp_c_rx_pkt_num_list > 0, np.round(tmp_c_rssi_sum_list/tmp_c_rx_pkt_num_list, 1), 0.0)
/home/arimoto/opt/scensim_env/scenargie_simulator/2.2/scenarios_linux/srm_interference/commandline/./script/interference_2pan_plot_results.py:893: RuntimeWarning: invalid value encountered in divide
  tmp_c_rssi_ave_list = np.where(tmp_c_rx_pkt_num_list > 0, np.round(tmp_c_rssi_sum_list/tmp_c_rx_pkt_num_list, 1), 0.0)
/home/arimoto/opt/scensim_env/scenargie_simulator/2.2/scenarios_linux/srm_interference/commandline/./script/interference_2pan_plot_results.py:893: RuntimeWarning: invalid value encountered in divide
  tmp_c_rssi_ave_list = np.where(tmp_c_rx_pkt_num_list > 0, np.round(tmp_c_rssi_sum_list/tmp_c_rx_pkt_num_list, 1), 0.0)
/home/arimoto/opt/scensim_env/scenargie_simulator/2.2/scenarios_linux/srm_interference/commandline/./script/interference_2pan_plot_results.py:893: RuntimeWarning: invalid value encountered in divide
  tmp_c_rssi_ave_list = np.where(tmp_c_rx_pkt_num_list > 0, np.round(tmp_c_rssi_sum_list/tmp_c_rx_pkt_num_list, 1), 0.0)
/home/arimoto/opt/scensim_env/scenargie_simulator/2.2/scenarios_linux/srm_interference/commandline/./script/interference_2pan_plot_results.py:893: RuntimeWarning: invalid value encountered in divide
  tmp_c_rssi_ave_list = np.where(tmp_c_rx_pkt_num_list > 0, np.round(tmp_c_rssi_sum_list/tmp_c_rx_pkt_num_list, 1), 0.0)
/home/arimoto/opt/scensim_env/scenargie_simulator/2.2/scenarios_linux/srm_interference/commandline/./script/interference_2pan_plot_results.py:893: RuntimeWarning: invalid value encountered in divide
  tmp_c_rssi_ave_list = np.where(tmp_c_rx_pkt_num_list > 0, np.round(tmp_c_rssi_sum_list/tmp_c_rx_pkt_num_list, 1), 0.0)
/home/arimoto/opt/scensim_env/scenargie_simulator/2.2/scenarios_linux/srm_interference/commandline/./script/interference_2pan_plot_results.py:893: RuntimeWarning: invalid value encountered in divide
  tmp_c_rssi_ave_list = np.where(tmp_c_rx_pkt_num_list > 0, np.round(tmp_c_rssi_sum_list/tmp_c_rx_pkt_num_list, 1), 0.0)
/home/arimoto/opt/scensim_env/scenargie_simulator/2.2/scenarios_linux/srm_interference/commandline/./script/interference_2pan_plot_results.py:893: RuntimeWarning: invalid value encountered in divide
  tmp_c_rssi_ave_list = np.where(tmp_c_rx_pkt_num_list > 0, np.round(tmp_c_rssi_sum_list/tmp_c_rx_pkt_num_list, 1), 0.0)
/home/arimoto/opt/scensim_env/scenargie_simulator/2.2/scenarios_linux/srm_interference/commandline/./script/interference_2pan_plot_results.py:893: RuntimeWarning: invalid value encountered in divide
  tmp_c_rssi_ave_list = np.where(tmp_c_rx_pkt_num_list > 0, np.round(tmp_c_rssi_sum_list/tmp_c_rx_pkt_num_list, 1), 0.0)
/home/arimoto/opt/scensim_env/scenargie_simulator/2.2/scenarios_linux/srm_interference/commandline/./script/interference_2pan_plot_results.py:893: RuntimeWarning: invalid value encountered in divide
  tmp_c_rssi_ave_list = np.where(tmp_c_rx_pkt_num_list > 0, np.round(tmp_c_rssi_sum_list/tmp_c_rx_pkt_num_list, 1), 0.0)
/home/arimoto/opt/scensim_env/scenargie_simulator/2.2/scenarios_linux/srm_interference/commandline/./script/interference_2pan_plot_results.py:893: RuntimeWarning: invalid value encountered in divide
  tmp_c_rssi_ave_list = np.where(tmp_c_rx_pkt_num_list > 0, np.round(tmp_c_rssi_sum_list/tmp_c_rx_pkt_num_list, 1), 0.0)
/home/arimoto/opt/scensim_env/scenargie_simulator/2.2/scenarios_linux/srm_interference/commandline/./script/interference_2pan_plot_results.py:893: RuntimeWarning: invalid value encountered in divide
  tmp_c_rssi_ave_list = np.where(tmp_c_rx_pkt_num_list > 0, np.round(tmp_c_rssi_sum_list/tmp_c_rx_pkt_num_list, 1), 0.0)
/home/arimoto/opt/scensim_env/scenargie_simulator/2.2/scenarios_linux/srm_interference/commandline/./script/interference_2pan_plot_results.py:893: RuntimeWarning: invalid value encountered in divide
  tmp_c_rssi_ave_list = np.where(tmp_c_rx_pkt_num_list > 0, np.round(tmp_c_rssi_sum_list/tmp_c_rx_pkt_num_list, 1), 0.0)
/home/arimoto/opt/scensim_env/scenargie_simulator/2.2/scenarios_linux/srm_interference/commandline/./script/interference_2pan_plot_results.py:893: RuntimeWarning: invalid value encountered in divide
  tmp_c_rssi_ave_list = np.where(tmp_c_rx_pkt_num_list > 0, np.round(tmp_c_rssi_sum_list/tmp_c_rx_pkt_num_list, 1), 0.0)
/home/arimoto/opt/scensim_env/scenargie_simulator/2.2/scenarios_linux/srm_interference/commandline/./script/interference_2pan_plot_results.py:893: RuntimeWarning: invalid value encountered in divide
  tmp_c_rssi_ave_list = np.where(tmp_c_rx_pkt_num_list > 0, np.round(tmp_c_rssi_sum_list/tmp_c_rx_pkt_num_list, 1), 0.0)
/home/arimoto/opt/scensim_env/scenargie_simulator/2.2/scenarios_linux/srm_interference/commandline/./script/interference_2pan_plot_results.py:893: RuntimeWarning: invalid value encountered in divide
  tmp_c_rssi_ave_list = np.where(tmp_c_rx_pkt_num_list > 0, np.round(tmp_c_rssi_sum_list/tmp_c_rx_pkt_num_list, 1), 0.0)
start off_load_pan1/pan2: 1.0 / 1.0
Found 100 stat files to process.
Found 100 trace files to process.
Found 100 pos files to process.
/home/arimoto/opt/scensim_env/scenargie_simulator/2.2/scenarios_linux/srm_interference/commandline/./script/interference_2pan_plot_results.py:893: RuntimeWarning: invalid value encountered in divide
  tmp_c_rssi_ave_list = np.where(tmp_c_rx_pkt_num_list > 0, np.round(tmp_c_rssi_sum_list/tmp_c_rx_pkt_num_list, 1), 0.0)
/home/arimoto/opt/scensim_env/scenargie_simulator/2.2/scenarios_linux/srm_interference/commandline/./script/interference_2pan_plot_results.py:893: RuntimeWarning: invalid value encountered in divide
  tmp_c_rssi_ave_list = np.where(tmp_c_rx_pkt_num_list > 0, np.round(tmp_c_rssi_sum_list/tmp_c_rx_pkt_num_list, 1), 0.0)
/home/arimoto/opt/scensim_env/scenargie_simulator/2.2/scenarios_linux/srm_interference/commandline/./script/interference_2pan_plot_results.py:893: RuntimeWarning: invalid value encountered in divide
  tmp_c_rssi_ave_list = np.where(tmp_c_rx_pkt_num_list > 0, np.round(tmp_c_rssi_sum_list/tmp_c_rx_pkt_num_list, 1), 0.0)
/home/arimoto/opt/scensim_env/scenargie_simulator/2.2/scenarios_linux/srm_interference/commandline/./script/interference_2pan_plot_results.py:893: RuntimeWarning: invalid value encountered in divide
  tmp_c_rssi_ave_list = np.where(tmp_c_rx_pkt_num_list > 0, np.round(tmp_c_rssi_sum_list/tmp_c_rx_pkt_num_list, 1), 0.0)
/home/arimoto/opt/scensim_env/scenargie_simulator/2.2/scenarios_linux/srm_interference/commandline/./script/interference_2pan_plot_results.py:893: RuntimeWarning: invalid value encountered in divide
  tmp_c_rssi_ave_list = np.where(tmp_c_rx_pkt_num_list > 0, np.round(tmp_c_rssi_sum_list/tmp_c_rx_pkt_num_list, 1), 0.0)
/home/arimoto/opt/scensim_env/scenargie_simulator/2.2/scenarios_linux/srm_interference/commandline/./script/interference_2pan_plot_results.py:893: RuntimeWarning: invalid value encountered in divide
  tmp_c_rssi_ave_list = np.where(tmp_c_rx_pkt_num_list > 0, np.round(tmp_c_rssi_sum_list/tmp_c_rx_pkt_num_list, 1), 0.0)
/home/arimoto/opt/scensim_env/scenargie_simulator/2.2/scenarios_linux/srm_interference/commandline/./script/interference_2pan_plot_results.py:893: RuntimeWarning: invalid value encountered in divide
  tmp_c_rssi_ave_list = np.where(tmp_c_rx_pkt_num_list > 0, np.round(tmp_c_rssi_sum_list/tmp_c_rx_pkt_num_list, 1), 0.0)
/home/arimoto/opt/scensim_env/scenargie_simulator/2.2/scenarios_linux/srm_interference/commandline/./script/interference_2pan_plot_results.py:893: RuntimeWarning: invalid value encountered in divide
  tmp_c_rssi_ave_list = np.where(tmp_c_rx_pkt_num_list > 0, np.round(tmp_c_rssi_sum_list/tmp_c_rx_pkt_num_list, 1), 0.0)
/home/arimoto/opt/scensim_env/scenargie_simulator/2.2/scenarios_linux/srm_interference/commandline/./script/interference_2pan_plot_results.py:893: RuntimeWarning: invalid value encountered in divide
  tmp_c_rssi_ave_list = np.where(tmp_c_rx_pkt_num_list > 0, np.round(tmp_c_rssi_sum_list/tmp_c_rx_pkt_num_list, 1), 0.0)
/home/arimoto/opt/scensim_env/scenargie_simulator/2.2/scenarios_linux/srm_interference/commandline/./script/interference_2pan_plot_results.py:893: RuntimeWarning: invalid value encountered in divide
  tmp_c_rssi_ave_list = np.where(tmp_c_rx_pkt_num_list > 0, np.round(tmp_c_rssi_sum_list/tmp_c_rx_pkt_num_list, 1), 0.0)
/home/arimoto/opt/scensim_env/scenargie_simulator/2.2/scenarios_linux/srm_interference/commandline/./script/interference_2pan_plot_results.py:893: RuntimeWarning: invalid value encountered in divide
  tmp_c_rssi_ave_list = np.where(tmp_c_rx_pkt_num_list > 0, np.round(tmp_c_rssi_sum_list/tmp_c_rx_pkt_num_list, 1), 0.0)
/home/arimoto/opt/scensim_env/scenargie_simulator/2.2/scenarios_linux/srm_interference/commandline/./script/interference_2pan_plot_results.py:893: RuntimeWarning: invalid value encountered in divide
  tmp_c_rssi_ave_list = np.where(tmp_c_rx_pkt_num_list > 0, np.round(tmp_c_rssi_sum_list/tmp_c_rx_pkt_num_list, 1), 0.0)
/home/arimoto/opt/scensim_env/scenargie_simulator/2.2/scenarios_linux/srm_interference/commandline/./script/interference_2pan_plot_results.py:893: RuntimeWarning: invalid value encountered in divide
  tmp_c_rssi_ave_list = np.where(tmp_c_rx_pkt_num_list > 0, np.round(tmp_c_rssi_sum_list/tmp_c_rx_pkt_num_list, 1), 0.0)
/home/arimoto/opt/scensim_env/scenargie_simulator/2.2/scenarios_linux/srm_interference/commandline/./script/interference_2pan_plot_results.py:893: RuntimeWarning: invalid value encountered in divide
  tmp_c_rssi_ave_list = np.where(tmp_c_rx_pkt_num_list > 0, np.round(tmp_c_rssi_sum_list/tmp_c_rx_pkt_num_list, 1), 0.0)
/home/arimoto/opt/scensim_env/scenargie_simulator/2.2/scenarios_linux/srm_interference/commandline/./script/interference_2pan_plot_results.py:893: RuntimeWarning: invalid value encountered in divide
  tmp_c_rssi_ave_list = np.where(tmp_c_rx_pkt_num_list > 0, np.round(tmp_c_rssi_sum_list/tmp_c_rx_pkt_num_list, 1), 0.0)
/home/arimoto/opt/scensim_env/scenargie_simulator/2.2/scenarios_linux/srm_interference/commandline/./script/interference_2pan_plot_results.py:893: RuntimeWarning: invalid value encountered in divide
  tmp_c_rssi_ave_list = np.where(tmp_c_rx_pkt_num_list > 0, np.round(tmp_c_rssi_sum_list/tmp_c_rx_pkt_num_list, 1), 0.0)
/home/arimoto/opt/scensim_env/scenargie_simulator/2.2/scenarios_linux/srm_interference/commandline/./script/interference_2pan_plot_results.py:893: RuntimeWarning: invalid value encountered in divide
  tmp_c_rssi_ave_list = np.where(tmp_c_rx_pkt_num_list > 0, np.round(tmp_c_rssi_sum_list/tmp_c_rx_pkt_num_list, 1), 0.0)
/home/arimoto/opt/scensim_env/scenargie_simulator/2.2/scenarios_linux/srm_interference/commandline/./script/interference_2pan_plot_results.py:893: RuntimeWarning: invalid value encountered in divide
  tmp_c_rssi_ave_list = np.where(tmp_c_rx_pkt_num_list > 0, np.round(tmp_c_rssi_sum_list/tmp_c_rx_pkt_num_list, 1), 0.0)
/home/arimoto/opt/scensim_env/scenargie_simulator/2.2/scenarios_linux/srm_interference/commandline/./script/interference_2pan_plot_results.py:893: RuntimeWarning: invalid value encountered in divide
  tmp_c_rssi_ave_list = np.where(tmp_c_rx_pkt_num_list > 0, np.round(tmp_c_rssi_sum_list/tmp_c_rx_pkt_num_list, 1), 0.0)
/home/arimoto/opt/scensim_env/scenargie_simulator/2.2/scenarios_linux/srm_interference/commandline/./script/interference_2pan_plot_results.py:893: RuntimeWarning: invalid value encountered in divide
  tmp_c_rssi_ave_list = np.where(tmp_c_rx_pkt_num_list > 0, np.round(tmp_c_rssi_sum_list/tmp_c_rx_pkt_num_list, 1), 0.0)
/home/arimoto/opt/scensim_env/scenargie_simulator/2.2/scenarios_linux/srm_interference/commandline/./script/interference_2pan_plot_results.py:893: RuntimeWarning: invalid value encountered in divide
  tmp_c_rssi_ave_list = np.where(tmp_c_rx_pkt_num_list > 0, np.round(tmp_c_rssi_sum_list/tmp_c_rx_pkt_num_list, 1), 0.0)
/home/arimoto/opt/scensim_env/scenargie_simulator/2.2/scenarios_linux/srm_interference/commandline/./script/interference_2pan_plot_results.py:893: RuntimeWarning: invalid value encountered in divide
  tmp_c_rssi_ave_list = np.where(tmp_c_rx_pkt_num_list > 0, np.round(tmp_c_rssi_sum_list/tmp_c_rx_pkt_num_list, 1), 0.0)
/home/arimoto/opt/scensim_env/scenargie_simulator/2.2/scenarios_linux/srm_interference/commandline/./script/interference_2pan_plot_results.py:893: RuntimeWarning: invalid value encountered in divide
  tmp_c_rssi_ave_list = np.where(tmp_c_rx_pkt_num_list > 0, np.round(tmp_c_rssi_sum_list/tmp_c_rx_pkt_num_list, 1), 0.0)
/home/arimoto/opt/scensim_env/scenargie_simulator/2.2/scenarios_linux/srm_interference/commandline/./script/interference_2pan_plot_results.py:893: RuntimeWarning: invalid value encountered in divide
  tmp_c_rssi_ave_list = np.where(tmp_c_rx_pkt_num_list > 0, np.round(tmp_c_rssi_sum_list/tmp_c_rx_pkt_num_list, 1), 0.0)
/home/arimoto/opt/scensim_env/scenargie_simulator/2.2/scenarios_linux/srm_interference/commandline/./script/interference_2pan_plot_results.py:893: RuntimeWarning: invalid value encountered in divide
  tmp_c_rssi_ave_list = np.where(tmp_c_rx_pkt_num_list > 0, np.round(tmp_c_rssi_sum_list/tmp_c_rx_pkt_num_list, 1), 0.0)
/home/arimoto/opt/scensim_env/scenargie_simulator/2.2/scenarios_linux/srm_interference/commandline/./script/interference_2pan_plot_results.py:893: RuntimeWarning: invalid value encountered in divide
  tmp_c_rssi_ave_list = np.where(tmp_c_rx_pkt_num_list > 0, np.round(tmp_c_rssi_sum_list/tmp_c_rx_pkt_num_list, 1), 0.0)
/home/arimoto/opt/scensim_env/scenargie_simulator/2.2/scenarios_linux/srm_interference/commandline/./script/interference_2pan_plot_results.py:893: RuntimeWarning: invalid value encountered in divide
  tmp_c_rssi_ave_list = np.where(tmp_c_rx_pkt_num_list > 0, np.round(tmp_c_rssi_sum_list/tmp_c_rx_pkt_num_list, 1), 0.0)
/home/arimoto/opt/scensim_env/scenargie_simulator/2.2/scenarios_linux/srm_interference/commandline/./script/interference_2pan_plot_results.py:893: RuntimeWarning: invalid value encountered in divide
  tmp_c_rssi_ave_list = np.where(tmp_c_rx_pkt_num_list > 0, np.round(tmp_c_rssi_sum_list/tmp_c_rx_pkt_num_list, 1), 0.0)
/home/arimoto/opt/scensim_env/scenargie_simulator/2.2/scenarios_linux/srm_interference/commandline/./script/interference_2pan_plot_results.py:893: RuntimeWarning: invalid value encountered in divide
  tmp_c_rssi_ave_list = np.where(tmp_c_rx_pkt_num_list > 0, np.round(tmp_c_rssi_sum_list/tmp_c_rx_pkt_num_list, 1), 0.0)
/home/arimoto/opt/scensim_env/scenargie_simulator/2.2/scenarios_linux/srm_interference/commandline/./script/interference_2pan_plot_results.py:893: RuntimeWarning: invalid value encountered in divide
  tmp_c_rssi_ave_list = np.where(tmp_c_rx_pkt_num_list > 0, np.round(tmp_c_rssi_sum_list/tmp_c_rx_pkt_num_list, 1), 0.0)
/home/arimoto/opt/scensim_env/scenargie_simulator/2.2/scenarios_linux/srm_interference/commandline/./script/interference_2pan_plot_results.py:893: RuntimeWarning: invalid value encountered in divide
  tmp_c_rssi_ave_list = np.where(tmp_c_rx_pkt_num_list > 0, np.round(tmp_c_rssi_sum_list/tmp_c_rx_pkt_num_list, 1), 0.0)
/home/arimoto/opt/scensim_env/scenargie_simulator/2.2/scenarios_linux/srm_interference/commandline/./script/interference_2pan_plot_results.py:893: RuntimeWarning: invalid value encountered in divide
  tmp_c_rssi_ave_list = np.where(tmp_c_rx_pkt_num_list > 0, np.round(tmp_c_rssi_sum_list/tmp_c_rx_pkt_num_list, 1), 0.0)

===== Processing no_interf files =====

--- Starting Result Aggregation and Plotting ---
start off_load_pan1/pan2: 0.1 / 1.0
Found 100 stat files to process.
Found 100 trace files to process.
Found 100 pos files to process.
/home/arimoto/opt/scensim_env/scenargie_simulator/2.2/scenarios_linux/srm_interference/commandline/./script/interference_2pan_plot_results.py:893: RuntimeWarning: invalid value encountered in divide
  tmp_c_rssi_ave_list = np.where(tmp_c_rx_pkt_num_list > 0, np.round(tmp_c_rssi_sum_list/tmp_c_rx_pkt_num_list, 1), 0.0)
/home/arimoto/opt/scensim_env/scenargie_simulator/2.2/scenarios_linux/srm_interference/commandline/./script/interference_2pan_plot_results.py:893: RuntimeWarning: invalid value encountered in divide
  tmp_c_rssi_ave_list = np.where(tmp_c_rx_pkt_num_list > 0, np.round(tmp_c_rssi_sum_list/tmp_c_rx_pkt_num_list, 1), 0.0)
/home/arimoto/opt/scensim_env/scenargie_simulator/2.2/scenarios_linux/srm_interference/commandline/./script/interference_2pan_plot_results.py:893: RuntimeWarning: invalid value encountered in divide
  tmp_c_rssi_ave_list = np.where(tmp_c_rx_pkt_num_list > 0, np.round(tmp_c_rssi_sum_list/tmp_c_rx_pkt_num_list, 1), 0.0)
/home/arimoto/opt/scensim_env/scenargie_simulator/2.2/scenarios_linux/srm_interference/commandline/./script/interference_2pan_plot_results.py:893: RuntimeWarning: invalid value encountered in divide
  tmp_c_rssi_ave_list = np.where(tmp_c_rx_pkt_num_list > 0, np.round(tmp_c_rssi_sum_list/tmp_c_rx_pkt_num_list, 1), 0.0)
/home/arimoto/opt/scensim_env/scenargie_simulator/2.2/scenarios_linux/srm_interference/commandline/./script/interference_2pan_plot_results.py:893: RuntimeWarning: invalid value encountered in divide
  tmp_c_rssi_ave_list = np.where(tmp_c_rx_pkt_num_list > 0, np.round(tmp_c_rssi_sum_list/tmp_c_rx_pkt_num_list, 1), 0.0)
/home/arimoto/opt/scensim_env/scenargie_simulator/2.2/scenarios_linux/srm_interference/commandline/./script/interference_2pan_plot_results.py:893: RuntimeWarning: invalid value encountered in divide
  tmp_c_rssi_ave_list = np.where(tmp_c_rx_pkt_num_list > 0, np.round(tmp_c_rssi_sum_list/tmp_c_rx_pkt_num_list, 1), 0.0)
/home/arimoto/opt/scensim_env/scenargie_simulator/2.2/scenarios_linux/srm_interference/commandline/./script/interference_2pan_plot_results.py:893: RuntimeWarning: invalid value encountered in divide
  tmp_c_rssi_ave_list = np.where(tmp_c_rx_pkt_num_list > 0, np.round(tmp_c_rssi_sum_list/tmp_c_rx_pkt_num_list, 1), 0.0)
/home/arimoto/opt/scensim_env/scenargie_simulator/2.2/scenarios_linux/srm_interference/commandline/./script/interference_2pan_plot_results.py:893: RuntimeWarning: invalid value encountered in divide
  tmp_c_rssi_ave_list = np.where(tmp_c_rx_pkt_num_list > 0, np.round(tmp_c_rssi_sum_list/tmp_c_rx_pkt_num_list, 1), 0.0)
/home/arimoto/opt/scensim_env/scenargie_simulator/2.2/scenarios_linux/srm_interference/commandline/./script/interference_2pan_plot_results.py:893: RuntimeWarning: invalid value encountered in divide
  tmp_c_rssi_ave_list = np.where(tmp_c_rx_pkt_num_list > 0, np.round(tmp_c_rssi_sum_list/tmp_c_rx_pkt_num_list, 1), 0.0)
/home/arimoto/opt/scensim_env/scenargie_simulator/2.2/scenarios_linux/srm_interference/commandline/./script/interference_2pan_plot_results.py:893: RuntimeWarning: invalid value encountered in divide
  tmp_c_rssi_ave_list = np.where(tmp_c_rx_pkt_num_list > 0, np.round(tmp_c_rssi_sum_list/tmp_c_rx_pkt_num_list, 1), 0.0)
/home/arimoto/opt/scensim_env/scenargie_simulator/2.2/scenarios_linux/srm_interference/commandline/./script/interference_2pan_plot_results.py:893: RuntimeWarning: invalid value encountered in divide
  tmp_c_rssi_ave_list = np.where(tmp_c_rx_pkt_num_list > 0, np.round(tmp_c_rssi_sum_list/tmp_c_rx_pkt_num_list, 1), 0.0)
/home/arimoto/opt/scensim_env/scenargie_simulator/2.2/scenarios_linux/srm_interference/commandline/./script/interference_2pan_plot_results.py:893: RuntimeWarning: invalid value encountered in divide
  tmp_c_rssi_ave_list = np.where(tmp_c_rx_pkt_num_list > 0, np.round(tmp_c_rssi_sum_list/tmp_c_rx_pkt_num_list, 1), 0.0)
/home/arimoto/opt/scensim_env/scenargie_simulator/2.2/scenarios_linux/srm_interference/commandline/./script/interference_2pan_plot_results.py:893: RuntimeWarning: invalid value encountered in divide
  tmp_c_rssi_ave_list = np.where(tmp_c_rx_pkt_num_list > 0, np.round(tmp_c_rssi_sum_list/tmp_c_rx_pkt_num_list, 1), 0.0)
/home/arimoto/opt/scensim_env/scenargie_simulator/2.2/scenarios_linux/srm_interference/commandline/./script/interference_2pan_plot_results.py:893: RuntimeWarning: invalid value encountered in divide
  tmp_c_rssi_ave_list = np.where(tmp_c_rx_pkt_num_list > 0, np.round(tmp_c_rssi_sum_list/tmp_c_rx_pkt_num_list, 1), 0.0)
/home/arimoto/opt/scensim_env/scenargie_simulator/2.2/scenarios_linux/srm_interference/commandline/./script/interference_2pan_plot_results.py:893: RuntimeWarning: invalid value encountered in divide
  tmp_c_rssi_ave_list = np.where(tmp_c_rx_pkt_num_list > 0, np.round(tmp_c_rssi_sum_list/tmp_c_rx_pkt_num_list, 1), 0.0)
/home/arimoto/opt/scensim_env/scenargie_simulator/2.2/scenarios_linux/srm_interference/commandline/./script/interference_2pan_plot_results.py:893: RuntimeWarning: invalid value encountered in divide
  tmp_c_rssi_ave_list = np.where(tmp_c_rx_pkt_num_list > 0, np.round(tmp_c_rssi_sum_list/tmp_c_rx_pkt_num_list, 1), 0.0)
/home/arimoto/opt/scensim_env/scenargie_simulator/2.2/scenarios_linux/srm_interference/commandline/./script/interference_2pan_plot_results.py:893: RuntimeWarning: invalid value encountered in divide
  tmp_c_rssi_ave_list = np.where(tmp_c_rx_pkt_num_list > 0, np.round(tmp_c_rssi_sum_list/tmp_c_rx_pkt_num_list, 1), 0.0)
/home/arimoto/opt/scensim_env/scenargie_simulator/2.2/scenarios_linux/srm_interference/commandline/./script/interference_2pan_plot_results.py:893: RuntimeWarning: invalid value encountered in divide
  tmp_c_rssi_ave_list = np.where(tmp_c_rx_pkt_num_list > 0, np.round(tmp_c_rssi_sum_list/tmp_c_rx_pkt_num_list, 1), 0.0)
/home/arimoto/opt/scensim_env/scenargie_simulator/2.2/scenarios_linux/srm_interference/commandline/./script/interference_2pan_plot_results.py:893: RuntimeWarning: invalid value encountered in divide
  tmp_c_rssi_ave_list = np.where(tmp_c_rx_pkt_num_list > 0, np.round(tmp_c_rssi_sum_list/tmp_c_rx_pkt_num_list, 1), 0.0)
/home/arimoto/opt/scensim_env/scenargie_simulator/2.2/scenarios_linux/srm_interference/commandline/./script/interference_2pan_plot_results.py:893: RuntimeWarning: invalid value encountered in divide
  tmp_c_rssi_ave_list = np.where(tmp_c_rx_pkt_num_list > 0, np.round(tmp_c_rssi_sum_list/tmp_c_rx_pkt_num_list, 1), 0.0)
/home/arimoto/opt/scensim_env/scenargie_simulator/2.2/scenarios_linux/srm_interference/commandline/./script/interference_2pan_plot_results.py:893: RuntimeWarning: invalid value encountered in divide
  tmp_c_rssi_ave_list = np.where(tmp_c_rx_pkt_num_list > 0, np.round(tmp_c_rssi_sum_list/tmp_c_rx_pkt_num_list, 1), 0.0)
/home/arimoto/opt/scensim_env/scenargie_simulator/2.2/scenarios_linux/srm_interference/commandline/./script/interference_2pan_plot_results.py:893: RuntimeWarning: invalid value encountered in divide
  tmp_c_rssi_ave_list = np.where(tmp_c_rx_pkt_num_list > 0, np.round(tmp_c_rssi_sum_list/tmp_c_rx_pkt_num_list, 1), 0.0)
/home/arimoto/opt/scensim_env/scenargie_simulator/2.2/scenarios_linux/srm_interference/commandline/./script/interference_2pan_plot_results.py:893: RuntimeWarning: invalid value encountered in divide
  tmp_c_rssi_ave_list = np.where(tmp_c_rx_pkt_num_list > 0, np.round(tmp_c_rssi_sum_list/tmp_c_rx_pkt_num_list, 1), 0.0)
/home/arimoto/opt/scensim_env/scenargie_simulator/2.2/scenarios_linux/srm_interference/commandline/./script/interference_2pan_plot_results.py:893: RuntimeWarning: invalid value encountered in divide
  tmp_c_rssi_ave_list = np.where(tmp_c_rx_pkt_num_list > 0, np.round(tmp_c_rssi_sum_list/tmp_c_rx_pkt_num_list, 1), 0.0)
/home/arimoto/opt/scensim_env/scenargie_simulator/2.2/scenarios_linux/srm_interference/commandline/./script/interference_2pan_plot_results.py:893: RuntimeWarning: invalid value encountered in divide
  tmp_c_rssi_ave_list = np.where(tmp_c_rx_pkt_num_list > 0, np.round(tmp_c_rssi_sum_list/tmp_c_rx_pkt_num_list, 1), 0.0)
/home/arimoto/opt/scensim_env/scenargie_simulator/2.2/scenarios_linux/srm_interference/commandline/./script/interference_2pan_plot_results.py:893: RuntimeWarning: invalid value encountered in divide
  tmp_c_rssi_ave_list = np.where(tmp_c_rx_pkt_num_list > 0, np.round(tmp_c_rssi_sum_list/tmp_c_rx_pkt_num_list, 1), 0.0)
/home/arimoto/opt/scensim_env/scenargie_simulator/2.2/scenarios_linux/srm_interference/commandline/./script/interference_2pan_plot_results.py:893: RuntimeWarning: invalid value encountered in divide
  tmp_c_rssi_ave_list = np.where(tmp_c_rx_pkt_num_list > 0, np.round(tmp_c_rssi_sum_list/tmp_c_rx_pkt_num_list, 1), 0.0)
/home/arimoto/opt/scensim_env/scenargie_simulator/2.2/scenarios_linux/srm_interference/commandline/./script/interference_2pan_plot_results.py:893: RuntimeWarning: invalid value encountered in divide
  tmp_c_rssi_ave_list = np.where(tmp_c_rx_pkt_num_list > 0, np.round(tmp_c_rssi_sum_list/tmp_c_rx_pkt_num_list, 1), 0.0)
/home/arimoto/opt/scensim_env/scenargie_simulator/2.2/scenarios_linux/srm_interference/commandline/./script/interference_2pan_plot_results.py:893: RuntimeWarning: invalid value encountered in divide
  tmp_c_rssi_ave_list = np.where(tmp_c_rx_pkt_num_list > 0, np.round(tmp_c_rssi_sum_list/tmp_c_rx_pkt_num_list, 1), 0.0)
/home/arimoto/opt/scensim_env/scenargie_simulator/2.2/scenarios_linux/srm_interference/commandline/./script/interference_2pan_plot_results.py:893: RuntimeWarning: invalid value encountered in divide
  tmp_c_rssi_ave_list = np.where(tmp_c_rx_pkt_num_list > 0, np.round(tmp_c_rssi_sum_list/tmp_c_rx_pkt_num_list, 1), 0.0)
/home/arimoto/opt/scensim_env/scenargie_simulator/2.2/scenarios_linux/srm_interference/commandline/./script/interference_2pan_plot_results.py:893: RuntimeWarning: invalid value encountered in divide
  tmp_c_rssi_ave_list = np.where(tmp_c_rx_pkt_num_list > 0, np.round(tmp_c_rssi_sum_list/tmp_c_rx_pkt_num_list, 1), 0.0)
/home/arimoto/opt/scensim_env/scenargie_simulator/2.2/scenarios_linux/srm_interference/commandline/./script/interference_2pan_plot_results.py:893: RuntimeWarning: invalid value encountered in divide
  tmp_c_rssi_ave_list = np.where(tmp_c_rx_pkt_num_list > 0, np.round(tmp_c_rssi_sum_list/tmp_c_rx_pkt_num_list, 1), 0.0)
start off_load_pan1/pan2: 0.2 / 1.0
Found 100 stat files to process.
Found 100 trace files to process.
Found 100 pos files to process.
/home/arimoto/opt/scensim_env/scenargie_simulator/2.2/scenarios_linux/srm_interference/commandline/./script/interference_2pan_plot_results.py:893: RuntimeWarning: invalid value encountered in divide
  tmp_c_rssi_ave_list = np.where(tmp_c_rx_pkt_num_list > 0, np.round(tmp_c_rssi_sum_list/tmp_c_rx_pkt_num_list, 1), 0.0)
/home/arimoto/opt/scensim_env/scenargie_simulator/2.2/scenarios_linux/srm_interference/commandline/./script/interference_2pan_plot_results.py:893: RuntimeWarning: invalid value encountered in divide
  tmp_c_rssi_ave_list = np.where(tmp_c_rx_pkt_num_list > 0, np.round(tmp_c_rssi_sum_list/tmp_c_rx_pkt_num_list, 1), 0.0)
/home/arimoto/opt/scensim_env/scenargie_simulator/2.2/scenarios_linux/srm_interference/commandline/./script/interference_2pan_plot_results.py:893: RuntimeWarning: invalid value encountered in divide
  tmp_c_rssi_ave_list = np.where(tmp_c_rx_pkt_num_list > 0, np.round(tmp_c_rssi_sum_list/tmp_c_rx_pkt_num_list, 1), 0.0)
/home/arimoto/opt/scensim_env/scenargie_simulator/2.2/scenarios_linux/srm_interference/commandline/./script/interference_2pan_plot_results.py:893: RuntimeWarning: invalid value encountered in divide
  tmp_c_rssi_ave_list = np.where(tmp_c_rx_pkt_num_list > 0, np.round(tmp_c_rssi_sum_list/tmp_c_rx_pkt_num_list, 1), 0.0)
/home/arimoto/opt/scensim_env/scenargie_simulator/2.2/scenarios_linux/srm_interference/commandline/./script/interference_2pan_plot_results.py:893: RuntimeWarning: invalid value encountered in divide
  tmp_c_rssi_ave_list = np.where(tmp_c_rx_pkt_num_list > 0, np.round(tmp_c_rssi_sum_list/tmp_c_rx_pkt_num_list, 1), 0.0)
/home/arimoto/opt/scensim_env/scenargie_simulator/2.2/scenarios_linux/srm_interference/commandline/./script/interference_2pan_plot_results.py:893: RuntimeWarning: invalid value encountered in divide
  tmp_c_rssi_ave_list = np.where(tmp_c_rx_pkt_num_list > 0, np.round(tmp_c_rssi_sum_list/tmp_c_rx_pkt_num_list, 1), 0.0)
/home/arimoto/opt/scensim_env/scenargie_simulator/2.2/scenarios_linux/srm_interference/commandline/./script/interference_2pan_plot_results.py:893: RuntimeWarning: invalid value encountered in divide
  tmp_c_rssi_ave_list = np.where(tmp_c_rx_pkt_num_list > 0, np.round(tmp_c_rssi_sum_list/tmp_c_rx_pkt_num_list, 1), 0.0)
/home/arimoto/opt/scensim_env/scenargie_simulator/2.2/scenarios_linux/srm_interference/commandline/./script/interference_2pan_plot_results.py:893: RuntimeWarning: invalid value encountered in divide
  tmp_c_rssi_ave_list = np.where(tmp_c_rx_pkt_num_list > 0, np.round(tmp_c_rssi_sum_list/tmp_c_rx_pkt_num_list, 1), 0.0)
/home/arimoto/opt/scensim_env/scenargie_simulator/2.2/scenarios_linux/srm_interference/commandline/./script/interference_2pan_plot_results.py:893: RuntimeWarning: invalid value encountered in divide
  tmp_c_rssi_ave_list = np.where(tmp_c_rx_pkt_num_list > 0, np.round(tmp_c_rssi_sum_list/tmp_c_rx_pkt_num_list, 1), 0.0)
/home/arimoto/opt/scensim_env/scenargie_simulator/2.2/scenarios_linux/srm_interference/commandline/./script/interference_2pan_plot_results.py:893: RuntimeWarning: invalid value encountered in divide
  tmp_c_rssi_ave_list = np.where(tmp_c_rx_pkt_num_list > 0, np.round(tmp_c_rssi_sum_list/tmp_c_rx_pkt_num_list, 1), 0.0)
/home/arimoto/opt/scensim_env/scenargie_simulator/2.2/scenarios_linux/srm_interference/commandline/./script/interference_2pan_plot_results.py:893: RuntimeWarning: invalid value encountered in divide
  tmp_c_rssi_ave_list = np.where(tmp_c_rx_pkt_num_list > 0, np.round(tmp_c_rssi_sum_list/tmp_c_rx_pkt_num_list, 1), 0.0)
/home/arimoto/opt/scensim_env/scenargie_simulator/2.2/scenarios_linux/srm_interference/commandline/./script/interference_2pan_plot_results.py:893: RuntimeWarning: invalid value encountered in divide
  tmp_c_rssi_ave_list = np.where(tmp_c_rx_pkt_num_list > 0, np.round(tmp_c_rssi_sum_list/tmp_c_rx_pkt_num_list, 1), 0.0)
/home/arimoto/opt/scensim_env/scenargie_simulator/2.2/scenarios_linux/srm_interference/commandline/./script/interference_2pan_plot_results.py:893: RuntimeWarning: invalid value encountered in divide
  tmp_c_rssi_ave_list = np.where(tmp_c_rx_pkt_num_list > 0, np.round(tmp_c_rssi_sum_list/tmp_c_rx_pkt_num_list, 1), 0.0)
/home/arimoto/opt/scensim_env/scenargie_simulator/2.2/scenarios_linux/srm_interference/commandline/./script/interference_2pan_plot_results.py:893: RuntimeWarning: invalid value encountered in divide
  tmp_c_rssi_ave_list = np.where(tmp_c_rx_pkt_num_list > 0, np.round(tmp_c_rssi_sum_list/tmp_c_rx_pkt_num_list, 1), 0.0)
/home/arimoto/opt/scensim_env/scenargie_simulator/2.2/scenarios_linux/srm_interference/commandline/./script/interference_2pan_plot_results.py:893: RuntimeWarning: invalid value encountered in divide
  tmp_c_rssi_ave_list = np.where(tmp_c_rx_pkt_num_list > 0, np.round(tmp_c_rssi_sum_list/tmp_c_rx_pkt_num_list, 1), 0.0)
/home/arimoto/opt/scensim_env/scenargie_simulator/2.2/scenarios_linux/srm_interference/commandline/./script/interference_2pan_plot_results.py:893: RuntimeWarning: invalid value encountered in divide
  tmp_c_rssi_ave_list = np.where(tmp_c_rx_pkt_num_list > 0, np.round(tmp_c_rssi_sum_list/tmp_c_rx_pkt_num_list, 1), 0.0)
/home/arimoto/opt/scensim_env/scenargie_simulator/2.2/scenarios_linux/srm_interference/commandline/./script/interference_2pan_plot_results.py:893: RuntimeWarning: invalid value encountered in divide
  tmp_c_rssi_ave_list = np.where(tmp_c_rx_pkt_num_list > 0, np.round(tmp_c_rssi_sum_list/tmp_c_rx_pkt_num_list, 1), 0.0)
/home/arimoto/opt/scensim_env/scenargie_simulator/2.2/scenarios_linux/srm_interference/commandline/./script/interference_2pan_plot_results.py:893: RuntimeWarning: invalid value encountered in divide
  tmp_c_rssi_ave_list = np.where(tmp_c_rx_pkt_num_list > 0, np.round(tmp_c_rssi_sum_list/tmp_c_rx_pkt_num_list, 1), 0.0)
/home/arimoto/opt/scensim_env/scenargie_simulator/2.2/scenarios_linux/srm_interference/commandline/./script/interference_2pan_plot_results.py:893: RuntimeWarning: invalid value encountered in divide
  tmp_c_rssi_ave_list = np.where(tmp_c_rx_pkt_num_list > 0, np.round(tmp_c_rssi_sum_list/tmp_c_rx_pkt_num_list, 1), 0.0)
/home/arimoto/opt/scensim_env/scenargie_simulator/2.2/scenarios_linux/srm_interference/commandline/./script/interference_2pan_plot_results.py:893: RuntimeWarning: invalid value encountered in divide
  tmp_c_rssi_ave_list = np.where(tmp_c_rx_pkt_num_list > 0, np.round(tmp_c_rssi_sum_list/tmp_c_rx_pkt_num_list, 1), 0.0)
/home/arimoto/opt/scensim_env/scenargie_simulator/2.2/scenarios_linux/srm_interference/commandline/./script/interference_2pan_plot_results.py:893: RuntimeWarning: invalid value encountered in divide
  tmp_c_rssi_ave_list = np.where(tmp_c_rx_pkt_num_list > 0, np.round(tmp_c_rssi_sum_list/tmp_c_rx_pkt_num_list, 1), 0.0)
/home/arimoto/opt/scensim_env/scenargie_simulator/2.2/scenarios_linux/srm_interference/commandline/./script/interference_2pan_plot_results.py:893: RuntimeWarning: invalid value encountered in divide
  tmp_c_rssi_ave_list = np.where(tmp_c_rx_pkt_num_list > 0, np.round(tmp_c_rssi_sum_list/tmp_c_rx_pkt_num_list, 1), 0.0)
/home/arimoto/opt/scensim_env/scenargie_simulator/2.2/scenarios_linux/srm_interference/commandline/./script/interference_2pan_plot_results.py:893: RuntimeWarning: invalid value encountered in divide
  tmp_c_rssi_ave_list = np.where(tmp_c_rx_pkt_num_list > 0, np.round(tmp_c_rssi_sum_list/tmp_c_rx_pkt_num_list, 1), 0.0)
/home/arimoto/opt/scensim_env/scenargie_simulator/2.2/scenarios_linux/srm_interference/commandline/./script/interference_2pan_plot_results.py:893: RuntimeWarning: invalid value encountered in divide
  tmp_c_rssi_ave_list = np.where(tmp_c_rx_pkt_num_list > 0, np.round(tmp_c_rssi_sum_list/tmp_c_rx_pkt_num_list, 1), 0.0)
/home/arimoto/opt/scensim_env/scenargie_simulator/2.2/scenarios_linux/srm_interference/commandline/./script/interference_2pan_plot_results.py:893: RuntimeWarning: invalid value encountered in divide
  tmp_c_rssi_ave_list = np.where(tmp_c_rx_pkt_num_list > 0, np.round(tmp_c_rssi_sum_list/tmp_c_rx_pkt_num_list, 1), 0.0)
/home/arimoto/opt/scensim_env/scenargie_simulator/2.2/scenarios_linux/srm_interference/commandline/./script/interference_2pan_plot_results.py:893: RuntimeWarning: invalid value encountered in divide
  tmp_c_rssi_ave_list = np.where(tmp_c_rx_pkt_num_list > 0, np.round(tmp_c_rssi_sum_list/tmp_c_rx_pkt_num_list, 1), 0.0)
/home/arimoto/opt/scensim_env/scenargie_simulator/2.2/scenarios_linux/srm_interference/commandline/./script/interference_2pan_plot_results.py:893: RuntimeWarning: invalid value encountered in divide
  tmp_c_rssi_ave_list = np.where(tmp_c_rx_pkt_num_list > 0, np.round(tmp_c_rssi_sum_list/tmp_c_rx_pkt_num_list, 1), 0.0)
/home/arimoto/opt/scensim_env/scenargie_simulator/2.2/scenarios_linux/srm_interference/commandline/./script/interference_2pan_plot_results.py:893: RuntimeWarning: invalid value encountered in divide
  tmp_c_rssi_ave_list = np.where(tmp_c_rx_pkt_num_list > 0, np.round(tmp_c_rssi_sum_list/tmp_c_rx_pkt_num_list, 1), 0.0)
/home/arimoto/opt/scensim_env/scenargie_simulator/2.2/scenarios_linux/srm_interference/commandline/./script/interference_2pan_plot_results.py:893: RuntimeWarning: invalid value encountered in divide
  tmp_c_rssi_ave_list = np.where(tmp_c_rx_pkt_num_list > 0, np.round(tmp_c_rssi_sum_list/tmp_c_rx_pkt_num_list, 1), 0.0)
/home/arimoto/opt/scensim_env/scenargie_simulator/2.2/scenarios_linux/srm_interference/commandline/./script/interference_2pan_plot_results.py:893: RuntimeWarning: invalid value encountered in divide
  tmp_c_rssi_ave_list = np.where(tmp_c_rx_pkt_num_list > 0, np.round(tmp_c_rssi_sum_list/tmp_c_rx_pkt_num_list, 1), 0.0)
/home/arimoto/opt/scensim_env/scenargie_simulator/2.2/scenarios_linux/srm_interference/commandline/./script/interference_2pan_plot_results.py:893: RuntimeWarning: invalid value encountered in divide
  tmp_c_rssi_ave_list = np.where(tmp_c_rx_pkt_num_list > 0, np.round(tmp_c_rssi_sum_list/tmp_c_rx_pkt_num_list, 1), 0.0)
/home/arimoto/opt/scensim_env/scenargie_simulator/2.2/scenarios_linux/srm_interference/commandline/./script/interference_2pan_plot_results.py:893: RuntimeWarning: invalid value encountered in divide
  tmp_c_rssi_ave_list = np.where(tmp_c_rx_pkt_num_list > 0, np.round(tmp_c_rssi_sum_list/tmp_c_rx_pkt_num_list, 1), 0.0)
start off_load_pan1/pan2: 0.3 / 1.0
Found 100 stat files to process.
Found 100 trace files to process.
Found 100 pos files to process.
/home/arimoto/opt/scensim_env/scenargie_simulator/2.2/scenarios_linux/srm_interference/commandline/./script/interference_2pan_plot_results.py:893: RuntimeWarning: invalid value encountered in divide
  tmp_c_rssi_ave_list = np.where(tmp_c_rx_pkt_num_list > 0, np.round(tmp_c_rssi_sum_list/tmp_c_rx_pkt_num_list, 1), 0.0)
/home/arimoto/opt/scensim_env/scenargie_simulator/2.2/scenarios_linux/srm_interference/commandline/./script/interference_2pan_plot_results.py:893: RuntimeWarning: invalid value encountered in divide
  tmp_c_rssi_ave_list = np.where(tmp_c_rx_pkt_num_list > 0, np.round(tmp_c_rssi_sum_list/tmp_c_rx_pkt_num_list, 1), 0.0)
/home/arimoto/opt/scensim_env/scenargie_simulator/2.2/scenarios_linux/srm_interference/commandline/./script/interference_2pan_plot_results.py:893: RuntimeWarning: invalid value encountered in divide
  tmp_c_rssi_ave_list = np.where(tmp_c_rx_pkt_num_list > 0, np.round(tmp_c_rssi_sum_list/tmp_c_rx_pkt_num_list, 1), 0.0)
/home/arimoto/opt/scensim_env/scenargie_simulator/2.2/scenarios_linux/srm_interference/commandline/./script/interference_2pan_plot_results.py:893: RuntimeWarning: invalid value encountered in divide
  tmp_c_rssi_ave_list = np.where(tmp_c_rx_pkt_num_list > 0, np.round(tmp_c_rssi_sum_list/tmp_c_rx_pkt_num_list, 1), 0.0)
/home/arimoto/opt/scensim_env/scenargie_simulator/2.2/scenarios_linux/srm_interference/commandline/./script/interference_2pan_plot_results.py:893: RuntimeWarning: invalid value encountered in divide
  tmp_c_rssi_ave_list = np.where(tmp_c_rx_pkt_num_list > 0, np.round(tmp_c_rssi_sum_list/tmp_c_rx_pkt_num_list, 1), 0.0)
/home/arimoto/opt/scensim_env/scenargie_simulator/2.2/scenarios_linux/srm_interference/commandline/./script/interference_2pan_plot_results.py:893: RuntimeWarning: invalid value encountered in divide
  tmp_c_rssi_ave_list = np.where(tmp_c_rx_pkt_num_list > 0, np.round(tmp_c_rssi_sum_list/tmp_c_rx_pkt_num_list, 1), 0.0)
/home/arimoto/opt/scensim_env/scenargie_simulator/2.2/scenarios_linux/srm_interference/commandline/./script/interference_2pan_plot_results.py:893: RuntimeWarning: invalid value encountered in divide
  tmp_c_rssi_ave_list = np.where(tmp_c_rx_pkt_num_list > 0, np.round(tmp_c_rssi_sum_list/tmp_c_rx_pkt_num_list, 1), 0.0)
/home/arimoto/opt/scensim_env/scenargie_simulator/2.2/scenarios_linux/srm_interference/commandline/./script/interference_2pan_plot_results.py:893: RuntimeWarning: invalid value encountered in divide
  tmp_c_rssi_ave_list = np.where(tmp_c_rx_pkt_num_list > 0, np.round(tmp_c_rssi_sum_list/tmp_c_rx_pkt_num_list, 1), 0.0)
/home/arimoto/opt/scensim_env/scenargie_simulator/2.2/scenarios_linux/srm_interference/commandline/./script/interference_2pan_plot_results.py:893: RuntimeWarning: invalid value encountered in divide
  tmp_c_rssi_ave_list = np.where(tmp_c_rx_pkt_num_list > 0, np.round(tmp_c_rssi_sum_list/tmp_c_rx_pkt_num_list, 1), 0.0)
/home/arimoto/opt/scensim_env/scenargie_simulator/2.2/scenarios_linux/srm_interference/commandline/./script/interference_2pan_plot_results.py:893: RuntimeWarning: invalid value encountered in divide
  tmp_c_rssi_ave_list = np.where(tmp_c_rx_pkt_num_list > 0, np.round(tmp_c_rssi_sum_list/tmp_c_rx_pkt_num_list, 1), 0.0)
/home/arimoto/opt/scensim_env/scenargie_simulator/2.2/scenarios_linux/srm_interference/commandline/./script/interference_2pan_plot_results.py:893: RuntimeWarning: invalid value encountered in divide
  tmp_c_rssi_ave_list = np.where(tmp_c_rx_pkt_num_list > 0, np.round(tmp_c_rssi_sum_list/tmp_c_rx_pkt_num_list, 1), 0.0)
/home/arimoto/opt/scensim_env/scenargie_simulator/2.2/scenarios_linux/srm_interference/commandline/./script/interference_2pan_plot_results.py:893: RuntimeWarning: invalid value encountered in divide
  tmp_c_rssi_ave_list = np.where(tmp_c_rx_pkt_num_list > 0, np.round(tmp_c_rssi_sum_list/tmp_c_rx_pkt_num_list, 1), 0.0)
/home/arimoto/opt/scensim_env/scenargie_simulator/2.2/scenarios_linux/srm_interference/commandline/./script/interference_2pan_plot_results.py:893: RuntimeWarning: invalid value encountered in divide
  tmp_c_rssi_ave_list = np.where(tmp_c_rx_pkt_num_list > 0, np.round(tmp_c_rssi_sum_list/tmp_c_rx_pkt_num_list, 1), 0.0)
/home/arimoto/opt/scensim_env/scenargie_simulator/2.2/scenarios_linux/srm_interference/commandline/./script/interference_2pan_plot_results.py:893: RuntimeWarning: invalid value encountered in divide
  tmp_c_rssi_ave_list = np.where(tmp_c_rx_pkt_num_list > 0, np.round(tmp_c_rssi_sum_list/tmp_c_rx_pkt_num_list, 1), 0.0)
/home/arimoto/opt/scensim_env/scenargie_simulator/2.2/scenarios_linux/srm_interference/commandline/./script/interference_2pan_plot_results.py:893: RuntimeWarning: invalid value encountered in divide
  tmp_c_rssi_ave_list = np.where(tmp_c_rx_pkt_num_list > 0, np.round(tmp_c_rssi_sum_list/tmp_c_rx_pkt_num_list, 1), 0.0)
/home/arimoto/opt/scensim_env/scenargie_simulator/2.2/scenarios_linux/srm_interference/commandline/./script/interference_2pan_plot_results.py:893: RuntimeWarning: invalid value encountered in divide
  tmp_c_rssi_ave_list = np.where(tmp_c_rx_pkt_num_list > 0, np.round(tmp_c_rssi_sum_list/tmp_c_rx_pkt_num_list, 1), 0.0)
/home/arimoto/opt/scensim_env/scenargie_simulator/2.2/scenarios_linux/srm_interference/commandline/./script/interference_2pan_plot_results.py:893: RuntimeWarning: invalid value encountered in divide
  tmp_c_rssi_ave_list = np.where(tmp_c_rx_pkt_num_list > 0, np.round(tmp_c_rssi_sum_list/tmp_c_rx_pkt_num_list, 1), 0.0)
/home/arimoto/opt/scensim_env/scenargie_simulator/2.2/scenarios_linux/srm_interference/commandline/./script/interference_2pan_plot_results.py:893: RuntimeWarning: invalid value encountered in divide
  tmp_c_rssi_ave_list = np.where(tmp_c_rx_pkt_num_list > 0, np.round(tmp_c_rssi_sum_list/tmp_c_rx_pkt_num_list, 1), 0.0)
/home/arimoto/opt/scensim_env/scenargie_simulator/2.2/scenarios_linux/srm_interference/commandline/./script/interference_2pan_plot_results.py:893: RuntimeWarning: invalid value encountered in divide
  tmp_c_rssi_ave_list = np.where(tmp_c_rx_pkt_num_list > 0, np.round(tmp_c_rssi_sum_list/tmp_c_rx_pkt_num_list, 1), 0.0)
/home/arimoto/opt/scensim_env/scenargie_simulator/2.2/scenarios_linux/srm_interference/commandline/./script/interference_2pan_plot_results.py:893: RuntimeWarning: invalid value encountered in divide
  tmp_c_rssi_ave_list = np.where(tmp_c_rx_pkt_num_list > 0, np.round(tmp_c_rssi_sum_list/tmp_c_rx_pkt_num_list, 1), 0.0)
/home/arimoto/opt/scensim_env/scenargie_simulator/2.2/scenarios_linux/srm_interference/commandline/./script/interference_2pan_plot_results.py:893: RuntimeWarning: invalid value encountered in divide
  tmp_c_rssi_ave_list = np.where(tmp_c_rx_pkt_num_list > 0, np.round(tmp_c_rssi_sum_list/tmp_c_rx_pkt_num_list, 1), 0.0)
/home/arimoto/opt/scensim_env/scenargie_simulator/2.2/scenarios_linux/srm_interference/commandline/./script/interference_2pan_plot_results.py:893: RuntimeWarning: invalid value encountered in divide
  tmp_c_rssi_ave_list = np.where(tmp_c_rx_pkt_num_list > 0, np.round(tmp_c_rssi_sum_list/tmp_c_rx_pkt_num_list, 1), 0.0)
/home/arimoto/opt/scensim_env/scenargie_simulator/2.2/scenarios_linux/srm_interference/commandline/./script/interference_2pan_plot_results.py:893: RuntimeWarning: invalid value encountered in divide
  tmp_c_rssi_ave_list = np.where(tmp_c_rx_pkt_num_list > 0, np.round(tmp_c_rssi_sum_list/tmp_c_rx_pkt_num_list, 1), 0.0)
/home/arimoto/opt/scensim_env/scenargie_simulator/2.2/scenarios_linux/srm_interference/commandline/./script/interference_2pan_plot_results.py:893: RuntimeWarning: invalid value encountered in divide
  tmp_c_rssi_ave_list = np.where(tmp_c_rx_pkt_num_list > 0, np.round(tmp_c_rssi_sum_list/tmp_c_rx_pkt_num_list, 1), 0.0)
/home/arimoto/opt/scensim_env/scenargie_simulator/2.2/scenarios_linux/srm_interference/commandline/./script/interference_2pan_plot_results.py:893: RuntimeWarning: invalid value encountered in divide
  tmp_c_rssi_ave_list = np.where(tmp_c_rx_pkt_num_list > 0, np.round(tmp_c_rssi_sum_list/tmp_c_rx_pkt_num_list, 1), 0.0)
/home/arimoto/opt/scensim_env/scenargie_simulator/2.2/scenarios_linux/srm_interference/commandline/./script/interference_2pan_plot_results.py:893: RuntimeWarning: invalid value encountered in divide
  tmp_c_rssi_ave_list = np.where(tmp_c_rx_pkt_num_list > 0, np.round(tmp_c_rssi_sum_list/tmp_c_rx_pkt_num_list, 1), 0.0)
/home/arimoto/opt/scensim_env/scenargie_simulator/2.2/scenarios_linux/srm_interference/commandline/./script/interference_2pan_plot_results.py:893: RuntimeWarning: invalid value encountered in divide
  tmp_c_rssi_ave_list = np.where(tmp_c_rx_pkt_num_list > 0, np.round(tmp_c_rssi_sum_list/tmp_c_rx_pkt_num_list, 1), 0.0)
/home/arimoto/opt/scensim_env/scenargie_simulator/2.2/scenarios_linux/srm_interference/commandline/./script/interference_2pan_plot_results.py:893: RuntimeWarning: invalid value encountered in divide
  tmp_c_rssi_ave_list = np.where(tmp_c_rx_pkt_num_list > 0, np.round(tmp_c_rssi_sum_list/tmp_c_rx_pkt_num_list, 1), 0.0)
/home/arimoto/opt/scensim_env/scenargie_simulator/2.2/scenarios_linux/srm_interference/commandline/./script/interference_2pan_plot_results.py:893: RuntimeWarning: invalid value encountered in divide
  tmp_c_rssi_ave_list = np.where(tmp_c_rx_pkt_num_list > 0, np.round(tmp_c_rssi_sum_list/tmp_c_rx_pkt_num_list, 1), 0.0)
/home/arimoto/opt/scensim_env/scenargie_simulator/2.2/scenarios_linux/srm_interference/commandline/./script/interference_2pan_plot_results.py:893: RuntimeWarning: invalid value encountered in divide
  tmp_c_rssi_ave_list = np.where(tmp_c_rx_pkt_num_list > 0, np.round(tmp_c_rssi_sum_list/tmp_c_rx_pkt_num_list, 1), 0.0)
/home/arimoto/opt/scensim_env/scenargie_simulator/2.2/scenarios_linux/srm_interference/commandline/./script/interference_2pan_plot_results.py:893: RuntimeWarning: invalid value encountered in divide
  tmp_c_rssi_ave_list = np.where(tmp_c_rx_pkt_num_list > 0, np.round(tmp_c_rssi_sum_list/tmp_c_rx_pkt_num_list, 1), 0.0)
/home/arimoto/opt/scensim_env/scenargie_simulator/2.2/scenarios_linux/srm_interference/commandline/./script/interference_2pan_plot_results.py:893: RuntimeWarning: invalid value encountered in divide
  tmp_c_rssi_ave_list = np.where(tmp_c_rx_pkt_num_list > 0, np.round(tmp_c_rssi_sum_list/tmp_c_rx_pkt_num_list, 1), 0.0)
start off_load_pan1/pan2: 0.4 / 1.0
Found 100 stat files to process.
Found 100 trace files to process.
Found 100 pos files to process.
/home/arimoto/opt/scensim_env/scenargie_simulator/2.2/scenarios_linux/srm_interference/commandline/./script/interference_2pan_plot_results.py:893: RuntimeWarning: invalid value encountered in divide
  tmp_c_rssi_ave_list = np.where(tmp_c_rx_pkt_num_list > 0, np.round(tmp_c_rssi_sum_list/tmp_c_rx_pkt_num_list, 1), 0.0)
/home/arimoto/opt/scensim_env/scenargie_simulator/2.2/scenarios_linux/srm_interference/commandline/./script/interference_2pan_plot_results.py:893: RuntimeWarning: invalid value encountered in divide
  tmp_c_rssi_ave_list = np.where(tmp_c_rx_pkt_num_list > 0, np.round(tmp_c_rssi_sum_list/tmp_c_rx_pkt_num_list, 1), 0.0)
/home/arimoto/opt/scensim_env/scenargie_simulator/2.2/scenarios_linux/srm_interference/commandline/./script/interference_2pan_plot_results.py:893: RuntimeWarning: invalid value encountered in divide
  tmp_c_rssi_ave_list = np.where(tmp_c_rx_pkt_num_list > 0, np.round(tmp_c_rssi_sum_list/tmp_c_rx_pkt_num_list, 1), 0.0)
/home/arimoto/opt/scensim_env/scenargie_simulator/2.2/scenarios_linux/srm_interference/commandline/./script/interference_2pan_plot_results.py:893: RuntimeWarning: invalid value encountered in divide
  tmp_c_rssi_ave_list = np.where(tmp_c_rx_pkt_num_list > 0, np.round(tmp_c_rssi_sum_list/tmp_c_rx_pkt_num_list, 1), 0.0)
/home/arimoto/opt/scensim_env/scenargie_simulator/2.2/scenarios_linux/srm_interference/commandline/./script/interference_2pan_plot_results.py:893: RuntimeWarning: invalid value encountered in divide
  tmp_c_rssi_ave_list = np.where(tmp_c_rx_pkt_num_list > 0, np.round(tmp_c_rssi_sum_list/tmp_c_rx_pkt_num_list, 1), 0.0)
/home/arimoto/opt/scensim_env/scenargie_simulator/2.2/scenarios_linux/srm_interference/commandline/./script/interference_2pan_plot_results.py:893: RuntimeWarning: invalid value encountered in divide
  tmp_c_rssi_ave_list = np.where(tmp_c_rx_pkt_num_list > 0, np.round(tmp_c_rssi_sum_list/tmp_c_rx_pkt_num_list, 1), 0.0)
/home/arimoto/opt/scensim_env/scenargie_simulator/2.2/scenarios_linux/srm_interference/commandline/./script/interference_2pan_plot_results.py:893: RuntimeWarning: invalid value encountered in divide
  tmp_c_rssi_ave_list = np.where(tmp_c_rx_pkt_num_list > 0, np.round(tmp_c_rssi_sum_list/tmp_c_rx_pkt_num_list, 1), 0.0)
/home/arimoto/opt/scensim_env/scenargie_simulator/2.2/scenarios_linux/srm_interference/commandline/./script/interference_2pan_plot_results.py:893: RuntimeWarning: invalid value encountered in divide
  tmp_c_rssi_ave_list = np.where(tmp_c_rx_pkt_num_list > 0, np.round(tmp_c_rssi_sum_list/tmp_c_rx_pkt_num_list, 1), 0.0)
/home/arimoto/opt/scensim_env/scenargie_simulator/2.2/scenarios_linux/srm_interference/commandline/./script/interference_2pan_plot_results.py:893: RuntimeWarning: invalid value encountered in divide
  tmp_c_rssi_ave_list = np.where(tmp_c_rx_pkt_num_list > 0, np.round(tmp_c_rssi_sum_list/tmp_c_rx_pkt_num_list, 1), 0.0)
/home/arimoto/opt/scensim_env/scenargie_simulator/2.2/scenarios_linux/srm_interference/commandline/./script/interference_2pan_plot_results.py:893: RuntimeWarning: invalid value encountered in divide
  tmp_c_rssi_ave_list = np.where(tmp_c_rx_pkt_num_list > 0, np.round(tmp_c_rssi_sum_list/tmp_c_rx_pkt_num_list, 1), 0.0)
/home/arimoto/opt/scensim_env/scenargie_simulator/2.2/scenarios_linux/srm_interference/commandline/./script/interference_2pan_plot_results.py:893: RuntimeWarning: invalid value encountered in divide
  tmp_c_rssi_ave_list = np.where(tmp_c_rx_pkt_num_list > 0, np.round(tmp_c_rssi_sum_list/tmp_c_rx_pkt_num_list, 1), 0.0)
/home/arimoto/opt/scensim_env/scenargie_simulator/2.2/scenarios_linux/srm_interference/commandline/./script/interference_2pan_plot_results.py:893: RuntimeWarning: invalid value encountered in divide
  tmp_c_rssi_ave_list = np.where(tmp_c_rx_pkt_num_list > 0, np.round(tmp_c_rssi_sum_list/tmp_c_rx_pkt_num_list, 1), 0.0)
/home/arimoto/opt/scensim_env/scenargie_simulator/2.2/scenarios_linux/srm_interference/commandline/./script/interference_2pan_plot_results.py:893: RuntimeWarning: invalid value encountered in divide
  tmp_c_rssi_ave_list = np.where(tmp_c_rx_pkt_num_list > 0, np.round(tmp_c_rssi_sum_list/tmp_c_rx_pkt_num_list, 1), 0.0)
/home/arimoto/opt/scensim_env/scenargie_simulator/2.2/scenarios_linux/srm_interference/commandline/./script/interference_2pan_plot_results.py:893: RuntimeWarning: invalid value encountered in divide
  tmp_c_rssi_ave_list = np.where(tmp_c_rx_pkt_num_list > 0, np.round(tmp_c_rssi_sum_list/tmp_c_rx_pkt_num_list, 1), 0.0)
/home/arimoto/opt/scensim_env/scenargie_simulator/2.2/scenarios_linux/srm_interference/commandline/./script/interference_2pan_plot_results.py:893: RuntimeWarning: invalid value encountered in divide
  tmp_c_rssi_ave_list = np.where(tmp_c_rx_pkt_num_list > 0, np.round(tmp_c_rssi_sum_list/tmp_c_rx_pkt_num_list, 1), 0.0)
/home/arimoto/opt/scensim_env/scenargie_simulator/2.2/scenarios_linux/srm_interference/commandline/./script/interference_2pan_plot_results.py:893: RuntimeWarning: invalid value encountered in divide
  tmp_c_rssi_ave_list = np.where(tmp_c_rx_pkt_num_list > 0, np.round(tmp_c_rssi_sum_list/tmp_c_rx_pkt_num_list, 1), 0.0)
/home/arimoto/opt/scensim_env/scenargie_simulator/2.2/scenarios_linux/srm_interference/commandline/./script/interference_2pan_plot_results.py:893: RuntimeWarning: invalid value encountered in divide
  tmp_c_rssi_ave_list = np.where(tmp_c_rx_pkt_num_list > 0, np.round(tmp_c_rssi_sum_list/tmp_c_rx_pkt_num_list, 1), 0.0)
/home/arimoto/opt/scensim_env/scenargie_simulator/2.2/scenarios_linux/srm_interference/commandline/./script/interference_2pan_plot_results.py:893: RuntimeWarning: invalid value encountered in divide
  tmp_c_rssi_ave_list = np.where(tmp_c_rx_pkt_num_list > 0, np.round(tmp_c_rssi_sum_list/tmp_c_rx_pkt_num_list, 1), 0.0)
/home/arimoto/opt/scensim_env/scenargie_simulator/2.2/scenarios_linux/srm_interference/commandline/./script/interference_2pan_plot_results.py:893: RuntimeWarning: invalid value encountered in divide
  tmp_c_rssi_ave_list = np.where(tmp_c_rx_pkt_num_list > 0, np.round(tmp_c_rssi_sum_list/tmp_c_rx_pkt_num_list, 1), 0.0)
/home/arimoto/opt/scensim_env/scenargie_simulator/2.2/scenarios_linux/srm_interference/commandline/./script/interference_2pan_plot_results.py:893: RuntimeWarning: invalid value encountered in divide
  tmp_c_rssi_ave_list = np.where(tmp_c_rx_pkt_num_list > 0, np.round(tmp_c_rssi_sum_list/tmp_c_rx_pkt_num_list, 1), 0.0)
/home/arimoto/opt/scensim_env/scenargie_simulator/2.2/scenarios_linux/srm_interference/commandline/./script/interference_2pan_plot_results.py:893: RuntimeWarning: invalid value encountered in divide
  tmp_c_rssi_ave_list = np.where(tmp_c_rx_pkt_num_list > 0, np.round(tmp_c_rssi_sum_list/tmp_c_rx_pkt_num_list, 1), 0.0)
/home/arimoto/opt/scensim_env/scenargie_simulator/2.2/scenarios_linux/srm_interference/commandline/./script/interference_2pan_plot_results.py:893: RuntimeWarning: invalid value encountered in divide
  tmp_c_rssi_ave_list = np.where(tmp_c_rx_pkt_num_list > 0, np.round(tmp_c_rssi_sum_list/tmp_c_rx_pkt_num_list, 1), 0.0)
/home/arimoto/opt/scensim_env/scenargie_simulator/2.2/scenarios_linux/srm_interference/commandline/./script/interference_2pan_plot_results.py:893: RuntimeWarning: invalid value encountered in divide
  tmp_c_rssi_ave_list = np.where(tmp_c_rx_pkt_num_list > 0, np.round(tmp_c_rssi_sum_list/tmp_c_rx_pkt_num_list, 1), 0.0)
/home/arimoto/opt/scensim_env/scenargie_simulator/2.2/scenarios_linux/srm_interference/commandline/./script/interference_2pan_plot_results.py:893: RuntimeWarning: invalid value encountered in divide
  tmp_c_rssi_ave_list = np.where(tmp_c_rx_pkt_num_list > 0, np.round(tmp_c_rssi_sum_list/tmp_c_rx_pkt_num_list, 1), 0.0)
/home/arimoto/opt/scensim_env/scenargie_simulator/2.2/scenarios_linux/srm_interference/commandline/./script/interference_2pan_plot_results.py:893: RuntimeWarning: invalid value encountered in divide
  tmp_c_rssi_ave_list = np.where(tmp_c_rx_pkt_num_list > 0, np.round(tmp_c_rssi_sum_list/tmp_c_rx_pkt_num_list, 1), 0.0)
/home/arimoto/opt/scensim_env/scenargie_simulator/2.2/scenarios_linux/srm_interference/commandline/./script/interference_2pan_plot_results.py:893: RuntimeWarning: invalid value encountered in divide
  tmp_c_rssi_ave_list = np.where(tmp_c_rx_pkt_num_list > 0, np.round(tmp_c_rssi_sum_list/tmp_c_rx_pkt_num_list, 1), 0.0)
/home/arimoto/opt/scensim_env/scenargie_simulator/2.2/scenarios_linux/srm_interference/commandline/./script/interference_2pan_plot_results.py:893: RuntimeWarning: invalid value encountered in divide
  tmp_c_rssi_ave_list = np.where(tmp_c_rx_pkt_num_list > 0, np.round(tmp_c_rssi_sum_list/tmp_c_rx_pkt_num_list, 1), 0.0)
/home/arimoto/opt/scensim_env/scenargie_simulator/2.2/scenarios_linux/srm_interference/commandline/./script/interference_2pan_plot_results.py:893: RuntimeWarning: invalid value encountered in divide
  tmp_c_rssi_ave_list = np.where(tmp_c_rx_pkt_num_list > 0, np.round(tmp_c_rssi_sum_list/tmp_c_rx_pkt_num_list, 1), 0.0)
/home/arimoto/opt/scensim_env/scenargie_simulator/2.2/scenarios_linux/srm_interference/commandline/./script/interference_2pan_plot_results.py:893: RuntimeWarning: invalid value encountered in divide
  tmp_c_rssi_ave_list = np.where(tmp_c_rx_pkt_num_list > 0, np.round(tmp_c_rssi_sum_list/tmp_c_rx_pkt_num_list, 1), 0.0)
/home/arimoto/opt/scensim_env/scenargie_simulator/2.2/scenarios_linux/srm_interference/commandline/./script/interference_2pan_plot_results.py:893: RuntimeWarning: invalid value encountered in divide
  tmp_c_rssi_ave_list = np.where(tmp_c_rx_pkt_num_list > 0, np.round(tmp_c_rssi_sum_list/tmp_c_rx_pkt_num_list, 1), 0.0)
/home/arimoto/opt/scensim_env/scenargie_simulator/2.2/scenarios_linux/srm_interference/commandline/./script/interference_2pan_plot_results.py:893: RuntimeWarning: invalid value encountered in divide
  tmp_c_rssi_ave_list = np.where(tmp_c_rx_pkt_num_list > 0, np.round(tmp_c_rssi_sum_list/tmp_c_rx_pkt_num_list, 1), 0.0)
/home/arimoto/opt/scensim_env/scenargie_simulator/2.2/scenarios_linux/srm_interference/commandline/./script/interference_2pan_plot_results.py:893: RuntimeWarning: invalid value encountered in divide
  tmp_c_rssi_ave_list = np.where(tmp_c_rx_pkt_num_list > 0, np.round(tmp_c_rssi_sum_list/tmp_c_rx_pkt_num_list, 1), 0.0)
start off_load_pan1/pan2: 0.5 / 1.0
Found 100 stat files to process.
Found 100 trace files to process.
Found 100 pos files to process.
/home/arimoto/opt/scensim_env/scenargie_simulator/2.2/scenarios_linux/srm_interference/commandline/./script/interference_2pan_plot_results.py:893: RuntimeWarning: invalid value encountered in divide
  tmp_c_rssi_ave_list = np.where(tmp_c_rx_pkt_num_list > 0, np.round(tmp_c_rssi_sum_list/tmp_c_rx_pkt_num_list, 1), 0.0)
/home/arimoto/opt/scensim_env/scenargie_simulator/2.2/scenarios_linux/srm_interference/commandline/./script/interference_2pan_plot_results.py:893: RuntimeWarning: invalid value encountered in divide
  tmp_c_rssi_ave_list = np.where(tmp_c_rx_pkt_num_list > 0, np.round(tmp_c_rssi_sum_list/tmp_c_rx_pkt_num_list, 1), 0.0)
/home/arimoto/opt/scensim_env/scenargie_simulator/2.2/scenarios_linux/srm_interference/commandline/./script/interference_2pan_plot_results.py:893: RuntimeWarning: invalid value encountered in divide
  tmp_c_rssi_ave_list = np.where(tmp_c_rx_pkt_num_list > 0, np.round(tmp_c_rssi_sum_list/tmp_c_rx_pkt_num_list, 1), 0.0)
/home/arimoto/opt/scensim_env/scenargie_simulator/2.2/scenarios_linux/srm_interference/commandline/./script/interference_2pan_plot_results.py:893: RuntimeWarning: invalid value encountered in divide
  tmp_c_rssi_ave_list = np.where(tmp_c_rx_pkt_num_list > 0, np.round(tmp_c_rssi_sum_list/tmp_c_rx_pkt_num_list, 1), 0.0)
/home/arimoto/opt/scensim_env/scenargie_simulator/2.2/scenarios_linux/srm_interference/commandline/./script/interference_2pan_plot_results.py:893: RuntimeWarning: invalid value encountered in divide
  tmp_c_rssi_ave_list = np.where(tmp_c_rx_pkt_num_list > 0, np.round(tmp_c_rssi_sum_list/tmp_c_rx_pkt_num_list, 1), 0.0)
/home/arimoto/opt/scensim_env/scenargie_simulator/2.2/scenarios_linux/srm_interference/commandline/./script/interference_2pan_plot_results.py:893: RuntimeWarning: invalid value encountered in divide
  tmp_c_rssi_ave_list = np.where(tmp_c_rx_pkt_num_list > 0, np.round(tmp_c_rssi_sum_list/tmp_c_rx_pkt_num_list, 1), 0.0)
/home/arimoto/opt/scensim_env/scenargie_simulator/2.2/scenarios_linux/srm_interference/commandline/./script/interference_2pan_plot_results.py:893: RuntimeWarning: invalid value encountered in divide
  tmp_c_rssi_ave_list = np.where(tmp_c_rx_pkt_num_list > 0, np.round(tmp_c_rssi_sum_list/tmp_c_rx_pkt_num_list, 1), 0.0)
/home/arimoto/opt/scensim_env/scenargie_simulator/2.2/scenarios_linux/srm_interference/commandline/./script/interference_2pan_plot_results.py:893: RuntimeWarning: invalid value encountered in divide
  tmp_c_rssi_ave_list = np.where(tmp_c_rx_pkt_num_list > 0, np.round(tmp_c_rssi_sum_list/tmp_c_rx_pkt_num_list, 1), 0.0)
/home/arimoto/opt/scensim_env/scenargie_simulator/2.2/scenarios_linux/srm_interference/commandline/./script/interference_2pan_plot_results.py:893: RuntimeWarning: invalid value encountered in divide
  tmp_c_rssi_ave_list = np.where(tmp_c_rx_pkt_num_list > 0, np.round(tmp_c_rssi_sum_list/tmp_c_rx_pkt_num_list, 1), 0.0)
/home/arimoto/opt/scensim_env/scenargie_simulator/2.2/scenarios_linux/srm_interference/commandline/./script/interference_2pan_plot_results.py:893: RuntimeWarning: invalid value encountered in divide
  tmp_c_rssi_ave_list = np.where(tmp_c_rx_pkt_num_list > 0, np.round(tmp_c_rssi_sum_list/tmp_c_rx_pkt_num_list, 1), 0.0)
/home/arimoto/opt/scensim_env/scenargie_simulator/2.2/scenarios_linux/srm_interference/commandline/./script/interference_2pan_plot_results.py:893: RuntimeWarning: invalid value encountered in divide
  tmp_c_rssi_ave_list = np.where(tmp_c_rx_pkt_num_list > 0, np.round(tmp_c_rssi_sum_list/tmp_c_rx_pkt_num_list, 1), 0.0)
/home/arimoto/opt/scensim_env/scenargie_simulator/2.2/scenarios_linux/srm_interference/commandline/./script/interference_2pan_plot_results.py:893: RuntimeWarning: invalid value encountered in divide
  tmp_c_rssi_ave_list = np.where(tmp_c_rx_pkt_num_list > 0, np.round(tmp_c_rssi_sum_list/tmp_c_rx_pkt_num_list, 1), 0.0)
/home/arimoto/opt/scensim_env/scenargie_simulator/2.2/scenarios_linux/srm_interference/commandline/./script/interference_2pan_plot_results.py:893: RuntimeWarning: invalid value encountered in divide
  tmp_c_rssi_ave_list = np.where(tmp_c_rx_pkt_num_list > 0, np.round(tmp_c_rssi_sum_list/tmp_c_rx_pkt_num_list, 1), 0.0)
/home/arimoto/opt/scensim_env/scenargie_simulator/2.2/scenarios_linux/srm_interference/commandline/./script/interference_2pan_plot_results.py:893: RuntimeWarning: invalid value encountered in divide
  tmp_c_rssi_ave_list = np.where(tmp_c_rx_pkt_num_list > 0, np.round(tmp_c_rssi_sum_list/tmp_c_rx_pkt_num_list, 1), 0.0)
/home/arimoto/opt/scensim_env/scenargie_simulator/2.2/scenarios_linux/srm_interference/commandline/./script/interference_2pan_plot_results.py:893: RuntimeWarning: invalid value encountered in divide
  tmp_c_rssi_ave_list = np.where(tmp_c_rx_pkt_num_list > 0, np.round(tmp_c_rssi_sum_list/tmp_c_rx_pkt_num_list, 1), 0.0)
/home/arimoto/opt/scensim_env/scenargie_simulator/2.2/scenarios_linux/srm_interference/commandline/./script/interference_2pan_plot_results.py:893: RuntimeWarning: invalid value encountered in divide
  tmp_c_rssi_ave_list = np.where(tmp_c_rx_pkt_num_list > 0, np.round(tmp_c_rssi_sum_list/tmp_c_rx_pkt_num_list, 1), 0.0)
/home/arimoto/opt/scensim_env/scenargie_simulator/2.2/scenarios_linux/srm_interference/commandline/./script/interference_2pan_plot_results.py:893: RuntimeWarning: invalid value encountered in divide
  tmp_c_rssi_ave_list = np.where(tmp_c_rx_pkt_num_list > 0, np.round(tmp_c_rssi_sum_list/tmp_c_rx_pkt_num_list, 1), 0.0)
/home/arimoto/opt/scensim_env/scenargie_simulator/2.2/scenarios_linux/srm_interference/commandline/./script/interference_2pan_plot_results.py:893: RuntimeWarning: invalid value encountered in divide
  tmp_c_rssi_ave_list = np.where(tmp_c_rx_pkt_num_list > 0, np.round(tmp_c_rssi_sum_list/tmp_c_rx_pkt_num_list, 1), 0.0)
/home/arimoto/opt/scensim_env/scenargie_simulator/2.2/scenarios_linux/srm_interference/commandline/./script/interference_2pan_plot_results.py:893: RuntimeWarning: invalid value encountered in divide
  tmp_c_rssi_ave_list = np.where(tmp_c_rx_pkt_num_list > 0, np.round(tmp_c_rssi_sum_list/tmp_c_rx_pkt_num_list, 1), 0.0)
/home/arimoto/opt/scensim_env/scenargie_simulator/2.2/scenarios_linux/srm_interference/commandline/./script/interference_2pan_plot_results.py:893: RuntimeWarning: invalid value encountered in divide
  tmp_c_rssi_ave_list = np.where(tmp_c_rx_pkt_num_list > 0, np.round(tmp_c_rssi_sum_list/tmp_c_rx_pkt_num_list, 1), 0.0)
/home/arimoto/opt/scensim_env/scenargie_simulator/2.2/scenarios_linux/srm_interference/commandline/./script/interference_2pan_plot_results.py:893: RuntimeWarning: invalid value encountered in divide
  tmp_c_rssi_ave_list = np.where(tmp_c_rx_pkt_num_list > 0, np.round(tmp_c_rssi_sum_list/tmp_c_rx_pkt_num_list, 1), 0.0)
/home/arimoto/opt/scensim_env/scenargie_simulator/2.2/scenarios_linux/srm_interference/commandline/./script/interference_2pan_plot_results.py:893: RuntimeWarning: invalid value encountered in divide
  tmp_c_rssi_ave_list = np.where(tmp_c_rx_pkt_num_list > 0, np.round(tmp_c_rssi_sum_list/tmp_c_rx_pkt_num_list, 1), 0.0)
/home/arimoto/opt/scensim_env/scenargie_simulator/2.2/scenarios_linux/srm_interference/commandline/./script/interference_2pan_plot_results.py:893: RuntimeWarning: invalid value encountered in divide
  tmp_c_rssi_ave_list = np.where(tmp_c_rx_pkt_num_list > 0, np.round(tmp_c_rssi_sum_list/tmp_c_rx_pkt_num_list, 1), 0.0)
/home/arimoto/opt/scensim_env/scenargie_simulator/2.2/scenarios_linux/srm_interference/commandline/./script/interference_2pan_plot_results.py:893: RuntimeWarning: invalid value encountered in divide
  tmp_c_rssi_ave_list = np.where(tmp_c_rx_pkt_num_list > 0, np.round(tmp_c_rssi_sum_list/tmp_c_rx_pkt_num_list, 1), 0.0)
/home/arimoto/opt/scensim_env/scenargie_simulator/2.2/scenarios_linux/srm_interference/commandline/./script/interference_2pan_plot_results.py:893: RuntimeWarning: invalid value encountered in divide
  tmp_c_rssi_ave_list = np.where(tmp_c_rx_pkt_num_list > 0, np.round(tmp_c_rssi_sum_list/tmp_c_rx_pkt_num_list, 1), 0.0)
/home/arimoto/opt/scensim_env/scenargie_simulator/2.2/scenarios_linux/srm_interference/commandline/./script/interference_2pan_plot_results.py:893: RuntimeWarning: invalid value encountered in divide
  tmp_c_rssi_ave_list = np.where(tmp_c_rx_pkt_num_list > 0, np.round(tmp_c_rssi_sum_list/tmp_c_rx_pkt_num_list, 1), 0.0)
/home/arimoto/opt/scensim_env/scenargie_simulator/2.2/scenarios_linux/srm_interference/commandline/./script/interference_2pan_plot_results.py:893: RuntimeWarning: invalid value encountered in divide
  tmp_c_rssi_ave_list = np.where(tmp_c_rx_pkt_num_list > 0, np.round(tmp_c_rssi_sum_list/tmp_c_rx_pkt_num_list, 1), 0.0)
/home/arimoto/opt/scensim_env/scenargie_simulator/2.2/scenarios_linux/srm_interference/commandline/./script/interference_2pan_plot_results.py:893: RuntimeWarning: invalid value encountered in divide
  tmp_c_rssi_ave_list = np.where(tmp_c_rx_pkt_num_list > 0, np.round(tmp_c_rssi_sum_list/tmp_c_rx_pkt_num_list, 1), 0.0)
/home/arimoto/opt/scensim_env/scenargie_simulator/2.2/scenarios_linux/srm_interference/commandline/./script/interference_2pan_plot_results.py:893: RuntimeWarning: invalid value encountered in divide
  tmp_c_rssi_ave_list = np.where(tmp_c_rx_pkt_num_list > 0, np.round(tmp_c_rssi_sum_list/tmp_c_rx_pkt_num_list, 1), 0.0)
/home/arimoto/opt/scensim_env/scenargie_simulator/2.2/scenarios_linux/srm_interference/commandline/./script/interference_2pan_plot_results.py:893: RuntimeWarning: invalid value encountered in divide
  tmp_c_rssi_ave_list = np.where(tmp_c_rx_pkt_num_list > 0, np.round(tmp_c_rssi_sum_list/tmp_c_rx_pkt_num_list, 1), 0.0)
/home/arimoto/opt/scensim_env/scenargie_simulator/2.2/scenarios_linux/srm_interference/commandline/./script/interference_2pan_plot_results.py:893: RuntimeWarning: invalid value encountered in divide
  tmp_c_rssi_ave_list = np.where(tmp_c_rx_pkt_num_list > 0, np.round(tmp_c_rssi_sum_list/tmp_c_rx_pkt_num_list, 1), 0.0)
/home/arimoto/opt/scensim_env/scenargie_simulator/2.2/scenarios_linux/srm_interference/commandline/./script/interference_2pan_plot_results.py:893: RuntimeWarning: invalid value encountered in divide
  tmp_c_rssi_ave_list = np.where(tmp_c_rx_pkt_num_list > 0, np.round(tmp_c_rssi_sum_list/tmp_c_rx_pkt_num_list, 1), 0.0)
start off_load_pan1/pan2: 0.6 / 1.0
Found 100 stat files to process.
Found 100 trace files to process.
Found 100 pos files to process.
/home/arimoto/opt/scensim_env/scenargie_simulator/2.2/scenarios_linux/srm_interference/commandline/./script/interference_2pan_plot_results.py:893: RuntimeWarning: invalid value encountered in divide
  tmp_c_rssi_ave_list = np.where(tmp_c_rx_pkt_num_list > 0, np.round(tmp_c_rssi_sum_list/tmp_c_rx_pkt_num_list, 1), 0.0)
/home/arimoto/opt/scensim_env/scenargie_simulator/2.2/scenarios_linux/srm_interference/commandline/./script/interference_2pan_plot_results.py:893: RuntimeWarning: invalid value encountered in divide
  tmp_c_rssi_ave_list = np.where(tmp_c_rx_pkt_num_list > 0, np.round(tmp_c_rssi_sum_list/tmp_c_rx_pkt_num_list, 1), 0.0)
/home/arimoto/opt/scensim_env/scenargie_simulator/2.2/scenarios_linux/srm_interference/commandline/./script/interference_2pan_plot_results.py:893: RuntimeWarning: invalid value encountered in divide
  tmp_c_rssi_ave_list = np.where(tmp_c_rx_pkt_num_list > 0, np.round(tmp_c_rssi_sum_list/tmp_c_rx_pkt_num_list, 1), 0.0)
/home/arimoto/opt/scensim_env/scenargie_simulator/2.2/scenarios_linux/srm_interference/commandline/./script/interference_2pan_plot_results.py:893: RuntimeWarning: invalid value encountered in divide
  tmp_c_rssi_ave_list = np.where(tmp_c_rx_pkt_num_list > 0, np.round(tmp_c_rssi_sum_list/tmp_c_rx_pkt_num_list, 1), 0.0)
/home/arimoto/opt/scensim_env/scenargie_simulator/2.2/scenarios_linux/srm_interference/commandline/./script/interference_2pan_plot_results.py:893: RuntimeWarning: invalid value encountered in divide
  tmp_c_rssi_ave_list = np.where(tmp_c_rx_pkt_num_list > 0, np.round(tmp_c_rssi_sum_list/tmp_c_rx_pkt_num_list, 1), 0.0)
/home/arimoto/opt/scensim_env/scenargie_simulator/2.2/scenarios_linux/srm_interference/commandline/./script/interference_2pan_plot_results.py:893: RuntimeWarning: invalid value encountered in divide
  tmp_c_rssi_ave_list = np.where(tmp_c_rx_pkt_num_list > 0, np.round(tmp_c_rssi_sum_list/tmp_c_rx_pkt_num_list, 1), 0.0)
/home/arimoto/opt/scensim_env/scenargie_simulator/2.2/scenarios_linux/srm_interference/commandline/./script/interference_2pan_plot_results.py:893: RuntimeWarning: invalid value encountered in divide
  tmp_c_rssi_ave_list = np.where(tmp_c_rx_pkt_num_list > 0, np.round(tmp_c_rssi_sum_list/tmp_c_rx_pkt_num_list, 1), 0.0)
/home/arimoto/opt/scensim_env/scenargie_simulator/2.2/scenarios_linux/srm_interference/commandline/./script/interference_2pan_plot_results.py:893: RuntimeWarning: invalid value encountered in divide
  tmp_c_rssi_ave_list = np.where(tmp_c_rx_pkt_num_list > 0, np.round(tmp_c_rssi_sum_list/tmp_c_rx_pkt_num_list, 1), 0.0)
/home/arimoto/opt/scensim_env/scenargie_simulator/2.2/scenarios_linux/srm_interference/commandline/./script/interference_2pan_plot_results.py:893: RuntimeWarning: invalid value encountered in divide
  tmp_c_rssi_ave_list = np.where(tmp_c_rx_pkt_num_list > 0, np.round(tmp_c_rssi_sum_list/tmp_c_rx_pkt_num_list, 1), 0.0)
/home/arimoto/opt/scensim_env/scenargie_simulator/2.2/scenarios_linux/srm_interference/commandline/./script/interference_2pan_plot_results.py:893: RuntimeWarning: invalid value encountered in divide
  tmp_c_rssi_ave_list = np.where(tmp_c_rx_pkt_num_list > 0, np.round(tmp_c_rssi_sum_list/tmp_c_rx_pkt_num_list, 1), 0.0)
/home/arimoto/opt/scensim_env/scenargie_simulator/2.2/scenarios_linux/srm_interference/commandline/./script/interference_2pan_plot_results.py:893: RuntimeWarning: invalid value encountered in divide
  tmp_c_rssi_ave_list = np.where(tmp_c_rx_pkt_num_list > 0, np.round(tmp_c_rssi_sum_list/tmp_c_rx_pkt_num_list, 1), 0.0)
/home/arimoto/opt/scensim_env/scenargie_simulator/2.2/scenarios_linux/srm_interference/commandline/./script/interference_2pan_plot_results.py:893: RuntimeWarning: invalid value encountered in divide
  tmp_c_rssi_ave_list = np.where(tmp_c_rx_pkt_num_list > 0, np.round(tmp_c_rssi_sum_list/tmp_c_rx_pkt_num_list, 1), 0.0)
/home/arimoto/opt/scensim_env/scenargie_simulator/2.2/scenarios_linux/srm_interference/commandline/./script/interference_2pan_plot_results.py:893: RuntimeWarning: invalid value encountered in divide
  tmp_c_rssi_ave_list = np.where(tmp_c_rx_pkt_num_list > 0, np.round(tmp_c_rssi_sum_list/tmp_c_rx_pkt_num_list, 1), 0.0)
/home/arimoto/opt/scensim_env/scenargie_simulator/2.2/scenarios_linux/srm_interference/commandline/./script/interference_2pan_plot_results.py:893: RuntimeWarning: invalid value encountered in divide
  tmp_c_rssi_ave_list = np.where(tmp_c_rx_pkt_num_list > 0, np.round(tmp_c_rssi_sum_list/tmp_c_rx_pkt_num_list, 1), 0.0)
/home/arimoto/opt/scensim_env/scenargie_simulator/2.2/scenarios_linux/srm_interference/commandline/./script/interference_2pan_plot_results.py:893: RuntimeWarning: invalid value encountered in divide
  tmp_c_rssi_ave_list = np.where(tmp_c_rx_pkt_num_list > 0, np.round(tmp_c_rssi_sum_list/tmp_c_rx_pkt_num_list, 1), 0.0)
/home/arimoto/opt/scensim_env/scenargie_simulator/2.2/scenarios_linux/srm_interference/commandline/./script/interference_2pan_plot_results.py:893: RuntimeWarning: invalid value encountered in divide
  tmp_c_rssi_ave_list = np.where(tmp_c_rx_pkt_num_list > 0, np.round(tmp_c_rssi_sum_list/tmp_c_rx_pkt_num_list, 1), 0.0)
/home/arimoto/opt/scensim_env/scenargie_simulator/2.2/scenarios_linux/srm_interference/commandline/./script/interference_2pan_plot_results.py:893: RuntimeWarning: invalid value encountered in divide
  tmp_c_rssi_ave_list = np.where(tmp_c_rx_pkt_num_list > 0, np.round(tmp_c_rssi_sum_list/tmp_c_rx_pkt_num_list, 1), 0.0)
/home/arimoto/opt/scensim_env/scenargie_simulator/2.2/scenarios_linux/srm_interference/commandline/./script/interference_2pan_plot_results.py:893: RuntimeWarning: invalid value encountered in divide
  tmp_c_rssi_ave_list = np.where(tmp_c_rx_pkt_num_list > 0, np.round(tmp_c_rssi_sum_list/tmp_c_rx_pkt_num_list, 1), 0.0)
/home/arimoto/opt/scensim_env/scenargie_simulator/2.2/scenarios_linux/srm_interference/commandline/./script/interference_2pan_plot_results.py:893: RuntimeWarning: invalid value encountered in divide
  tmp_c_rssi_ave_list = np.where(tmp_c_rx_pkt_num_list > 0, np.round(tmp_c_rssi_sum_list/tmp_c_rx_pkt_num_list, 1), 0.0)
/home/arimoto/opt/scensim_env/scenargie_simulator/2.2/scenarios_linux/srm_interference/commandline/./script/interference_2pan_plot_results.py:893: RuntimeWarning: invalid value encountered in divide
  tmp_c_rssi_ave_list = np.where(tmp_c_rx_pkt_num_list > 0, np.round(tmp_c_rssi_sum_list/tmp_c_rx_pkt_num_list, 1), 0.0)
/home/arimoto/opt/scensim_env/scenargie_simulator/2.2/scenarios_linux/srm_interference/commandline/./script/interference_2pan_plot_results.py:893: RuntimeWarning: invalid value encountered in divide
  tmp_c_rssi_ave_list = np.where(tmp_c_rx_pkt_num_list > 0, np.round(tmp_c_rssi_sum_list/tmp_c_rx_pkt_num_list, 1), 0.0)
/home/arimoto/opt/scensim_env/scenargie_simulator/2.2/scenarios_linux/srm_interference/commandline/./script/interference_2pan_plot_results.py:893: RuntimeWarning: invalid value encountered in divide
  tmp_c_rssi_ave_list = np.where(tmp_c_rx_pkt_num_list > 0, np.round(tmp_c_rssi_sum_list/tmp_c_rx_pkt_num_list, 1), 0.0)
/home/arimoto/opt/scensim_env/scenargie_simulator/2.2/scenarios_linux/srm_interference/commandline/./script/interference_2pan_plot_results.py:893: RuntimeWarning: invalid value encountered in divide
  tmp_c_rssi_ave_list = np.where(tmp_c_rx_pkt_num_list > 0, np.round(tmp_c_rssi_sum_list/tmp_c_rx_pkt_num_list, 1), 0.0)
/home/arimoto/opt/scensim_env/scenargie_simulator/2.2/scenarios_linux/srm_interference/commandline/./script/interference_2pan_plot_results.py:893: RuntimeWarning: invalid value encountered in divide
  tmp_c_rssi_ave_list = np.where(tmp_c_rx_pkt_num_list > 0, np.round(tmp_c_rssi_sum_list/tmp_c_rx_pkt_num_list, 1), 0.0)
/home/arimoto/opt/scensim_env/scenargie_simulator/2.2/scenarios_linux/srm_interference/commandline/./script/interference_2pan_plot_results.py:893: RuntimeWarning: invalid value encountered in divide
  tmp_c_rssi_ave_list = np.where(tmp_c_rx_pkt_num_list > 0, np.round(tmp_c_rssi_sum_list/tmp_c_rx_pkt_num_list, 1), 0.0)
/home/arimoto/opt/scensim_env/scenargie_simulator/2.2/scenarios_linux/srm_interference/commandline/./script/interference_2pan_plot_results.py:893: RuntimeWarning: invalid value encountered in divide
  tmp_c_rssi_ave_list = np.where(tmp_c_rx_pkt_num_list > 0, np.round(tmp_c_rssi_sum_list/tmp_c_rx_pkt_num_list, 1), 0.0)
/home/arimoto/opt/scensim_env/scenargie_simulator/2.2/scenarios_linux/srm_interference/commandline/./script/interference_2pan_plot_results.py:893: RuntimeWarning: invalid value encountered in divide
  tmp_c_rssi_ave_list = np.where(tmp_c_rx_pkt_num_list > 0, np.round(tmp_c_rssi_sum_list/tmp_c_rx_pkt_num_list, 1), 0.0)
/home/arimoto/opt/scensim_env/scenargie_simulator/2.2/scenarios_linux/srm_interference/commandline/./script/interference_2pan_plot_results.py:893: RuntimeWarning: invalid value encountered in divide
  tmp_c_rssi_ave_list = np.where(tmp_c_rx_pkt_num_list > 0, np.round(tmp_c_rssi_sum_list/tmp_c_rx_pkt_num_list, 1), 0.0)
/home/arimoto/opt/scensim_env/scenargie_simulator/2.2/scenarios_linux/srm_interference/commandline/./script/interference_2pan_plot_results.py:893: RuntimeWarning: invalid value encountered in divide
  tmp_c_rssi_ave_list = np.where(tmp_c_rx_pkt_num_list > 0, np.round(tmp_c_rssi_sum_list/tmp_c_rx_pkt_num_list, 1), 0.0)
/home/arimoto/opt/scensim_env/scenargie_simulator/2.2/scenarios_linux/srm_interference/commandline/./script/interference_2pan_plot_results.py:893: RuntimeWarning: invalid value encountered in divide
  tmp_c_rssi_ave_list = np.where(tmp_c_rx_pkt_num_list > 0, np.round(tmp_c_rssi_sum_list/tmp_c_rx_pkt_num_list, 1), 0.0)
/home/arimoto/opt/scensim_env/scenargie_simulator/2.2/scenarios_linux/srm_interference/commandline/./script/interference_2pan_plot_results.py:893: RuntimeWarning: invalid value encountered in divide
  tmp_c_rssi_ave_list = np.where(tmp_c_rx_pkt_num_list > 0, np.round(tmp_c_rssi_sum_list/tmp_c_rx_pkt_num_list, 1), 0.0)
/home/arimoto/opt/scensim_env/scenargie_simulator/2.2/scenarios_linux/srm_interference/commandline/./script/interference_2pan_plot_results.py:893: RuntimeWarning: invalid value encountered in divide
  tmp_c_rssi_ave_list = np.where(tmp_c_rx_pkt_num_list > 0, np.round(tmp_c_rssi_sum_list/tmp_c_rx_pkt_num_list, 1), 0.0)
start off_load_pan1/pan2: 0.7 / 1.0
Found 100 stat files to process.
Found 100 trace files to process.
Found 100 pos files to process.
/home/arimoto/opt/scensim_env/scenargie_simulator/2.2/scenarios_linux/srm_interference/commandline/./script/interference_2pan_plot_results.py:893: RuntimeWarning: invalid value encountered in divide
  tmp_c_rssi_ave_list = np.where(tmp_c_rx_pkt_num_list > 0, np.round(tmp_c_rssi_sum_list/tmp_c_rx_pkt_num_list, 1), 0.0)
/home/arimoto/opt/scensim_env/scenargie_simulator/2.2/scenarios_linux/srm_interference/commandline/./script/interference_2pan_plot_results.py:893: RuntimeWarning: invalid value encountered in divide
  tmp_c_rssi_ave_list = np.where(tmp_c_rx_pkt_num_list > 0, np.round(tmp_c_rssi_sum_list/tmp_c_rx_pkt_num_list, 1), 0.0)
/home/arimoto/opt/scensim_env/scenargie_simulator/2.2/scenarios_linux/srm_interference/commandline/./script/interference_2pan_plot_results.py:893: RuntimeWarning: invalid value encountered in divide
  tmp_c_rssi_ave_list = np.where(tmp_c_rx_pkt_num_list > 0, np.round(tmp_c_rssi_sum_list/tmp_c_rx_pkt_num_list, 1), 0.0)
/home/arimoto/opt/scensim_env/scenargie_simulator/2.2/scenarios_linux/srm_interference/commandline/./script/interference_2pan_plot_results.py:893: RuntimeWarning: invalid value encountered in divide
  tmp_c_rssi_ave_list = np.where(tmp_c_rx_pkt_num_list > 0, np.round(tmp_c_rssi_sum_list/tmp_c_rx_pkt_num_list, 1), 0.0)
/home/arimoto/opt/scensim_env/scenargie_simulator/2.2/scenarios_linux/srm_interference/commandline/./script/interference_2pan_plot_results.py:893: RuntimeWarning: invalid value encountered in divide
  tmp_c_rssi_ave_list = np.where(tmp_c_rx_pkt_num_list > 0, np.round(tmp_c_rssi_sum_list/tmp_c_rx_pkt_num_list, 1), 0.0)
/home/arimoto/opt/scensim_env/scenargie_simulator/2.2/scenarios_linux/srm_interference/commandline/./script/interference_2pan_plot_results.py:893: RuntimeWarning: invalid value encountered in divide
  tmp_c_rssi_ave_list = np.where(tmp_c_rx_pkt_num_list > 0, np.round(tmp_c_rssi_sum_list/tmp_c_rx_pkt_num_list, 1), 0.0)
/home/arimoto/opt/scensim_env/scenargie_simulator/2.2/scenarios_linux/srm_interference/commandline/./script/interference_2pan_plot_results.py:893: RuntimeWarning: invalid value encountered in divide
  tmp_c_rssi_ave_list = np.where(tmp_c_rx_pkt_num_list > 0, np.round(tmp_c_rssi_sum_list/tmp_c_rx_pkt_num_list, 1), 0.0)
/home/arimoto/opt/scensim_env/scenargie_simulator/2.2/scenarios_linux/srm_interference/commandline/./script/interference_2pan_plot_results.py:893: RuntimeWarning: invalid value encountered in divide
  tmp_c_rssi_ave_list = np.where(tmp_c_rx_pkt_num_list > 0, np.round(tmp_c_rssi_sum_list/tmp_c_rx_pkt_num_list, 1), 0.0)
/home/arimoto/opt/scensim_env/scenargie_simulator/2.2/scenarios_linux/srm_interference/commandline/./script/interference_2pan_plot_results.py:893: RuntimeWarning: invalid value encountered in divide
  tmp_c_rssi_ave_list = np.where(tmp_c_rx_pkt_num_list > 0, np.round(tmp_c_rssi_sum_list/tmp_c_rx_pkt_num_list, 1), 0.0)
/home/arimoto/opt/scensim_env/scenargie_simulator/2.2/scenarios_linux/srm_interference/commandline/./script/interference_2pan_plot_results.py:893: RuntimeWarning: invalid value encountered in divide
  tmp_c_rssi_ave_list = np.where(tmp_c_rx_pkt_num_list > 0, np.round(tmp_c_rssi_sum_list/tmp_c_rx_pkt_num_list, 1), 0.0)
/home/arimoto/opt/scensim_env/scenargie_simulator/2.2/scenarios_linux/srm_interference/commandline/./script/interference_2pan_plot_results.py:893: RuntimeWarning: invalid value encountered in divide
  tmp_c_rssi_ave_list = np.where(tmp_c_rx_pkt_num_list > 0, np.round(tmp_c_rssi_sum_list/tmp_c_rx_pkt_num_list, 1), 0.0)
/home/arimoto/opt/scensim_env/scenargie_simulator/2.2/scenarios_linux/srm_interference/commandline/./script/interference_2pan_plot_results.py:893: RuntimeWarning: invalid value encountered in divide
  tmp_c_rssi_ave_list = np.where(tmp_c_rx_pkt_num_list > 0, np.round(tmp_c_rssi_sum_list/tmp_c_rx_pkt_num_list, 1), 0.0)
/home/arimoto/opt/scensim_env/scenargie_simulator/2.2/scenarios_linux/srm_interference/commandline/./script/interference_2pan_plot_results.py:893: RuntimeWarning: invalid value encountered in divide
  tmp_c_rssi_ave_list = np.where(tmp_c_rx_pkt_num_list > 0, np.round(tmp_c_rssi_sum_list/tmp_c_rx_pkt_num_list, 1), 0.0)
/home/arimoto/opt/scensim_env/scenargie_simulator/2.2/scenarios_linux/srm_interference/commandline/./script/interference_2pan_plot_results.py:893: RuntimeWarning: invalid value encountered in divide
  tmp_c_rssi_ave_list = np.where(tmp_c_rx_pkt_num_list > 0, np.round(tmp_c_rssi_sum_list/tmp_c_rx_pkt_num_list, 1), 0.0)
/home/arimoto/opt/scensim_env/scenargie_simulator/2.2/scenarios_linux/srm_interference/commandline/./script/interference_2pan_plot_results.py:893: RuntimeWarning: invalid value encountered in divide
  tmp_c_rssi_ave_list = np.where(tmp_c_rx_pkt_num_list > 0, np.round(tmp_c_rssi_sum_list/tmp_c_rx_pkt_num_list, 1), 0.0)
/home/arimoto/opt/scensim_env/scenargie_simulator/2.2/scenarios_linux/srm_interference/commandline/./script/interference_2pan_plot_results.py:893: RuntimeWarning: invalid value encountered in divide
  tmp_c_rssi_ave_list = np.where(tmp_c_rx_pkt_num_list > 0, np.round(tmp_c_rssi_sum_list/tmp_c_rx_pkt_num_list, 1), 0.0)
/home/arimoto/opt/scensim_env/scenargie_simulator/2.2/scenarios_linux/srm_interference/commandline/./script/interference_2pan_plot_results.py:893: RuntimeWarning: invalid value encountered in divide
  tmp_c_rssi_ave_list = np.where(tmp_c_rx_pkt_num_list > 0, np.round(tmp_c_rssi_sum_list/tmp_c_rx_pkt_num_list, 1), 0.0)
/home/arimoto/opt/scensim_env/scenargie_simulator/2.2/scenarios_linux/srm_interference/commandline/./script/interference_2pan_plot_results.py:893: RuntimeWarning: invalid value encountered in divide
  tmp_c_rssi_ave_list = np.where(tmp_c_rx_pkt_num_list > 0, np.round(tmp_c_rssi_sum_list/tmp_c_rx_pkt_num_list, 1), 0.0)
/home/arimoto/opt/scensim_env/scenargie_simulator/2.2/scenarios_linux/srm_interference/commandline/./script/interference_2pan_plot_results.py:893: RuntimeWarning: invalid value encountered in divide
  tmp_c_rssi_ave_list = np.where(tmp_c_rx_pkt_num_list > 0, np.round(tmp_c_rssi_sum_list/tmp_c_rx_pkt_num_list, 1), 0.0)
/home/arimoto/opt/scensim_env/scenargie_simulator/2.2/scenarios_linux/srm_interference/commandline/./script/interference_2pan_plot_results.py:893: RuntimeWarning: invalid value encountered in divide
  tmp_c_rssi_ave_list = np.where(tmp_c_rx_pkt_num_list > 0, np.round(tmp_c_rssi_sum_list/tmp_c_rx_pkt_num_list, 1), 0.0)
/home/arimoto/opt/scensim_env/scenargie_simulator/2.2/scenarios_linux/srm_interference/commandline/./script/interference_2pan_plot_results.py:893: RuntimeWarning: invalid value encountered in divide
  tmp_c_rssi_ave_list = np.where(tmp_c_rx_pkt_num_list > 0, np.round(tmp_c_rssi_sum_list/tmp_c_rx_pkt_num_list, 1), 0.0)
/home/arimoto/opt/scensim_env/scenargie_simulator/2.2/scenarios_linux/srm_interference/commandline/./script/interference_2pan_plot_results.py:893: RuntimeWarning: invalid value encountered in divide
  tmp_c_rssi_ave_list = np.where(tmp_c_rx_pkt_num_list > 0, np.round(tmp_c_rssi_sum_list/tmp_c_rx_pkt_num_list, 1), 0.0)
/home/arimoto/opt/scensim_env/scenargie_simulator/2.2/scenarios_linux/srm_interference/commandline/./script/interference_2pan_plot_results.py:893: RuntimeWarning: invalid value encountered in divide
  tmp_c_rssi_ave_list = np.where(tmp_c_rx_pkt_num_list > 0, np.round(tmp_c_rssi_sum_list/tmp_c_rx_pkt_num_list, 1), 0.0)
/home/arimoto/opt/scensim_env/scenargie_simulator/2.2/scenarios_linux/srm_interference/commandline/./script/interference_2pan_plot_results.py:893: RuntimeWarning: invalid value encountered in divide
  tmp_c_rssi_ave_list = np.where(tmp_c_rx_pkt_num_list > 0, np.round(tmp_c_rssi_sum_list/tmp_c_rx_pkt_num_list, 1), 0.0)
/home/arimoto/opt/scensim_env/scenargie_simulator/2.2/scenarios_linux/srm_interference/commandline/./script/interference_2pan_plot_results.py:893: RuntimeWarning: invalid value encountered in divide
  tmp_c_rssi_ave_list = np.where(tmp_c_rx_pkt_num_list > 0, np.round(tmp_c_rssi_sum_list/tmp_c_rx_pkt_num_list, 1), 0.0)
/home/arimoto/opt/scensim_env/scenargie_simulator/2.2/scenarios_linux/srm_interference/commandline/./script/interference_2pan_plot_results.py:893: RuntimeWarning: invalid value encountered in divide
  tmp_c_rssi_ave_list = np.where(tmp_c_rx_pkt_num_list > 0, np.round(tmp_c_rssi_sum_list/tmp_c_rx_pkt_num_list, 1), 0.0)
/home/arimoto/opt/scensim_env/scenargie_simulator/2.2/scenarios_linux/srm_interference/commandline/./script/interference_2pan_plot_results.py:893: RuntimeWarning: invalid value encountered in divide
  tmp_c_rssi_ave_list = np.where(tmp_c_rx_pkt_num_list > 0, np.round(tmp_c_rssi_sum_list/tmp_c_rx_pkt_num_list, 1), 0.0)
/home/arimoto/opt/scensim_env/scenargie_simulator/2.2/scenarios_linux/srm_interference/commandline/./script/interference_2pan_plot_results.py:893: RuntimeWarning: invalid value encountered in divide
  tmp_c_rssi_ave_list = np.where(tmp_c_rx_pkt_num_list > 0, np.round(tmp_c_rssi_sum_list/tmp_c_rx_pkt_num_list, 1), 0.0)
/home/arimoto/opt/scensim_env/scenargie_simulator/2.2/scenarios_linux/srm_interference/commandline/./script/interference_2pan_plot_results.py:893: RuntimeWarning: invalid value encountered in divide
  tmp_c_rssi_ave_list = np.where(tmp_c_rx_pkt_num_list > 0, np.round(tmp_c_rssi_sum_list/tmp_c_rx_pkt_num_list, 1), 0.0)
/home/arimoto/opt/scensim_env/scenargie_simulator/2.2/scenarios_linux/srm_interference/commandline/./script/interference_2pan_plot_results.py:893: RuntimeWarning: invalid value encountered in divide
  tmp_c_rssi_ave_list = np.where(tmp_c_rx_pkt_num_list > 0, np.round(tmp_c_rssi_sum_list/tmp_c_rx_pkt_num_list, 1), 0.0)
/home/arimoto/opt/scensim_env/scenargie_simulator/2.2/scenarios_linux/srm_interference/commandline/./script/interference_2pan_plot_results.py:893: RuntimeWarning: invalid value encountered in divide
  tmp_c_rssi_ave_list = np.where(tmp_c_rx_pkt_num_list > 0, np.round(tmp_c_rssi_sum_list/tmp_c_rx_pkt_num_list, 1), 0.0)
/home/arimoto/opt/scensim_env/scenargie_simulator/2.2/scenarios_linux/srm_interference/commandline/./script/interference_2pan_plot_results.py:893: RuntimeWarning: invalid value encountered in divide
  tmp_c_rssi_ave_list = np.where(tmp_c_rx_pkt_num_list > 0, np.round(tmp_c_rssi_sum_list/tmp_c_rx_pkt_num_list, 1), 0.0)
start off_load_pan1/pan2: 0.8 / 1.0
Found 100 stat files to process.
Found 100 trace files to process.
Found 100 pos files to process.
/home/arimoto/opt/scensim_env/scenargie_simulator/2.2/scenarios_linux/srm_interference/commandline/./script/interference_2pan_plot_results.py:893: RuntimeWarning: invalid value encountered in divide
  tmp_c_rssi_ave_list = np.where(tmp_c_rx_pkt_num_list > 0, np.round(tmp_c_rssi_sum_list/tmp_c_rx_pkt_num_list, 1), 0.0)
/home/arimoto/opt/scensim_env/scenargie_simulator/2.2/scenarios_linux/srm_interference/commandline/./script/interference_2pan_plot_results.py:893: RuntimeWarning: invalid value encountered in divide
  tmp_c_rssi_ave_list = np.where(tmp_c_rx_pkt_num_list > 0, np.round(tmp_c_rssi_sum_list/tmp_c_rx_pkt_num_list, 1), 0.0)
/home/arimoto/opt/scensim_env/scenargie_simulator/2.2/scenarios_linux/srm_interference/commandline/./script/interference_2pan_plot_results.py:893: RuntimeWarning: invalid value encountered in divide
  tmp_c_rssi_ave_list = np.where(tmp_c_rx_pkt_num_list > 0, np.round(tmp_c_rssi_sum_list/tmp_c_rx_pkt_num_list, 1), 0.0)
/home/arimoto/opt/scensim_env/scenargie_simulator/2.2/scenarios_linux/srm_interference/commandline/./script/interference_2pan_plot_results.py:893: RuntimeWarning: invalid value encountered in divide
  tmp_c_rssi_ave_list = np.where(tmp_c_rx_pkt_num_list > 0, np.round(tmp_c_rssi_sum_list/tmp_c_rx_pkt_num_list, 1), 0.0)
/home/arimoto/opt/scensim_env/scenargie_simulator/2.2/scenarios_linux/srm_interference/commandline/./script/interference_2pan_plot_results.py:893: RuntimeWarning: invalid value encountered in divide
  tmp_c_rssi_ave_list = np.where(tmp_c_rx_pkt_num_list > 0, np.round(tmp_c_rssi_sum_list/tmp_c_rx_pkt_num_list, 1), 0.0)
/home/arimoto/opt/scensim_env/scenargie_simulator/2.2/scenarios_linux/srm_interference/commandline/./script/interference_2pan_plot_results.py:893: RuntimeWarning: invalid value encountered in divide
  tmp_c_rssi_ave_list = np.where(tmp_c_rx_pkt_num_list > 0, np.round(tmp_c_rssi_sum_list/tmp_c_rx_pkt_num_list, 1), 0.0)
/home/arimoto/opt/scensim_env/scenargie_simulator/2.2/scenarios_linux/srm_interference/commandline/./script/interference_2pan_plot_results.py:893: RuntimeWarning: invalid value encountered in divide
  tmp_c_rssi_ave_list = np.where(tmp_c_rx_pkt_num_list > 0, np.round(tmp_c_rssi_sum_list/tmp_c_rx_pkt_num_list, 1), 0.0)
/home/arimoto/opt/scensim_env/scenargie_simulator/2.2/scenarios_linux/srm_interference/commandline/./script/interference_2pan_plot_results.py:893: RuntimeWarning: invalid value encountered in divide
  tmp_c_rssi_ave_list = np.where(tmp_c_rx_pkt_num_list > 0, np.round(tmp_c_rssi_sum_list/tmp_c_rx_pkt_num_list, 1), 0.0)
/home/arimoto/opt/scensim_env/scenargie_simulator/2.2/scenarios_linux/srm_interference/commandline/./script/interference_2pan_plot_results.py:893: RuntimeWarning: invalid value encountered in divide
  tmp_c_rssi_ave_list = np.where(tmp_c_rx_pkt_num_list > 0, np.round(tmp_c_rssi_sum_list/tmp_c_rx_pkt_num_list, 1), 0.0)
/home/arimoto/opt/scensim_env/scenargie_simulator/2.2/scenarios_linux/srm_interference/commandline/./script/interference_2pan_plot_results.py:893: RuntimeWarning: invalid value encountered in divide
  tmp_c_rssi_ave_list = np.where(tmp_c_rx_pkt_num_list > 0, np.round(tmp_c_rssi_sum_list/tmp_c_rx_pkt_num_list, 1), 0.0)
/home/arimoto/opt/scensim_env/scenargie_simulator/2.2/scenarios_linux/srm_interference/commandline/./script/interference_2pan_plot_results.py:893: RuntimeWarning: invalid value encountered in divide
  tmp_c_rssi_ave_list = np.where(tmp_c_rx_pkt_num_list > 0, np.round(tmp_c_rssi_sum_list/tmp_c_rx_pkt_num_list, 1), 0.0)
/home/arimoto/opt/scensim_env/scenargie_simulator/2.2/scenarios_linux/srm_interference/commandline/./script/interference_2pan_plot_results.py:893: RuntimeWarning: invalid value encountered in divide
  tmp_c_rssi_ave_list = np.where(tmp_c_rx_pkt_num_list > 0, np.round(tmp_c_rssi_sum_list/tmp_c_rx_pkt_num_list, 1), 0.0)
/home/arimoto/opt/scensim_env/scenargie_simulator/2.2/scenarios_linux/srm_interference/commandline/./script/interference_2pan_plot_results.py:893: RuntimeWarning: invalid value encountered in divide
  tmp_c_rssi_ave_list = np.where(tmp_c_rx_pkt_num_list > 0, np.round(tmp_c_rssi_sum_list/tmp_c_rx_pkt_num_list, 1), 0.0)
/home/arimoto/opt/scensim_env/scenargie_simulator/2.2/scenarios_linux/srm_interference/commandline/./script/interference_2pan_plot_results.py:893: RuntimeWarning: invalid value encountered in divide
  tmp_c_rssi_ave_list = np.where(tmp_c_rx_pkt_num_list > 0, np.round(tmp_c_rssi_sum_list/tmp_c_rx_pkt_num_list, 1), 0.0)
/home/arimoto/opt/scensim_env/scenargie_simulator/2.2/scenarios_linux/srm_interference/commandline/./script/interference_2pan_plot_results.py:893: RuntimeWarning: invalid value encountered in divide
  tmp_c_rssi_ave_list = np.where(tmp_c_rx_pkt_num_list > 0, np.round(tmp_c_rssi_sum_list/tmp_c_rx_pkt_num_list, 1), 0.0)
/home/arimoto/opt/scensim_env/scenargie_simulator/2.2/scenarios_linux/srm_interference/commandline/./script/interference_2pan_plot_results.py:893: RuntimeWarning: invalid value encountered in divide
  tmp_c_rssi_ave_list = np.where(tmp_c_rx_pkt_num_list > 0, np.round(tmp_c_rssi_sum_list/tmp_c_rx_pkt_num_list, 1), 0.0)
/home/arimoto/opt/scensim_env/scenargie_simulator/2.2/scenarios_linux/srm_interference/commandline/./script/interference_2pan_plot_results.py:893: RuntimeWarning: invalid value encountered in divide
  tmp_c_rssi_ave_list = np.where(tmp_c_rx_pkt_num_list > 0, np.round(tmp_c_rssi_sum_list/tmp_c_rx_pkt_num_list, 1), 0.0)
/home/arimoto/opt/scensim_env/scenargie_simulator/2.2/scenarios_linux/srm_interference/commandline/./script/interference_2pan_plot_results.py:893: RuntimeWarning: invalid value encountered in divide
  tmp_c_rssi_ave_list = np.where(tmp_c_rx_pkt_num_list > 0, np.round(tmp_c_rssi_sum_list/tmp_c_rx_pkt_num_list, 1), 0.0)
/home/arimoto/opt/scensim_env/scenargie_simulator/2.2/scenarios_linux/srm_interference/commandline/./script/interference_2pan_plot_results.py:893: RuntimeWarning: invalid value encountered in divide
  tmp_c_rssi_ave_list = np.where(tmp_c_rx_pkt_num_list > 0, np.round(tmp_c_rssi_sum_list/tmp_c_rx_pkt_num_list, 1), 0.0)
/home/arimoto/opt/scensim_env/scenargie_simulator/2.2/scenarios_linux/srm_interference/commandline/./script/interference_2pan_plot_results.py:893: RuntimeWarning: invalid value encountered in divide
  tmp_c_rssi_ave_list = np.where(tmp_c_rx_pkt_num_list > 0, np.round(tmp_c_rssi_sum_list/tmp_c_rx_pkt_num_list, 1), 0.0)
/home/arimoto/opt/scensim_env/scenargie_simulator/2.2/scenarios_linux/srm_interference/commandline/./script/interference_2pan_plot_results.py:893: RuntimeWarning: invalid value encountered in divide
  tmp_c_rssi_ave_list = np.where(tmp_c_rx_pkt_num_list > 0, np.round(tmp_c_rssi_sum_list/tmp_c_rx_pkt_num_list, 1), 0.0)
/home/arimoto/opt/scensim_env/scenargie_simulator/2.2/scenarios_linux/srm_interference/commandline/./script/interference_2pan_plot_results.py:893: RuntimeWarning: invalid value encountered in divide
  tmp_c_rssi_ave_list = np.where(tmp_c_rx_pkt_num_list > 0, np.round(tmp_c_rssi_sum_list/tmp_c_rx_pkt_num_list, 1), 0.0)
/home/arimoto/opt/scensim_env/scenargie_simulator/2.2/scenarios_linux/srm_interference/commandline/./script/interference_2pan_plot_results.py:893: RuntimeWarning: invalid value encountered in divide
  tmp_c_rssi_ave_list = np.where(tmp_c_rx_pkt_num_list > 0, np.round(tmp_c_rssi_sum_list/tmp_c_rx_pkt_num_list, 1), 0.0)
/home/arimoto/opt/scensim_env/scenargie_simulator/2.2/scenarios_linux/srm_interference/commandline/./script/interference_2pan_plot_results.py:893: RuntimeWarning: invalid value encountered in divide
  tmp_c_rssi_ave_list = np.where(tmp_c_rx_pkt_num_list > 0, np.round(tmp_c_rssi_sum_list/tmp_c_rx_pkt_num_list, 1), 0.0)
/home/arimoto/opt/scensim_env/scenargie_simulator/2.2/scenarios_linux/srm_interference/commandline/./script/interference_2pan_plot_results.py:893: RuntimeWarning: invalid value encountered in divide
  tmp_c_rssi_ave_list = np.where(tmp_c_rx_pkt_num_list > 0, np.round(tmp_c_rssi_sum_list/tmp_c_rx_pkt_num_list, 1), 0.0)
/home/arimoto/opt/scensim_env/scenargie_simulator/2.2/scenarios_linux/srm_interference/commandline/./script/interference_2pan_plot_results.py:893: RuntimeWarning: invalid value encountered in divide
  tmp_c_rssi_ave_list = np.where(tmp_c_rx_pkt_num_list > 0, np.round(tmp_c_rssi_sum_list/tmp_c_rx_pkt_num_list, 1), 0.0)
/home/arimoto/opt/scensim_env/scenargie_simulator/2.2/scenarios_linux/srm_interference/commandline/./script/interference_2pan_plot_results.py:893: RuntimeWarning: invalid value encountered in divide
  tmp_c_rssi_ave_list = np.where(tmp_c_rx_pkt_num_list > 0, np.round(tmp_c_rssi_sum_list/tmp_c_rx_pkt_num_list, 1), 0.0)
/home/arimoto/opt/scensim_env/scenargie_simulator/2.2/scenarios_linux/srm_interference/commandline/./script/interference_2pan_plot_results.py:893: RuntimeWarning: invalid value encountered in divide
  tmp_c_rssi_ave_list = np.where(tmp_c_rx_pkt_num_list > 0, np.round(tmp_c_rssi_sum_list/tmp_c_rx_pkt_num_list, 1), 0.0)
/home/arimoto/opt/scensim_env/scenargie_simulator/2.2/scenarios_linux/srm_interference/commandline/./script/interference_2pan_plot_results.py:893: RuntimeWarning: invalid value encountered in divide
  tmp_c_rssi_ave_list = np.where(tmp_c_rx_pkt_num_list > 0, np.round(tmp_c_rssi_sum_list/tmp_c_rx_pkt_num_list, 1), 0.0)
/home/arimoto/opt/scensim_env/scenargie_simulator/2.2/scenarios_linux/srm_interference/commandline/./script/interference_2pan_plot_results.py:893: RuntimeWarning: invalid value encountered in divide
  tmp_c_rssi_ave_list = np.where(tmp_c_rx_pkt_num_list > 0, np.round(tmp_c_rssi_sum_list/tmp_c_rx_pkt_num_list, 1), 0.0)
/home/arimoto/opt/scensim_env/scenargie_simulator/2.2/scenarios_linux/srm_interference/commandline/./script/interference_2pan_plot_results.py:893: RuntimeWarning: invalid value encountered in divide
  tmp_c_rssi_ave_list = np.where(tmp_c_rx_pkt_num_list > 0, np.round(tmp_c_rssi_sum_list/tmp_c_rx_pkt_num_list, 1), 0.0)
/home/arimoto/opt/scensim_env/scenargie_simulator/2.2/scenarios_linux/srm_interference/commandline/./script/interference_2pan_plot_results.py:893: RuntimeWarning: invalid value encountered in divide
  tmp_c_rssi_ave_list = np.where(tmp_c_rx_pkt_num_list > 0, np.round(tmp_c_rssi_sum_list/tmp_c_rx_pkt_num_list, 1), 0.0)
start off_load_pan1/pan2: 0.9 / 1.0
Found 100 stat files to process.
Found 100 trace files to process.
Found 100 pos files to process.
/home/arimoto/opt/scensim_env/scenargie_simulator/2.2/scenarios_linux/srm_interference/commandline/./script/interference_2pan_plot_results.py:893: RuntimeWarning: invalid value encountered in divide
  tmp_c_rssi_ave_list = np.where(tmp_c_rx_pkt_num_list > 0, np.round(tmp_c_rssi_sum_list/tmp_c_rx_pkt_num_list, 1), 0.0)
/home/arimoto/opt/scensim_env/scenargie_simulator/2.2/scenarios_linux/srm_interference/commandline/./script/interference_2pan_plot_results.py:893: RuntimeWarning: invalid value encountered in divide
  tmp_c_rssi_ave_list = np.where(tmp_c_rx_pkt_num_list > 0, np.round(tmp_c_rssi_sum_list/tmp_c_rx_pkt_num_list, 1), 0.0)
/home/arimoto/opt/scensim_env/scenargie_simulator/2.2/scenarios_linux/srm_interference/commandline/./script/interference_2pan_plot_results.py:893: RuntimeWarning: invalid value encountered in divide
  tmp_c_rssi_ave_list = np.where(tmp_c_rx_pkt_num_list > 0, np.round(tmp_c_rssi_sum_list/tmp_c_rx_pkt_num_list, 1), 0.0)
/home/arimoto/opt/scensim_env/scenargie_simulator/2.2/scenarios_linux/srm_interference/commandline/./script/interference_2pan_plot_results.py:893: RuntimeWarning: invalid value encountered in divide
  tmp_c_rssi_ave_list = np.where(tmp_c_rx_pkt_num_list > 0, np.round(tmp_c_rssi_sum_list/tmp_c_rx_pkt_num_list, 1), 0.0)
/home/arimoto/opt/scensim_env/scenargie_simulator/2.2/scenarios_linux/srm_interference/commandline/./script/interference_2pan_plot_results.py:893: RuntimeWarning: invalid value encountered in divide
  tmp_c_rssi_ave_list = np.where(tmp_c_rx_pkt_num_list > 0, np.round(tmp_c_rssi_sum_list/tmp_c_rx_pkt_num_list, 1), 0.0)
/home/arimoto/opt/scensim_env/scenargie_simulator/2.2/scenarios_linux/srm_interference/commandline/./script/interference_2pan_plot_results.py:893: RuntimeWarning: invalid value encountered in divide
  tmp_c_rssi_ave_list = np.where(tmp_c_rx_pkt_num_list > 0, np.round(tmp_c_rssi_sum_list/tmp_c_rx_pkt_num_list, 1), 0.0)
/home/arimoto/opt/scensim_env/scenargie_simulator/2.2/scenarios_linux/srm_interference/commandline/./script/interference_2pan_plot_results.py:893: RuntimeWarning: invalid value encountered in divide
  tmp_c_rssi_ave_list = np.where(tmp_c_rx_pkt_num_list > 0, np.round(tmp_c_rssi_sum_list/tmp_c_rx_pkt_num_list, 1), 0.0)
/home/arimoto/opt/scensim_env/scenargie_simulator/2.2/scenarios_linux/srm_interference/commandline/./script/interference_2pan_plot_results.py:893: RuntimeWarning: invalid value encountered in divide
  tmp_c_rssi_ave_list = np.where(tmp_c_rx_pkt_num_list > 0, np.round(tmp_c_rssi_sum_list/tmp_c_rx_pkt_num_list, 1), 0.0)
/home/arimoto/opt/scensim_env/scenargie_simulator/2.2/scenarios_linux/srm_interference/commandline/./script/interference_2pan_plot_results.py:893: RuntimeWarning: invalid value encountered in divide
  tmp_c_rssi_ave_list = np.where(tmp_c_rx_pkt_num_list > 0, np.round(tmp_c_rssi_sum_list/tmp_c_rx_pkt_num_list, 1), 0.0)
/home/arimoto/opt/scensim_env/scenargie_simulator/2.2/scenarios_linux/srm_interference/commandline/./script/interference_2pan_plot_results.py:893: RuntimeWarning: invalid value encountered in divide
  tmp_c_rssi_ave_list = np.where(tmp_c_rx_pkt_num_list > 0, np.round(tmp_c_rssi_sum_list/tmp_c_rx_pkt_num_list, 1), 0.0)
/home/arimoto/opt/scensim_env/scenargie_simulator/2.2/scenarios_linux/srm_interference/commandline/./script/interference_2pan_plot_results.py:893: RuntimeWarning: invalid value encountered in divide
  tmp_c_rssi_ave_list = np.where(tmp_c_rx_pkt_num_list > 0, np.round(tmp_c_rssi_sum_list/tmp_c_rx_pkt_num_list, 1), 0.0)
/home/arimoto/opt/scensim_env/scenargie_simulator/2.2/scenarios_linux/srm_interference/commandline/./script/interference_2pan_plot_results.py:893: RuntimeWarning: invalid value encountered in divide
  tmp_c_rssi_ave_list = np.where(tmp_c_rx_pkt_num_list > 0, np.round(tmp_c_rssi_sum_list/tmp_c_rx_pkt_num_list, 1), 0.0)
/home/arimoto/opt/scensim_env/scenargie_simulator/2.2/scenarios_linux/srm_interference/commandline/./script/interference_2pan_plot_results.py:893: RuntimeWarning: invalid value encountered in divide
  tmp_c_rssi_ave_list = np.where(tmp_c_rx_pkt_num_list > 0, np.round(tmp_c_rssi_sum_list/tmp_c_rx_pkt_num_list, 1), 0.0)
/home/arimoto/opt/scensim_env/scenargie_simulator/2.2/scenarios_linux/srm_interference/commandline/./script/interference_2pan_plot_results.py:893: RuntimeWarning: invalid value encountered in divide
  tmp_c_rssi_ave_list = np.where(tmp_c_rx_pkt_num_list > 0, np.round(tmp_c_rssi_sum_list/tmp_c_rx_pkt_num_list, 1), 0.0)
/home/arimoto/opt/scensim_env/scenargie_simulator/2.2/scenarios_linux/srm_interference/commandline/./script/interference_2pan_plot_results.py:893: RuntimeWarning: invalid value encountered in divide
  tmp_c_rssi_ave_list = np.where(tmp_c_rx_pkt_num_list > 0, np.round(tmp_c_rssi_sum_list/tmp_c_rx_pkt_num_list, 1), 0.0)
/home/arimoto/opt/scensim_env/scenargie_simulator/2.2/scenarios_linux/srm_interference/commandline/./script/interference_2pan_plot_results.py:893: RuntimeWarning: invalid value encountered in divide
  tmp_c_rssi_ave_list = np.where(tmp_c_rx_pkt_num_list > 0, np.round(tmp_c_rssi_sum_list/tmp_c_rx_pkt_num_list, 1), 0.0)
/home/arimoto/opt/scensim_env/scenargie_simulator/2.2/scenarios_linux/srm_interference/commandline/./script/interference_2pan_plot_results.py:893: RuntimeWarning: invalid value encountered in divide
  tmp_c_rssi_ave_list = np.where(tmp_c_rx_pkt_num_list > 0, np.round(tmp_c_rssi_sum_list/tmp_c_rx_pkt_num_list, 1), 0.0)
/home/arimoto/opt/scensim_env/scenargie_simulator/2.2/scenarios_linux/srm_interference/commandline/./script/interference_2pan_plot_results.py:893: RuntimeWarning: invalid value encountered in divide
  tmp_c_rssi_ave_list = np.where(tmp_c_rx_pkt_num_list > 0, np.round(tmp_c_rssi_sum_list/tmp_c_rx_pkt_num_list, 1), 0.0)
/home/arimoto/opt/scensim_env/scenargie_simulator/2.2/scenarios_linux/srm_interference/commandline/./script/interference_2pan_plot_results.py:893: RuntimeWarning: invalid value encountered in divide
  tmp_c_rssi_ave_list = np.where(tmp_c_rx_pkt_num_list > 0, np.round(tmp_c_rssi_sum_list/tmp_c_rx_pkt_num_list, 1), 0.0)
/home/arimoto/opt/scensim_env/scenargie_simulator/2.2/scenarios_linux/srm_interference/commandline/./script/interference_2pan_plot_results.py:893: RuntimeWarning: invalid value encountered in divide
  tmp_c_rssi_ave_list = np.where(tmp_c_rx_pkt_num_list > 0, np.round(tmp_c_rssi_sum_list/tmp_c_rx_pkt_num_list, 1), 0.0)
/home/arimoto/opt/scensim_env/scenargie_simulator/2.2/scenarios_linux/srm_interference/commandline/./script/interference_2pan_plot_results.py:893: RuntimeWarning: invalid value encountered in divide
  tmp_c_rssi_ave_list = np.where(tmp_c_rx_pkt_num_list > 0, np.round(tmp_c_rssi_sum_list/tmp_c_rx_pkt_num_list, 1), 0.0)
/home/arimoto/opt/scensim_env/scenargie_simulator/2.2/scenarios_linux/srm_interference/commandline/./script/interference_2pan_plot_results.py:893: RuntimeWarning: invalid value encountered in divide
  tmp_c_rssi_ave_list = np.where(tmp_c_rx_pkt_num_list > 0, np.round(tmp_c_rssi_sum_list/tmp_c_rx_pkt_num_list, 1), 0.0)
/home/arimoto/opt/scensim_env/scenargie_simulator/2.2/scenarios_linux/srm_interference/commandline/./script/interference_2pan_plot_results.py:893: RuntimeWarning: invalid value encountered in divide
  tmp_c_rssi_ave_list = np.where(tmp_c_rx_pkt_num_list > 0, np.round(tmp_c_rssi_sum_list/tmp_c_rx_pkt_num_list, 1), 0.0)
/home/arimoto/opt/scensim_env/scenargie_simulator/2.2/scenarios_linux/srm_interference/commandline/./script/interference_2pan_plot_results.py:893: RuntimeWarning: invalid value encountered in divide
  tmp_c_rssi_ave_list = np.where(tmp_c_rx_pkt_num_list > 0, np.round(tmp_c_rssi_sum_list/tmp_c_rx_pkt_num_list, 1), 0.0)
/home/arimoto/opt/scensim_env/scenargie_simulator/2.2/scenarios_linux/srm_interference/commandline/./script/interference_2pan_plot_results.py:893: RuntimeWarning: invalid value encountered in divide
  tmp_c_rssi_ave_list = np.where(tmp_c_rx_pkt_num_list > 0, np.round(tmp_c_rssi_sum_list/tmp_c_rx_pkt_num_list, 1), 0.0)
/home/arimoto/opt/scensim_env/scenargie_simulator/2.2/scenarios_linux/srm_interference/commandline/./script/interference_2pan_plot_results.py:893: RuntimeWarning: invalid value encountered in divide
  tmp_c_rssi_ave_list = np.where(tmp_c_rx_pkt_num_list > 0, np.round(tmp_c_rssi_sum_list/tmp_c_rx_pkt_num_list, 1), 0.0)
/home/arimoto/opt/scensim_env/scenargie_simulator/2.2/scenarios_linux/srm_interference/commandline/./script/interference_2pan_plot_results.py:893: RuntimeWarning: invalid value encountered in divide
  tmp_c_rssi_ave_list = np.where(tmp_c_rx_pkt_num_list > 0, np.round(tmp_c_rssi_sum_list/tmp_c_rx_pkt_num_list, 1), 0.0)
/home/arimoto/opt/scensim_env/scenargie_simulator/2.2/scenarios_linux/srm_interference/commandline/./script/interference_2pan_plot_results.py:893: RuntimeWarning: invalid value encountered in divide
  tmp_c_rssi_ave_list = np.where(tmp_c_rx_pkt_num_list > 0, np.round(tmp_c_rssi_sum_list/tmp_c_rx_pkt_num_list, 1), 0.0)
/home/arimoto/opt/scensim_env/scenargie_simulator/2.2/scenarios_linux/srm_interference/commandline/./script/interference_2pan_plot_results.py:893: RuntimeWarning: invalid value encountered in divide
  tmp_c_rssi_ave_list = np.where(tmp_c_rx_pkt_num_list > 0, np.round(tmp_c_rssi_sum_list/tmp_c_rx_pkt_num_list, 1), 0.0)
/home/arimoto/opt/scensim_env/scenargie_simulator/2.2/scenarios_linux/srm_interference/commandline/./script/interference_2pan_plot_results.py:893: RuntimeWarning: invalid value encountered in divide
  tmp_c_rssi_ave_list = np.where(tmp_c_rx_pkt_num_list > 0, np.round(tmp_c_rssi_sum_list/tmp_c_rx_pkt_num_list, 1), 0.0)
/home/arimoto/opt/scensim_env/scenargie_simulator/2.2/scenarios_linux/srm_interference/commandline/./script/interference_2pan_plot_results.py:893: RuntimeWarning: invalid value encountered in divide
  tmp_c_rssi_ave_list = np.where(tmp_c_rx_pkt_num_list > 0, np.round(tmp_c_rssi_sum_list/tmp_c_rx_pkt_num_list, 1), 0.0)
/home/arimoto/opt/scensim_env/scenargie_simulator/2.2/scenarios_linux/srm_interference/commandline/./script/interference_2pan_plot_results.py:893: RuntimeWarning: invalid value encountered in divide
  tmp_c_rssi_ave_list = np.where(tmp_c_rx_pkt_num_list > 0, np.round(tmp_c_rssi_sum_list/tmp_c_rx_pkt_num_list, 1), 0.0)
start off_load_pan1/pan2: 1.0 / 1.0
Found 100 stat files to process.
Found 100 trace files to process.
Found 100 pos files to process.
/home/arimoto/opt/scensim_env/scenargie_simulator/2.2/scenarios_linux/srm_interference/commandline/./script/interference_2pan_plot_results.py:893: RuntimeWarning: invalid value encountered in divide
  tmp_c_rssi_ave_list = np.where(tmp_c_rx_pkt_num_list > 0, np.round(tmp_c_rssi_sum_list/tmp_c_rx_pkt_num_list, 1), 0.0)
/home/arimoto/opt/scensim_env/scenargie_simulator/2.2/scenarios_linux/srm_interference/commandline/./script/interference_2pan_plot_results.py:893: RuntimeWarning: invalid value encountered in divide
  tmp_c_rssi_ave_list = np.where(tmp_c_rx_pkt_num_list > 0, np.round(tmp_c_rssi_sum_list/tmp_c_rx_pkt_num_list, 1), 0.0)
/home/arimoto/opt/scensim_env/scenargie_simulator/2.2/scenarios_linux/srm_interference/commandline/./script/interference_2pan_plot_results.py:893: RuntimeWarning: invalid value encountered in divide
  tmp_c_rssi_ave_list = np.where(tmp_c_rx_pkt_num_list > 0, np.round(tmp_c_rssi_sum_list/tmp_c_rx_pkt_num_list, 1), 0.0)
/home/arimoto/opt/scensim_env/scenargie_simulator/2.2/scenarios_linux/srm_interference/commandline/./script/interference_2pan_plot_results.py:893: RuntimeWarning: invalid value encountered in divide
  tmp_c_rssi_ave_list = np.where(tmp_c_rx_pkt_num_list > 0, np.round(tmp_c_rssi_sum_list/tmp_c_rx_pkt_num_list, 1), 0.0)
/home/arimoto/opt/scensim_env/scenargie_simulator/2.2/scenarios_linux/srm_interference/commandline/./script/interference_2pan_plot_results.py:893: RuntimeWarning: invalid value encountered in divide
  tmp_c_rssi_ave_list = np.where(tmp_c_rx_pkt_num_list > 0, np.round(tmp_c_rssi_sum_list/tmp_c_rx_pkt_num_list, 1), 0.0)
/home/arimoto/opt/scensim_env/scenargie_simulator/2.2/scenarios_linux/srm_interference/commandline/./script/interference_2pan_plot_results.py:893: RuntimeWarning: invalid value encountered in divide
  tmp_c_rssi_ave_list = np.where(tmp_c_rx_pkt_num_list > 0, np.round(tmp_c_rssi_sum_list/tmp_c_rx_pkt_num_list, 1), 0.0)
/home/arimoto/opt/scensim_env/scenargie_simulator/2.2/scenarios_linux/srm_interference/commandline/./script/interference_2pan_plot_results.py:893: RuntimeWarning: invalid value encountered in divide
  tmp_c_rssi_ave_list = np.where(tmp_c_rx_pkt_num_list > 0, np.round(tmp_c_rssi_sum_list/tmp_c_rx_pkt_num_list, 1), 0.0)
/home/arimoto/opt/scensim_env/scenargie_simulator/2.2/scenarios_linux/srm_interference/commandline/./script/interference_2pan_plot_results.py:893: RuntimeWarning: invalid value encountered in divide
  tmp_c_rssi_ave_list = np.where(tmp_c_rx_pkt_num_list > 0, np.round(tmp_c_rssi_sum_list/tmp_c_rx_pkt_num_list, 1), 0.0)
/home/arimoto/opt/scensim_env/scenargie_simulator/2.2/scenarios_linux/srm_interference/commandline/./script/interference_2pan_plot_results.py:893: RuntimeWarning: invalid value encountered in divide
  tmp_c_rssi_ave_list = np.where(tmp_c_rx_pkt_num_list > 0, np.round(tmp_c_rssi_sum_list/tmp_c_rx_pkt_num_list, 1), 0.0)
/home/arimoto/opt/scensim_env/scenargie_simulator/2.2/scenarios_linux/srm_interference/commandline/./script/interference_2pan_plot_results.py:893: RuntimeWarning: invalid value encountered in divide
  tmp_c_rssi_ave_list = np.where(tmp_c_rx_pkt_num_list > 0, np.round(tmp_c_rssi_sum_list/tmp_c_rx_pkt_num_list, 1), 0.0)
/home/arimoto/opt/scensim_env/scenargie_simulator/2.2/scenarios_linux/srm_interference/commandline/./script/interference_2pan_plot_results.py:893: RuntimeWarning: invalid value encountered in divide
  tmp_c_rssi_ave_list = np.where(tmp_c_rx_pkt_num_list > 0, np.round(tmp_c_rssi_sum_list/tmp_c_rx_pkt_num_list, 1), 0.0)
/home/arimoto/opt/scensim_env/scenargie_simulator/2.2/scenarios_linux/srm_interference/commandline/./script/interference_2pan_plot_results.py:893: RuntimeWarning: invalid value encountered in divide
  tmp_c_rssi_ave_list = np.where(tmp_c_rx_pkt_num_list > 0, np.round(tmp_c_rssi_sum_list/tmp_c_rx_pkt_num_list, 1), 0.0)
/home/arimoto/opt/scensim_env/scenargie_simulator/2.2/scenarios_linux/srm_interference/commandline/./script/interference_2pan_plot_results.py:893: RuntimeWarning: invalid value encountered in divide
  tmp_c_rssi_ave_list = np.where(tmp_c_rx_pkt_num_list > 0, np.round(tmp_c_rssi_sum_list/tmp_c_rx_pkt_num_list, 1), 0.0)
/home/arimoto/opt/scensim_env/scenargie_simulator/2.2/scenarios_linux/srm_interference/commandline/./script/interference_2pan_plot_results.py:893: RuntimeWarning: invalid value encountered in divide
  tmp_c_rssi_ave_list = np.where(tmp_c_rx_pkt_num_list > 0, np.round(tmp_c_rssi_sum_list/tmp_c_rx_pkt_num_list, 1), 0.0)
/home/arimoto/opt/scensim_env/scenargie_simulator/2.2/scenarios_linux/srm_interference/commandline/./script/interference_2pan_plot_results.py:893: RuntimeWarning: invalid value encountered in divide
  tmp_c_rssi_ave_list = np.where(tmp_c_rx_pkt_num_list > 0, np.round(tmp_c_rssi_sum_list/tmp_c_rx_pkt_num_list, 1), 0.0)
/home/arimoto/opt/scensim_env/scenargie_simulator/2.2/scenarios_linux/srm_interference/commandline/./script/interference_2pan_plot_results.py:893: RuntimeWarning: invalid value encountered in divide
  tmp_c_rssi_ave_list = np.where(tmp_c_rx_pkt_num_list > 0, np.round(tmp_c_rssi_sum_list/tmp_c_rx_pkt_num_list, 1), 0.0)
/home/arimoto/opt/scensim_env/scenargie_simulator/2.2/scenarios_linux/srm_interference/commandline/./script/interference_2pan_plot_results.py:893: RuntimeWarning: invalid value encountered in divide
  tmp_c_rssi_ave_list = np.where(tmp_c_rx_pkt_num_list > 0, np.round(tmp_c_rssi_sum_list/tmp_c_rx_pkt_num_list, 1), 0.0)
/home/arimoto/opt/scensim_env/scenargie_simulator/2.2/scenarios_linux/srm_interference/commandline/./script/interference_2pan_plot_results.py:893: RuntimeWarning: invalid value encountered in divide
  tmp_c_rssi_ave_list = np.where(tmp_c_rx_pkt_num_list > 0, np.round(tmp_c_rssi_sum_list/tmp_c_rx_pkt_num_list, 1), 0.0)
/home/arimoto/opt/scensim_env/scenargie_simulator/2.2/scenarios_linux/srm_interference/commandline/./script/interference_2pan_plot_results.py:893: RuntimeWarning: invalid value encountered in divide
  tmp_c_rssi_ave_list = np.where(tmp_c_rx_pkt_num_list > 0, np.round(tmp_c_rssi_sum_list/tmp_c_rx_pkt_num_list, 1), 0.0)
/home/arimoto/opt/scensim_env/scenargie_simulator/2.2/scenarios_linux/srm_interference/commandline/./script/interference_2pan_plot_results.py:893: RuntimeWarning: invalid value encountered in divide
  tmp_c_rssi_ave_list = np.where(tmp_c_rx_pkt_num_list > 0, np.round(tmp_c_rssi_sum_list/tmp_c_rx_pkt_num_list, 1), 0.0)
/home/arimoto/opt/scensim_env/scenargie_simulator/2.2/scenarios_linux/srm_interference/commandline/./script/interference_2pan_plot_results.py:893: RuntimeWarning: invalid value encountered in divide
  tmp_c_rssi_ave_list = np.where(tmp_c_rx_pkt_num_list > 0, np.round(tmp_c_rssi_sum_list/tmp_c_rx_pkt_num_list, 1), 0.0)
/home/arimoto/opt/scensim_env/scenargie_simulator/2.2/scenarios_linux/srm_interference/commandline/./script/interference_2pan_plot_results.py:893: RuntimeWarning: invalid value encountered in divide
  tmp_c_rssi_ave_list = np.where(tmp_c_rx_pkt_num_list > 0, np.round(tmp_c_rssi_sum_list/tmp_c_rx_pkt_num_list, 1), 0.0)
/home/arimoto/opt/scensim_env/scenargie_simulator/2.2/scenarios_linux/srm_interference/commandline/./script/interference_2pan_plot_results.py:893: RuntimeWarning: invalid value encountered in divide
  tmp_c_rssi_ave_list = np.where(tmp_c_rx_pkt_num_list > 0, np.round(tmp_c_rssi_sum_list/tmp_c_rx_pkt_num_list, 1), 0.0)
/home/arimoto/opt/scensim_env/scenargie_simulator/2.2/scenarios_linux/srm_interference/commandline/./script/interference_2pan_plot_results.py:893: RuntimeWarning: invalid value encountered in divide
  tmp_c_rssi_ave_list = np.where(tmp_c_rx_pkt_num_list > 0, np.round(tmp_c_rssi_sum_list/tmp_c_rx_pkt_num_list, 1), 0.0)
/home/arimoto/opt/scensim_env/scenargie_simulator/2.2/scenarios_linux/srm_interference/commandline/./script/interference_2pan_plot_results.py:893: RuntimeWarning: invalid value encountered in divide
  tmp_c_rssi_ave_list = np.where(tmp_c_rx_pkt_num_list > 0, np.round(tmp_c_rssi_sum_list/tmp_c_rx_pkt_num_list, 1), 0.0)
/home/arimoto/opt/scensim_env/scenargie_simulator/2.2/scenarios_linux/srm_interference/commandline/./script/interference_2pan_plot_results.py:893: RuntimeWarning: invalid value encountered in divide
  tmp_c_rssi_ave_list = np.where(tmp_c_rx_pkt_num_list > 0, np.round(tmp_c_rssi_sum_list/tmp_c_rx_pkt_num_list, 1), 0.0)
/home/arimoto/opt/scensim_env/scenargie_simulator/2.2/scenarios_linux/srm_interference/commandline/./script/interference_2pan_plot_results.py:893: RuntimeWarning: invalid value encountered in divide
  tmp_c_rssi_ave_list = np.where(tmp_c_rx_pkt_num_list > 0, np.round(tmp_c_rssi_sum_list/tmp_c_rx_pkt_num_list, 1), 0.0)
/home/arimoto/opt/scensim_env/scenargie_simulator/2.2/scenarios_linux/srm_interference/commandline/./script/interference_2pan_plot_results.py:893: RuntimeWarning: invalid value encountered in divide
  tmp_c_rssi_ave_list = np.where(tmp_c_rx_pkt_num_list > 0, np.round(tmp_c_rssi_sum_list/tmp_c_rx_pkt_num_list, 1), 0.0)
/home/arimoto/opt/scensim_env/scenargie_simulator/2.2/scenarios_linux/srm_interference/commandline/./script/interference_2pan_plot_results.py:893: RuntimeWarning: invalid value encountered in divide
  tmp_c_rssi_ave_list = np.where(tmp_c_rx_pkt_num_list > 0, np.round(tmp_c_rssi_sum_list/tmp_c_rx_pkt_num_list, 1), 0.0)
/home/arimoto/opt/scensim_env/scenargie_simulator/2.2/scenarios_linux/srm_interference/commandline/./script/interference_2pan_plot_results.py:893: RuntimeWarning: invalid value encountered in divide
  tmp_c_rssi_ave_list = np.where(tmp_c_rx_pkt_num_list > 0, np.round(tmp_c_rssi_sum_list/tmp_c_rx_pkt_num_list, 1), 0.0)
/home/arimoto/opt/scensim_env/scenargie_simulator/2.2/scenarios_linux/srm_interference/commandline/./script/interference_2pan_plot_results.py:893: RuntimeWarning: invalid value encountered in divide
  tmp_c_rssi_ave_list = np.where(tmp_c_rx_pkt_num_list > 0, np.round(tmp_c_rssi_sum_list/tmp_c_rx_pkt_num_list, 1), 0.0)
/home/arimoto/opt/scensim_env/scenargie_simulator/2.2/scenarios_linux/srm_interference/commandline/./script/interference_2pan_plot_results.py:893: RuntimeWarning: invalid value encountered in divide
  tmp_c_rssi_ave_list = np.where(tmp_c_rx_pkt_num_list > 0, np.round(tmp_c_rssi_sum_list/tmp_c_rx_pkt_num_list, 1), 0.0)
/home/arimoto/opt/scensim_env/scenargie_simulator/2.2/scenarios_linux/srm_interference/commandline/./script/interference_2pan_plot_results.py:343: MatplotlibDeprecationWarning: The 'labels' parameter of boxplot() has been renamed 'tick_labels' since Matplotlib 3.9; support for the old name will be dropped in 3.11.
  plt.boxplot([bin_data_list[i] for i in plot_indices],
/home/arimoto/opt/scensim_env/scenargie_simulator/2.2/scenarios_linux/srm_interference/commandline/./script/interference_2pan_plot_results.py:288: MatplotlibDeprecationWarning: The 'labels' parameter of boxplot() has been renamed 'tick_labels' since Matplotlib 3.9; support for the old name will be dropped in 3.11.
  plt.boxplot(plot_data, labels=plot_labels)
/home/arimoto/opt/scensim_env/scenargie_simulator/2.2/scenarios_linux/srm_interference/commandline/./script/interference_2pan_plot_results.py:343: MatplotlibDeprecationWarning: The 'labels' parameter of boxplot() has been renamed 'tick_labels' since Matplotlib 3.9; support for the old name will be dropped in 3.11.
  plt.boxplot([bin_data_list[i] for i in plot_indices],
/home/arimoto/opt/scensim_env/scenargie_simulator/2.2/scenarios_linux/srm_interference/commandline/./script/interference_2pan_plot_results.py:288: MatplotlibDeprecationWarning: The 'labels' parameter of boxplot() has been renamed 'tick_labels' since Matplotlib 3.9; support for the old name will be dropped in 3.11.
  plt.boxplot(plot_data, labels=plot_labels)
/home/arimoto/opt/scensim_env/scenargie_simulator/2.2/scenarios_linux/srm_interference/commandline/./script/interference_2pan_plot_results.py:343: MatplotlibDeprecationWarning: The 'labels' parameter of boxplot() has been renamed 'tick_labels' since Matplotlib 3.9; support for the old name will be dropped in 3.11.
  plt.boxplot([bin_data_list[i] for i in plot_indices],
/home/arimoto/opt/scensim_env/scenargie_simulator/2.2/scenarios_linux/srm_interference/commandline/./script/interference_2pan_plot_results.py:288: MatplotlibDeprecationWarning: The 'labels' parameter of boxplot() has been renamed 'tick_labels' since Matplotlib 3.9; support for the old name will be dropped in 3.11.
  plt.boxplot(plot_data, labels=plot_labels)
/home/arimoto/opt/scensim_env/scenargie_simulator/2.2/scenarios_linux/srm_interference/commandline/./script/interference_2pan_plot_results.py:343: MatplotlibDeprecationWarning: The 'labels' parameter of boxplot() has been renamed 'tick_labels' since Matplotlib 3.9; support for the old name will be dropped in 3.11.
  plt.boxplot([bin_data_list[i] for i in plot_indices],
/home/arimoto/opt/scensim_env/scenargie_simulator/2.2/scenarios_linux/srm_interference/commandline/./script/interference_2pan_plot_results.py:288: MatplotlibDeprecationWarning: The 'labels' parameter of boxplot() has been renamed 'tick_labels' since Matplotlib 3.9; support for the old name will be dropped in 3.11.
  plt.boxplot(plot_data, labels=plot_labels)
/home/arimoto/opt/scensim_env/scenargie_simulator/2.2/scenarios_linux/srm_interference/commandline/./script/interference_2pan_plot_results.py:343: MatplotlibDeprecationWarning: The 'labels' parameter of boxplot() has been renamed 'tick_labels' since Matplotlib 3.9; support for the old name will be dropped in 3.11.
  plt.boxplot([bin_data_list[i] for i in plot_indices],
/home/arimoto/opt/scensim_env/scenargie_simulator/2.2/scenarios_linux/srm_interference/commandline/./script/interference_2pan_plot_results.py:288: MatplotlibDeprecationWarning: The 'labels' parameter of boxplot() has been renamed 'tick_labels' since Matplotlib 3.9; support for the old name will be dropped in 3.11.
  plt.boxplot(plot_data, labels=plot_labels)
/home/arimoto/opt/scensim_env/scenargie_simulator/2.2/scenarios_linux/srm_interference/commandline/./script/interference_2pan_plot_results.py:343: MatplotlibDeprecationWarning: The 'labels' parameter of boxplot() has been renamed 'tick_labels' since Matplotlib 3.9; support for the old name will be dropped in 3.11.
  plt.boxplot([bin_data_list[i] for i in plot_indices],
/home/arimoto/opt/scensim_env/scenargie_simulator/2.2/scenarios_linux/srm_interference/commandline/./script/interference_2pan_plot_results.py:288: MatplotlibDeprecationWarning: The 'labels' parameter of boxplot() has been renamed 'tick_labels' since Matplotlib 3.9; support for the old name will be dropped in 3.11.
  plt.boxplot(plot_data, labels=plot_labels)
/home/arimoto/opt/scensim_env/scenargie_simulator/2.2/scenarios_linux/srm_interference/commandline/./script/interference_2pan_plot_results.py:343: MatplotlibDeprecationWarning: The 'labels' parameter of boxplot() has been renamed 'tick_labels' since Matplotlib 3.9; support for the old name will be dropped in 3.11.
  plt.boxplot([bin_data_list[i] for i in plot_indices],
/home/arimoto/opt/scensim_env/scenargie_simulator/2.2/scenarios_linux/srm_interference/commandline/./script/interference_2pan_plot_results.py:288: MatplotlibDeprecationWarning: The 'labels' parameter of boxplot() has been renamed 'tick_labels' since Matplotlib 3.9; support for the old name will be dropped in 3.11.
  plt.boxplot(plot_data, labels=plot_labels)
/home/arimoto/opt/scensim_env/scenargie_simulator/2.2/scenarios_linux/srm_interference/commandline/./script/interference_2pan_plot_results.py:343: MatplotlibDeprecationWarning: The 'labels' parameter of boxplot() has been renamed 'tick_labels' since Matplotlib 3.9; support for the old name will be dropped in 3.11.
  plt.boxplot([bin_data_list[i] for i in plot_indices],
/home/arimoto/opt/scensim_env/scenargie_simulator/2.2/scenarios_linux/srm_interference/commandline/./script/interference_2pan_plot_results.py:288: MatplotlibDeprecationWarning: The 'labels' parameter of boxplot() has been renamed 'tick_labels' since Matplotlib 3.9; support for the old name will be dropped in 3.11.
  plt.boxplot(plot_data, labels=plot_labels)
/home/arimoto/opt/scensim_env/scenargie_simulator/2.2/scenarios_linux/srm_interference/commandline/./script/interference_2pan_plot_results.py:343: MatplotlibDeprecationWarning: The 'labels' parameter of boxplot() has been renamed 'tick_labels' since Matplotlib 3.9; support for the old name will be dropped in 3.11.
  plt.boxplot([bin_data_list[i] for i in plot_indices],
/home/arimoto/opt/scensim_env/scenargie_simulator/2.2/scenarios_linux/srm_interference/commandline/./script/interference_2pan_plot_results.py:288: MatplotlibDeprecationWarning: The 'labels' parameter of boxplot() has been renamed 'tick_labels' since Matplotlib 3.9; support for the old name will be dropped in 3.11.
  plt.boxplot(plot_data, labels=plot_labels)
/home/arimoto/opt/scensim_env/scenargie_simulator/2.2/scenarios_linux/srm_interference/commandline/./script/interference_2pan_plot_results.py:343: MatplotlibDeprecationWarning: The 'labels' parameter of boxplot() has been renamed 'tick_labels' since Matplotlib 3.9; support for the old name will be dropped in 3.11.
  plt.boxplot([bin_data_list[i] for i in plot_indices],
/home/arimoto/opt/scensim_env/scenargie_simulator/2.2/scenarios_linux/srm_interference/commandline/./script/interference_2pan_plot_results.py:288: MatplotlibDeprecationWarning: The 'labels' parameter of boxplot() has been renamed 'tick_labels' since Matplotlib 3.9; support for the old name will be dropped in 3.11.
  plt.boxplot(plot_data, labels=plot_labels)
/home/arimoto/opt/scensim_env/scenargie_simulator/2.2/scenarios_linux/srm_interference/commandline/./script/interference_2pan_plot_results.py:343: MatplotlibDeprecationWarning: The 'labels' parameter of boxplot() has been renamed 'tick_labels' since Matplotlib 3.9; support for the old name will be dropped in 3.11.
  plt.boxplot([bin_data_list[i] for i in plot_indices],
/home/arimoto/opt/scensim_env/scenargie_simulator/2.2/scenarios_linux/srm_interference/commandline/./script/interference_2pan_plot_results.py:288: MatplotlibDeprecationWarning: The 'labels' parameter of boxplot() has been renamed 'tick_labels' since Matplotlib 3.9; support for the old name will be dropped in 3.11.
  plt.boxplot(plot_data, labels=plot_labels)
/home/arimoto/opt/scensim_env/scenargie_simulator/2.2/scenarios_linux/srm_interference/commandline/./script/interference_2pan_plot_results.py:343: MatplotlibDeprecationWarning: The 'labels' parameter of boxplot() has been renamed 'tick_labels' since Matplotlib 3.9; support for the old name will be dropped in 3.11.
  plt.boxplot([bin_data_list[i] for i in plot_indices],
/home/arimoto/opt/scensim_env/scenargie_simulator/2.2/scenarios_linux/srm_interference/commandline/./script/interference_2pan_plot_results.py:288: MatplotlibDeprecationWarning: The 'labels' parameter of boxplot() has been renamed 'tick_labels' since Matplotlib 3.9; support for the old name will be dropped in 3.11.
  plt.boxplot(plot_data, labels=plot_labels)
/home/arimoto/opt/scensim_env/scenargie_simulator/2.2/scenarios_linux/srm_interference/commandline/./script/interference_2pan_plot_results.py:343: MatplotlibDeprecationWarning: The 'labels' parameter of boxplot() has been renamed 'tick_labels' since Matplotlib 3.9; support for the old name will be dropped in 3.11.
  plt.boxplot([bin_data_list[i] for i in plot_indices],
/home/arimoto/opt/scensim_env/scenargie_simulator/2.2/scenarios_linux/srm_interference/commandline/./script/interference_2pan_plot_results.py:288: MatplotlibDeprecationWarning: The 'labels' parameter of boxplot() has been renamed 'tick_labels' since Matplotlib 3.9; support for the old name will be dropped in 3.11.
  plt.boxplot(plot_data, labels=plot_labels)
/home/arimoto/opt/scensim_env/scenargie_simulator/2.2/scenarios_linux/srm_interference/commandline/./script/interference_2pan_plot_results.py:343: MatplotlibDeprecationWarning: The 'labels' parameter of boxplot() has been renamed 'tick_labels' since Matplotlib 3.9; support for the old name will be dropped in 3.11.
  plt.boxplot([bin_data_list[i] for i in plot_indices],
/home/arimoto/opt/scensim_env/scenargie_simulator/2.2/scenarios_linux/srm_interference/commandline/./script/interference_2pan_plot_results.py:288: MatplotlibDeprecationWarning: The 'labels' parameter of boxplot() has been renamed 'tick_labels' since Matplotlib 3.9; support for the old name will be dropped in 3.11.
  plt.boxplot(plot_data, labels=plot_labels)
/home/arimoto/opt/scensim_env/scenargie_simulator/2.2/scenarios_linux/srm_interference/commandline/./script/interference_2pan_plot_results.py:343: MatplotlibDeprecationWarning: The 'labels' parameter of boxplot() has been renamed 'tick_labels' since Matplotlib 3.9; support for the old name will be dropped in 3.11.
  plt.boxplot([bin_data_list[i] for i in plot_indices],
/home/arimoto/opt/scensim_env/scenargie_simulator/2.2/scenarios_linux/srm_interference/commandline/./script/interference_2pan_plot_results.py:288: MatplotlibDeprecationWarning: The 'labels' parameter of boxplot() has been renamed 'tick_labels' since Matplotlib 3.9; support for the old name will be dropped in 3.11.
  plt.boxplot(plot_data, labels=plot_labels)
/home/arimoto/opt/scensim_env/scenargie_simulator/2.2/scenarios_linux/srm_interference/commandline/./script/interference_2pan_plot_results.py:343: MatplotlibDeprecationWarning: The 'labels' parameter of boxplot() has been renamed 'tick_labels' since Matplotlib 3.9; support for the old name will be dropped in 3.11.
  plt.boxplot([bin_data_list[i] for i in plot_indices],
/home/arimoto/opt/scensim_env/scenargie_simulator/2.2/scenarios_linux/srm_interference/commandline/./script/interference_2pan_plot_results.py:288: MatplotlibDeprecationWarning: The 'labels' parameter of boxplot() has been renamed 'tick_labels' since Matplotlib 3.9; support for the old name will be dropped in 3.11.
  plt.boxplot(plot_data, labels=plot_labels)
/home/arimoto/opt/scensim_env/scenargie_simulator/2.2/scenarios_linux/srm_interference/commandline/./script/interference_2pan_plot_results.py:343: MatplotlibDeprecationWarning: The 'labels' parameter of boxplot() has been renamed 'tick_labels' since Matplotlib 3.9; support for the old name will be dropped in 3.11.
  plt.boxplot([bin_data_list[i] for i in plot_indices],
/home/arimoto/opt/scensim_env/scenargie_simulator/2.2/scenarios_linux/srm_interference/commandline/./script/interference_2pan_plot_results.py:288: MatplotlibDeprecationWarning: The 'labels' parameter of boxplot() has been renamed 'tick_labels' since Matplotlib 3.9; support for the old name will be dropped in 3.11.
  plt.boxplot(plot_data, labels=plot_labels)
/home/arimoto/opt/scensim_env/scenargie_simulator/2.2/scenarios_linux/srm_interference/commandline/./script/interference_2pan_plot_results.py:343: MatplotlibDeprecationWarning: The 'labels' parameter of boxplot() has been renamed 'tick_labels' since Matplotlib 3.9; support for the old name will be dropped in 3.11.
  plt.boxplot([bin_data_list[i] for i in plot_indices],
/home/arimoto/opt/scensim_env/scenargie_simulator/2.2/scenarios_linux/srm_interference/commandline/./script/interference_2pan_plot_results.py:288: MatplotlibDeprecationWarning: The 'labels' parameter of boxplot() has been renamed 'tick_labels' since Matplotlib 3.9; support for the old name will be dropped in 3.11.
  plt.boxplot(plot_data, labels=plot_labels)
/home/arimoto/opt/scensim_env/scenargie_simulator/2.2/scenarios_linux/srm_interference/commandline/./script/interference_2pan_plot_results.py:343: MatplotlibDeprecationWarning: The 'labels' parameter of boxplot() has been renamed 'tick_labels' since Matplotlib 3.9; support for the old name will be dropped in 3.11.
  plt.boxplot([bin_data_list[i] for i in plot_indices],
/home/arimoto/opt/scensim_env/scenargie_simulator/2.2/scenarios_linux/srm_interference/commandline/./script/interference_2pan_plot_results.py:288: MatplotlibDeprecationWarning: The 'labels' parameter of boxplot() has been renamed 'tick_labels' since Matplotlib 3.9; support for the old name will be dropped in 3.11.
  plt.boxplot(plot_data, labels=plot_labels)
/home/arimoto/opt/scensim_env/scenargie_simulator/2.2/scenarios_linux/srm_interference/commandline/./script/interference_2pan_plot_results.py:343: MatplotlibDeprecationWarning: The 'labels' parameter of boxplot() has been renamed 'tick_labels' since Matplotlib 3.9; support for the old name will be dropped in 3.11.
  plt.boxplot([bin_data_list[i] for i in plot_indices],
/home/arimoto/opt/scensim_env/scenargie_simulator/2.2/scenarios_linux/srm_interference/commandline/./script/interference_2pan_plot_results.py:288: MatplotlibDeprecationWarning: The 'labels' parameter of boxplot() has been renamed 'tick_labels' since Matplotlib 3.9; support for the old name will be dropped in 3.11.
  plt.boxplot(plot_data, labels=plot_labels)

--- 0.01devices ---
Load 10%: TP=100, FP=100, FN=0, TN=0, Precision=0.500, Recall=1.000, FPR=1.000, F1=0.667
Load 20%: TP=100, FP=100, FN=0, TN=0, Precision=0.500, Recall=1.000, FPR=1.000, F1=0.667
Load 30%: TP=100, FP=100, FN=0, TN=0, Precision=0.500, Recall=1.000, FPR=1.000, F1=0.667
Load 40%: TP=100, FP=100, FN=0, TN=0, Precision=0.500, Recall=1.000, FPR=1.000, F1=0.667
Load 50%: TP=100, FP=100, FN=0, TN=0, Precision=0.500, Recall=1.000, FPR=1.000, F1=0.667
Load 60%: TP=100, FP=100, FN=0, TN=0, Precision=0.500, Recall=1.000, FPR=1.000, F1=0.667
Load 70%: TP=100, FP=95, FN=0, TN=5, Precision=0.513, Recall=1.000, FPR=0.950, F1=0.678
Load 80%: TP=100, FP=87, FN=0, TN=13, Precision=0.535, Recall=1.000, FPR=0.870, F1=0.697
Load 90%: TP=97, FP=74, FN=3, TN=26, Precision=0.567, Recall=0.970, FPR=0.740, F1=0.716
Load 100%: TP=94, FP=69, FN=6, TN=31, Precision=0.577, Recall=0.940, FPR=0.690, F1=0.715

--- 0.02devices ---
Load 10%: TP=100, FP=100, FN=0, TN=0, Precision=0.500, Recall=1.000, FPR=1.000, F1=0.667
Load 20%: TP=100, FP=100, FN=0, TN=0, Precision=0.500, Recall=1.000, FPR=1.000, F1=0.667
Load 30%: TP=100, FP=100, FN=0, TN=0, Precision=0.500, Recall=1.000, FPR=1.000, F1=0.667
Load 40%: TP=100, FP=98, FN=0, TN=2, Precision=0.505, Recall=1.000, FPR=0.980, F1=0.671
Load 50%: TP=100, FP=98, FN=0, TN=2, Precision=0.505, Recall=1.000, FPR=0.980, F1=0.671
Load 60%: TP=100, FP=98, FN=0, TN=2, Precision=0.505, Recall=1.000, FPR=0.980, F1=0.671
Load 70%: TP=89, FP=54, FN=11, TN=46, Precision=0.622, Recall=0.890, FPR=0.540, F1=0.733
Load 80%: TP=76, FP=34, FN=24, TN=66, Precision=0.691, Recall=0.760, FPR=0.340, F1=0.724
Load 90%: TP=53, FP=22, FN=47, TN=78, Precision=0.707, Recall=0.530, FPR=0.220, F1=0.606
Load 100%: TP=34, FP=15, FN=66, TN=85, Precision=0.694, Recall=0.340, FPR=0.150, F1=0.456

--- 0.03devices ---
Load 10%: TP=100, FP=100, FN=0, TN=0, Precision=0.500, Recall=1.000, FPR=1.000, F1=0.667
Load 20%: TP=100, FP=100, FN=0, TN=0, Precision=0.500, Recall=1.000, FPR=1.000, F1=0.667
Load 30%: TP=100, FP=99, FN=0, TN=1, Precision=0.503, Recall=1.000, FPR=0.990, F1=0.669
Load 40%: TP=100, FP=70, FN=0, TN=30, Precision=0.588, Recall=1.000, FPR=0.700, F1=0.741
Load 50%: TP=99, FP=80, FN=1, TN=20, Precision=0.553, Recall=0.990, FPR=0.800, F1=0.710
Load 60%: TP=92, FP=78, FN=8, TN=22, Precision=0.541, Recall=0.920, FPR=0.780, F1=0.681
Load 70%: TP=57, FP=19, FN=43, TN=81, Precision=0.750, Recall=0.570, FPR=0.190, F1=0.648
Load 80%: TP=38, FP=10, FN=62, TN=90, Precision=0.792, Recall=0.380, FPR=0.100, F1=0.514
Load 90%: TP=17, FP=6, FN=83, TN=94, Precision=0.739, Recall=0.170, FPR=0.060, F1=0.276
Load 100%: TP=8, FP=2, FN=92, TN=98, Precision=0.800, Recall=0.080, FPR=0.020, F1=0.145

--- 0.04devices ---
Load 10%: TP=100, FP=99, FN=0, TN=1, Precision=0.503, Recall=1.000, FPR=0.990, F1=0.669
Load 20%: TP=100, FP=100, FN=0, TN=0, Precision=0.500, Recall=1.000, FPR=1.000, F1=0.667
Load 30%: TP=100, FP=98, FN=0, TN=2, Precision=0.505, Recall=1.000, FPR=0.980, F1=0.671
Load 40%: TP=100, FP=30, FN=0, TN=70, Precision=0.769, Recall=1.000, FPR=0.300, F1=0.870
Load 50%: TP=87, FP=43, FN=13, TN=57, Precision=0.669, Recall=0.870, FPR=0.430, F1=0.757
Load 60%: TP=72, FP=55, FN=28, TN=45, Precision=0.567, Recall=0.720, FPR=0.550, F1=0.634
Load 70%: TP=14, FP=5, FN=86, TN=95, Precision=0.737, Recall=0.140, FPR=0.050, F1=0.235
Load 80%: TP=9, FP=4, FN=91, TN=96, Precision=0.692, Recall=0.090, FPR=0.040, F1=0.159
Load 90%: TP=0, FP=0, FN=100, TN=100, Precision=0.000, Recall=0.000, FPR=0.000, F1=0.000
Load 100%: TP=0, FP=0, FN=100, TN=100, Precision=0.000, Recall=0.000, FPR=0.000, F1=0.000

--- 0.05devices ---
Load 10%: TP=100, FP=93, FN=0, TN=7, Precision=0.518, Recall=1.000, FPR=0.930, F1=0.683
Load 20%: TP=100, FP=100, FN=0, TN=0, Precision=0.500, Recall=1.000, FPR=1.000, F1=0.667
Load 30%: TP=100, FP=93, FN=0, TN=7, Precision=0.518, Recall=1.000, FPR=0.930, F1=0.683
Load 40%: TP=96, FP=13, FN=4, TN=87, Precision=0.881, Recall=0.960, FPR=0.130, F1=0.919
Load 50%: TP=65, FP=16, FN=35, TN=84, Precision=0.802, Recall=0.650, FPR=0.160, F1=0.718
Load 60%: TP=40, FP=33, FN=60, TN=67, Precision=0.548, Recall=0.400, FPR=0.330, F1=0.462
Load 70%: TP=5, FP=2, FN=95, TN=98, Precision=0.714, Recall=0.050, FPR=0.020, F1=0.093
Load 80%: TP=4, FP=2, FN=96, TN=98, Precision=0.667, Recall=0.040, FPR=0.020, F1=0.075
Load 90%: TP=0, FP=0, FN=100, TN=100, Precision=0.000, Recall=0.000, FPR=0.000, F1=0.000
Load 100%: TP=0, FP=0, FN=100, TN=100, Precision=0.000, Recall=0.000, FPR=0.000, F1=0.000

--- 0.06devices ---
Load 10%: TP=100, FP=83, FN=0, TN=17, Precision=0.546, Recall=1.000, FPR=0.830, F1=0.707
Load 20%: TP=100, FP=98, FN=0, TN=2, Precision=0.505, Recall=1.000, FPR=0.980, F1=0.671
Load 30%: TP=99, FP=75, FN=1, TN=25, Precision=0.569, Recall=0.990, FPR=0.750, F1=0.723
Load 40%: TP=81, FP=2, FN=19, TN=98, Precision=0.976, Recall=0.810, FPR=0.020, F1=0.885
Load 50%: TP=41, FP=8, FN=59, TN=92, Precision=0.837, Recall=0.410, FPR=0.080, F1=0.550
Load 60%: TP=20, FP=16, FN=80, TN=84, Precision=0.556, Recall=0.200, FPR=0.160, F1=0.294
Load 70%: TP=2, FP=1, FN=98, TN=99, Precision=0.667, Recall=0.020, FPR=0.010, F1=0.039
Load 80%: TP=2, FP=1, FN=98, TN=99, Precision=0.667, Recall=0.020, FPR=0.010, F1=0.039
Load 90%: TP=0, FP=0, FN=100, TN=100, Precision=0.000, Recall=0.000, FPR=0.000, F1=0.000
Load 100%: TP=0, FP=0, FN=100, TN=100, Precision=0.000, Recall=0.000, FPR=0.000, F1=0.000

--- 0.07devices ---
Load 10%: TP=100, FP=71, FN=0, TN=29, Precision=0.585, Recall=1.000, FPR=0.710, F1=0.738
Load 20%: TP=100, FP=80, FN=0, TN=20, Precision=0.556, Recall=1.000, FPR=0.800, F1=0.714
Load 30%: TP=93, FP=59, FN=7, TN=41, Precision=0.612, Recall=0.930, FPR=0.590, F1=0.738
Load 40%: TP=66, FP=2, FN=34, TN=98, Precision=0.971, Recall=0.660, FPR=0.020, F1=0.786
Load 50%: TP=23, FP=2, FN=77, TN=98, Precision=0.920, Recall=0.230, FPR=0.020, F1=0.368
Load 60%: TP=7, FP=7, FN=93, TN=93, Precision=0.500, Recall=0.070, FPR=0.070, F1=0.123
Load 70%: TP=1, FP=0, FN=99, TN=100, Precision=1.000, Recall=0.010, FPR=0.000, F1=0.020
Load 80%: TP=0, FP=0, FN=100, TN=100, Precision=0.000, Recall=0.000, FPR=0.000, F1=0.000
Load 90%: TP=0, FP=0, FN=100, TN=100, Precision=0.000, Recall=0.000, FPR=0.000, F1=0.000
Load 100%: TP=0, FP=0, FN=100, TN=100, Precision=0.000, Recall=0.000, FPR=0.000, F1=0.000

--- 0.08devices ---
Load 10%: TP=100, FP=61, FN=0, TN=39, Precision=0.621, Recall=1.000, FPR=0.610, F1=0.766
Load 20%: TP=99, FP=63, FN=1, TN=37, Precision=0.611, Recall=0.990, FPR=0.630, F1=0.756
Load 30%: TP=88, FP=45, FN=12, TN=55, Precision=0.662, Recall=0.880, FPR=0.450, F1=0.755
Load 40%: TP=38, FP=0, FN=62, TN=100, Precision=1.000, Recall=0.380, FPR=0.000, F1=0.551
Load 50%: TP=10, FP=1, FN=90, TN=99, Precision=0.909, Recall=0.100, FPR=0.010, F1=0.180
Load 60%: TP=2, FP=4, FN=98, TN=96, Precision=0.333, Recall=0.020, FPR=0.040, F1=0.038
Load 70%: TP=0, FP=0, FN=100, TN=100, Precision=0.000, Recall=0.000, FPR=0.000, F1=0.000
Load 80%: TP=0, FP=0, FN=100, TN=100, Precision=0.000, Recall=0.000, FPR=0.000, F1=0.000
Load 90%: TP=0, FP=0, FN=100, TN=100, Precision=0.000, Recall=0.000, FPR=0.000, F1=0.000
Load 100%: TP=0, FP=0, FN=100, TN=100, Precision=0.000, Recall=0.000, FPR=0.000, F1=0.000

--- 0.09devices ---
Load 10%: TP=100, FP=46, FN=0, TN=54, Precision=0.685, Recall=1.000, FPR=0.460, F1=0.813
Load 20%: TP=97, FP=51, FN=3, TN=49, Precision=0.655, Recall=0.970, FPR=0.510, F1=0.782
Load 30%: TP=71, FP=27, FN=29, TN=73, Precision=0.724, Recall=0.710, FPR=0.270, F1=0.717
Load 40%: TP=16, FP=0, FN=84, TN=100, Precision=1.000, Recall=0.160, FPR=0.000, F1=0.276
Load 50%: TP=5, FP=0, FN=95, TN=100, Precision=1.000, Recall=0.050, FPR=0.000, F1=0.095
Load 60%: TP=2, FP=1, FN=98, TN=99, Precision=0.667, Recall=0.020, FPR=0.010, F1=0.039
Load 70%: TP=0, FP=0, FN=100, TN=100, Precision=0.000, Recall=0.000, FPR=0.000, F1=0.000
Load 80%: TP=0, FP=0, FN=100, TN=100, Precision=0.000, Recall=0.000, FPR=0.000, F1=0.000
Load 90%: TP=0, FP=0, FN=100, TN=100, Precision=0.000, Recall=0.000, FPR=0.000, F1=0.000
Load 100%: TP=0, FP=0, FN=100, TN=100, Precision=0.000, Recall=0.000, FPR=0.000, F1=0.000

--- 0.1devices ---
Load 10%: TP=100, FP=31, FN=0, TN=69, Precision=0.763, Recall=1.000, FPR=0.310, F1=0.866
Load 20%: TP=96, FP=37, FN=4, TN=63, Precision=0.722, Recall=0.960, FPR=0.370, F1=0.824
Load 30%: TP=54, FP=21, FN=46, TN=79, Precision=0.720, Recall=0.540, FPR=0.210, F1=0.617
Load 40%: TP=12, FP=0, FN=88, TN=100, Precision=1.000, Recall=0.120, FPR=0.000, F1=0.214
Load 50%: TP=0, FP=0, FN=100, TN=100, Precision=0.000, Recall=0.000, FPR=0.000, F1=0.000
Load 60%: TP=0, FP=1, FN=100, TN=99, Precision=0.000, Recall=0.000, FPR=0.010, F1=0.000
Load 70%: TP=0, FP=0, FN=100, TN=100, Precision=0.000, Recall=0.000, FPR=0.000, F1=0.000
Load 80%: TP=0, FP=0, FN=100, TN=100, Precision=0.000, Recall=0.000, FPR=0.000, F1=0.000
Load 90%: TP=0, FP=0, FN=100, TN=100, Precision=0.000, Recall=0.000, FPR=0.000, F1=0.000
Load 100%: TP=0, FP=0, FN=100, TN=100, Precision=0.000, Recall=0.000, FPR=0.000, F1=0.000

--- 0.11devices ---
Load 10%: TP=100, FP=18, FN=0, TN=82, Precision=0.847, Recall=1.000, FPR=0.180, F1=0.917
Load 20%: TP=91, FP=22, FN=9, TN=78, Precision=0.805, Recall=0.910, FPR=0.220, F1=0.854
Load 30%: TP=44, FP=11, FN=56, TN=89, Precision=0.800, Recall=0.440, FPR=0.110, F1=0.568
Load 40%: TP=6, FP=0, FN=94, TN=100, Precision=1.000, Recall=0.060, FPR=0.000, F1=0.113
Load 50%: TP=0, FP=0, FN=100, TN=100, Precision=0.000, Recall=0.000, FPR=0.000, F1=0.000
Load 60%: TP=0, FP=0, FN=100, TN=100, Precision=0.000, Recall=0.000, FPR=0.000, F1=0.000
Load 70%: TP=0, FP=0, FN=100, TN=100, Precision=0.000, Recall=0.000, FPR=0.000, F1=0.000
Load 80%: TP=0, FP=0, FN=100, TN=100, Precision=0.000, Recall=0.000, FPR=0.000, F1=0.000
Load 90%: TP=0, FP=0, FN=100, TN=100, Precision=0.000, Recall=0.000, FPR=0.000, F1=0.000
Load 100%: TP=0, FP=0, FN=100, TN=100, Precision=0.000, Recall=0.000, FPR=0.000, F1=0.000

--- 0.12devices ---
Load 10%: TP=99, FP=11, FN=1, TN=89, Precision=0.900, Recall=0.990, FPR=0.110, F1=0.943
Load 20%: TP=81, FP=15, FN=19, TN=85, Precision=0.844, Recall=0.810, FPR=0.150, F1=0.827
Load 30%: TP=27, FP=6, FN=73, TN=94, Precision=0.818, Recall=0.270, FPR=0.060, F1=0.406
Load 40%: TP=4, FP=0, FN=96, TN=100, Precision=1.000, Recall=0.040, FPR=0.000, F1=0.077
Load 50%: TP=0, FP=0, FN=100, TN=100, Precision=0.000, Recall=0.000, FPR=0.000, F1=0.000
Load 60%: TP=0, FP=0, FN=100, TN=100, Precision=0.000, Recall=0.000, FPR=0.000, F1=0.000
Load 70%: TP=0, FP=0, FN=100, TN=100, Precision=0.000, Recall=0.000, FPR=0.000, F1=0.000
Load 80%: TP=0, FP=0, FN=100, TN=100, Precision=0.000, Recall=0.000, FPR=0.000, F1=0.000
Load 90%: TP=0, FP=0, FN=100, TN=100, Precision=0.000, Recall=0.000, FPR=0.000, F1=0.000
Load 100%: TP=0, FP=0, FN=100, TN=100, Precision=0.000, Recall=0.000, FPR=0.000, F1=0.000

--- 0.13devices ---
Load 10%: TP=99, FP=8, FN=1, TN=92, Precision=0.925, Recall=0.990, FPR=0.080, F1=0.957
Load 20%: TP=69, FP=7, FN=31, TN=93, Precision=0.908, Recall=0.690, FPR=0.070, F1=0.784
Load 30%: TP=13, FP=4, FN=87, TN=96, Precision=0.765, Recall=0.130, FPR=0.040, F1=0.222
Load 40%: TP=2, FP=0, FN=98, TN=100, Precision=1.000, Recall=0.020, FPR=0.000, F1=0.039
Load 50%: TP=0, FP=0, FN=100, TN=100, Precision=0.000, Recall=0.000, FPR=0.000, F1=0.000
Load 60%: TP=0, FP=0, FN=100, TN=100, Precision=0.000, Recall=0.000, FPR=0.000, F1=0.000
Load 70%: TP=0, FP=0, FN=100, TN=100, Precision=0.000, Recall=0.000, FPR=0.000, F1=0.000
Load 80%: TP=0, FP=0, FN=100, TN=100, Precision=0.000, Recall=0.000, FPR=0.000, F1=0.000
Load 90%: TP=0, FP=0, FN=100, TN=100, Precision=0.000, Recall=0.000, FPR=0.000, F1=0.000
Load 100%: TP=0, FP=0, FN=100, TN=100, Precision=0.000, Recall=0.000, FPR=0.000, F1=0.000

--- 0.14devices ---
Load 10%: TP=99, FP=5, FN=1, TN=95, Precision=0.952, Recall=0.990, FPR=0.050, F1=0.971
Load 20%: TP=60, FP=3, FN=40, TN=97, Precision=0.952, Recall=0.600, FPR=0.030, F1=0.736
Load 30%: TP=10, FP=3, FN=90, TN=97, Precision=0.769, Recall=0.100, FPR=0.030, F1=0.177
Load 40%: TP=1, FP=0, FN=99, TN=100, Precision=1.000, Recall=0.010, FPR=0.000, F1=0.020
Load 50%: TP=0, FP=0, FN=100, TN=100, Precision=0.000, Recall=0.000, FPR=0.000, F1=0.000
Load 60%: TP=0, FP=0, FN=100, TN=100, Precision=0.000, Recall=0.000, FPR=0.000, F1=0.000
Load 70%: TP=0, FP=0, FN=100, TN=100, Precision=0.000, Recall=0.000, FPR=0.000, F1=0.000
Load 80%: TP=0, FP=0, FN=100, TN=100, Precision=0.000, Recall=0.000, FPR=0.000, F1=0.000
Load 90%: TP=0, FP=0, FN=100, TN=100, Precision=0.000, Recall=0.000, FPR=0.000, F1=0.000
Load 100%: TP=0, FP=0, FN=100, TN=100, Precision=0.000, Recall=0.000, FPR=0.000, F1=0.000

--- 0.15devices ---
Load 10%: TP=98, FP=3, FN=2, TN=97, Precision=0.970, Recall=0.980, FPR=0.030, F1=0.975
Load 20%: TP=45, FP=3, FN=55, TN=97, Precision=0.938, Recall=0.450, FPR=0.030, F1=0.608
Load 30%: TP=5, FP=3, FN=95, TN=97, Precision=0.625, Recall=0.050, FPR=0.030, F1=0.093
Load 40%: TP=0, FP=0, FN=100, TN=100, Precision=0.000, Recall=0.000, FPR=0.000, F1=0.000
Load 50%: TP=0, FP=0, FN=100, TN=100, Precision=0.000, Recall=0.000, FPR=0.000, F1=0.000
Load 60%: TP=0, FP=0, FN=100, TN=100, Precision=0.000, Recall=0.000, FPR=0.000, F1=0.000
Load 70%: TP=0, FP=0, FN=100, TN=100, Precision=0.000, Recall=0.000, FPR=0.000, F1=0.000
Load 80%: TP=0, FP=0, FN=100, TN=100, Precision=0.000, Recall=0.000, FPR=0.000, F1=0.000
Load 90%: TP=0, FP=0, FN=100, TN=100, Precision=0.000, Recall=0.000, FPR=0.000, F1=0.000
Load 100%: TP=0, FP=0, FN=100, TN=100, Precision=0.000, Recall=0.000, FPR=0.000, F1=0.000

--- 0.16devices ---
Load 10%: TP=97, FP=2, FN=3, TN=98, Precision=0.980, Recall=0.970, FPR=0.020, F1=0.975
Load 20%: TP=35, FP=1, FN=65, TN=99, Precision=0.972, Recall=0.350, FPR=0.010, F1=0.515
Load 30%: TP=1, FP=1, FN=99, TN=99, Precision=0.500, Recall=0.010, FPR=0.010, F1=0.020
Load 40%: TP=0, FP=0, FN=100, TN=100, Precision=0.000, Recall=0.000, FPR=0.000, F1=0.000
Load 50%: TP=0, FP=0, FN=100, TN=100, Precision=0.000, Recall=0.000, FPR=0.000, F1=0.000
Load 60%: TP=0, FP=0, FN=100, TN=100, Precision=0.000, Recall=0.000, FPR=0.000, F1=0.000
Load 70%: TP=0, FP=0, FN=100, TN=100, Precision=0.000, Recall=0.000, FPR=0.000, F1=0.000
Load 80%: TP=0, FP=0, FN=100, TN=100, Precision=0.000, Recall=0.000, FPR=0.000, F1=0.000
Load 90%: TP=0, FP=0, FN=100, TN=100, Precision=0.000, Recall=0.000, FPR=0.000, F1=0.000
Load 100%: TP=0, FP=0, FN=100, TN=100, Precision=0.000, Recall=0.000, FPR=0.000, F1=0.000

--- 0.17devices ---
Load 10%: TP=93, FP=0, FN=7, TN=100, Precision=1.000, Recall=0.930, FPR=0.000, F1=0.964
Load 20%: TP=24, FP=0, FN=76, TN=100, Precision=1.000, Recall=0.240, FPR=0.000, F1=0.387
Load 30%: TP=1, FP=0, FN=99, TN=100, Precision=1.000, Recall=0.010, FPR=0.000, F1=0.020
Load 40%: TP=0, FP=0, FN=100, TN=100, Precision=0.000, Recall=0.000, FPR=0.000, F1=0.000
Load 50%: TP=0, FP=0, FN=100, TN=100, Precision=0.000, Recall=0.000, FPR=0.000, F1=0.000
Load 60%: TP=0, FP=0, FN=100, TN=100, Precision=0.000, Recall=0.000, FPR=0.000, F1=0.000
Load 70%: TP=0, FP=0, FN=100, TN=100, Precision=0.000, Recall=0.000, FPR=0.000, F1=0.000
Load 80%: TP=0, FP=0, FN=100, TN=100, Precision=0.000, Recall=0.000, FPR=0.000, F1=0.000
Load 90%: TP=0, FP=0, FN=100, TN=100, Precision=0.000, Recall=0.000, FPR=0.000, F1=0.000
Load 100%: TP=0, FP=0, FN=100, TN=100, Precision=0.000, Recall=0.000, FPR=0.000, F1=0.000

--- 0.18devices ---
Load 10%: TP=89, FP=0, FN=11, TN=100, Precision=1.000, Recall=0.890, FPR=0.000, F1=0.942
Load 20%: TP=17, FP=0, FN=83, TN=100, Precision=1.000, Recall=0.170, FPR=0.000, F1=0.291
Load 30%: TP=1, FP=0, FN=99, TN=100, Precision=1.000, Recall=0.010, FPR=0.000, F1=0.020
Load 40%: TP=0, FP=0, FN=100, TN=100, Precision=0.000, Recall=0.000, FPR=0.000, F1=0.000
Load 50%: TP=0, FP=0, FN=100, TN=100, Precision=0.000, Recall=0.000, FPR=0.000, F1=0.000
Load 60%: TP=0, FP=0, FN=100, TN=100, Precision=0.000, Recall=0.000, FPR=0.000, F1=0.000
Load 70%: TP=0, FP=0, FN=100, TN=100, Precision=0.000, Recall=0.000, FPR=0.000, F1=0.000
Load 80%: TP=0, FP=0, FN=100, TN=100, Precision=0.000, Recall=0.000, FPR=0.000, F1=0.000
Load 90%: TP=0, FP=0, FN=100, TN=100, Precision=0.000, Recall=0.000, FPR=0.000, F1=0.000
Load 100%: TP=0, FP=0, FN=100, TN=100, Precision=0.000, Recall=0.000, FPR=0.000, F1=0.000

--- 0.19devices ---
Load 10%: TP=77, FP=0, FN=23, TN=100, Precision=1.000, Recall=0.770, FPR=0.000, F1=0.870
Load 20%: TP=9, FP=0, FN=91, TN=100, Precision=1.000, Recall=0.090, FPR=0.000, F1=0.165
Load 30%: TP=1, FP=0, FN=99, TN=100, Precision=1.000, Recall=0.010, FPR=0.000, F1=0.020
Load 40%: TP=0, FP=0, FN=100, TN=100, Precision=0.000, Recall=0.000, FPR=0.000, F1=0.000
Load 50%: TP=0, FP=0, FN=100, TN=100, Precision=0.000, Recall=0.000, FPR=0.000, F1=0.000
Load 60%: TP=0, FP=0, FN=100, TN=100, Precision=0.000, Recall=0.000, FPR=0.000, F1=0.000
Load 70%: TP=0, FP=0, FN=100, TN=100, Precision=0.000, Recall=0.000, FPR=0.000, F1=0.000
Load 80%: TP=0, FP=0, FN=100, TN=100, Precision=0.000, Recall=0.000, FPR=0.000, F1=0.000
Load 90%: TP=0, FP=0, FN=100, TN=100, Precision=0.000, Recall=0.000, FPR=0.000, F1=0.000
Load 100%: TP=0, FP=0, FN=100, TN=100, Precision=0.000, Recall=0.000, FPR=0.000, F1=0.000

--- 0.2devices ---
Load 10%: TP=72, FP=0, FN=28, TN=100, Precision=1.000, Recall=0.720, FPR=0.000, F1=0.837
Load 20%: TP=5, FP=0, FN=95, TN=100, Precision=1.000, Recall=0.050, FPR=0.000, F1=0.095
Load 30%: TP=1, FP=0, FN=99, TN=100, Precision=1.000, Recall=0.010, FPR=0.000, F1=0.020
Load 40%: TP=0, FP=0, FN=100, TN=100, Precision=0.000, Recall=0.000, FPR=0.000, F1=0.000
Load 50%: TP=0, FP=0, FN=100, TN=100, Precision=0.000, Recall=0.000, FPR=0.000, F1=0.000
Load 60%: TP=0, FP=0, FN=100, TN=100, Precision=0.000, Recall=0.000, FPR=0.000, F1=0.000
Load 70%: TP=0, FP=0, FN=100, TN=100, Precision=0.000, Recall=0.000, FPR=0.000, F1=0.000
Load 80%: TP=0, FP=0, FN=100, TN=100, Precision=0.000, Recall=0.000, FPR=0.000, F1=0.000
Load 90%: TP=0, FP=0, FN=100, TN=100, Precision=0.000, Recall=0.000, FPR=0.000, F1=0.000
Load 100%: TP=0, FP=0, FN=100, TN=100, Precision=0.000, Recall=0.000, FPR=0.000, F1=0.000

--- 0.21devices ---
Load 10%: TP=65, FP=0, FN=35, TN=100, Precision=1.000, Recall=0.650, FPR=0.000, F1=0.788
Load 20%: TP=4, FP=0, FN=96, TN=100, Precision=1.000, Recall=0.040, FPR=0.000, F1=0.077
Load 30%: TP=0, FP=0, FN=100, TN=100, Precision=0.000, Recall=0.000, FPR=0.000, F1=0.000
Load 40%: TP=0, FP=0, FN=100, TN=100, Precision=0.000, Recall=0.000, FPR=0.000, F1=0.000
Load 50%: TP=0, FP=0, FN=100, TN=100, Precision=0.000, Recall=0.000, FPR=0.000, F1=0.000
Load 60%: TP=0, FP=0, FN=100, TN=100, Precision=0.000, Recall=0.000, FPR=0.000, F1=0.000
Load 70%: TP=0, FP=0, FN=100, TN=100, Precision=0.000, Recall=0.000, FPR=0.000, F1=0.000
Load 80%: TP=0, FP=0, FN=100, TN=100, Precision=0.000, Recall=0.000, FPR=0.000, F1=0.000
Load 90%: TP=0, FP=0, FN=100, TN=100, Precision=0.000, Recall=0.000, FPR=0.000, F1=0.000
Load 100%: TP=0, FP=0, FN=100, TN=100, Precision=0.000, Recall=0.000, FPR=0.000, F1=0.000

--- 0.22devices ---
Load 10%: TP=56, FP=0, FN=44, TN=100, Precision=1.000, Recall=0.560, FPR=0.000, F1=0.718
Load 20%: TP=3, FP=0, FN=97, TN=100, Precision=1.000, Recall=0.030, FPR=0.000, F1=0.058
Load 30%: TP=0, FP=0, FN=100, TN=100, Precision=0.000, Recall=0.000, FPR=0.000, F1=0.000
Load 40%: TP=0, FP=0, FN=100, TN=100, Precision=0.000, Recall=0.000, FPR=0.000, F1=0.000
Load 50%: TP=0, FP=0, FN=100, TN=100, Precision=0.000, Recall=0.000, FPR=0.000, F1=0.000
Load 60%: TP=0, FP=0, FN=100, TN=100, Precision=0.000, Recall=0.000, FPR=0.000, F1=0.000
Load 70%: TP=0, FP=0, FN=100, TN=100, Precision=0.000, Recall=0.000, FPR=0.000, F1=0.000
Load 80%: TP=0, FP=0, FN=100, TN=100, Precision=0.000, Recall=0.000, FPR=0.000, F1=0.000
Load 90%: TP=0, FP=0, FN=100, TN=100, Precision=0.000, Recall=0.000, FPR=0.000, F1=0.000
Load 100%: TP=0, FP=0, FN=100, TN=100, Precision=0.000, Recall=0.000, FPR=0.000, F1=0.000
