
===== Processing interf files =====

--- Starting Result Aggregation and Plotting ---
start off_load_pan1/pan2: 0.1 / 1.0
Found 100 stat files to process.
Found 100 trace files to process.
Found 100 pos files to process.
/home/arimoto/opt/scensim_env/scenargie_simulator/2.2/scenarios_linux/srm_interference/commandline/./script/interference_2pan_plot_results.py:893: RuntimeWarning: invalid value encountered in divide
  tmp_c_rssi_ave_list = np.where(tmp_c_rx_pkt_num_list > 0, np.round(tmp_c_rssi_sum_list/tmp_c_rx_pkt_num_list, 1), 0.0)
/home/arimoto/opt/scensim_env/scenargie_simulator/2.2/scenarios_linux/srm_interference/commandline/./script/interference_2pan_plot_results.py:893: RuntimeWarning: invalid value encountered in divide
  tmp_c_rssi_ave_list = np.where(tmp_c_rx_pkt_num_list > 0, np.round(tmp_c_rssi_sum_list/tmp_c_rx_pkt_num_list, 1), 0.0)
/home/arimoto/opt/scensim_env/scenargie_simulator/2.2/scenarios_linux/srm_interference/commandline/./script/interference_2pan_plot_results.py:893: RuntimeWarning: invalid value encountered in divide
  tmp_c_rssi_ave_list = np.where(tmp_c_rx_pkt_num_list > 0, np.round(tmp_c_rssi_sum_list/tmp_c_rx_pkt_num_list, 1), 0.0)
/home/arimoto/opt/scensim_env/scenargie_simulator/2.2/scenarios_linux/srm_interference/commandline/./script/interference_2pan_plot_results.py:893: RuntimeWarning: invalid value encountered in divide
  tmp_c_rssi_ave_list = np.where(tmp_c_rx_pkt_num_list > 0, np.round(tmp_c_rssi_sum_list/tmp_c_rx_pkt_num_list, 1), 0.0)
/home/arimoto/opt/scensim_env/scenargie_simulator/2.2/scenarios_linux/srm_interference/commandline/./script/interference_2pan_plot_results.py:893: RuntimeWarning: invalid value encountered in divide
  tmp_c_rssi_ave_list = np.where(tmp_c_rx_pkt_num_list > 0, np.round(tmp_c_rssi_sum_list/tmp_c_rx_pkt_num_list, 1), 0.0)
/home/arimoto/opt/scensim_env/scenargie_simulator/2.2/scenarios_linux/srm_interference/commandline/./script/interference_2pan_plot_results.py:893: RuntimeWarning: invalid value encountered in divide
  tmp_c_rssi_ave_list = np.where(tmp_c_rx_pkt_num_list > 0, np.round(tmp_c_rssi_sum_list/tmp_c_rx_pkt_num_list, 1), 0.0)
/home/arimoto/opt/scensim_env/scenargie_simulator/2.2/scenarios_linux/srm_interference/commandline/./script/interference_2pan_plot_results.py:893: RuntimeWarning: invalid value encountered in divide
  tmp_c_rssi_ave_list = np.where(tmp_c_rx_pkt_num_list > 0, np.round(tmp_c_rssi_sum_list/tmp_c_rx_pkt_num_list, 1), 0.0)
/home/arimoto/opt/scensim_env/scenargie_simulator/2.2/scenarios_linux/srm_interference/commandline/./script/interference_2pan_plot_results.py:893: RuntimeWarning: invalid value encountered in divide
  tmp_c_rssi_ave_list = np.where(tmp_c_rx_pkt_num_list > 0, np.round(tmp_c_rssi_sum_list/tmp_c_rx_pkt_num_list, 1), 0.0)
/home/arimoto/opt/scensim_env/scenargie_simulator/2.2/scenarios_linux/srm_interference/commandline/./script/interference_2pan_plot_results.py:893: RuntimeWarning: invalid value encountered in divide
  tmp_c_rssi_ave_list = np.where(tmp_c_rx_pkt_num_list > 0, np.round(tmp_c_rssi_sum_list/tmp_c_rx_pkt_num_list, 1), 0.0)
/home/arimoto/opt/scensim_env/scenargie_simulator/2.2/scenarios_linux/srm_interference/commandline/./script/interference_2pan_plot_results.py:893: RuntimeWarning: invalid value encountered in divide
  tmp_c_rssi_ave_list = np.where(tmp_c_rx_pkt_num_list > 0, np.round(tmp_c_rssi_sum_list/tmp_c_rx_pkt_num_list, 1), 0.0)
/home/arimoto/opt/scensim_env/scenargie_simulator/2.2/scenarios_linux/srm_interference/commandline/./script/interference_2pan_plot_results.py:893: RuntimeWarning: invalid value encountered in divide
  tmp_c_rssi_ave_list = np.where(tmp_c_rx_pkt_num_list > 0, np.round(tmp_c_rssi_sum_list/tmp_c_rx_pkt_num_list, 1), 0.0)
/home/arimoto/opt/scensim_env/scenargie_simulator/2.2/scenarios_linux/srm_interference/commandline/./script/interference_2pan_plot_results.py:893: RuntimeWarning: invalid value encountered in divide
  tmp_c_rssi_ave_list = np.where(tmp_c_rx_pkt_num_list > 0, np.round(tmp_c_rssi_sum_list/tmp_c_rx_pkt_num_list, 1), 0.0)
/home/arimoto/opt/scensim_env/scenargie_simulator/2.2/scenarios_linux/srm_interference/commandline/./script/interference_2pan_plot_results.py:893: RuntimeWarning: invalid value encountered in divide
  tmp_c_rssi_ave_list = np.where(tmp_c_rx_pkt_num_list > 0, np.round(tmp_c_rssi_sum_list/tmp_c_rx_pkt_num_list, 1), 0.0)
/home/arimoto/opt/scensim_env/scenargie_simulator/2.2/scenarios_linux/srm_interference/commandline/./script/interference_2pan_plot_results.py:893: RuntimeWarning: invalid value encountered in divide
  tmp_c_rssi_ave_list = np.where(tmp_c_rx_pkt_num_list > 0, np.round(tmp_c_rssi_sum_list/tmp_c_rx_pkt_num_list, 1), 0.0)
/home/arimoto/opt/scensim_env/scenargie_simulator/2.2/scenarios_linux/srm_interference/commandline/./script/interference_2pan_plot_results.py:893: RuntimeWarning: invalid value encountered in divide
  tmp_c_rssi_ave_list = np.where(tmp_c_rx_pkt_num_list > 0, np.round(tmp_c_rssi_sum_list/tmp_c_rx_pkt_num_list, 1), 0.0)
/home/arimoto/opt/scensim_env/scenargie_simulator/2.2/scenarios_linux/srm_interference/commandline/./script/interference_2pan_plot_results.py:893: RuntimeWarning: invalid value encountered in divide
  tmp_c_rssi_ave_list = np.where(tmp_c_rx_pkt_num_list > 0, np.round(tmp_c_rssi_sum_list/tmp_c_rx_pkt_num_list, 1), 0.0)
/home/arimoto/opt/scensim_env/scenargie_simulator/2.2/scenarios_linux/srm_interference/commandline/./script/interference_2pan_plot_results.py:893: RuntimeWarning: invalid value encountered in divide
  tmp_c_rssi_ave_list = np.where(tmp_c_rx_pkt_num_list > 0, np.round(tmp_c_rssi_sum_list/tmp_c_rx_pkt_num_list, 1), 0.0)
/home/arimoto/opt/scensim_env/scenargie_simulator/2.2/scenarios_linux/srm_interference/commandline/./script/interference_2pan_plot_results.py:893: RuntimeWarning: invalid value encountered in divide
  tmp_c_rssi_ave_list = np.where(tmp_c_rx_pkt_num_list > 0, np.round(tmp_c_rssi_sum_list/tmp_c_rx_pkt_num_list, 1), 0.0)
/home/arimoto/opt/scensim_env/scenargie_simulator/2.2/scenarios_linux/srm_interference/commandline/./script/interference_2pan_plot_results.py:893: RuntimeWarning: invalid value encountered in divide
  tmp_c_rssi_ave_list = np.where(tmp_c_rx_pkt_num_list > 0, np.round(tmp_c_rssi_sum_list/tmp_c_rx_pkt_num_list, 1), 0.0)
/home/arimoto/opt/scensim_env/scenargie_simulator/2.2/scenarios_linux/srm_interference/commandline/./script/interference_2pan_plot_results.py:893: RuntimeWarning: invalid value encountered in divide
  tmp_c_rssi_ave_list = np.where(tmp_c_rx_pkt_num_list > 0, np.round(tmp_c_rssi_sum_list/tmp_c_rx_pkt_num_list, 1), 0.0)
/home/arimoto/opt/scensim_env/scenargie_simulator/2.2/scenarios_linux/srm_interference/commandline/./script/interference_2pan_plot_results.py:893: RuntimeWarning: invalid value encountered in divide
  tmp_c_rssi_ave_list = np.where(tmp_c_rx_pkt_num_list > 0, np.round(tmp_c_rssi_sum_list/tmp_c_rx_pkt_num_list, 1), 0.0)
/home/arimoto/opt/scensim_env/scenargie_simulator/2.2/scenarios_linux/srm_interference/commandline/./script/interference_2pan_plot_results.py:893: RuntimeWarning: invalid value encountered in divide
  tmp_c_rssi_ave_list = np.where(tmp_c_rx_pkt_num_list > 0, np.round(tmp_c_rssi_sum_list/tmp_c_rx_pkt_num_list, 1), 0.0)
/home/arimoto/opt/scensim_env/scenargie_simulator/2.2/scenarios_linux/srm_interference/commandline/./script/interference_2pan_plot_results.py:893: RuntimeWarning: invalid value encountered in divide
  tmp_c_rssi_ave_list = np.where(tmp_c_rx_pkt_num_list > 0, np.round(tmp_c_rssi_sum_list/tmp_c_rx_pkt_num_list, 1), 0.0)
/home/arimoto/opt/scensim_env/scenargie_simulator/2.2/scenarios_linux/srm_interference/commandline/./script/interference_2pan_plot_results.py:893: RuntimeWarning: invalid value encountered in divide
  tmp_c_rssi_ave_list = np.where(tmp_c_rx_pkt_num_list > 0, np.round(tmp_c_rssi_sum_list/tmp_c_rx_pkt_num_list, 1), 0.0)
/home/arimoto/opt/scensim_env/scenargie_simulator/2.2/scenarios_linux/srm_interference/commandline/./script/interference_2pan_plot_results.py:893: RuntimeWarning: invalid value encountered in divide
  tmp_c_rssi_ave_list = np.where(tmp_c_rx_pkt_num_list > 0, np.round(tmp_c_rssi_sum_list/tmp_c_rx_pkt_num_list, 1), 0.0)
/home/arimoto/opt/scensim_env/scenargie_simulator/2.2/scenarios_linux/srm_interference/commandline/./script/interference_2pan_plot_results.py:893: RuntimeWarning: invalid value encountered in divide
  tmp_c_rssi_ave_list = np.where(tmp_c_rx_pkt_num_list > 0, np.round(tmp_c_rssi_sum_list/tmp_c_rx_pkt_num_list, 1), 0.0)
/home/arimoto/opt/scensim_env/scenargie_simulator/2.2/scenarios_linux/srm_interference/commandline/./script/interference_2pan_plot_results.py:893: RuntimeWarning: invalid value encountered in divide
  tmp_c_rssi_ave_list = np.where(tmp_c_rx_pkt_num_list > 0, np.round(tmp_c_rssi_sum_list/tmp_c_rx_pkt_num_list, 1), 0.0)
/home/arimoto/opt/scensim_env/scenargie_simulator/2.2/scenarios_linux/srm_interference/commandline/./script/interference_2pan_plot_results.py:893: RuntimeWarning: invalid value encountered in divide
  tmp_c_rssi_ave_list = np.where(tmp_c_rx_pkt_num_list > 0, np.round(tmp_c_rssi_sum_list/tmp_c_rx_pkt_num_list, 1), 0.0)
/home/arimoto/opt/scensim_env/scenargie_simulator/2.2/scenarios_linux/srm_interference/commandline/./script/interference_2pan_plot_results.py:893: RuntimeWarning: invalid value encountered in divide
  tmp_c_rssi_ave_list = np.where(tmp_c_rx_pkt_num_list > 0, np.round(tmp_c_rssi_sum_list/tmp_c_rx_pkt_num_list, 1), 0.0)
/home/arimoto/opt/scensim_env/scenargie_simulator/2.2/scenarios_linux/srm_interference/commandline/./script/interference_2pan_plot_results.py:893: RuntimeWarning: invalid value encountered in divide
  tmp_c_rssi_ave_list = np.where(tmp_c_rx_pkt_num_list > 0, np.round(tmp_c_rssi_sum_list/tmp_c_rx_pkt_num_list, 1), 0.0)
start off_load_pan1/pan2: 0.2 / 1.0
Found 100 stat files to process.
Found 100 trace files to process.
Found 100 pos files to process.
/home/arimoto/opt/scensim_env/scenargie_simulator/2.2/scenarios_linux/srm_interference/commandline/./script/interference_2pan_plot_results.py:893: RuntimeWarning: invalid value encountered in divide
  tmp_c_rssi_ave_list = np.where(tmp_c_rx_pkt_num_list > 0, np.round(tmp_c_rssi_sum_list/tmp_c_rx_pkt_num_list, 1), 0.0)
/home/arimoto/opt/scensim_env/scenargie_simulator/2.2/scenarios_linux/srm_interference/commandline/./script/interference_2pan_plot_results.py:893: RuntimeWarning: invalid value encountered in divide
  tmp_c_rssi_ave_list = np.where(tmp_c_rx_pkt_num_list > 0, np.round(tmp_c_rssi_sum_list/tmp_c_rx_pkt_num_list, 1), 0.0)
/home/arimoto/opt/scensim_env/scenargie_simulator/2.2/scenarios_linux/srm_interference/commandline/./script/interference_2pan_plot_results.py:893: RuntimeWarning: invalid value encountered in divide
  tmp_c_rssi_ave_list = np.where(tmp_c_rx_pkt_num_list > 0, np.round(tmp_c_rssi_sum_list/tmp_c_rx_pkt_num_list, 1), 0.0)
/home/arimoto/opt/scensim_env/scenargie_simulator/2.2/scenarios_linux/srm_interference/commandline/./script/interference_2pan_plot_results.py:893: RuntimeWarning: invalid value encountered in divide
  tmp_c_rssi_ave_list = np.where(tmp_c_rx_pkt_num_list > 0, np.round(tmp_c_rssi_sum_list/tmp_c_rx_pkt_num_list, 1), 0.0)
/home/arimoto/opt/scensim_env/scenargie_simulator/2.2/scenarios_linux/srm_interference/commandline/./script/interference_2pan_plot_results.py:893: RuntimeWarning: invalid value encountered in divide
  tmp_c_rssi_ave_list = np.where(tmp_c_rx_pkt_num_list > 0, np.round(tmp_c_rssi_sum_list/tmp_c_rx_pkt_num_list, 1), 0.0)
/home/arimoto/opt/scensim_env/scenargie_simulator/2.2/scenarios_linux/srm_interference/commandline/./script/interference_2pan_plot_results.py:893: RuntimeWarning: invalid value encountered in divide
  tmp_c_rssi_ave_list = np.where(tmp_c_rx_pkt_num_list > 0, np.round(tmp_c_rssi_sum_list/tmp_c_rx_pkt_num_list, 1), 0.0)
/home/arimoto/opt/scensim_env/scenargie_simulator/2.2/scenarios_linux/srm_interference/commandline/./script/interference_2pan_plot_results.py:893: RuntimeWarning: invalid value encountered in divide
  tmp_c_rssi_ave_list = np.where(tmp_c_rx_pkt_num_list > 0, np.round(tmp_c_rssi_sum_list/tmp_c_rx_pkt_num_list, 1), 0.0)
/home/arimoto/opt/scensim_env/scenargie_simulator/2.2/scenarios_linux/srm_interference/commandline/./script/interference_2pan_plot_results.py:893: RuntimeWarning: invalid value encountered in divide
  tmp_c_rssi_ave_list = np.where(tmp_c_rx_pkt_num_list > 0, np.round(tmp_c_rssi_sum_list/tmp_c_rx_pkt_num_list, 1), 0.0)
/home/arimoto/opt/scensim_env/scenargie_simulator/2.2/scenarios_linux/srm_interference/commandline/./script/interference_2pan_plot_results.py:893: RuntimeWarning: invalid value encountered in divide
  tmp_c_rssi_ave_list = np.where(tmp_c_rx_pkt_num_list > 0, np.round(tmp_c_rssi_sum_list/tmp_c_rx_pkt_num_list, 1), 0.0)
/home/arimoto/opt/scensim_env/scenargie_simulator/2.2/scenarios_linux/srm_interference/commandline/./script/interference_2pan_plot_results.py:893: RuntimeWarning: invalid value encountered in divide
  tmp_c_rssi_ave_list = np.where(tmp_c_rx_pkt_num_list > 0, np.round(tmp_c_rssi_sum_list/tmp_c_rx_pkt_num_list, 1), 0.0)
/home/arimoto/opt/scensim_env/scenargie_simulator/2.2/scenarios_linux/srm_interference/commandline/./script/interference_2pan_plot_results.py:893: RuntimeWarning: invalid value encountered in divide
  tmp_c_rssi_ave_list = np.where(tmp_c_rx_pkt_num_list > 0, np.round(tmp_c_rssi_sum_list/tmp_c_rx_pkt_num_list, 1), 0.0)
/home/arimoto/opt/scensim_env/scenargie_simulator/2.2/scenarios_linux/srm_interference/commandline/./script/interference_2pan_plot_results.py:893: RuntimeWarning: invalid value encountered in divide
  tmp_c_rssi_ave_list = np.where(tmp_c_rx_pkt_num_list > 0, np.round(tmp_c_rssi_sum_list/tmp_c_rx_pkt_num_list, 1), 0.0)
/home/arimoto/opt/scensim_env/scenargie_simulator/2.2/scenarios_linux/srm_interference/commandline/./script/interference_2pan_plot_results.py:893: RuntimeWarning: invalid value encountered in divide
  tmp_c_rssi_ave_list = np.where(tmp_c_rx_pkt_num_list > 0, np.round(tmp_c_rssi_sum_list/tmp_c_rx_pkt_num_list, 1), 0.0)
/home/arimoto/opt/scensim_env/scenargie_simulator/2.2/scenarios_linux/srm_interference/commandline/./script/interference_2pan_plot_results.py:893: RuntimeWarning: invalid value encountered in divide
  tmp_c_rssi_ave_list = np.where(tmp_c_rx_pkt_num_list > 0, np.round(tmp_c_rssi_sum_list/tmp_c_rx_pkt_num_list, 1), 0.0)
/home/arimoto/opt/scensim_env/scenargie_simulator/2.2/scenarios_linux/srm_interference/commandline/./script/interference_2pan_plot_results.py:893: RuntimeWarning: invalid value encountered in divide
  tmp_c_rssi_ave_list = np.where(tmp_c_rx_pkt_num_list > 0, np.round(tmp_c_rssi_sum_list/tmp_c_rx_pkt_num_list, 1), 0.0)
/home/arimoto/opt/scensim_env/scenargie_simulator/2.2/scenarios_linux/srm_interference/commandline/./script/interference_2pan_plot_results.py:893: RuntimeWarning: invalid value encountered in divide
  tmp_c_rssi_ave_list = np.where(tmp_c_rx_pkt_num_list > 0, np.round(tmp_c_rssi_sum_list/tmp_c_rx_pkt_num_list, 1), 0.0)
/home/arimoto/opt/scensim_env/scenargie_simulator/2.2/scenarios_linux/srm_interference/commandline/./script/interference_2pan_plot_results.py:893: RuntimeWarning: invalid value encountered in divide
  tmp_c_rssi_ave_list = np.where(tmp_c_rx_pkt_num_list > 0, np.round(tmp_c_rssi_sum_list/tmp_c_rx_pkt_num_list, 1), 0.0)
/home/arimoto/opt/scensim_env/scenargie_simulator/2.2/scenarios_linux/srm_interference/commandline/./script/interference_2pan_plot_results.py:893: RuntimeWarning: invalid value encountered in divide
  tmp_c_rssi_ave_list = np.where(tmp_c_rx_pkt_num_list > 0, np.round(tmp_c_rssi_sum_list/tmp_c_rx_pkt_num_list, 1), 0.0)
/home/arimoto/opt/scensim_env/scenargie_simulator/2.2/scenarios_linux/srm_interference/commandline/./script/interference_2pan_plot_results.py:893: RuntimeWarning: invalid value encountered in divide
  tmp_c_rssi_ave_list = np.where(tmp_c_rx_pkt_num_list > 0, np.round(tmp_c_rssi_sum_list/tmp_c_rx_pkt_num_list, 1), 0.0)
/home/arimoto/opt/scensim_env/scenargie_simulator/2.2/scenarios_linux/srm_interference/commandline/./script/interference_2pan_plot_results.py:893: RuntimeWarning: invalid value encountered in divide
  tmp_c_rssi_ave_list = np.where(tmp_c_rx_pkt_num_list > 0, np.round(tmp_c_rssi_sum_list/tmp_c_rx_pkt_num_list, 1), 0.0)
/home/arimoto/opt/scensim_env/scenargie_simulator/2.2/scenarios_linux/srm_interference/commandline/./script/interference_2pan_plot_results.py:893: RuntimeWarning: invalid value encountered in divide
  tmp_c_rssi_ave_list = np.where(tmp_c_rx_pkt_num_list > 0, np.round(tmp_c_rssi_sum_list/tmp_c_rx_pkt_num_list, 1), 0.0)
/home/arimoto/opt/scensim_env/scenargie_simulator/2.2/scenarios_linux/srm_interference/commandline/./script/interference_2pan_plot_results.py:893: RuntimeWarning: invalid value encountered in divide
  tmp_c_rssi_ave_list = np.where(tmp_c_rx_pkt_num_list > 0, np.round(tmp_c_rssi_sum_list/tmp_c_rx_pkt_num_list, 1), 0.0)
/home/arimoto/opt/scensim_env/scenargie_simulator/2.2/scenarios_linux/srm_interference/commandline/./script/interference_2pan_plot_results.py:893: RuntimeWarning: invalid value encountered in divide
  tmp_c_rssi_ave_list = np.where(tmp_c_rx_pkt_num_list > 0, np.round(tmp_c_rssi_sum_list/tmp_c_rx_pkt_num_list, 1), 0.0)
/home/arimoto/opt/scensim_env/scenargie_simulator/2.2/scenarios_linux/srm_interference/commandline/./script/interference_2pan_plot_results.py:893: RuntimeWarning: invalid value encountered in divide
  tmp_c_rssi_ave_list = np.where(tmp_c_rx_pkt_num_list > 0, np.round(tmp_c_rssi_sum_list/tmp_c_rx_pkt_num_list, 1), 0.0)
/home/arimoto/opt/scensim_env/scenargie_simulator/2.2/scenarios_linux/srm_interference/commandline/./script/interference_2pan_plot_results.py:893: RuntimeWarning: invalid value encountered in divide
  tmp_c_rssi_ave_list = np.where(tmp_c_rx_pkt_num_list > 0, np.round(tmp_c_rssi_sum_list/tmp_c_rx_pkt_num_list, 1), 0.0)
/home/arimoto/opt/scensim_env/scenargie_simulator/2.2/scenarios_linux/srm_interference/commandline/./script/interference_2pan_plot_results.py:893: RuntimeWarning: invalid value encountered in divide
  tmp_c_rssi_ave_list = np.where(tmp_c_rx_pkt_num_list > 0, np.round(tmp_c_rssi_sum_list/tmp_c_rx_pkt_num_list, 1), 0.0)
/home/arimoto/opt/scensim_env/scenargie_simulator/2.2/scenarios_linux/srm_interference/commandline/./script/interference_2pan_plot_results.py:893: RuntimeWarning: invalid value encountered in divide
  tmp_c_rssi_ave_list = np.where(tmp_c_rx_pkt_num_list > 0, np.round(tmp_c_rssi_sum_list/tmp_c_rx_pkt_num_list, 1), 0.0)
/home/arimoto/opt/scensim_env/scenargie_simulator/2.2/scenarios_linux/srm_interference/commandline/./script/interference_2pan_plot_results.py:893: RuntimeWarning: invalid value encountered in divide
  tmp_c_rssi_ave_list = np.where(tmp_c_rx_pkt_num_list > 0, np.round(tmp_c_rssi_sum_list/tmp_c_rx_pkt_num_list, 1), 0.0)
/home/arimoto/opt/scensim_env/scenargie_simulator/2.2/scenarios_linux/srm_interference/commandline/./script/interference_2pan_plot_results.py:893: RuntimeWarning: invalid value encountered in divide
  tmp_c_rssi_ave_list = np.where(tmp_c_rx_pkt_num_list > 0, np.round(tmp_c_rssi_sum_list/tmp_c_rx_pkt_num_list, 1), 0.0)
/home/arimoto/opt/scensim_env/scenargie_simulator/2.2/scenarios_linux/srm_interference/commandline/./script/interference_2pan_plot_results.py:893: RuntimeWarning: invalid value encountered in divide
  tmp_c_rssi_ave_list = np.where(tmp_c_rx_pkt_num_list > 0, np.round(tmp_c_rssi_sum_list/tmp_c_rx_pkt_num_list, 1), 0.0)
start off_load_pan1/pan2: 0.3 / 1.0
Found 100 stat files to process.
Found 100 trace files to process.
Found 100 pos files to process.
/home/arimoto/opt/scensim_env/scenargie_simulator/2.2/scenarios_linux/srm_interference/commandline/./script/interference_2pan_plot_results.py:893: RuntimeWarning: invalid value encountered in divide
  tmp_c_rssi_ave_list = np.where(tmp_c_rx_pkt_num_list > 0, np.round(tmp_c_rssi_sum_list/tmp_c_rx_pkt_num_list, 1), 0.0)
/home/arimoto/opt/scensim_env/scenargie_simulator/2.2/scenarios_linux/srm_interference/commandline/./script/interference_2pan_plot_results.py:893: RuntimeWarning: invalid value encountered in divide
  tmp_c_rssi_ave_list = np.where(tmp_c_rx_pkt_num_list > 0, np.round(tmp_c_rssi_sum_list/tmp_c_rx_pkt_num_list, 1), 0.0)
/home/arimoto/opt/scensim_env/scenargie_simulator/2.2/scenarios_linux/srm_interference/commandline/./script/interference_2pan_plot_results.py:893: RuntimeWarning: invalid value encountered in divide
  tmp_c_rssi_ave_list = np.where(tmp_c_rx_pkt_num_list > 0, np.round(tmp_c_rssi_sum_list/tmp_c_rx_pkt_num_list, 1), 0.0)
/home/arimoto/opt/scensim_env/scenargie_simulator/2.2/scenarios_linux/srm_interference/commandline/./script/interference_2pan_plot_results.py:893: RuntimeWarning: invalid value encountered in divide
  tmp_c_rssi_ave_list = np.where(tmp_c_rx_pkt_num_list > 0, np.round(tmp_c_rssi_sum_list/tmp_c_rx_pkt_num_list, 1), 0.0)
/home/arimoto/opt/scensim_env/scenargie_simulator/2.2/scenarios_linux/srm_interference/commandline/./script/interference_2pan_plot_results.py:893: RuntimeWarning: invalid value encountered in divide
  tmp_c_rssi_ave_list = np.where(tmp_c_rx_pkt_num_list > 0, np.round(tmp_c_rssi_sum_list/tmp_c_rx_pkt_num_list, 1), 0.0)
/home/arimoto/opt/scensim_env/scenargie_simulator/2.2/scenarios_linux/srm_interference/commandline/./script/interference_2pan_plot_results.py:893: RuntimeWarning: invalid value encountered in divide
  tmp_c_rssi_ave_list = np.where(tmp_c_rx_pkt_num_list > 0, np.round(tmp_c_rssi_sum_list/tmp_c_rx_pkt_num_list, 1), 0.0)
/home/arimoto/opt/scensim_env/scenargie_simulator/2.2/scenarios_linux/srm_interference/commandline/./script/interference_2pan_plot_results.py:893: RuntimeWarning: invalid value encountered in divide
  tmp_c_rssi_ave_list = np.where(tmp_c_rx_pkt_num_list > 0, np.round(tmp_c_rssi_sum_list/tmp_c_rx_pkt_num_list, 1), 0.0)
/home/arimoto/opt/scensim_env/scenargie_simulator/2.2/scenarios_linux/srm_interference/commandline/./script/interference_2pan_plot_results.py:893: RuntimeWarning: invalid value encountered in divide
  tmp_c_rssi_ave_list = np.where(tmp_c_rx_pkt_num_list > 0, np.round(tmp_c_rssi_sum_list/tmp_c_rx_pkt_num_list, 1), 0.0)
/home/arimoto/opt/scensim_env/scenargie_simulator/2.2/scenarios_linux/srm_interference/commandline/./script/interference_2pan_plot_results.py:893: RuntimeWarning: invalid value encountered in divide
  tmp_c_rssi_ave_list = np.where(tmp_c_rx_pkt_num_list > 0, np.round(tmp_c_rssi_sum_list/tmp_c_rx_pkt_num_list, 1), 0.0)
/home/arimoto/opt/scensim_env/scenargie_simulator/2.2/scenarios_linux/srm_interference/commandline/./script/interference_2pan_plot_results.py:893: RuntimeWarning: invalid value encountered in divide
  tmp_c_rssi_ave_list = np.where(tmp_c_rx_pkt_num_list > 0, np.round(tmp_c_rssi_sum_list/tmp_c_rx_pkt_num_list, 1), 0.0)
/home/arimoto/opt/scensim_env/scenargie_simulator/2.2/scenarios_linux/srm_interference/commandline/./script/interference_2pan_plot_results.py:893: RuntimeWarning: invalid value encountered in divide
  tmp_c_rssi_ave_list = np.where(tmp_c_rx_pkt_num_list > 0, np.round(tmp_c_rssi_sum_list/tmp_c_rx_pkt_num_list, 1), 0.0)
/home/arimoto/opt/scensim_env/scenargie_simulator/2.2/scenarios_linux/srm_interference/commandline/./script/interference_2pan_plot_results.py:893: RuntimeWarning: invalid value encountered in divide
  tmp_c_rssi_ave_list = np.where(tmp_c_rx_pkt_num_list > 0, np.round(tmp_c_rssi_sum_list/tmp_c_rx_pkt_num_list, 1), 0.0)
/home/arimoto/opt/scensim_env/scenargie_simulator/2.2/scenarios_linux/srm_interference/commandline/./script/interference_2pan_plot_results.py:893: RuntimeWarning: invalid value encountered in divide
  tmp_c_rssi_ave_list = np.where(tmp_c_rx_pkt_num_list > 0, np.round(tmp_c_rssi_sum_list/tmp_c_rx_pkt_num_list, 1), 0.0)
/home/arimoto/opt/scensim_env/scenargie_simulator/2.2/scenarios_linux/srm_interference/commandline/./script/interference_2pan_plot_results.py:893: RuntimeWarning: invalid value encountered in divide
  tmp_c_rssi_ave_list = np.where(tmp_c_rx_pkt_num_list > 0, np.round(tmp_c_rssi_sum_list/tmp_c_rx_pkt_num_list, 1), 0.0)
/home/arimoto/opt/scensim_env/scenargie_simulator/2.2/scenarios_linux/srm_interference/commandline/./script/interference_2pan_plot_results.py:893: RuntimeWarning: invalid value encountered in divide
  tmp_c_rssi_ave_list = np.where(tmp_c_rx_pkt_num_list > 0, np.round(tmp_c_rssi_sum_list/tmp_c_rx_pkt_num_list, 1), 0.0)
/home/arimoto/opt/scensim_env/scenargie_simulator/2.2/scenarios_linux/srm_interference/commandline/./script/interference_2pan_plot_results.py:893: RuntimeWarning: invalid value encountered in divide
  tmp_c_rssi_ave_list = np.where(tmp_c_rx_pkt_num_list > 0, np.round(tmp_c_rssi_sum_list/tmp_c_rx_pkt_num_list, 1), 0.0)
/home/arimoto/opt/scensim_env/scenargie_simulator/2.2/scenarios_linux/srm_interference/commandline/./script/interference_2pan_plot_results.py:893: RuntimeWarning: invalid value encountered in divide
  tmp_c_rssi_ave_list = np.where(tmp_c_rx_pkt_num_list > 0, np.round(tmp_c_rssi_sum_list/tmp_c_rx_pkt_num_list, 1), 0.0)
/home/arimoto/opt/scensim_env/scenargie_simulator/2.2/scenarios_linux/srm_interference/commandline/./script/interference_2pan_plot_results.py:893: RuntimeWarning: invalid value encountered in divide
  tmp_c_rssi_ave_list = np.where(tmp_c_rx_pkt_num_list > 0, np.round(tmp_c_rssi_sum_list/tmp_c_rx_pkt_num_list, 1), 0.0)
/home/arimoto/opt/scensim_env/scenargie_simulator/2.2/scenarios_linux/srm_interference/commandline/./script/interference_2pan_plot_results.py:893: RuntimeWarning: invalid value encountered in divide
  tmp_c_rssi_ave_list = np.where(tmp_c_rx_pkt_num_list > 0, np.round(tmp_c_rssi_sum_list/tmp_c_rx_pkt_num_list, 1), 0.0)
/home/arimoto/opt/scensim_env/scenargie_simulator/2.2/scenarios_linux/srm_interference/commandline/./script/interference_2pan_plot_results.py:893: RuntimeWarning: invalid value encountered in divide
  tmp_c_rssi_ave_list = np.where(tmp_c_rx_pkt_num_list > 0, np.round(tmp_c_rssi_sum_list/tmp_c_rx_pkt_num_list, 1), 0.0)
/home/arimoto/opt/scensim_env/scenargie_simulator/2.2/scenarios_linux/srm_interference/commandline/./script/interference_2pan_plot_results.py:893: RuntimeWarning: invalid value encountered in divide
  tmp_c_rssi_ave_list = np.where(tmp_c_rx_pkt_num_list > 0, np.round(tmp_c_rssi_sum_list/tmp_c_rx_pkt_num_list, 1), 0.0)
/home/arimoto/opt/scensim_env/scenargie_simulator/2.2/scenarios_linux/srm_interference/commandline/./script/interference_2pan_plot_results.py:893: RuntimeWarning: invalid value encountered in divide
  tmp_c_rssi_ave_list = np.where(tmp_c_rx_pkt_num_list > 0, np.round(tmp_c_rssi_sum_list/tmp_c_rx_pkt_num_list, 1), 0.0)
/home/arimoto/opt/scensim_env/scenargie_simulator/2.2/scenarios_linux/srm_interference/commandline/./script/interference_2pan_plot_results.py:893: RuntimeWarning: invalid value encountered in divide
  tmp_c_rssi_ave_list = np.where(tmp_c_rx_pkt_num_list > 0, np.round(tmp_c_rssi_sum_list/tmp_c_rx_pkt_num_list, 1), 0.0)
/home/arimoto/opt/scensim_env/scenargie_simulator/2.2/scenarios_linux/srm_interference/commandline/./script/interference_2pan_plot_results.py:893: RuntimeWarning: invalid value encountered in divide
  tmp_c_rssi_ave_list = np.where(tmp_c_rx_pkt_num_list > 0, np.round(tmp_c_rssi_sum_list/tmp_c_rx_pkt_num_list, 1), 0.0)
/home/arimoto/opt/scensim_env/scenargie_simulator/2.2/scenarios_linux/srm_interference/commandline/./script/interference_2pan_plot_results.py:893: RuntimeWarning: invalid value encountered in divide
  tmp_c_rssi_ave_list = np.where(tmp_c_rx_pkt_num_list > 0, np.round(tmp_c_rssi_sum_list/tmp_c_rx_pkt_num_list, 1), 0.0)
/home/arimoto/opt/scensim_env/scenargie_simulator/2.2/scenarios_linux/srm_interference/commandline/./script/interference_2pan_plot_results.py:893: RuntimeWarning: invalid value encountered in divide
  tmp_c_rssi_ave_list = np.where(tmp_c_rx_pkt_num_list > 0, np.round(tmp_c_rssi_sum_list/tmp_c_rx_pkt_num_list, 1), 0.0)
/home/arimoto/opt/scensim_env/scenargie_simulator/2.2/scenarios_linux/srm_interference/commandline/./script/interference_2pan_plot_results.py:893: RuntimeWarning: invalid value encountered in divide
  tmp_c_rssi_ave_list = np.where(tmp_c_rx_pkt_num_list > 0, np.round(tmp_c_rssi_sum_list/tmp_c_rx_pkt_num_list, 1), 0.0)
/home/arimoto/opt/scensim_env/scenargie_simulator/2.2/scenarios_linux/srm_interference/commandline/./script/interference_2pan_plot_results.py:893: RuntimeWarning: invalid value encountered in divide
  tmp_c_rssi_ave_list = np.where(tmp_c_rx_pkt_num_list > 0, np.round(tmp_c_rssi_sum_list/tmp_c_rx_pkt_num_list, 1), 0.0)
/home/arimoto/opt/scensim_env/scenargie_simulator/2.2/scenarios_linux/srm_interference/commandline/./script/interference_2pan_plot_results.py:893: RuntimeWarning: invalid value encountered in divide
  tmp_c_rssi_ave_list = np.where(tmp_c_rx_pkt_num_list > 0, np.round(tmp_c_rssi_sum_list/tmp_c_rx_pkt_num_list, 1), 0.0)
start off_load_pan1/pan2: 0.4 / 1.0
Found 100 stat files to process.
Found 100 trace files to process.
Found 100 pos files to process.
/home/arimoto/opt/scensim_env/scenargie_simulator/2.2/scenarios_linux/srm_interference/commandline/./script/interference_2pan_plot_results.py:893: RuntimeWarning: invalid value encountered in divide
  tmp_c_rssi_ave_list = np.where(tmp_c_rx_pkt_num_list > 0, np.round(tmp_c_rssi_sum_list/tmp_c_rx_pkt_num_list, 1), 0.0)
/home/arimoto/opt/scensim_env/scenargie_simulator/2.2/scenarios_linux/srm_interference/commandline/./script/interference_2pan_plot_results.py:893: RuntimeWarning: invalid value encountered in divide
  tmp_c_rssi_ave_list = np.where(tmp_c_rx_pkt_num_list > 0, np.round(tmp_c_rssi_sum_list/tmp_c_rx_pkt_num_list, 1), 0.0)
/home/arimoto/opt/scensim_env/scenargie_simulator/2.2/scenarios_linux/srm_interference/commandline/./script/interference_2pan_plot_results.py:893: RuntimeWarning: invalid value encountered in divide
  tmp_c_rssi_ave_list = np.where(tmp_c_rx_pkt_num_list > 0, np.round(tmp_c_rssi_sum_list/tmp_c_rx_pkt_num_list, 1), 0.0)
/home/arimoto/opt/scensim_env/scenargie_simulator/2.2/scenarios_linux/srm_interference/commandline/./script/interference_2pan_plot_results.py:893: RuntimeWarning: invalid value encountered in divide
  tmp_c_rssi_ave_list = np.where(tmp_c_rx_pkt_num_list > 0, np.round(tmp_c_rssi_sum_list/tmp_c_rx_pkt_num_list, 1), 0.0)
/home/arimoto/opt/scensim_env/scenargie_simulator/2.2/scenarios_linux/srm_interference/commandline/./script/interference_2pan_plot_results.py:893: RuntimeWarning: invalid value encountered in divide
  tmp_c_rssi_ave_list = np.where(tmp_c_rx_pkt_num_list > 0, np.round(tmp_c_rssi_sum_list/tmp_c_rx_pkt_num_list, 1), 0.0)
/home/arimoto/opt/scensim_env/scenargie_simulator/2.2/scenarios_linux/srm_interference/commandline/./script/interference_2pan_plot_results.py:893: RuntimeWarning: invalid value encountered in divide
  tmp_c_rssi_ave_list = np.where(tmp_c_rx_pkt_num_list > 0, np.round(tmp_c_rssi_sum_list/tmp_c_rx_pkt_num_list, 1), 0.0)
/home/arimoto/opt/scensim_env/scenargie_simulator/2.2/scenarios_linux/srm_interference/commandline/./script/interference_2pan_plot_results.py:893: RuntimeWarning: invalid value encountered in divide
  tmp_c_rssi_ave_list = np.where(tmp_c_rx_pkt_num_list > 0, np.round(tmp_c_rssi_sum_list/tmp_c_rx_pkt_num_list, 1), 0.0)
/home/arimoto/opt/scensim_env/scenargie_simulator/2.2/scenarios_linux/srm_interference/commandline/./script/interference_2pan_plot_results.py:893: RuntimeWarning: invalid value encountered in divide
  tmp_c_rssi_ave_list = np.where(tmp_c_rx_pkt_num_list > 0, np.round(tmp_c_rssi_sum_list/tmp_c_rx_pkt_num_list, 1), 0.0)
/home/arimoto/opt/scensim_env/scenargie_simulator/2.2/scenarios_linux/srm_interference/commandline/./script/interference_2pan_plot_results.py:893: RuntimeWarning: invalid value encountered in divide
  tmp_c_rssi_ave_list = np.where(tmp_c_rx_pkt_num_list > 0, np.round(tmp_c_rssi_sum_list/tmp_c_rx_pkt_num_list, 1), 0.0)
/home/arimoto/opt/scensim_env/scenargie_simulator/2.2/scenarios_linux/srm_interference/commandline/./script/interference_2pan_plot_results.py:893: RuntimeWarning: invalid value encountered in divide
  tmp_c_rssi_ave_list = np.where(tmp_c_rx_pkt_num_list > 0, np.round(tmp_c_rssi_sum_list/tmp_c_rx_pkt_num_list, 1), 0.0)
/home/arimoto/opt/scensim_env/scenargie_simulator/2.2/scenarios_linux/srm_interference/commandline/./script/interference_2pan_plot_results.py:893: RuntimeWarning: invalid value encountered in divide
  tmp_c_rssi_ave_list = np.where(tmp_c_rx_pkt_num_list > 0, np.round(tmp_c_rssi_sum_list/tmp_c_rx_pkt_num_list, 1), 0.0)
/home/arimoto/opt/scensim_env/scenargie_simulator/2.2/scenarios_linux/srm_interference/commandline/./script/interference_2pan_plot_results.py:893: RuntimeWarning: invalid value encountered in divide
  tmp_c_rssi_ave_list = np.where(tmp_c_rx_pkt_num_list > 0, np.round(tmp_c_rssi_sum_list/tmp_c_rx_pkt_num_list, 1), 0.0)
/home/arimoto/opt/scensim_env/scenargie_simulator/2.2/scenarios_linux/srm_interference/commandline/./script/interference_2pan_plot_results.py:893: RuntimeWarning: invalid value encountered in divide
  tmp_c_rssi_ave_list = np.where(tmp_c_rx_pkt_num_list > 0, np.round(tmp_c_rssi_sum_list/tmp_c_rx_pkt_num_list, 1), 0.0)
/home/arimoto/opt/scensim_env/scenargie_simulator/2.2/scenarios_linux/srm_interference/commandline/./script/interference_2pan_plot_results.py:893: RuntimeWarning: invalid value encountered in divide
  tmp_c_rssi_ave_list = np.where(tmp_c_rx_pkt_num_list > 0, np.round(tmp_c_rssi_sum_list/tmp_c_rx_pkt_num_list, 1), 0.0)
/home/arimoto/opt/scensim_env/scenargie_simulator/2.2/scenarios_linux/srm_interference/commandline/./script/interference_2pan_plot_results.py:893: RuntimeWarning: invalid value encountered in divide
  tmp_c_rssi_ave_list = np.where(tmp_c_rx_pkt_num_list > 0, np.round(tmp_c_rssi_sum_list/tmp_c_rx_pkt_num_list, 1), 0.0)
/home/arimoto/opt/scensim_env/scenargie_simulator/2.2/scenarios_linux/srm_interference/commandline/./script/interference_2pan_plot_results.py:893: RuntimeWarning: invalid value encountered in divide
  tmp_c_rssi_ave_list = np.where(tmp_c_rx_pkt_num_list > 0, np.round(tmp_c_rssi_sum_list/tmp_c_rx_pkt_num_list, 1), 0.0)
/home/arimoto/opt/scensim_env/scenargie_simulator/2.2/scenarios_linux/srm_interference/commandline/./script/interference_2pan_plot_results.py:893: RuntimeWarning: invalid value encountered in divide
  tmp_c_rssi_ave_list = np.where(tmp_c_rx_pkt_num_list > 0, np.round(tmp_c_rssi_sum_list/tmp_c_rx_pkt_num_list, 1), 0.0)
/home/arimoto/opt/scensim_env/scenargie_simulator/2.2/scenarios_linux/srm_interference/commandline/./script/interference_2pan_plot_results.py:893: RuntimeWarning: invalid value encountered in divide
  tmp_c_rssi_ave_list = np.where(tmp_c_rx_pkt_num_list > 0, np.round(tmp_c_rssi_sum_list/tmp_c_rx_pkt_num_list, 1), 0.0)
/home/arimoto/opt/scensim_env/scenargie_simulator/2.2/scenarios_linux/srm_interference/commandline/./script/interference_2pan_plot_results.py:893: RuntimeWarning: invalid value encountered in divide
  tmp_c_rssi_ave_list = np.where(tmp_c_rx_pkt_num_list > 0, np.round(tmp_c_rssi_sum_list/tmp_c_rx_pkt_num_list, 1), 0.0)
/home/arimoto/opt/scensim_env/scenargie_simulator/2.2/scenarios_linux/srm_interference/commandline/./script/interference_2pan_plot_results.py:893: RuntimeWarning: invalid value encountered in divide
  tmp_c_rssi_ave_list = np.where(tmp_c_rx_pkt_num_list > 0, np.round(tmp_c_rssi_sum_list/tmp_c_rx_pkt_num_list, 1), 0.0)
/home/arimoto/opt/scensim_env/scenargie_simulator/2.2/scenarios_linux/srm_interference/commandline/./script/interference_2pan_plot_results.py:893: RuntimeWarning: invalid value encountered in divide
  tmp_c_rssi_ave_list = np.where(tmp_c_rx_pkt_num_list > 0, np.round(tmp_c_rssi_sum_list/tmp_c_rx_pkt_num_list, 1), 0.0)
/home/arimoto/opt/scensim_env/scenargie_simulator/2.2/scenarios_linux/srm_interference/commandline/./script/interference_2pan_plot_results.py:893: RuntimeWarning: invalid value encountered in divide
  tmp_c_rssi_ave_list = np.where(tmp_c_rx_pkt_num_list > 0, np.round(tmp_c_rssi_sum_list/tmp_c_rx_pkt_num_list, 1), 0.0)
/home/arimoto/opt/scensim_env/scenargie_simulator/2.2/scenarios_linux/srm_interference/commandline/./script/interference_2pan_plot_results.py:893: RuntimeWarning: invalid value encountered in divide
  tmp_c_rssi_ave_list = np.where(tmp_c_rx_pkt_num_list > 0, np.round(tmp_c_rssi_sum_list/tmp_c_rx_pkt_num_list, 1), 0.0)
/home/arimoto/opt/scensim_env/scenargie_simulator/2.2/scenarios_linux/srm_interference/commandline/./script/interference_2pan_plot_results.py:893: RuntimeWarning: invalid value encountered in divide
  tmp_c_rssi_ave_list = np.where(tmp_c_rx_pkt_num_list > 0, np.round(tmp_c_rssi_sum_list/tmp_c_rx_pkt_num_list, 1), 0.0)
/home/arimoto/opt/scensim_env/scenargie_simulator/2.2/scenarios_linux/srm_interference/commandline/./script/interference_2pan_plot_results.py:893: RuntimeWarning: invalid value encountered in divide
  tmp_c_rssi_ave_list = np.where(tmp_c_rx_pkt_num_list > 0, np.round(tmp_c_rssi_sum_list/tmp_c_rx_pkt_num_list, 1), 0.0)
/home/arimoto/opt/scensim_env/scenargie_simulator/2.2/scenarios_linux/srm_interference/commandline/./script/interference_2pan_plot_results.py:893: RuntimeWarning: invalid value encountered in divide
  tmp_c_rssi_ave_list = np.where(tmp_c_rx_pkt_num_list > 0, np.round(tmp_c_rssi_sum_list/tmp_c_rx_pkt_num_list, 1), 0.0)
/home/arimoto/opt/scensim_env/scenargie_simulator/2.2/scenarios_linux/srm_interference/commandline/./script/interference_2pan_plot_results.py:893: RuntimeWarning: invalid value encountered in divide
  tmp_c_rssi_ave_list = np.where(tmp_c_rx_pkt_num_list > 0, np.round(tmp_c_rssi_sum_list/tmp_c_rx_pkt_num_list, 1), 0.0)
/home/arimoto/opt/scensim_env/scenargie_simulator/2.2/scenarios_linux/srm_interference/commandline/./script/interference_2pan_plot_results.py:893: RuntimeWarning: invalid value encountered in divide
  tmp_c_rssi_ave_list = np.where(tmp_c_rx_pkt_num_list > 0, np.round(tmp_c_rssi_sum_list/tmp_c_rx_pkt_num_list, 1), 0.0)
/home/arimoto/opt/scensim_env/scenargie_simulator/2.2/scenarios_linux/srm_interference/commandline/./script/interference_2pan_plot_results.py:893: RuntimeWarning: invalid value encountered in divide
  tmp_c_rssi_ave_list = np.where(tmp_c_rx_pkt_num_list > 0, np.round(tmp_c_rssi_sum_list/tmp_c_rx_pkt_num_list, 1), 0.0)
/home/arimoto/opt/scensim_env/scenargie_simulator/2.2/scenarios_linux/srm_interference/commandline/./script/interference_2pan_plot_results.py:893: RuntimeWarning: invalid value encountered in divide
  tmp_c_rssi_ave_list = np.where(tmp_c_rx_pkt_num_list > 0, np.round(tmp_c_rssi_sum_list/tmp_c_rx_pkt_num_list, 1), 0.0)
start off_load_pan1/pan2: 0.5 / 1.0
Found 100 stat files to process.
Found 100 trace files to process.
Found 100 pos files to process.
/home/arimoto/opt/scensim_env/scenargie_simulator/2.2/scenarios_linux/srm_interference/commandline/./script/interference_2pan_plot_results.py:893: RuntimeWarning: invalid value encountered in divide
  tmp_c_rssi_ave_list = np.where(tmp_c_rx_pkt_num_list > 0, np.round(tmp_c_rssi_sum_list/tmp_c_rx_pkt_num_list, 1), 0.0)
/home/arimoto/opt/scensim_env/scenargie_simulator/2.2/scenarios_linux/srm_interference/commandline/./script/interference_2pan_plot_results.py:893: RuntimeWarning: invalid value encountered in divide
  tmp_c_rssi_ave_list = np.where(tmp_c_rx_pkt_num_list > 0, np.round(tmp_c_rssi_sum_list/tmp_c_rx_pkt_num_list, 1), 0.0)
/home/arimoto/opt/scensim_env/scenargie_simulator/2.2/scenarios_linux/srm_interference/commandline/./script/interference_2pan_plot_results.py:893: RuntimeWarning: invalid value encountered in divide
  tmp_c_rssi_ave_list = np.where(tmp_c_rx_pkt_num_list > 0, np.round(tmp_c_rssi_sum_list/tmp_c_rx_pkt_num_list, 1), 0.0)
/home/arimoto/opt/scensim_env/scenargie_simulator/2.2/scenarios_linux/srm_interference/commandline/./script/interference_2pan_plot_results.py:893: RuntimeWarning: invalid value encountered in divide
  tmp_c_rssi_ave_list = np.where(tmp_c_rx_pkt_num_list > 0, np.round(tmp_c_rssi_sum_list/tmp_c_rx_pkt_num_list, 1), 0.0)
/home/arimoto/opt/scensim_env/scenargie_simulator/2.2/scenarios_linux/srm_interference/commandline/./script/interference_2pan_plot_results.py:893: RuntimeWarning: invalid value encountered in divide
  tmp_c_rssi_ave_list = np.where(tmp_c_rx_pkt_num_list > 0, np.round(tmp_c_rssi_sum_list/tmp_c_rx_pkt_num_list, 1), 0.0)
/home/arimoto/opt/scensim_env/scenargie_simulator/2.2/scenarios_linux/srm_interference/commandline/./script/interference_2pan_plot_results.py:893: RuntimeWarning: invalid value encountered in divide
  tmp_c_rssi_ave_list = np.where(tmp_c_rx_pkt_num_list > 0, np.round(tmp_c_rssi_sum_list/tmp_c_rx_pkt_num_list, 1), 0.0)
/home/arimoto/opt/scensim_env/scenargie_simulator/2.2/scenarios_linux/srm_interference/commandline/./script/interference_2pan_plot_results.py:893: RuntimeWarning: invalid value encountered in divide
  tmp_c_rssi_ave_list = np.where(tmp_c_rx_pkt_num_list > 0, np.round(tmp_c_rssi_sum_list/tmp_c_rx_pkt_num_list, 1), 0.0)
/home/arimoto/opt/scensim_env/scenargie_simulator/2.2/scenarios_linux/srm_interference/commandline/./script/interference_2pan_plot_results.py:893: RuntimeWarning: invalid value encountered in divide
  tmp_c_rssi_ave_list = np.where(tmp_c_rx_pkt_num_list > 0, np.round(tmp_c_rssi_sum_list/tmp_c_rx_pkt_num_list, 1), 0.0)
/home/arimoto/opt/scensim_env/scenargie_simulator/2.2/scenarios_linux/srm_interference/commandline/./script/interference_2pan_plot_results.py:893: RuntimeWarning: invalid value encountered in divide
  tmp_c_rssi_ave_list = np.where(tmp_c_rx_pkt_num_list > 0, np.round(tmp_c_rssi_sum_list/tmp_c_rx_pkt_num_list, 1), 0.0)
/home/arimoto/opt/scensim_env/scenargie_simulator/2.2/scenarios_linux/srm_interference/commandline/./script/interference_2pan_plot_results.py:893: RuntimeWarning: invalid value encountered in divide
  tmp_c_rssi_ave_list = np.where(tmp_c_rx_pkt_num_list > 0, np.round(tmp_c_rssi_sum_list/tmp_c_rx_pkt_num_list, 1), 0.0)
/home/arimoto/opt/scensim_env/scenargie_simulator/2.2/scenarios_linux/srm_interference/commandline/./script/interference_2pan_plot_results.py:893: RuntimeWarning: invalid value encountered in divide
  tmp_c_rssi_ave_list = np.where(tmp_c_rx_pkt_num_list > 0, np.round(tmp_c_rssi_sum_list/tmp_c_rx_pkt_num_list, 1), 0.0)
/home/arimoto/opt/scensim_env/scenargie_simulator/2.2/scenarios_linux/srm_interference/commandline/./script/interference_2pan_plot_results.py:893: RuntimeWarning: invalid value encountered in divide
  tmp_c_rssi_ave_list = np.where(tmp_c_rx_pkt_num_list > 0, np.round(tmp_c_rssi_sum_list/tmp_c_rx_pkt_num_list, 1), 0.0)
/home/arimoto/opt/scensim_env/scenargie_simulator/2.2/scenarios_linux/srm_interference/commandline/./script/interference_2pan_plot_results.py:893: RuntimeWarning: invalid value encountered in divide
  tmp_c_rssi_ave_list = np.where(tmp_c_rx_pkt_num_list > 0, np.round(tmp_c_rssi_sum_list/tmp_c_rx_pkt_num_list, 1), 0.0)
/home/arimoto/opt/scensim_env/scenargie_simulator/2.2/scenarios_linux/srm_interference/commandline/./script/interference_2pan_plot_results.py:893: RuntimeWarning: invalid value encountered in divide
  tmp_c_rssi_ave_list = np.where(tmp_c_rx_pkt_num_list > 0, np.round(tmp_c_rssi_sum_list/tmp_c_rx_pkt_num_list, 1), 0.0)
/home/arimoto/opt/scensim_env/scenargie_simulator/2.2/scenarios_linux/srm_interference/commandline/./script/interference_2pan_plot_results.py:893: RuntimeWarning: invalid value encountered in divide
  tmp_c_rssi_ave_list = np.where(tmp_c_rx_pkt_num_list > 0, np.round(tmp_c_rssi_sum_list/tmp_c_rx_pkt_num_list, 1), 0.0)
/home/arimoto/opt/scensim_env/scenargie_simulator/2.2/scenarios_linux/srm_interference/commandline/./script/interference_2pan_plot_results.py:893: RuntimeWarning: invalid value encountered in divide
  tmp_c_rssi_ave_list = np.where(tmp_c_rx_pkt_num_list > 0, np.round(tmp_c_rssi_sum_list/tmp_c_rx_pkt_num_list, 1), 0.0)
/home/arimoto/opt/scensim_env/scenargie_simulator/2.2/scenarios_linux/srm_interference/commandline/./script/interference_2pan_plot_results.py:893: RuntimeWarning: invalid value encountered in divide
  tmp_c_rssi_ave_list = np.where(tmp_c_rx_pkt_num_list > 0, np.round(tmp_c_rssi_sum_list/tmp_c_rx_pkt_num_list, 1), 0.0)
/home/arimoto/opt/scensim_env/scenargie_simulator/2.2/scenarios_linux/srm_interference/commandline/./script/interference_2pan_plot_results.py:893: RuntimeWarning: invalid value encountered in divide
  tmp_c_rssi_ave_list = np.where(tmp_c_rx_pkt_num_list > 0, np.round(tmp_c_rssi_sum_list/tmp_c_rx_pkt_num_list, 1), 0.0)
/home/arimoto/opt/scensim_env/scenargie_simulator/2.2/scenarios_linux/srm_interference/commandline/./script/interference_2pan_plot_results.py:893: RuntimeWarning: invalid value encountered in divide
  tmp_c_rssi_ave_list = np.where(tmp_c_rx_pkt_num_list > 0, np.round(tmp_c_rssi_sum_list/tmp_c_rx_pkt_num_list, 1), 0.0)
/home/arimoto/opt/scensim_env/scenargie_simulator/2.2/scenarios_linux/srm_interference/commandline/./script/interference_2pan_plot_results.py:893: RuntimeWarning: invalid value encountered in divide
  tmp_c_rssi_ave_list = np.where(tmp_c_rx_pkt_num_list > 0, np.round(tmp_c_rssi_sum_list/tmp_c_rx_pkt_num_list, 1), 0.0)
/home/arimoto/opt/scensim_env/scenargie_simulator/2.2/scenarios_linux/srm_interference/commandline/./script/interference_2pan_plot_results.py:893: RuntimeWarning: invalid value encountered in divide
  tmp_c_rssi_ave_list = np.where(tmp_c_rx_pkt_num_list > 0, np.round(tmp_c_rssi_sum_list/tmp_c_rx_pkt_num_list, 1), 0.0)
/home/arimoto/opt/scensim_env/scenargie_simulator/2.2/scenarios_linux/srm_interference/commandline/./script/interference_2pan_plot_results.py:893: RuntimeWarning: invalid value encountered in divide
  tmp_c_rssi_ave_list = np.where(tmp_c_rx_pkt_num_list > 0, np.round(tmp_c_rssi_sum_list/tmp_c_rx_pkt_num_list, 1), 0.0)
/home/arimoto/opt/scensim_env/scenargie_simulator/2.2/scenarios_linux/srm_interference/commandline/./script/interference_2pan_plot_results.py:893: RuntimeWarning: invalid value encountered in divide
  tmp_c_rssi_ave_list = np.where(tmp_c_rx_pkt_num_list > 0, np.round(tmp_c_rssi_sum_list/tmp_c_rx_pkt_num_list, 1), 0.0)
/home/arimoto/opt/scensim_env/scenargie_simulator/2.2/scenarios_linux/srm_interference/commandline/./script/interference_2pan_plot_results.py:893: RuntimeWarning: invalid value encountered in divide
  tmp_c_rssi_ave_list = np.where(tmp_c_rx_pkt_num_list > 0, np.round(tmp_c_rssi_sum_list/tmp_c_rx_pkt_num_list, 1), 0.0)
/home/arimoto/opt/scensim_env/scenargie_simulator/2.2/scenarios_linux/srm_interference/commandline/./script/interference_2pan_plot_results.py:893: RuntimeWarning: invalid value encountered in divide
  tmp_c_rssi_ave_list = np.where(tmp_c_rx_pkt_num_list > 0, np.round(tmp_c_rssi_sum_list/tmp_c_rx_pkt_num_list, 1), 0.0)
/home/arimoto/opt/scensim_env/scenargie_simulator/2.2/scenarios_linux/srm_interference/commandline/./script/interference_2pan_plot_results.py:893: RuntimeWarning: invalid value encountered in divide
  tmp_c_rssi_ave_list = np.where(tmp_c_rx_pkt_num_list > 0, np.round(tmp_c_rssi_sum_list/tmp_c_rx_pkt_num_list, 1), 0.0)
/home/arimoto/opt/scensim_env/scenargie_simulator/2.2/scenarios_linux/srm_interference/commandline/./script/interference_2pan_plot_results.py:893: RuntimeWarning: invalid value encountered in divide
  tmp_c_rssi_ave_list = np.where(tmp_c_rx_pkt_num_list > 0, np.round(tmp_c_rssi_sum_list/tmp_c_rx_pkt_num_list, 1), 0.0)
/home/arimoto/opt/scensim_env/scenargie_simulator/2.2/scenarios_linux/srm_interference/commandline/./script/interference_2pan_plot_results.py:893: RuntimeWarning: invalid value encountered in divide
  tmp_c_rssi_ave_list = np.where(tmp_c_rx_pkt_num_list > 0, np.round(tmp_c_rssi_sum_list/tmp_c_rx_pkt_num_list, 1), 0.0)
/home/arimoto/opt/scensim_env/scenargie_simulator/2.2/scenarios_linux/srm_interference/commandline/./script/interference_2pan_plot_results.py:893: RuntimeWarning: invalid value encountered in divide
  tmp_c_rssi_ave_list = np.where(tmp_c_rx_pkt_num_list > 0, np.round(tmp_c_rssi_sum_list/tmp_c_rx_pkt_num_list, 1), 0.0)
/home/arimoto/opt/scensim_env/scenargie_simulator/2.2/scenarios_linux/srm_interference/commandline/./script/interference_2pan_plot_results.py:893: RuntimeWarning: invalid value encountered in divide
  tmp_c_rssi_ave_list = np.where(tmp_c_rx_pkt_num_list > 0, np.round(tmp_c_rssi_sum_list/tmp_c_rx_pkt_num_list, 1), 0.0)
/home/arimoto/opt/scensim_env/scenargie_simulator/2.2/scenarios_linux/srm_interference/commandline/./script/interference_2pan_plot_results.py:893: RuntimeWarning: invalid value encountered in divide
  tmp_c_rssi_ave_list = np.where(tmp_c_rx_pkt_num_list > 0, np.round(tmp_c_rssi_sum_list/tmp_c_rx_pkt_num_list, 1), 0.0)
start off_load_pan1/pan2: 0.6 / 1.0
Found 100 stat files to process.
Found 100 trace files to process.
Found 100 pos files to process.
/home/arimoto/opt/scensim_env/scenargie_simulator/2.2/scenarios_linux/srm_interference/commandline/./script/interference_2pan_plot_results.py:893: RuntimeWarning: invalid value encountered in divide
  tmp_c_rssi_ave_list = np.where(tmp_c_rx_pkt_num_list > 0, np.round(tmp_c_rssi_sum_list/tmp_c_rx_pkt_num_list, 1), 0.0)
/home/arimoto/opt/scensim_env/scenargie_simulator/2.2/scenarios_linux/srm_interference/commandline/./script/interference_2pan_plot_results.py:893: RuntimeWarning: invalid value encountered in divide
  tmp_c_rssi_ave_list = np.where(tmp_c_rx_pkt_num_list > 0, np.round(tmp_c_rssi_sum_list/tmp_c_rx_pkt_num_list, 1), 0.0)
/home/arimoto/opt/scensim_env/scenargie_simulator/2.2/scenarios_linux/srm_interference/commandline/./script/interference_2pan_plot_results.py:893: RuntimeWarning: invalid value encountered in divide
  tmp_c_rssi_ave_list = np.where(tmp_c_rx_pkt_num_list > 0, np.round(tmp_c_rssi_sum_list/tmp_c_rx_pkt_num_list, 1), 0.0)
/home/arimoto/opt/scensim_env/scenargie_simulator/2.2/scenarios_linux/srm_interference/commandline/./script/interference_2pan_plot_results.py:893: RuntimeWarning: invalid value encountered in divide
  tmp_c_rssi_ave_list = np.where(tmp_c_rx_pkt_num_list > 0, np.round(tmp_c_rssi_sum_list/tmp_c_rx_pkt_num_list, 1), 0.0)
/home/arimoto/opt/scensim_env/scenargie_simulator/2.2/scenarios_linux/srm_interference/commandline/./script/interference_2pan_plot_results.py:893: RuntimeWarning: invalid value encountered in divide
  tmp_c_rssi_ave_list = np.where(tmp_c_rx_pkt_num_list > 0, np.round(tmp_c_rssi_sum_list/tmp_c_rx_pkt_num_list, 1), 0.0)
/home/arimoto/opt/scensim_env/scenargie_simulator/2.2/scenarios_linux/srm_interference/commandline/./script/interference_2pan_plot_results.py:893: RuntimeWarning: invalid value encountered in divide
  tmp_c_rssi_ave_list = np.where(tmp_c_rx_pkt_num_list > 0, np.round(tmp_c_rssi_sum_list/tmp_c_rx_pkt_num_list, 1), 0.0)
/home/arimoto/opt/scensim_env/scenargie_simulator/2.2/scenarios_linux/srm_interference/commandline/./script/interference_2pan_plot_results.py:893: RuntimeWarning: invalid value encountered in divide
  tmp_c_rssi_ave_list = np.where(tmp_c_rx_pkt_num_list > 0, np.round(tmp_c_rssi_sum_list/tmp_c_rx_pkt_num_list, 1), 0.0)
/home/arimoto/opt/scensim_env/scenargie_simulator/2.2/scenarios_linux/srm_interference/commandline/./script/interference_2pan_plot_results.py:893: RuntimeWarning: invalid value encountered in divide
  tmp_c_rssi_ave_list = np.where(tmp_c_rx_pkt_num_list > 0, np.round(tmp_c_rssi_sum_list/tmp_c_rx_pkt_num_list, 1), 0.0)
/home/arimoto/opt/scensim_env/scenargie_simulator/2.2/scenarios_linux/srm_interference/commandline/./script/interference_2pan_plot_results.py:893: RuntimeWarning: invalid value encountered in divide
  tmp_c_rssi_ave_list = np.where(tmp_c_rx_pkt_num_list > 0, np.round(tmp_c_rssi_sum_list/tmp_c_rx_pkt_num_list, 1), 0.0)
/home/arimoto/opt/scensim_env/scenargie_simulator/2.2/scenarios_linux/srm_interference/commandline/./script/interference_2pan_plot_results.py:893: RuntimeWarning: invalid value encountered in divide
  tmp_c_rssi_ave_list = np.where(tmp_c_rx_pkt_num_list > 0, np.round(tmp_c_rssi_sum_list/tmp_c_rx_pkt_num_list, 1), 0.0)
/home/arimoto/opt/scensim_env/scenargie_simulator/2.2/scenarios_linux/srm_interference/commandline/./script/interference_2pan_plot_results.py:893: RuntimeWarning: invalid value encountered in divide
  tmp_c_rssi_ave_list = np.where(tmp_c_rx_pkt_num_list > 0, np.round(tmp_c_rssi_sum_list/tmp_c_rx_pkt_num_list, 1), 0.0)
/home/arimoto/opt/scensim_env/scenargie_simulator/2.2/scenarios_linux/srm_interference/commandline/./script/interference_2pan_plot_results.py:893: RuntimeWarning: invalid value encountered in divide
  tmp_c_rssi_ave_list = np.where(tmp_c_rx_pkt_num_list > 0, np.round(tmp_c_rssi_sum_list/tmp_c_rx_pkt_num_list, 1), 0.0)
/home/arimoto/opt/scensim_env/scenargie_simulator/2.2/scenarios_linux/srm_interference/commandline/./script/interference_2pan_plot_results.py:893: RuntimeWarning: invalid value encountered in divide
  tmp_c_rssi_ave_list = np.where(tmp_c_rx_pkt_num_list > 0, np.round(tmp_c_rssi_sum_list/tmp_c_rx_pkt_num_list, 1), 0.0)
/home/arimoto/opt/scensim_env/scenargie_simulator/2.2/scenarios_linux/srm_interference/commandline/./script/interference_2pan_plot_results.py:893: RuntimeWarning: invalid value encountered in divide
  tmp_c_rssi_ave_list = np.where(tmp_c_rx_pkt_num_list > 0, np.round(tmp_c_rssi_sum_list/tmp_c_rx_pkt_num_list, 1), 0.0)
/home/arimoto/opt/scensim_env/scenargie_simulator/2.2/scenarios_linux/srm_interference/commandline/./script/interference_2pan_plot_results.py:893: RuntimeWarning: invalid value encountered in divide
  tmp_c_rssi_ave_list = np.where(tmp_c_rx_pkt_num_list > 0, np.round(tmp_c_rssi_sum_list/tmp_c_rx_pkt_num_list, 1), 0.0)
/home/arimoto/opt/scensim_env/scenargie_simulator/2.2/scenarios_linux/srm_interference/commandline/./script/interference_2pan_plot_results.py:893: RuntimeWarning: invalid value encountered in divide
  tmp_c_rssi_ave_list = np.where(tmp_c_rx_pkt_num_list > 0, np.round(tmp_c_rssi_sum_list/tmp_c_rx_pkt_num_list, 1), 0.0)
/home/arimoto/opt/scensim_env/scenargie_simulator/2.2/scenarios_linux/srm_interference/commandline/./script/interference_2pan_plot_results.py:893: RuntimeWarning: invalid value encountered in divide
  tmp_c_rssi_ave_list = np.where(tmp_c_rx_pkt_num_list > 0, np.round(tmp_c_rssi_sum_list/tmp_c_rx_pkt_num_list, 1), 0.0)
/home/arimoto/opt/scensim_env/scenargie_simulator/2.2/scenarios_linux/srm_interference/commandline/./script/interference_2pan_plot_results.py:893: RuntimeWarning: invalid value encountered in divide
  tmp_c_rssi_ave_list = np.where(tmp_c_rx_pkt_num_list > 0, np.round(tmp_c_rssi_sum_list/tmp_c_rx_pkt_num_list, 1), 0.0)
/home/arimoto/opt/scensim_env/scenargie_simulator/2.2/scenarios_linux/srm_interference/commandline/./script/interference_2pan_plot_results.py:893: RuntimeWarning: invalid value encountered in divide
  tmp_c_rssi_ave_list = np.where(tmp_c_rx_pkt_num_list > 0, np.round(tmp_c_rssi_sum_list/tmp_c_rx_pkt_num_list, 1), 0.0)
/home/arimoto/opt/scensim_env/scenargie_simulator/2.2/scenarios_linux/srm_interference/commandline/./script/interference_2pan_plot_results.py:893: RuntimeWarning: invalid value encountered in divide
  tmp_c_rssi_ave_list = np.where(tmp_c_rx_pkt_num_list > 0, np.round(tmp_c_rssi_sum_list/tmp_c_rx_pkt_num_list, 1), 0.0)
/home/arimoto/opt/scensim_env/scenargie_simulator/2.2/scenarios_linux/srm_interference/commandline/./script/interference_2pan_plot_results.py:893: RuntimeWarning: invalid value encountered in divide
  tmp_c_rssi_ave_list = np.where(tmp_c_rx_pkt_num_list > 0, np.round(tmp_c_rssi_sum_list/tmp_c_rx_pkt_num_list, 1), 0.0)
/home/arimoto/opt/scensim_env/scenargie_simulator/2.2/scenarios_linux/srm_interference/commandline/./script/interference_2pan_plot_results.py:893: RuntimeWarning: invalid value encountered in divide
  tmp_c_rssi_ave_list = np.where(tmp_c_rx_pkt_num_list > 0, np.round(tmp_c_rssi_sum_list/tmp_c_rx_pkt_num_list, 1), 0.0)
/home/arimoto/opt/scensim_env/scenargie_simulator/2.2/scenarios_linux/srm_interference/commandline/./script/interference_2pan_plot_results.py:893: RuntimeWarning: invalid value encountered in divide
  tmp_c_rssi_ave_list = np.where(tmp_c_rx_pkt_num_list > 0, np.round(tmp_c_rssi_sum_list/tmp_c_rx_pkt_num_list, 1), 0.0)
/home/arimoto/opt/scensim_env/scenargie_simulator/2.2/scenarios_linux/srm_interference/commandline/./script/interference_2pan_plot_results.py:893: RuntimeWarning: invalid value encountered in divide
  tmp_c_rssi_ave_list = np.where(tmp_c_rx_pkt_num_list > 0, np.round(tmp_c_rssi_sum_list/tmp_c_rx_pkt_num_list, 1), 0.0)
/home/arimoto/opt/scensim_env/scenargie_simulator/2.2/scenarios_linux/srm_interference/commandline/./script/interference_2pan_plot_results.py:893: RuntimeWarning: invalid value encountered in divide
  tmp_c_rssi_ave_list = np.where(tmp_c_rx_pkt_num_list > 0, np.round(tmp_c_rssi_sum_list/tmp_c_rx_pkt_num_list, 1), 0.0)
/home/arimoto/opt/scensim_env/scenargie_simulator/2.2/scenarios_linux/srm_interference/commandline/./script/interference_2pan_plot_results.py:893: RuntimeWarning: invalid value encountered in divide
  tmp_c_rssi_ave_list = np.where(tmp_c_rx_pkt_num_list > 0, np.round(tmp_c_rssi_sum_list/tmp_c_rx_pkt_num_list, 1), 0.0)
/home/arimoto/opt/scensim_env/scenargie_simulator/2.2/scenarios_linux/srm_interference/commandline/./script/interference_2pan_plot_results.py:893: RuntimeWarning: invalid value encountered in divide
  tmp_c_rssi_ave_list = np.where(tmp_c_rx_pkt_num_list > 0, np.round(tmp_c_rssi_sum_list/tmp_c_rx_pkt_num_list, 1), 0.0)
/home/arimoto/opt/scensim_env/scenargie_simulator/2.2/scenarios_linux/srm_interference/commandline/./script/interference_2pan_plot_results.py:893: RuntimeWarning: invalid value encountered in divide
  tmp_c_rssi_ave_list = np.where(tmp_c_rx_pkt_num_list > 0, np.round(tmp_c_rssi_sum_list/tmp_c_rx_pkt_num_list, 1), 0.0)
/home/arimoto/opt/scensim_env/scenargie_simulator/2.2/scenarios_linux/srm_interference/commandline/./script/interference_2pan_plot_results.py:893: RuntimeWarning: invalid value encountered in divide
  tmp_c_rssi_ave_list = np.where(tmp_c_rx_pkt_num_list > 0, np.round(tmp_c_rssi_sum_list/tmp_c_rx_pkt_num_list, 1), 0.0)
/home/arimoto/opt/scensim_env/scenargie_simulator/2.2/scenarios_linux/srm_interference/commandline/./script/interference_2pan_plot_results.py:893: RuntimeWarning: invalid value encountered in divide
  tmp_c_rssi_ave_list = np.where(tmp_c_rx_pkt_num_list > 0, np.round(tmp_c_rssi_sum_list/tmp_c_rx_pkt_num_list, 1), 0.0)
start off_load_pan1/pan2: 0.7 / 1.0
Found 100 stat files to process.
Found 100 trace files to process.
Found 100 pos files to process.
/home/arimoto/opt/scensim_env/scenargie_simulator/2.2/scenarios_linux/srm_interference/commandline/./script/interference_2pan_plot_results.py:893: RuntimeWarning: invalid value encountered in divide
  tmp_c_rssi_ave_list = np.where(tmp_c_rx_pkt_num_list > 0, np.round(tmp_c_rssi_sum_list/tmp_c_rx_pkt_num_list, 1), 0.0)
/home/arimoto/opt/scensim_env/scenargie_simulator/2.2/scenarios_linux/srm_interference/commandline/./script/interference_2pan_plot_results.py:893: RuntimeWarning: invalid value encountered in divide
  tmp_c_rssi_ave_list = np.where(tmp_c_rx_pkt_num_list > 0, np.round(tmp_c_rssi_sum_list/tmp_c_rx_pkt_num_list, 1), 0.0)
/home/arimoto/opt/scensim_env/scenargie_simulator/2.2/scenarios_linux/srm_interference/commandline/./script/interference_2pan_plot_results.py:893: RuntimeWarning: invalid value encountered in divide
  tmp_c_rssi_ave_list = np.where(tmp_c_rx_pkt_num_list > 0, np.round(tmp_c_rssi_sum_list/tmp_c_rx_pkt_num_list, 1), 0.0)
/home/arimoto/opt/scensim_env/scenargie_simulator/2.2/scenarios_linux/srm_interference/commandline/./script/interference_2pan_plot_results.py:893: RuntimeWarning: invalid value encountered in divide
  tmp_c_rssi_ave_list = np.where(tmp_c_rx_pkt_num_list > 0, np.round(tmp_c_rssi_sum_list/tmp_c_rx_pkt_num_list, 1), 0.0)
/home/arimoto/opt/scensim_env/scenargie_simulator/2.2/scenarios_linux/srm_interference/commandline/./script/interference_2pan_plot_results.py:893: RuntimeWarning: invalid value encountered in divide
  tmp_c_rssi_ave_list = np.where(tmp_c_rx_pkt_num_list > 0, np.round(tmp_c_rssi_sum_list/tmp_c_rx_pkt_num_list, 1), 0.0)
/home/arimoto/opt/scensim_env/scenargie_simulator/2.2/scenarios_linux/srm_interference/commandline/./script/interference_2pan_plot_results.py:893: RuntimeWarning: invalid value encountered in divide
  tmp_c_rssi_ave_list = np.where(tmp_c_rx_pkt_num_list > 0, np.round(tmp_c_rssi_sum_list/tmp_c_rx_pkt_num_list, 1), 0.0)
/home/arimoto/opt/scensim_env/scenargie_simulator/2.2/scenarios_linux/srm_interference/commandline/./script/interference_2pan_plot_results.py:893: RuntimeWarning: invalid value encountered in divide
  tmp_c_rssi_ave_list = np.where(tmp_c_rx_pkt_num_list > 0, np.round(tmp_c_rssi_sum_list/tmp_c_rx_pkt_num_list, 1), 0.0)
/home/arimoto/opt/scensim_env/scenargie_simulator/2.2/scenarios_linux/srm_interference/commandline/./script/interference_2pan_plot_results.py:893: RuntimeWarning: invalid value encountered in divide
  tmp_c_rssi_ave_list = np.where(tmp_c_rx_pkt_num_list > 0, np.round(tmp_c_rssi_sum_list/tmp_c_rx_pkt_num_list, 1), 0.0)
/home/arimoto/opt/scensim_env/scenargie_simulator/2.2/scenarios_linux/srm_interference/commandline/./script/interference_2pan_plot_results.py:893: RuntimeWarning: invalid value encountered in divide
  tmp_c_rssi_ave_list = np.where(tmp_c_rx_pkt_num_list > 0, np.round(tmp_c_rssi_sum_list/tmp_c_rx_pkt_num_list, 1), 0.0)
/home/arimoto/opt/scensim_env/scenargie_simulator/2.2/scenarios_linux/srm_interference/commandline/./script/interference_2pan_plot_results.py:893: RuntimeWarning: invalid value encountered in divide
  tmp_c_rssi_ave_list = np.where(tmp_c_rx_pkt_num_list > 0, np.round(tmp_c_rssi_sum_list/tmp_c_rx_pkt_num_list, 1), 0.0)
/home/arimoto/opt/scensim_env/scenargie_simulator/2.2/scenarios_linux/srm_interference/commandline/./script/interference_2pan_plot_results.py:893: RuntimeWarning: invalid value encountered in divide
  tmp_c_rssi_ave_list = np.where(tmp_c_rx_pkt_num_list > 0, np.round(tmp_c_rssi_sum_list/tmp_c_rx_pkt_num_list, 1), 0.0)
/home/arimoto/opt/scensim_env/scenargie_simulator/2.2/scenarios_linux/srm_interference/commandline/./script/interference_2pan_plot_results.py:893: RuntimeWarning: invalid value encountered in divide
  tmp_c_rssi_ave_list = np.where(tmp_c_rx_pkt_num_list > 0, np.round(tmp_c_rssi_sum_list/tmp_c_rx_pkt_num_list, 1), 0.0)
/home/arimoto/opt/scensim_env/scenargie_simulator/2.2/scenarios_linux/srm_interference/commandline/./script/interference_2pan_plot_results.py:893: RuntimeWarning: invalid value encountered in divide
  tmp_c_rssi_ave_list = np.where(tmp_c_rx_pkt_num_list > 0, np.round(tmp_c_rssi_sum_list/tmp_c_rx_pkt_num_list, 1), 0.0)
/home/arimoto/opt/scensim_env/scenargie_simulator/2.2/scenarios_linux/srm_interference/commandline/./script/interference_2pan_plot_results.py:893: RuntimeWarning: invalid value encountered in divide
  tmp_c_rssi_ave_list = np.where(tmp_c_rx_pkt_num_list > 0, np.round(tmp_c_rssi_sum_list/tmp_c_rx_pkt_num_list, 1), 0.0)
/home/arimoto/opt/scensim_env/scenargie_simulator/2.2/scenarios_linux/srm_interference/commandline/./script/interference_2pan_plot_results.py:893: RuntimeWarning: invalid value encountered in divide
  tmp_c_rssi_ave_list = np.where(tmp_c_rx_pkt_num_list > 0, np.round(tmp_c_rssi_sum_list/tmp_c_rx_pkt_num_list, 1), 0.0)
/home/arimoto/opt/scensim_env/scenargie_simulator/2.2/scenarios_linux/srm_interference/commandline/./script/interference_2pan_plot_results.py:893: RuntimeWarning: invalid value encountered in divide
  tmp_c_rssi_ave_list = np.where(tmp_c_rx_pkt_num_list > 0, np.round(tmp_c_rssi_sum_list/tmp_c_rx_pkt_num_list, 1), 0.0)
/home/arimoto/opt/scensim_env/scenargie_simulator/2.2/scenarios_linux/srm_interference/commandline/./script/interference_2pan_plot_results.py:893: RuntimeWarning: invalid value encountered in divide
  tmp_c_rssi_ave_list = np.where(tmp_c_rx_pkt_num_list > 0, np.round(tmp_c_rssi_sum_list/tmp_c_rx_pkt_num_list, 1), 0.0)
/home/arimoto/opt/scensim_env/scenargie_simulator/2.2/scenarios_linux/srm_interference/commandline/./script/interference_2pan_plot_results.py:893: RuntimeWarning: invalid value encountered in divide
  tmp_c_rssi_ave_list = np.where(tmp_c_rx_pkt_num_list > 0, np.round(tmp_c_rssi_sum_list/tmp_c_rx_pkt_num_list, 1), 0.0)
/home/arimoto/opt/scensim_env/scenargie_simulator/2.2/scenarios_linux/srm_interference/commandline/./script/interference_2pan_plot_results.py:893: RuntimeWarning: invalid value encountered in divide
  tmp_c_rssi_ave_list = np.where(tmp_c_rx_pkt_num_list > 0, np.round(tmp_c_rssi_sum_list/tmp_c_rx_pkt_num_list, 1), 0.0)
/home/arimoto/opt/scensim_env/scenargie_simulator/2.2/scenarios_linux/srm_interference/commandline/./script/interference_2pan_plot_results.py:893: RuntimeWarning: invalid value encountered in divide
  tmp_c_rssi_ave_list = np.where(tmp_c_rx_pkt_num_list > 0, np.round(tmp_c_rssi_sum_list/tmp_c_rx_pkt_num_list, 1), 0.0)
/home/arimoto/opt/scensim_env/scenargie_simulator/2.2/scenarios_linux/srm_interference/commandline/./script/interference_2pan_plot_results.py:893: RuntimeWarning: invalid value encountered in divide
  tmp_c_rssi_ave_list = np.where(tmp_c_rx_pkt_num_list > 0, np.round(tmp_c_rssi_sum_list/tmp_c_rx_pkt_num_list, 1), 0.0)
/home/arimoto/opt/scensim_env/scenargie_simulator/2.2/scenarios_linux/srm_interference/commandline/./script/interference_2pan_plot_results.py:893: RuntimeWarning: invalid value encountered in divide
  tmp_c_rssi_ave_list = np.where(tmp_c_rx_pkt_num_list > 0, np.round(tmp_c_rssi_sum_list/tmp_c_rx_pkt_num_list, 1), 0.0)
/home/arimoto/opt/scensim_env/scenargie_simulator/2.2/scenarios_linux/srm_interference/commandline/./script/interference_2pan_plot_results.py:893: RuntimeWarning: invalid value encountered in divide
  tmp_c_rssi_ave_list = np.where(tmp_c_rx_pkt_num_list > 0, np.round(tmp_c_rssi_sum_list/tmp_c_rx_pkt_num_list, 1), 0.0)
/home/arimoto/opt/scensim_env/scenargie_simulator/2.2/scenarios_linux/srm_interference/commandline/./script/interference_2pan_plot_results.py:893: RuntimeWarning: invalid value encountered in divide
  tmp_c_rssi_ave_list = np.where(tmp_c_rx_pkt_num_list > 0, np.round(tmp_c_rssi_sum_list/tmp_c_rx_pkt_num_list, 1), 0.0)
/home/arimoto/opt/scensim_env/scenargie_simulator/2.2/scenarios_linux/srm_interference/commandline/./script/interference_2pan_plot_results.py:893: RuntimeWarning: invalid value encountered in divide
  tmp_c_rssi_ave_list = np.where(tmp_c_rx_pkt_num_list > 0, np.round(tmp_c_rssi_sum_list/tmp_c_rx_pkt_num_list, 1), 0.0)
/home/arimoto/opt/scensim_env/scenargie_simulator/2.2/scenarios_linux/srm_interference/commandline/./script/interference_2pan_plot_results.py:893: RuntimeWarning: invalid value encountered in divide
  tmp_c_rssi_ave_list = np.where(tmp_c_rx_pkt_num_list > 0, np.round(tmp_c_rssi_sum_list/tmp_c_rx_pkt_num_list, 1), 0.0)
/home/arimoto/opt/scensim_env/scenargie_simulator/2.2/scenarios_linux/srm_interference/commandline/./script/interference_2pan_plot_results.py:893: RuntimeWarning: invalid value encountered in divide
  tmp_c_rssi_ave_list = np.where(tmp_c_rx_pkt_num_list > 0, np.round(tmp_c_rssi_sum_list/tmp_c_rx_pkt_num_list, 1), 0.0)
/home/arimoto/opt/scensim_env/scenargie_simulator/2.2/scenarios_linux/srm_interference/commandline/./script/interference_2pan_plot_results.py:893: RuntimeWarning: invalid value encountered in divide
  tmp_c_rssi_ave_list = np.where(tmp_c_rx_pkt_num_list > 0, np.round(tmp_c_rssi_sum_list/tmp_c_rx_pkt_num_list, 1), 0.0)
/home/arimoto/opt/scensim_env/scenargie_simulator/2.2/scenarios_linux/srm_interference/commandline/./script/interference_2pan_plot_results.py:893: RuntimeWarning: invalid value encountered in divide
  tmp_c_rssi_ave_list = np.where(tmp_c_rx_pkt_num_list > 0, np.round(tmp_c_rssi_sum_list/tmp_c_rx_pkt_num_list, 1), 0.0)
/home/arimoto/opt/scensim_env/scenargie_simulator/2.2/scenarios_linux/srm_interference/commandline/./script/interference_2pan_plot_results.py:893: RuntimeWarning: invalid value encountered in divide
  tmp_c_rssi_ave_list = np.where(tmp_c_rx_pkt_num_list > 0, np.round(tmp_c_rssi_sum_list/tmp_c_rx_pkt_num_list, 1), 0.0)
start off_load_pan1/pan2: 0.8 / 1.0
Found 100 stat files to process.
Found 100 trace files to process.
Found 100 pos files to process.
/home/arimoto/opt/scensim_env/scenargie_simulator/2.2/scenarios_linux/srm_interference/commandline/./script/interference_2pan_plot_results.py:893: RuntimeWarning: invalid value encountered in divide
  tmp_c_rssi_ave_list = np.where(tmp_c_rx_pkt_num_list > 0, np.round(tmp_c_rssi_sum_list/tmp_c_rx_pkt_num_list, 1), 0.0)
/home/arimoto/opt/scensim_env/scenargie_simulator/2.2/scenarios_linux/srm_interference/commandline/./script/interference_2pan_plot_results.py:893: RuntimeWarning: invalid value encountered in divide
  tmp_c_rssi_ave_list = np.where(tmp_c_rx_pkt_num_list > 0, np.round(tmp_c_rssi_sum_list/tmp_c_rx_pkt_num_list, 1), 0.0)
/home/arimoto/opt/scensim_env/scenargie_simulator/2.2/scenarios_linux/srm_interference/commandline/./script/interference_2pan_plot_results.py:893: RuntimeWarning: invalid value encountered in divide
  tmp_c_rssi_ave_list = np.where(tmp_c_rx_pkt_num_list > 0, np.round(tmp_c_rssi_sum_list/tmp_c_rx_pkt_num_list, 1), 0.0)
/home/arimoto/opt/scensim_env/scenargie_simulator/2.2/scenarios_linux/srm_interference/commandline/./script/interference_2pan_plot_results.py:893: RuntimeWarning: invalid value encountered in divide
  tmp_c_rssi_ave_list = np.where(tmp_c_rx_pkt_num_list > 0, np.round(tmp_c_rssi_sum_list/tmp_c_rx_pkt_num_list, 1), 0.0)
/home/arimoto/opt/scensim_env/scenargie_simulator/2.2/scenarios_linux/srm_interference/commandline/./script/interference_2pan_plot_results.py:893: RuntimeWarning: invalid value encountered in divide
  tmp_c_rssi_ave_list = np.where(tmp_c_rx_pkt_num_list > 0, np.round(tmp_c_rssi_sum_list/tmp_c_rx_pkt_num_list, 1), 0.0)
/home/arimoto/opt/scensim_env/scenargie_simulator/2.2/scenarios_linux/srm_interference/commandline/./script/interference_2pan_plot_results.py:893: RuntimeWarning: invalid value encountered in divide
  tmp_c_rssi_ave_list = np.where(tmp_c_rx_pkt_num_list > 0, np.round(tmp_c_rssi_sum_list/tmp_c_rx_pkt_num_list, 1), 0.0)
/home/arimoto/opt/scensim_env/scenargie_simulator/2.2/scenarios_linux/srm_interference/commandline/./script/interference_2pan_plot_results.py:893: RuntimeWarning: invalid value encountered in divide
  tmp_c_rssi_ave_list = np.where(tmp_c_rx_pkt_num_list > 0, np.round(tmp_c_rssi_sum_list/tmp_c_rx_pkt_num_list, 1), 0.0)
/home/arimoto/opt/scensim_env/scenargie_simulator/2.2/scenarios_linux/srm_interference/commandline/./script/interference_2pan_plot_results.py:893: RuntimeWarning: invalid value encountered in divide
  tmp_c_rssi_ave_list = np.where(tmp_c_rx_pkt_num_list > 0, np.round(tmp_c_rssi_sum_list/tmp_c_rx_pkt_num_list, 1), 0.0)
/home/arimoto/opt/scensim_env/scenargie_simulator/2.2/scenarios_linux/srm_interference/commandline/./script/interference_2pan_plot_results.py:893: RuntimeWarning: invalid value encountered in divide
  tmp_c_rssi_ave_list = np.where(tmp_c_rx_pkt_num_list > 0, np.round(tmp_c_rssi_sum_list/tmp_c_rx_pkt_num_list, 1), 0.0)
/home/arimoto/opt/scensim_env/scenargie_simulator/2.2/scenarios_linux/srm_interference/commandline/./script/interference_2pan_plot_results.py:893: RuntimeWarning: invalid value encountered in divide
  tmp_c_rssi_ave_list = np.where(tmp_c_rx_pkt_num_list > 0, np.round(tmp_c_rssi_sum_list/tmp_c_rx_pkt_num_list, 1), 0.0)
/home/arimoto/opt/scensim_env/scenargie_simulator/2.2/scenarios_linux/srm_interference/commandline/./script/interference_2pan_plot_results.py:893: RuntimeWarning: invalid value encountered in divide
  tmp_c_rssi_ave_list = np.where(tmp_c_rx_pkt_num_list > 0, np.round(tmp_c_rssi_sum_list/tmp_c_rx_pkt_num_list, 1), 0.0)
/home/arimoto/opt/scensim_env/scenargie_simulator/2.2/scenarios_linux/srm_interference/commandline/./script/interference_2pan_plot_results.py:893: RuntimeWarning: invalid value encountered in divide
  tmp_c_rssi_ave_list = np.where(tmp_c_rx_pkt_num_list > 0, np.round(tmp_c_rssi_sum_list/tmp_c_rx_pkt_num_list, 1), 0.0)
/home/arimoto/opt/scensim_env/scenargie_simulator/2.2/scenarios_linux/srm_interference/commandline/./script/interference_2pan_plot_results.py:893: RuntimeWarning: invalid value encountered in divide
  tmp_c_rssi_ave_list = np.where(tmp_c_rx_pkt_num_list > 0, np.round(tmp_c_rssi_sum_list/tmp_c_rx_pkt_num_list, 1), 0.0)
/home/arimoto/opt/scensim_env/scenargie_simulator/2.2/scenarios_linux/srm_interference/commandline/./script/interference_2pan_plot_results.py:893: RuntimeWarning: invalid value encountered in divide
  tmp_c_rssi_ave_list = np.where(tmp_c_rx_pkt_num_list > 0, np.round(tmp_c_rssi_sum_list/tmp_c_rx_pkt_num_list, 1), 0.0)
/home/arimoto/opt/scensim_env/scenargie_simulator/2.2/scenarios_linux/srm_interference/commandline/./script/interference_2pan_plot_results.py:893: RuntimeWarning: invalid value encountered in divide
  tmp_c_rssi_ave_list = np.where(tmp_c_rx_pkt_num_list > 0, np.round(tmp_c_rssi_sum_list/tmp_c_rx_pkt_num_list, 1), 0.0)
/home/arimoto/opt/scensim_env/scenargie_simulator/2.2/scenarios_linux/srm_interference/commandline/./script/interference_2pan_plot_results.py:893: RuntimeWarning: invalid value encountered in divide
  tmp_c_rssi_ave_list = np.where(tmp_c_rx_pkt_num_list > 0, np.round(tmp_c_rssi_sum_list/tmp_c_rx_pkt_num_list, 1), 0.0)
/home/arimoto/opt/scensim_env/scenargie_simulator/2.2/scenarios_linux/srm_interference/commandline/./script/interference_2pan_plot_results.py:893: RuntimeWarning: invalid value encountered in divide
  tmp_c_rssi_ave_list = np.where(tmp_c_rx_pkt_num_list > 0, np.round(tmp_c_rssi_sum_list/tmp_c_rx_pkt_num_list, 1), 0.0)
/home/arimoto/opt/scensim_env/scenargie_simulator/2.2/scenarios_linux/srm_interference/commandline/./script/interference_2pan_plot_results.py:893: RuntimeWarning: invalid value encountered in divide
  tmp_c_rssi_ave_list = np.where(tmp_c_rx_pkt_num_list > 0, np.round(tmp_c_rssi_sum_list/tmp_c_rx_pkt_num_list, 1), 0.0)
/home/arimoto/opt/scensim_env/scenargie_simulator/2.2/scenarios_linux/srm_interference/commandline/./script/interference_2pan_plot_results.py:893: RuntimeWarning: invalid value encountered in divide
  tmp_c_rssi_ave_list = np.where(tmp_c_rx_pkt_num_list > 0, np.round(tmp_c_rssi_sum_list/tmp_c_rx_pkt_num_list, 1), 0.0)
/home/arimoto/opt/scensim_env/scenargie_simulator/2.2/scenarios_linux/srm_interference/commandline/./script/interference_2pan_plot_results.py:893: RuntimeWarning: invalid value encountered in divide
  tmp_c_rssi_ave_list = np.where(tmp_c_rx_pkt_num_list > 0, np.round(tmp_c_rssi_sum_list/tmp_c_rx_pkt_num_list, 1), 0.0)
/home/arimoto/opt/scensim_env/scenargie_simulator/2.2/scenarios_linux/srm_interference/commandline/./script/interference_2pan_plot_results.py:893: RuntimeWarning: invalid value encountered in divide
  tmp_c_rssi_ave_list = np.where(tmp_c_rx_pkt_num_list > 0, np.round(tmp_c_rssi_sum_list/tmp_c_rx_pkt_num_list, 1), 0.0)
/home/arimoto/opt/scensim_env/scenargie_simulator/2.2/scenarios_linux/srm_interference/commandline/./script/interference_2pan_plot_results.py:893: RuntimeWarning: invalid value encountered in divide
  tmp_c_rssi_ave_list = np.where(tmp_c_rx_pkt_num_list > 0, np.round(tmp_c_rssi_sum_list/tmp_c_rx_pkt_num_list, 1), 0.0)
/home/arimoto/opt/scensim_env/scenargie_simulator/2.2/scenarios_linux/srm_interference/commandline/./script/interference_2pan_plot_results.py:893: RuntimeWarning: invalid value encountered in divide
  tmp_c_rssi_ave_list = np.where(tmp_c_rx_pkt_num_list > 0, np.round(tmp_c_rssi_sum_list/tmp_c_rx_pkt_num_list, 1), 0.0)
/home/arimoto/opt/scensim_env/scenargie_simulator/2.2/scenarios_linux/srm_interference/commandline/./script/interference_2pan_plot_results.py:893: RuntimeWarning: invalid value encountered in divide
  tmp_c_rssi_ave_list = np.where(tmp_c_rx_pkt_num_list > 0, np.round(tmp_c_rssi_sum_list/tmp_c_rx_pkt_num_list, 1), 0.0)
/home/arimoto/opt/scensim_env/scenargie_simulator/2.2/scenarios_linux/srm_interference/commandline/./script/interference_2pan_plot_results.py:893: RuntimeWarning: invalid value encountered in divide
  tmp_c_rssi_ave_list = np.where(tmp_c_rx_pkt_num_list > 0, np.round(tmp_c_rssi_sum_list/tmp_c_rx_pkt_num_list, 1), 0.0)
/home/arimoto/opt/scensim_env/scenargie_simulator/2.2/scenarios_linux/srm_interference/commandline/./script/interference_2pan_plot_results.py:893: RuntimeWarning: invalid value encountered in divide
  tmp_c_rssi_ave_list = np.where(tmp_c_rx_pkt_num_list > 0, np.round(tmp_c_rssi_sum_list/tmp_c_rx_pkt_num_list, 1), 0.0)
/home/arimoto/opt/scensim_env/scenargie_simulator/2.2/scenarios_linux/srm_interference/commandline/./script/interference_2pan_plot_results.py:893: RuntimeWarning: invalid value encountered in divide
  tmp_c_rssi_ave_list = np.where(tmp_c_rx_pkt_num_list > 0, np.round(tmp_c_rssi_sum_list/tmp_c_rx_pkt_num_list, 1), 0.0)
/home/arimoto/opt/scensim_env/scenargie_simulator/2.2/scenarios_linux/srm_interference/commandline/./script/interference_2pan_plot_results.py:893: RuntimeWarning: invalid value encountered in divide
  tmp_c_rssi_ave_list = np.where(tmp_c_rx_pkt_num_list > 0, np.round(tmp_c_rssi_sum_list/tmp_c_rx_pkt_num_list, 1), 0.0)
/home/arimoto/opt/scensim_env/scenargie_simulator/2.2/scenarios_linux/srm_interference/commandline/./script/interference_2pan_plot_results.py:893: RuntimeWarning: invalid value encountered in divide
  tmp_c_rssi_ave_list = np.where(tmp_c_rx_pkt_num_list > 0, np.round(tmp_c_rssi_sum_list/tmp_c_rx_pkt_num_list, 1), 0.0)
start off_load_pan1/pan2: 0.9 / 1.0
Found 100 stat files to process.
Found 100 trace files to process.
Found 100 pos files to process.
/home/arimoto/opt/scensim_env/scenargie_simulator/2.2/scenarios_linux/srm_interference/commandline/./script/interference_2pan_plot_results.py:893: RuntimeWarning: invalid value encountered in divide
  tmp_c_rssi_ave_list = np.where(tmp_c_rx_pkt_num_list > 0, np.round(tmp_c_rssi_sum_list/tmp_c_rx_pkt_num_list, 1), 0.0)
/home/arimoto/opt/scensim_env/scenargie_simulator/2.2/scenarios_linux/srm_interference/commandline/./script/interference_2pan_plot_results.py:893: RuntimeWarning: invalid value encountered in divide
  tmp_c_rssi_ave_list = np.where(tmp_c_rx_pkt_num_list > 0, np.round(tmp_c_rssi_sum_list/tmp_c_rx_pkt_num_list, 1), 0.0)
/home/arimoto/opt/scensim_env/scenargie_simulator/2.2/scenarios_linux/srm_interference/commandline/./script/interference_2pan_plot_results.py:893: RuntimeWarning: invalid value encountered in divide
  tmp_c_rssi_ave_list = np.where(tmp_c_rx_pkt_num_list > 0, np.round(tmp_c_rssi_sum_list/tmp_c_rx_pkt_num_list, 1), 0.0)
/home/arimoto/opt/scensim_env/scenargie_simulator/2.2/scenarios_linux/srm_interference/commandline/./script/interference_2pan_plot_results.py:893: RuntimeWarning: invalid value encountered in divide
  tmp_c_rssi_ave_list = np.where(tmp_c_rx_pkt_num_list > 0, np.round(tmp_c_rssi_sum_list/tmp_c_rx_pkt_num_list, 1), 0.0)
/home/arimoto/opt/scensim_env/scenargie_simulator/2.2/scenarios_linux/srm_interference/commandline/./script/interference_2pan_plot_results.py:893: RuntimeWarning: invalid value encountered in divide
  tmp_c_rssi_ave_list = np.where(tmp_c_rx_pkt_num_list > 0, np.round(tmp_c_rssi_sum_list/tmp_c_rx_pkt_num_list, 1), 0.0)
/home/arimoto/opt/scensim_env/scenargie_simulator/2.2/scenarios_linux/srm_interference/commandline/./script/interference_2pan_plot_results.py:893: RuntimeWarning: invalid value encountered in divide
  tmp_c_rssi_ave_list = np.where(tmp_c_rx_pkt_num_list > 0, np.round(tmp_c_rssi_sum_list/tmp_c_rx_pkt_num_list, 1), 0.0)
/home/arimoto/opt/scensim_env/scenargie_simulator/2.2/scenarios_linux/srm_interference/commandline/./script/interference_2pan_plot_results.py:893: RuntimeWarning: invalid value encountered in divide
  tmp_c_rssi_ave_list = np.where(tmp_c_rx_pkt_num_list > 0, np.round(tmp_c_rssi_sum_list/tmp_c_rx_pkt_num_list, 1), 0.0)
/home/arimoto/opt/scensim_env/scenargie_simulator/2.2/scenarios_linux/srm_interference/commandline/./script/interference_2pan_plot_results.py:893: RuntimeWarning: invalid value encountered in divide
  tmp_c_rssi_ave_list = np.where(tmp_c_rx_pkt_num_list > 0, np.round(tmp_c_rssi_sum_list/tmp_c_rx_pkt_num_list, 1), 0.0)
/home/arimoto/opt/scensim_env/scenargie_simulator/2.2/scenarios_linux/srm_interference/commandline/./script/interference_2pan_plot_results.py:893: RuntimeWarning: invalid value encountered in divide
  tmp_c_rssi_ave_list = np.where(tmp_c_rx_pkt_num_list > 0, np.round(tmp_c_rssi_sum_list/tmp_c_rx_pkt_num_list, 1), 0.0)
/home/arimoto/opt/scensim_env/scenargie_simulator/2.2/scenarios_linux/srm_interference/commandline/./script/interference_2pan_plot_results.py:893: RuntimeWarning: invalid value encountered in divide
  tmp_c_rssi_ave_list = np.where(tmp_c_rx_pkt_num_list > 0, np.round(tmp_c_rssi_sum_list/tmp_c_rx_pkt_num_list, 1), 0.0)
/home/arimoto/opt/scensim_env/scenargie_simulator/2.2/scenarios_linux/srm_interference/commandline/./script/interference_2pan_plot_results.py:893: RuntimeWarning: invalid value encountered in divide
  tmp_c_rssi_ave_list = np.where(tmp_c_rx_pkt_num_list > 0, np.round(tmp_c_rssi_sum_list/tmp_c_rx_pkt_num_list, 1), 0.0)
/home/arimoto/opt/scensim_env/scenargie_simulator/2.2/scenarios_linux/srm_interference/commandline/./script/interference_2pan_plot_results.py:893: RuntimeWarning: invalid value encountered in divide
  tmp_c_rssi_ave_list = np.where(tmp_c_rx_pkt_num_list > 0, np.round(tmp_c_rssi_sum_list/tmp_c_rx_pkt_num_list, 1), 0.0)
/home/arimoto/opt/scensim_env/scenargie_simulator/2.2/scenarios_linux/srm_interference/commandline/./script/interference_2pan_plot_results.py:893: RuntimeWarning: invalid value encountered in divide
  tmp_c_rssi_ave_list = np.where(tmp_c_rx_pkt_num_list > 0, np.round(tmp_c_rssi_sum_list/tmp_c_rx_pkt_num_list, 1), 0.0)
/home/arimoto/opt/scensim_env/scenargie_simulator/2.2/scenarios_linux/srm_interference/commandline/./script/interference_2pan_plot_results.py:893: RuntimeWarning: invalid value encountered in divide
  tmp_c_rssi_ave_list = np.where(tmp_c_rx_pkt_num_list > 0, np.round(tmp_c_rssi_sum_list/tmp_c_rx_pkt_num_list, 1), 0.0)
/home/arimoto/opt/scensim_env/scenargie_simulator/2.2/scenarios_linux/srm_interference/commandline/./script/interference_2pan_plot_results.py:893: RuntimeWarning: invalid value encountered in divide
  tmp_c_rssi_ave_list = np.where(tmp_c_rx_pkt_num_list > 0, np.round(tmp_c_rssi_sum_list/tmp_c_rx_pkt_num_list, 1), 0.0)
/home/arimoto/opt/scensim_env/scenargie_simulator/2.2/scenarios_linux/srm_interference/commandline/./script/interference_2pan_plot_results.py:893: RuntimeWarning: invalid value encountered in divide
  tmp_c_rssi_ave_list = np.where(tmp_c_rx_pkt_num_list > 0, np.round(tmp_c_rssi_sum_list/tmp_c_rx_pkt_num_list, 1), 0.0)
/home/arimoto/opt/scensim_env/scenargie_simulator/2.2/scenarios_linux/srm_interference/commandline/./script/interference_2pan_plot_results.py:893: RuntimeWarning: invalid value encountered in divide
  tmp_c_rssi_ave_list = np.where(tmp_c_rx_pkt_num_list > 0, np.round(tmp_c_rssi_sum_list/tmp_c_rx_pkt_num_list, 1), 0.0)
/home/arimoto/opt/scensim_env/scenargie_simulator/2.2/scenarios_linux/srm_interference/commandline/./script/interference_2pan_plot_results.py:893: RuntimeWarning: invalid value encountered in divide
  tmp_c_rssi_ave_list = np.where(tmp_c_rx_pkt_num_list > 0, np.round(tmp_c_rssi_sum_list/tmp_c_rx_pkt_num_list, 1), 0.0)
/home/arimoto/opt/scensim_env/scenargie_simulator/2.2/scenarios_linux/srm_interference/commandline/./script/interference_2pan_plot_results.py:893: RuntimeWarning: invalid value encountered in divide
  tmp_c_rssi_ave_list = np.where(tmp_c_rx_pkt_num_list > 0, np.round(tmp_c_rssi_sum_list/tmp_c_rx_pkt_num_list, 1), 0.0)
/home/arimoto/opt/scensim_env/scenargie_simulator/2.2/scenarios_linux/srm_interference/commandline/./script/interference_2pan_plot_results.py:893: RuntimeWarning: invalid value encountered in divide
  tmp_c_rssi_ave_list = np.where(tmp_c_rx_pkt_num_list > 0, np.round(tmp_c_rssi_sum_list/tmp_c_rx_pkt_num_list, 1), 0.0)
/home/arimoto/opt/scensim_env/scenargie_simulator/2.2/scenarios_linux/srm_interference/commandline/./script/interference_2pan_plot_results.py:893: RuntimeWarning: invalid value encountered in divide
  tmp_c_rssi_ave_list = np.where(tmp_c_rx_pkt_num_list > 0, np.round(tmp_c_rssi_sum_list/tmp_c_rx_pkt_num_list, 1), 0.0)
/home/arimoto/opt/scensim_env/scenargie_simulator/2.2/scenarios_linux/srm_interference/commandline/./script/interference_2pan_plot_results.py:893: RuntimeWarning: invalid value encountered in divide
  tmp_c_rssi_ave_list = np.where(tmp_c_rx_pkt_num_list > 0, np.round(tmp_c_rssi_sum_list/tmp_c_rx_pkt_num_list, 1), 0.0)
/home/arimoto/opt/scensim_env/scenargie_simulator/2.2/scenarios_linux/srm_interference/commandline/./script/interference_2pan_plot_results.py:893: RuntimeWarning: invalid value encountered in divide
  tmp_c_rssi_ave_list = np.where(tmp_c_rx_pkt_num_list > 0, np.round(tmp_c_rssi_sum_list/tmp_c_rx_pkt_num_list, 1), 0.0)
/home/arimoto/opt/scensim_env/scenargie_simulator/2.2/scenarios_linux/srm_interference/commandline/./script/interference_2pan_plot_results.py:893: RuntimeWarning: invalid value encountered in divide
  tmp_c_rssi_ave_list = np.where(tmp_c_rx_pkt_num_list > 0, np.round(tmp_c_rssi_sum_list/tmp_c_rx_pkt_num_list, 1), 0.0)
/home/arimoto/opt/scensim_env/scenargie_simulator/2.2/scenarios_linux/srm_interference/commandline/./script/interference_2pan_plot_results.py:893: RuntimeWarning: invalid value encountered in divide
  tmp_c_rssi_ave_list = np.where(tmp_c_rx_pkt_num_list > 0, np.round(tmp_c_rssi_sum_list/tmp_c_rx_pkt_num_list, 1), 0.0)
/home/arimoto/opt/scensim_env/scenargie_simulator/2.2/scenarios_linux/srm_interference/commandline/./script/interference_2pan_plot_results.py:893: RuntimeWarning: invalid value encountered in divide
  tmp_c_rssi_ave_list = np.where(tmp_c_rx_pkt_num_list > 0, np.round(tmp_c_rssi_sum_list/tmp_c_rx_pkt_num_list, 1), 0.0)
/home/arimoto/opt/scensim_env/scenargie_simulator/2.2/scenarios_linux/srm_interference/commandline/./script/interference_2pan_plot_results.py:893: RuntimeWarning: invalid value encountered in divide
  tmp_c_rssi_ave_list = np.where(tmp_c_rx_pkt_num_list > 0, np.round(tmp_c_rssi_sum_list/tmp_c_rx_pkt_num_list, 1), 0.0)
/home/arimoto/opt/scensim_env/scenargie_simulator/2.2/scenarios_linux/srm_interference/commandline/./script/interference_2pan_plot_results.py:893: RuntimeWarning: invalid value encountered in divide
  tmp_c_rssi_ave_list = np.where(tmp_c_rx_pkt_num_list > 0, np.round(tmp_c_rssi_sum_list/tmp_c_rx_pkt_num_list, 1), 0.0)
/home/arimoto/opt/scensim_env/scenargie_simulator/2.2/scenarios_linux/srm_interference/commandline/./script/interference_2pan_plot_results.py:893: RuntimeWarning: invalid value encountered in divide
  tmp_c_rssi_ave_list = np.where(tmp_c_rx_pkt_num_list > 0, np.round(tmp_c_rssi_sum_list/tmp_c_rx_pkt_num_list, 1), 0.0)
/home/arimoto/opt/scensim_env/scenargie_simulator/2.2/scenarios_linux/srm_interference/commandline/./script/interference_2pan_plot_results.py:893: RuntimeWarning: invalid value encountered in divide
  tmp_c_rssi_ave_list = np.where(tmp_c_rx_pkt_num_list > 0, np.round(tmp_c_rssi_sum_list/tmp_c_rx_pkt_num_list, 1), 0.0)
/home/arimoto/opt/scensim_env/scenargie_simulator/2.2/scenarios_linux/srm_interference/commandline/./script/interference_2pan_plot_results.py:893: RuntimeWarning: invalid value encountered in divide
  tmp_c_rssi_ave_list = np.where(tmp_c_rx_pkt_num_list > 0, np.round(tmp_c_rssi_sum_list/tmp_c_rx_pkt_num_list, 1), 0.0)
start off_load_pan1/pan2: 1.0 / 1.0
Found 100 stat files to process.
Found 100 trace files to process.
Found 100 pos files to process.
/home/arimoto/opt/scensim_env/scenargie_simulator/2.2/scenarios_linux/srm_interference/commandline/./script/interference_2pan_plot_results.py:893: RuntimeWarning: invalid value encountered in divide
  tmp_c_rssi_ave_list = np.where(tmp_c_rx_pkt_num_list > 0, np.round(tmp_c_rssi_sum_list/tmp_c_rx_pkt_num_list, 1), 0.0)
/home/arimoto/opt/scensim_env/scenargie_simulator/2.2/scenarios_linux/srm_interference/commandline/./script/interference_2pan_plot_results.py:893: RuntimeWarning: invalid value encountered in divide
  tmp_c_rssi_ave_list = np.where(tmp_c_rx_pkt_num_list > 0, np.round(tmp_c_rssi_sum_list/tmp_c_rx_pkt_num_list, 1), 0.0)
/home/arimoto/opt/scensim_env/scenargie_simulator/2.2/scenarios_linux/srm_interference/commandline/./script/interference_2pan_plot_results.py:893: RuntimeWarning: invalid value encountered in divide
  tmp_c_rssi_ave_list = np.where(tmp_c_rx_pkt_num_list > 0, np.round(tmp_c_rssi_sum_list/tmp_c_rx_pkt_num_list, 1), 0.0)
/home/arimoto/opt/scensim_env/scenargie_simulator/2.2/scenarios_linux/srm_interference/commandline/./script/interference_2pan_plot_results.py:893: RuntimeWarning: invalid value encountered in divide
  tmp_c_rssi_ave_list = np.where(tmp_c_rx_pkt_num_list > 0, np.round(tmp_c_rssi_sum_list/tmp_c_rx_pkt_num_list, 1), 0.0)
/home/arimoto/opt/scensim_env/scenargie_simulator/2.2/scenarios_linux/srm_interference/commandline/./script/interference_2pan_plot_results.py:893: RuntimeWarning: invalid value encountered in divide
  tmp_c_rssi_ave_list = np.where(tmp_c_rx_pkt_num_list > 0, np.round(tmp_c_rssi_sum_list/tmp_c_rx_pkt_num_list, 1), 0.0)
/home/arimoto/opt/scensim_env/scenargie_simulator/2.2/scenarios_linux/srm_interference/commandline/./script/interference_2pan_plot_results.py:893: RuntimeWarning: invalid value encountered in divide
  tmp_c_rssi_ave_list = np.where(tmp_c_rx_pkt_num_list > 0, np.round(tmp_c_rssi_sum_list/tmp_c_rx_pkt_num_list, 1), 0.0)
/home/arimoto/opt/scensim_env/scenargie_simulator/2.2/scenarios_linux/srm_interference/commandline/./script/interference_2pan_plot_results.py:893: RuntimeWarning: invalid value encountered in divide
  tmp_c_rssi_ave_list = np.where(tmp_c_rx_pkt_num_list > 0, np.round(tmp_c_rssi_sum_list/tmp_c_rx_pkt_num_list, 1), 0.0)
/home/arimoto/opt/scensim_env/scenargie_simulator/2.2/scenarios_linux/srm_interference/commandline/./script/interference_2pan_plot_results.py:893: RuntimeWarning: invalid value encountered in divide
  tmp_c_rssi_ave_list = np.where(tmp_c_rx_pkt_num_list > 0, np.round(tmp_c_rssi_sum_list/tmp_c_rx_pkt_num_list, 1), 0.0)
/home/arimoto/opt/scensim_env/scenargie_simulator/2.2/scenarios_linux/srm_interference/commandline/./script/interference_2pan_plot_results.py:893: RuntimeWarning: invalid value encountered in divide
  tmp_c_rssi_ave_list = np.where(tmp_c_rx_pkt_num_list > 0, np.round(tmp_c_rssi_sum_list/tmp_c_rx_pkt_num_list, 1), 0.0)
/home/arimoto/opt/scensim_env/scenargie_simulator/2.2/scenarios_linux/srm_interference/commandline/./script/interference_2pan_plot_results.py:893: RuntimeWarning: invalid value encountered in divide
  tmp_c_rssi_ave_list = np.where(tmp_c_rx_pkt_num_list > 0, np.round(tmp_c_rssi_sum_list/tmp_c_rx_pkt_num_list, 1), 0.0)
/home/arimoto/opt/scensim_env/scenargie_simulator/2.2/scenarios_linux/srm_interference/commandline/./script/interference_2pan_plot_results.py:893: RuntimeWarning: invalid value encountered in divide
  tmp_c_rssi_ave_list = np.where(tmp_c_rx_pkt_num_list > 0, np.round(tmp_c_rssi_sum_list/tmp_c_rx_pkt_num_list, 1), 0.0)
/home/arimoto/opt/scensim_env/scenargie_simulator/2.2/scenarios_linux/srm_interference/commandline/./script/interference_2pan_plot_results.py:893: RuntimeWarning: invalid value encountered in divide
  tmp_c_rssi_ave_list = np.where(tmp_c_rx_pkt_num_list > 0, np.round(tmp_c_rssi_sum_list/tmp_c_rx_pkt_num_list, 1), 0.0)
/home/arimoto/opt/scensim_env/scenargie_simulator/2.2/scenarios_linux/srm_interference/commandline/./script/interference_2pan_plot_results.py:893: RuntimeWarning: invalid value encountered in divide
  tmp_c_rssi_ave_list = np.where(tmp_c_rx_pkt_num_list > 0, np.round(tmp_c_rssi_sum_list/tmp_c_rx_pkt_num_list, 1), 0.0)
/home/arimoto/opt/scensim_env/scenargie_simulator/2.2/scenarios_linux/srm_interference/commandline/./script/interference_2pan_plot_results.py:893: RuntimeWarning: invalid value encountered in divide
  tmp_c_rssi_ave_list = np.where(tmp_c_rx_pkt_num_list > 0, np.round(tmp_c_rssi_sum_list/tmp_c_rx_pkt_num_list, 1), 0.0)
/home/arimoto/opt/scensim_env/scenargie_simulator/2.2/scenarios_linux/srm_interference/commandline/./script/interference_2pan_plot_results.py:893: RuntimeWarning: invalid value encountered in divide
  tmp_c_rssi_ave_list = np.where(tmp_c_rx_pkt_num_list > 0, np.round(tmp_c_rssi_sum_list/tmp_c_rx_pkt_num_list, 1), 0.0)
/home/arimoto/opt/scensim_env/scenargie_simulator/2.2/scenarios_linux/srm_interference/commandline/./script/interference_2pan_plot_results.py:893: RuntimeWarning: invalid value encountered in divide
  tmp_c_rssi_ave_list = np.where(tmp_c_rx_pkt_num_list > 0, np.round(tmp_c_rssi_sum_list/tmp_c_rx_pkt_num_list, 1), 0.0)
/home/arimoto/opt/scensim_env/scenargie_simulator/2.2/scenarios_linux/srm_interference/commandline/./script/interference_2pan_plot_results.py:893: RuntimeWarning: invalid value encountered in divide
  tmp_c_rssi_ave_list = np.where(tmp_c_rx_pkt_num_list > 0, np.round(tmp_c_rssi_sum_list/tmp_c_rx_pkt_num_list, 1), 0.0)
/home/arimoto/opt/scensim_env/scenargie_simulator/2.2/scenarios_linux/srm_interference/commandline/./script/interference_2pan_plot_results.py:893: RuntimeWarning: invalid value encountered in divide
  tmp_c_rssi_ave_list = np.where(tmp_c_rx_pkt_num_list > 0, np.round(tmp_c_rssi_sum_list/tmp_c_rx_pkt_num_list, 1), 0.0)
/home/arimoto/opt/scensim_env/scenargie_simulator/2.2/scenarios_linux/srm_interference/commandline/./script/interference_2pan_plot_results.py:893: RuntimeWarning: invalid value encountered in divide
  tmp_c_rssi_ave_list = np.where(tmp_c_rx_pkt_num_list > 0, np.round(tmp_c_rssi_sum_list/tmp_c_rx_pkt_num_list, 1), 0.0)
/home/arimoto/opt/scensim_env/scenargie_simulator/2.2/scenarios_linux/srm_interference/commandline/./script/interference_2pan_plot_results.py:893: RuntimeWarning: invalid value encountered in divide
  tmp_c_rssi_ave_list = np.where(tmp_c_rx_pkt_num_list > 0, np.round(tmp_c_rssi_sum_list/tmp_c_rx_pkt_num_list, 1), 0.0)
/home/arimoto/opt/scensim_env/scenargie_simulator/2.2/scenarios_linux/srm_interference/commandline/./script/interference_2pan_plot_results.py:893: RuntimeWarning: invalid value encountered in divide
  tmp_c_rssi_ave_list = np.where(tmp_c_rx_pkt_num_list > 0, np.round(tmp_c_rssi_sum_list/tmp_c_rx_pkt_num_list, 1), 0.0)
/home/arimoto/opt/scensim_env/scenargie_simulator/2.2/scenarios_linux/srm_interference/commandline/./script/interference_2pan_plot_results.py:893: RuntimeWarning: invalid value encountered in divide
  tmp_c_rssi_ave_list = np.where(tmp_c_rx_pkt_num_list > 0, np.round(tmp_c_rssi_sum_list/tmp_c_rx_pkt_num_list, 1), 0.0)
/home/arimoto/opt/scensim_env/scenargie_simulator/2.2/scenarios_linux/srm_interference/commandline/./script/interference_2pan_plot_results.py:893: RuntimeWarning: invalid value encountered in divide
  tmp_c_rssi_ave_list = np.where(tmp_c_rx_pkt_num_list > 0, np.round(tmp_c_rssi_sum_list/tmp_c_rx_pkt_num_list, 1), 0.0)
/home/arimoto/opt/scensim_env/scenargie_simulator/2.2/scenarios_linux/srm_interference/commandline/./script/interference_2pan_plot_results.py:893: RuntimeWarning: invalid value encountered in divide
  tmp_c_rssi_ave_list = np.where(tmp_c_rx_pkt_num_list > 0, np.round(tmp_c_rssi_sum_list/tmp_c_rx_pkt_num_list, 1), 0.0)
/home/arimoto/opt/scensim_env/scenargie_simulator/2.2/scenarios_linux/srm_interference/commandline/./script/interference_2pan_plot_results.py:893: RuntimeWarning: invalid value encountered in divide
  tmp_c_rssi_ave_list = np.where(tmp_c_rx_pkt_num_list > 0, np.round(tmp_c_rssi_sum_list/tmp_c_rx_pkt_num_list, 1), 0.0)
/home/arimoto/opt/scensim_env/scenargie_simulator/2.2/scenarios_linux/srm_interference/commandline/./script/interference_2pan_plot_results.py:893: RuntimeWarning: invalid value encountered in divide
  tmp_c_rssi_ave_list = np.where(tmp_c_rx_pkt_num_list > 0, np.round(tmp_c_rssi_sum_list/tmp_c_rx_pkt_num_list, 1), 0.0)
/home/arimoto/opt/scensim_env/scenargie_simulator/2.2/scenarios_linux/srm_interference/commandline/./script/interference_2pan_plot_results.py:893: RuntimeWarning: invalid value encountered in divide
  tmp_c_rssi_ave_list = np.where(tmp_c_rx_pkt_num_list > 0, np.round(tmp_c_rssi_sum_list/tmp_c_rx_pkt_num_list, 1), 0.0)
/home/arimoto/opt/scensim_env/scenargie_simulator/2.2/scenarios_linux/srm_interference/commandline/./script/interference_2pan_plot_results.py:893: RuntimeWarning: invalid value encountered in divide
  tmp_c_rssi_ave_list = np.where(tmp_c_rx_pkt_num_list > 0, np.round(tmp_c_rssi_sum_list/tmp_c_rx_pkt_num_list, 1), 0.0)
/home/arimoto/opt/scensim_env/scenargie_simulator/2.2/scenarios_linux/srm_interference/commandline/./script/interference_2pan_plot_results.py:893: RuntimeWarning: invalid value encountered in divide
  tmp_c_rssi_ave_list = np.where(tmp_c_rx_pkt_num_list > 0, np.round(tmp_c_rssi_sum_list/tmp_c_rx_pkt_num_list, 1), 0.0)

===== Processing no_interf files =====

--- Starting Result Aggregation and Plotting ---
start off_load_pan1/pan2: 0.1 / 1.0
Found 100 stat files to process.
Found 100 trace files to process.
Found 100 pos files to process.
/home/arimoto/opt/scensim_env/scenargie_simulator/2.2/scenarios_linux/srm_interference/commandline/./script/interference_2pan_plot_results.py:893: RuntimeWarning: invalid value encountered in divide
  tmp_c_rssi_ave_list = np.where(tmp_c_rx_pkt_num_list > 0, np.round(tmp_c_rssi_sum_list/tmp_c_rx_pkt_num_list, 1), 0.0)
/home/arimoto/opt/scensim_env/scenargie_simulator/2.2/scenarios_linux/srm_interference/commandline/./script/interference_2pan_plot_results.py:893: RuntimeWarning: invalid value encountered in divide
  tmp_c_rssi_ave_list = np.where(tmp_c_rx_pkt_num_list > 0, np.round(tmp_c_rssi_sum_list/tmp_c_rx_pkt_num_list, 1), 0.0)
/home/arimoto/opt/scensim_env/scenargie_simulator/2.2/scenarios_linux/srm_interference/commandline/./script/interference_2pan_plot_results.py:893: RuntimeWarning: invalid value encountered in divide
  tmp_c_rssi_ave_list = np.where(tmp_c_rx_pkt_num_list > 0, np.round(tmp_c_rssi_sum_list/tmp_c_rx_pkt_num_list, 1), 0.0)
/home/arimoto/opt/scensim_env/scenargie_simulator/2.2/scenarios_linux/srm_interference/commandline/./script/interference_2pan_plot_results.py:893: RuntimeWarning: invalid value encountered in divide
  tmp_c_rssi_ave_list = np.where(tmp_c_rx_pkt_num_list > 0, np.round(tmp_c_rssi_sum_list/tmp_c_rx_pkt_num_list, 1), 0.0)
/home/arimoto/opt/scensim_env/scenargie_simulator/2.2/scenarios_linux/srm_interference/commandline/./script/interference_2pan_plot_results.py:893: RuntimeWarning: invalid value encountered in divide
  tmp_c_rssi_ave_list = np.where(tmp_c_rx_pkt_num_list > 0, np.round(tmp_c_rssi_sum_list/tmp_c_rx_pkt_num_list, 1), 0.0)
/home/arimoto/opt/scensim_env/scenargie_simulator/2.2/scenarios_linux/srm_interference/commandline/./script/interference_2pan_plot_results.py:893: RuntimeWarning: invalid value encountered in divide
  tmp_c_rssi_ave_list = np.where(tmp_c_rx_pkt_num_list > 0, np.round(tmp_c_rssi_sum_list/tmp_c_rx_pkt_num_list, 1), 0.0)
/home/arimoto/opt/scensim_env/scenargie_simulator/2.2/scenarios_linux/srm_interference/commandline/./script/interference_2pan_plot_results.py:893: RuntimeWarning: invalid value encountered in divide
  tmp_c_rssi_ave_list = np.where(tmp_c_rx_pkt_num_list > 0, np.round(tmp_c_rssi_sum_list/tmp_c_rx_pkt_num_list, 1), 0.0)
/home/arimoto/opt/scensim_env/scenargie_simulator/2.2/scenarios_linux/srm_interference/commandline/./script/interference_2pan_plot_results.py:893: RuntimeWarning: invalid value encountered in divide
  tmp_c_rssi_ave_list = np.where(tmp_c_rx_pkt_num_list > 0, np.round(tmp_c_rssi_sum_list/tmp_c_rx_pkt_num_list, 1), 0.0)
/home/arimoto/opt/scensim_env/scenargie_simulator/2.2/scenarios_linux/srm_interference/commandline/./script/interference_2pan_plot_results.py:893: RuntimeWarning: invalid value encountered in divide
  tmp_c_rssi_ave_list = np.where(tmp_c_rx_pkt_num_list > 0, np.round(tmp_c_rssi_sum_list/tmp_c_rx_pkt_num_list, 1), 0.0)
/home/arimoto/opt/scensim_env/scenargie_simulator/2.2/scenarios_linux/srm_interference/commandline/./script/interference_2pan_plot_results.py:893: RuntimeWarning: invalid value encountered in divide
  tmp_c_rssi_ave_list = np.where(tmp_c_rx_pkt_num_list > 0, np.round(tmp_c_rssi_sum_list/tmp_c_rx_pkt_num_list, 1), 0.0)
/home/arimoto/opt/scensim_env/scenargie_simulator/2.2/scenarios_linux/srm_interference/commandline/./script/interference_2pan_plot_results.py:893: RuntimeWarning: invalid value encountered in divide
  tmp_c_rssi_ave_list = np.where(tmp_c_rx_pkt_num_list > 0, np.round(tmp_c_rssi_sum_list/tmp_c_rx_pkt_num_list, 1), 0.0)
/home/arimoto/opt/scensim_env/scenargie_simulator/2.2/scenarios_linux/srm_interference/commandline/./script/interference_2pan_plot_results.py:893: RuntimeWarning: invalid value encountered in divide
  tmp_c_rssi_ave_list = np.where(tmp_c_rx_pkt_num_list > 0, np.round(tmp_c_rssi_sum_list/tmp_c_rx_pkt_num_list, 1), 0.0)
/home/arimoto/opt/scensim_env/scenargie_simulator/2.2/scenarios_linux/srm_interference/commandline/./script/interference_2pan_plot_results.py:893: RuntimeWarning: invalid value encountered in divide
  tmp_c_rssi_ave_list = np.where(tmp_c_rx_pkt_num_list > 0, np.round(tmp_c_rssi_sum_list/tmp_c_rx_pkt_num_list, 1), 0.0)
/home/arimoto/opt/scensim_env/scenargie_simulator/2.2/scenarios_linux/srm_interference/commandline/./script/interference_2pan_plot_results.py:893: RuntimeWarning: invalid value encountered in divide
  tmp_c_rssi_ave_list = np.where(tmp_c_rx_pkt_num_list > 0, np.round(tmp_c_rssi_sum_list/tmp_c_rx_pkt_num_list, 1), 0.0)
/home/arimoto/opt/scensim_env/scenargie_simulator/2.2/scenarios_linux/srm_interference/commandline/./script/interference_2pan_plot_results.py:893: RuntimeWarning: invalid value encountered in divide
  tmp_c_rssi_ave_list = np.where(tmp_c_rx_pkt_num_list > 0, np.round(tmp_c_rssi_sum_list/tmp_c_rx_pkt_num_list, 1), 0.0)
/home/arimoto/opt/scensim_env/scenargie_simulator/2.2/scenarios_linux/srm_interference/commandline/./script/interference_2pan_plot_results.py:893: RuntimeWarning: invalid value encountered in divide
  tmp_c_rssi_ave_list = np.where(tmp_c_rx_pkt_num_list > 0, np.round(tmp_c_rssi_sum_list/tmp_c_rx_pkt_num_list, 1), 0.0)
/home/arimoto/opt/scensim_env/scenargie_simulator/2.2/scenarios_linux/srm_interference/commandline/./script/interference_2pan_plot_results.py:893: RuntimeWarning: invalid value encountered in divide
  tmp_c_rssi_ave_list = np.where(tmp_c_rx_pkt_num_list > 0, np.round(tmp_c_rssi_sum_list/tmp_c_rx_pkt_num_list, 1), 0.0)
/home/arimoto/opt/scensim_env/scenargie_simulator/2.2/scenarios_linux/srm_interference/commandline/./script/interference_2pan_plot_results.py:893: RuntimeWarning: invalid value encountered in divide
  tmp_c_rssi_ave_list = np.where(tmp_c_rx_pkt_num_list > 0, np.round(tmp_c_rssi_sum_list/tmp_c_rx_pkt_num_list, 1), 0.0)
/home/arimoto/opt/scensim_env/scenargie_simulator/2.2/scenarios_linux/srm_interference/commandline/./script/interference_2pan_plot_results.py:893: RuntimeWarning: invalid value encountered in divide
  tmp_c_rssi_ave_list = np.where(tmp_c_rx_pkt_num_list > 0, np.round(tmp_c_rssi_sum_list/tmp_c_rx_pkt_num_list, 1), 0.0)
/home/arimoto/opt/scensim_env/scenargie_simulator/2.2/scenarios_linux/srm_interference/commandline/./script/interference_2pan_plot_results.py:893: RuntimeWarning: invalid value encountered in divide
  tmp_c_rssi_ave_list = np.where(tmp_c_rx_pkt_num_list > 0, np.round(tmp_c_rssi_sum_list/tmp_c_rx_pkt_num_list, 1), 0.0)
/home/arimoto/opt/scensim_env/scenargie_simulator/2.2/scenarios_linux/srm_interference/commandline/./script/interference_2pan_plot_results.py:893: RuntimeWarning: invalid value encountered in divide
  tmp_c_rssi_ave_list = np.where(tmp_c_rx_pkt_num_list > 0, np.round(tmp_c_rssi_sum_list/tmp_c_rx_pkt_num_list, 1), 0.0)
/home/arimoto/opt/scensim_env/scenargie_simulator/2.2/scenarios_linux/srm_interference/commandline/./script/interference_2pan_plot_results.py:893: RuntimeWarning: invalid value encountered in divide
  tmp_c_rssi_ave_list = np.where(tmp_c_rx_pkt_num_list > 0, np.round(tmp_c_rssi_sum_list/tmp_c_rx_pkt_num_list, 1), 0.0)
/home/arimoto/opt/scensim_env/scenargie_simulator/2.2/scenarios_linux/srm_interference/commandline/./script/interference_2pan_plot_results.py:893: RuntimeWarning: invalid value encountered in divide
  tmp_c_rssi_ave_list = np.where(tmp_c_rx_pkt_num_list > 0, np.round(tmp_c_rssi_sum_list/tmp_c_rx_pkt_num_list, 1), 0.0)
/home/arimoto/opt/scensim_env/scenargie_simulator/2.2/scenarios_linux/srm_interference/commandline/./script/interference_2pan_plot_results.py:893: RuntimeWarning: invalid value encountered in divide
  tmp_c_rssi_ave_list = np.where(tmp_c_rx_pkt_num_list > 0, np.round(tmp_c_rssi_sum_list/tmp_c_rx_pkt_num_list, 1), 0.0)
/home/arimoto/opt/scensim_env/scenargie_simulator/2.2/scenarios_linux/srm_interference/commandline/./script/interference_2pan_plot_results.py:893: RuntimeWarning: invalid value encountered in divide
  tmp_c_rssi_ave_list = np.where(tmp_c_rx_pkt_num_list > 0, np.round(tmp_c_rssi_sum_list/tmp_c_rx_pkt_num_list, 1), 0.0)
/home/arimoto/opt/scensim_env/scenargie_simulator/2.2/scenarios_linux/srm_interference/commandline/./script/interference_2pan_plot_results.py:893: RuntimeWarning: invalid value encountered in divide
  tmp_c_rssi_ave_list = np.where(tmp_c_rx_pkt_num_list > 0, np.round(tmp_c_rssi_sum_list/tmp_c_rx_pkt_num_list, 1), 0.0)
/home/arimoto/opt/scensim_env/scenargie_simulator/2.2/scenarios_linux/srm_interference/commandline/./script/interference_2pan_plot_results.py:893: RuntimeWarning: invalid value encountered in divide
  tmp_c_rssi_ave_list = np.where(tmp_c_rx_pkt_num_list > 0, np.round(tmp_c_rssi_sum_list/tmp_c_rx_pkt_num_list, 1), 0.0)
/home/arimoto/opt/scensim_env/scenargie_simulator/2.2/scenarios_linux/srm_interference/commandline/./script/interference_2pan_plot_results.py:893: RuntimeWarning: invalid value encountered in divide
  tmp_c_rssi_ave_list = np.where(tmp_c_rx_pkt_num_list > 0, np.round(tmp_c_rssi_sum_list/tmp_c_rx_pkt_num_list, 1), 0.0)
/home/arimoto/opt/scensim_env/scenargie_simulator/2.2/scenarios_linux/srm_interference/commandline/./script/interference_2pan_plot_results.py:893: RuntimeWarning: invalid value encountered in divide
  tmp_c_rssi_ave_list = np.where(tmp_c_rx_pkt_num_list > 0, np.round(tmp_c_rssi_sum_list/tmp_c_rx_pkt_num_list, 1), 0.0)
/home/arimoto/opt/scensim_env/scenargie_simulator/2.2/scenarios_linux/srm_interference/commandline/./script/interference_2pan_plot_results.py:893: RuntimeWarning: invalid value encountered in divide
  tmp_c_rssi_ave_list = np.where(tmp_c_rx_pkt_num_list > 0, np.round(tmp_c_rssi_sum_list/tmp_c_rx_pkt_num_list, 1), 0.0)
/home/arimoto/opt/scensim_env/scenargie_simulator/2.2/scenarios_linux/srm_interference/commandline/./script/interference_2pan_plot_results.py:893: RuntimeWarning: invalid value encountered in divide
  tmp_c_rssi_ave_list = np.where(tmp_c_rx_pkt_num_list > 0, np.round(tmp_c_rssi_sum_list/tmp_c_rx_pkt_num_list, 1), 0.0)
start off_load_pan1/pan2: 0.2 / 1.0
Found 100 stat files to process.
Found 100 trace files to process.
Found 100 pos files to process.
/home/arimoto/opt/scensim_env/scenargie_simulator/2.2/scenarios_linux/srm_interference/commandline/./script/interference_2pan_plot_results.py:893: RuntimeWarning: invalid value encountered in divide
  tmp_c_rssi_ave_list = np.where(tmp_c_rx_pkt_num_list > 0, np.round(tmp_c_rssi_sum_list/tmp_c_rx_pkt_num_list, 1), 0.0)
/home/arimoto/opt/scensim_env/scenargie_simulator/2.2/scenarios_linux/srm_interference/commandline/./script/interference_2pan_plot_results.py:893: RuntimeWarning: invalid value encountered in divide
  tmp_c_rssi_ave_list = np.where(tmp_c_rx_pkt_num_list > 0, np.round(tmp_c_rssi_sum_list/tmp_c_rx_pkt_num_list, 1), 0.0)
/home/arimoto/opt/scensim_env/scenargie_simulator/2.2/scenarios_linux/srm_interference/commandline/./script/interference_2pan_plot_results.py:893: RuntimeWarning: invalid value encountered in divide
  tmp_c_rssi_ave_list = np.where(tmp_c_rx_pkt_num_list > 0, np.round(tmp_c_rssi_sum_list/tmp_c_rx_pkt_num_list, 1), 0.0)
/home/arimoto/opt/scensim_env/scenargie_simulator/2.2/scenarios_linux/srm_interference/commandline/./script/interference_2pan_plot_results.py:893: RuntimeWarning: invalid value encountered in divide
  tmp_c_rssi_ave_list = np.where(tmp_c_rx_pkt_num_list > 0, np.round(tmp_c_rssi_sum_list/tmp_c_rx_pkt_num_list, 1), 0.0)
/home/arimoto/opt/scensim_env/scenargie_simulator/2.2/scenarios_linux/srm_interference/commandline/./script/interference_2pan_plot_results.py:893: RuntimeWarning: invalid value encountered in divide
  tmp_c_rssi_ave_list = np.where(tmp_c_rx_pkt_num_list > 0, np.round(tmp_c_rssi_sum_list/tmp_c_rx_pkt_num_list, 1), 0.0)
/home/arimoto/opt/scensim_env/scenargie_simulator/2.2/scenarios_linux/srm_interference/commandline/./script/interference_2pan_plot_results.py:893: RuntimeWarning: invalid value encountered in divide
  tmp_c_rssi_ave_list = np.where(tmp_c_rx_pkt_num_list > 0, np.round(tmp_c_rssi_sum_list/tmp_c_rx_pkt_num_list, 1), 0.0)
/home/arimoto/opt/scensim_env/scenargie_simulator/2.2/scenarios_linux/srm_interference/commandline/./script/interference_2pan_plot_results.py:893: RuntimeWarning: invalid value encountered in divide
  tmp_c_rssi_ave_list = np.where(tmp_c_rx_pkt_num_list > 0, np.round(tmp_c_rssi_sum_list/tmp_c_rx_pkt_num_list, 1), 0.0)
/home/arimoto/opt/scensim_env/scenargie_simulator/2.2/scenarios_linux/srm_interference/commandline/./script/interference_2pan_plot_results.py:893: RuntimeWarning: invalid value encountered in divide
  tmp_c_rssi_ave_list = np.where(tmp_c_rx_pkt_num_list > 0, np.round(tmp_c_rssi_sum_list/tmp_c_rx_pkt_num_list, 1), 0.0)
/home/arimoto/opt/scensim_env/scenargie_simulator/2.2/scenarios_linux/srm_interference/commandline/./script/interference_2pan_plot_results.py:893: RuntimeWarning: invalid value encountered in divide
  tmp_c_rssi_ave_list = np.where(tmp_c_rx_pkt_num_list > 0, np.round(tmp_c_rssi_sum_list/tmp_c_rx_pkt_num_list, 1), 0.0)
/home/arimoto/opt/scensim_env/scenargie_simulator/2.2/scenarios_linux/srm_interference/commandline/./script/interference_2pan_plot_results.py:893: RuntimeWarning: invalid value encountered in divide
  tmp_c_rssi_ave_list = np.where(tmp_c_rx_pkt_num_list > 0, np.round(tmp_c_rssi_sum_list/tmp_c_rx_pkt_num_list, 1), 0.0)
/home/arimoto/opt/scensim_env/scenargie_simulator/2.2/scenarios_linux/srm_interference/commandline/./script/interference_2pan_plot_results.py:893: RuntimeWarning: invalid value encountered in divide
  tmp_c_rssi_ave_list = np.where(tmp_c_rx_pkt_num_list > 0, np.round(tmp_c_rssi_sum_list/tmp_c_rx_pkt_num_list, 1), 0.0)
/home/arimoto/opt/scensim_env/scenargie_simulator/2.2/scenarios_linux/srm_interference/commandline/./script/interference_2pan_plot_results.py:893: RuntimeWarning: invalid value encountered in divide
  tmp_c_rssi_ave_list = np.where(tmp_c_rx_pkt_num_list > 0, np.round(tmp_c_rssi_sum_list/tmp_c_rx_pkt_num_list, 1), 0.0)
/home/arimoto/opt/scensim_env/scenargie_simulator/2.2/scenarios_linux/srm_interference/commandline/./script/interference_2pan_plot_results.py:893: RuntimeWarning: invalid value encountered in divide
  tmp_c_rssi_ave_list = np.where(tmp_c_rx_pkt_num_list > 0, np.round(tmp_c_rssi_sum_list/tmp_c_rx_pkt_num_list, 1), 0.0)
/home/arimoto/opt/scensim_env/scenargie_simulator/2.2/scenarios_linux/srm_interference/commandline/./script/interference_2pan_plot_results.py:893: RuntimeWarning: invalid value encountered in divide
  tmp_c_rssi_ave_list = np.where(tmp_c_rx_pkt_num_list > 0, np.round(tmp_c_rssi_sum_list/tmp_c_rx_pkt_num_list, 1), 0.0)
/home/arimoto/opt/scensim_env/scenargie_simulator/2.2/scenarios_linux/srm_interference/commandline/./script/interference_2pan_plot_results.py:893: RuntimeWarning: invalid value encountered in divide
  tmp_c_rssi_ave_list = np.where(tmp_c_rx_pkt_num_list > 0, np.round(tmp_c_rssi_sum_list/tmp_c_rx_pkt_num_list, 1), 0.0)
/home/arimoto/opt/scensim_env/scenargie_simulator/2.2/scenarios_linux/srm_interference/commandline/./script/interference_2pan_plot_results.py:893: RuntimeWarning: invalid value encountered in divide
  tmp_c_rssi_ave_list = np.where(tmp_c_rx_pkt_num_list > 0, np.round(tmp_c_rssi_sum_list/tmp_c_rx_pkt_num_list, 1), 0.0)
/home/arimoto/opt/scensim_env/scenargie_simulator/2.2/scenarios_linux/srm_interference/commandline/./script/interference_2pan_plot_results.py:893: RuntimeWarning: invalid value encountered in divide
  tmp_c_rssi_ave_list = np.where(tmp_c_rx_pkt_num_list > 0, np.round(tmp_c_rssi_sum_list/tmp_c_rx_pkt_num_list, 1), 0.0)
/home/arimoto/opt/scensim_env/scenargie_simulator/2.2/scenarios_linux/srm_interference/commandline/./script/interference_2pan_plot_results.py:893: RuntimeWarning: invalid value encountered in divide
  tmp_c_rssi_ave_list = np.where(tmp_c_rx_pkt_num_list > 0, np.round(tmp_c_rssi_sum_list/tmp_c_rx_pkt_num_list, 1), 0.0)
/home/arimoto/opt/scensim_env/scenargie_simulator/2.2/scenarios_linux/srm_interference/commandline/./script/interference_2pan_plot_results.py:893: RuntimeWarning: invalid value encountered in divide
  tmp_c_rssi_ave_list = np.where(tmp_c_rx_pkt_num_list > 0, np.round(tmp_c_rssi_sum_list/tmp_c_rx_pkt_num_list, 1), 0.0)
/home/arimoto/opt/scensim_env/scenargie_simulator/2.2/scenarios_linux/srm_interference/commandline/./script/interference_2pan_plot_results.py:893: RuntimeWarning: invalid value encountered in divide
  tmp_c_rssi_ave_list = np.where(tmp_c_rx_pkt_num_list > 0, np.round(tmp_c_rssi_sum_list/tmp_c_rx_pkt_num_list, 1), 0.0)
/home/arimoto/opt/scensim_env/scenargie_simulator/2.2/scenarios_linux/srm_interference/commandline/./script/interference_2pan_plot_results.py:893: RuntimeWarning: invalid value encountered in divide
  tmp_c_rssi_ave_list = np.where(tmp_c_rx_pkt_num_list > 0, np.round(tmp_c_rssi_sum_list/tmp_c_rx_pkt_num_list, 1), 0.0)
/home/arimoto/opt/scensim_env/scenargie_simulator/2.2/scenarios_linux/srm_interference/commandline/./script/interference_2pan_plot_results.py:893: RuntimeWarning: invalid value encountered in divide
  tmp_c_rssi_ave_list = np.where(tmp_c_rx_pkt_num_list > 0, np.round(tmp_c_rssi_sum_list/tmp_c_rx_pkt_num_list, 1), 0.0)
/home/arimoto/opt/scensim_env/scenargie_simulator/2.2/scenarios_linux/srm_interference/commandline/./script/interference_2pan_plot_results.py:893: RuntimeWarning: invalid value encountered in divide
  tmp_c_rssi_ave_list = np.where(tmp_c_rx_pkt_num_list > 0, np.round(tmp_c_rssi_sum_list/tmp_c_rx_pkt_num_list, 1), 0.0)
/home/arimoto/opt/scensim_env/scenargie_simulator/2.2/scenarios_linux/srm_interference/commandline/./script/interference_2pan_plot_results.py:893: RuntimeWarning: invalid value encountered in divide
  tmp_c_rssi_ave_list = np.where(tmp_c_rx_pkt_num_list > 0, np.round(tmp_c_rssi_sum_list/tmp_c_rx_pkt_num_list, 1), 0.0)
/home/arimoto/opt/scensim_env/scenargie_simulator/2.2/scenarios_linux/srm_interference/commandline/./script/interference_2pan_plot_results.py:893: RuntimeWarning: invalid value encountered in divide
  tmp_c_rssi_ave_list = np.where(tmp_c_rx_pkt_num_list > 0, np.round(tmp_c_rssi_sum_list/tmp_c_rx_pkt_num_list, 1), 0.0)
/home/arimoto/opt/scensim_env/scenargie_simulator/2.2/scenarios_linux/srm_interference/commandline/./script/interference_2pan_plot_results.py:893: RuntimeWarning: invalid value encountered in divide
  tmp_c_rssi_ave_list = np.where(tmp_c_rx_pkt_num_list > 0, np.round(tmp_c_rssi_sum_list/tmp_c_rx_pkt_num_list, 1), 0.0)
/home/arimoto/opt/scensim_env/scenargie_simulator/2.2/scenarios_linux/srm_interference/commandline/./script/interference_2pan_plot_results.py:893: RuntimeWarning: invalid value encountered in divide
  tmp_c_rssi_ave_list = np.where(tmp_c_rx_pkt_num_list > 0, np.round(tmp_c_rssi_sum_list/tmp_c_rx_pkt_num_list, 1), 0.0)
start off_load_pan1/pan2: 0.3 / 1.0
Found 100 stat files to process.
Found 100 trace files to process.
Found 100 pos files to process.
/home/arimoto/opt/scensim_env/scenargie_simulator/2.2/scenarios_linux/srm_interference/commandline/./script/interference_2pan_plot_results.py:893: RuntimeWarning: invalid value encountered in divide
  tmp_c_rssi_ave_list = np.where(tmp_c_rx_pkt_num_list > 0, np.round(tmp_c_rssi_sum_list/tmp_c_rx_pkt_num_list, 1), 0.0)
/home/arimoto/opt/scensim_env/scenargie_simulator/2.2/scenarios_linux/srm_interference/commandline/./script/interference_2pan_plot_results.py:893: RuntimeWarning: invalid value encountered in divide
  tmp_c_rssi_ave_list = np.where(tmp_c_rx_pkt_num_list > 0, np.round(tmp_c_rssi_sum_list/tmp_c_rx_pkt_num_list, 1), 0.0)
/home/arimoto/opt/scensim_env/scenargie_simulator/2.2/scenarios_linux/srm_interference/commandline/./script/interference_2pan_plot_results.py:893: RuntimeWarning: invalid value encountered in divide
  tmp_c_rssi_ave_list = np.where(tmp_c_rx_pkt_num_list > 0, np.round(tmp_c_rssi_sum_list/tmp_c_rx_pkt_num_list, 1), 0.0)
/home/arimoto/opt/scensim_env/scenargie_simulator/2.2/scenarios_linux/srm_interference/commandline/./script/interference_2pan_plot_results.py:893: RuntimeWarning: invalid value encountered in divide
  tmp_c_rssi_ave_list = np.where(tmp_c_rx_pkt_num_list > 0, np.round(tmp_c_rssi_sum_list/tmp_c_rx_pkt_num_list, 1), 0.0)
/home/arimoto/opt/scensim_env/scenargie_simulator/2.2/scenarios_linux/srm_interference/commandline/./script/interference_2pan_plot_results.py:893: RuntimeWarning: invalid value encountered in divide
  tmp_c_rssi_ave_list = np.where(tmp_c_rx_pkt_num_list > 0, np.round(tmp_c_rssi_sum_list/tmp_c_rx_pkt_num_list, 1), 0.0)
/home/arimoto/opt/scensim_env/scenargie_simulator/2.2/scenarios_linux/srm_interference/commandline/./script/interference_2pan_plot_results.py:893: RuntimeWarning: invalid value encountered in divide
  tmp_c_rssi_ave_list = np.where(tmp_c_rx_pkt_num_list > 0, np.round(tmp_c_rssi_sum_list/tmp_c_rx_pkt_num_list, 1), 0.0)
/home/arimoto/opt/scensim_env/scenargie_simulator/2.2/scenarios_linux/srm_interference/commandline/./script/interference_2pan_plot_results.py:893: RuntimeWarning: invalid value encountered in divide
  tmp_c_rssi_ave_list = np.where(tmp_c_rx_pkt_num_list > 0, np.round(tmp_c_rssi_sum_list/tmp_c_rx_pkt_num_list, 1), 0.0)
/home/arimoto/opt/scensim_env/scenargie_simulator/2.2/scenarios_linux/srm_interference/commandline/./script/interference_2pan_plot_results.py:893: RuntimeWarning: invalid value encountered in divide
  tmp_c_rssi_ave_list = np.where(tmp_c_rx_pkt_num_list > 0, np.round(tmp_c_rssi_sum_list/tmp_c_rx_pkt_num_list, 1), 0.0)
/home/arimoto/opt/scensim_env/scenargie_simulator/2.2/scenarios_linux/srm_interference/commandline/./script/interference_2pan_plot_results.py:893: RuntimeWarning: invalid value encountered in divide
  tmp_c_rssi_ave_list = np.where(tmp_c_rx_pkt_num_list > 0, np.round(tmp_c_rssi_sum_list/tmp_c_rx_pkt_num_list, 1), 0.0)
/home/arimoto/opt/scensim_env/scenargie_simulator/2.2/scenarios_linux/srm_interference/commandline/./script/interference_2pan_plot_results.py:893: RuntimeWarning: invalid value encountered in divide
  tmp_c_rssi_ave_list = np.where(tmp_c_rx_pkt_num_list > 0, np.round(tmp_c_rssi_sum_list/tmp_c_rx_pkt_num_list, 1), 0.0)
/home/arimoto/opt/scensim_env/scenargie_simulator/2.2/scenarios_linux/srm_interference/commandline/./script/interference_2pan_plot_results.py:893: RuntimeWarning: invalid value encountered in divide
  tmp_c_rssi_ave_list = np.where(tmp_c_rx_pkt_num_list > 0, np.round(tmp_c_rssi_sum_list/tmp_c_rx_pkt_num_list, 1), 0.0)
/home/arimoto/opt/scensim_env/scenargie_simulator/2.2/scenarios_linux/srm_interference/commandline/./script/interference_2pan_plot_results.py:893: RuntimeWarning: invalid value encountered in divide
  tmp_c_rssi_ave_list = np.where(tmp_c_rx_pkt_num_list > 0, np.round(tmp_c_rssi_sum_list/tmp_c_rx_pkt_num_list, 1), 0.0)
/home/arimoto/opt/scensim_env/scenargie_simulator/2.2/scenarios_linux/srm_interference/commandline/./script/interference_2pan_plot_results.py:893: RuntimeWarning: invalid value encountered in divide
  tmp_c_rssi_ave_list = np.where(tmp_c_rx_pkt_num_list > 0, np.round(tmp_c_rssi_sum_list/tmp_c_rx_pkt_num_list, 1), 0.0)
/home/arimoto/opt/scensim_env/scenargie_simulator/2.2/scenarios_linux/srm_interference/commandline/./script/interference_2pan_plot_results.py:893: RuntimeWarning: invalid value encountered in divide
  tmp_c_rssi_ave_list = np.where(tmp_c_rx_pkt_num_list > 0, np.round(tmp_c_rssi_sum_list/tmp_c_rx_pkt_num_list, 1), 0.0)
/home/arimoto/opt/scensim_env/scenargie_simulator/2.2/scenarios_linux/srm_interference/commandline/./script/interference_2pan_plot_results.py:893: RuntimeWarning: invalid value encountered in divide
  tmp_c_rssi_ave_list = np.where(tmp_c_rx_pkt_num_list > 0, np.round(tmp_c_rssi_sum_list/tmp_c_rx_pkt_num_list, 1), 0.0)
/home/arimoto/opt/scensim_env/scenargie_simulator/2.2/scenarios_linux/srm_interference/commandline/./script/interference_2pan_plot_results.py:893: RuntimeWarning: invalid value encountered in divide
  tmp_c_rssi_ave_list = np.where(tmp_c_rx_pkt_num_list > 0, np.round(tmp_c_rssi_sum_list/tmp_c_rx_pkt_num_list, 1), 0.0)
/home/arimoto/opt/scensim_env/scenargie_simulator/2.2/scenarios_linux/srm_interference/commandline/./script/interference_2pan_plot_results.py:893: RuntimeWarning: invalid value encountered in divide
  tmp_c_rssi_ave_list = np.where(tmp_c_rx_pkt_num_list > 0, np.round(tmp_c_rssi_sum_list/tmp_c_rx_pkt_num_list, 1), 0.0)
/home/arimoto/opt/scensim_env/scenargie_simulator/2.2/scenarios_linux/srm_interference/commandline/./script/interference_2pan_plot_results.py:893: RuntimeWarning: invalid value encountered in divide
  tmp_c_rssi_ave_list = np.where(tmp_c_rx_pkt_num_list > 0, np.round(tmp_c_rssi_sum_list/tmp_c_rx_pkt_num_list, 1), 0.0)
/home/arimoto/opt/scensim_env/scenargie_simulator/2.2/scenarios_linux/srm_interference/commandline/./script/interference_2pan_plot_results.py:893: RuntimeWarning: invalid value encountered in divide
  tmp_c_rssi_ave_list = np.where(tmp_c_rx_pkt_num_list > 0, np.round(tmp_c_rssi_sum_list/tmp_c_rx_pkt_num_list, 1), 0.0)
/home/arimoto/opt/scensim_env/scenargie_simulator/2.2/scenarios_linux/srm_interference/commandline/./script/interference_2pan_plot_results.py:893: RuntimeWarning: invalid value encountered in divide
  tmp_c_rssi_ave_list = np.where(tmp_c_rx_pkt_num_list > 0, np.round(tmp_c_rssi_sum_list/tmp_c_rx_pkt_num_list, 1), 0.0)
/home/arimoto/opt/scensim_env/scenargie_simulator/2.2/scenarios_linux/srm_interference/commandline/./script/interference_2pan_plot_results.py:893: RuntimeWarning: invalid value encountered in divide
  tmp_c_rssi_ave_list = np.where(tmp_c_rx_pkt_num_list > 0, np.round(tmp_c_rssi_sum_list/tmp_c_rx_pkt_num_list, 1), 0.0)
/home/arimoto/opt/scensim_env/scenargie_simulator/2.2/scenarios_linux/srm_interference/commandline/./script/interference_2pan_plot_results.py:893: RuntimeWarning: invalid value encountered in divide
  tmp_c_rssi_ave_list = np.where(tmp_c_rx_pkt_num_list > 0, np.round(tmp_c_rssi_sum_list/tmp_c_rx_pkt_num_list, 1), 0.0)
/home/arimoto/opt/scensim_env/scenargie_simulator/2.2/scenarios_linux/srm_interference/commandline/./script/interference_2pan_plot_results.py:893: RuntimeWarning: invalid value encountered in divide
  tmp_c_rssi_ave_list = np.where(tmp_c_rx_pkt_num_list > 0, np.round(tmp_c_rssi_sum_list/tmp_c_rx_pkt_num_list, 1), 0.0)
/home/arimoto/opt/scensim_env/scenargie_simulator/2.2/scenarios_linux/srm_interference/commandline/./script/interference_2pan_plot_results.py:893: RuntimeWarning: invalid value encountered in divide
  tmp_c_rssi_ave_list = np.where(tmp_c_rx_pkt_num_list > 0, np.round(tmp_c_rssi_sum_list/tmp_c_rx_pkt_num_list, 1), 0.0)
/home/arimoto/opt/scensim_env/scenargie_simulator/2.2/scenarios_linux/srm_interference/commandline/./script/interference_2pan_plot_results.py:893: RuntimeWarning: invalid value encountered in divide
  tmp_c_rssi_ave_list = np.where(tmp_c_rx_pkt_num_list > 0, np.round(tmp_c_rssi_sum_list/tmp_c_rx_pkt_num_list, 1), 0.0)
/home/arimoto/opt/scensim_env/scenargie_simulator/2.2/scenarios_linux/srm_interference/commandline/./script/interference_2pan_plot_results.py:893: RuntimeWarning: invalid value encountered in divide
  tmp_c_rssi_ave_list = np.where(tmp_c_rx_pkt_num_list > 0, np.round(tmp_c_rssi_sum_list/tmp_c_rx_pkt_num_list, 1), 0.0)
/home/arimoto/opt/scensim_env/scenargie_simulator/2.2/scenarios_linux/srm_interference/commandline/./script/interference_2pan_plot_results.py:893: RuntimeWarning: invalid value encountered in divide
  tmp_c_rssi_ave_list = np.where(tmp_c_rx_pkt_num_list > 0, np.round(tmp_c_rssi_sum_list/tmp_c_rx_pkt_num_list, 1), 0.0)
/home/arimoto/opt/scensim_env/scenargie_simulator/2.2/scenarios_linux/srm_interference/commandline/./script/interference_2pan_plot_results.py:893: RuntimeWarning: invalid value encountered in divide
  tmp_c_rssi_ave_list = np.where(tmp_c_rx_pkt_num_list > 0, np.round(tmp_c_rssi_sum_list/tmp_c_rx_pkt_num_list, 1), 0.0)
/home/arimoto/opt/scensim_env/scenargie_simulator/2.2/scenarios_linux/srm_interference/commandline/./script/interference_2pan_plot_results.py:893: RuntimeWarning: invalid value encountered in divide
  tmp_c_rssi_ave_list = np.where(tmp_c_rx_pkt_num_list > 0, np.round(tmp_c_rssi_sum_list/tmp_c_rx_pkt_num_list, 1), 0.0)
/home/arimoto/opt/scensim_env/scenargie_simulator/2.2/scenarios_linux/srm_interference/commandline/./script/interference_2pan_plot_results.py:893: RuntimeWarning: invalid value encountered in divide
  tmp_c_rssi_ave_list = np.where(tmp_c_rx_pkt_num_list > 0, np.round(tmp_c_rssi_sum_list/tmp_c_rx_pkt_num_list, 1), 0.0)
/home/arimoto/opt/scensim_env/scenargie_simulator/2.2/scenarios_linux/srm_interference/commandline/./script/interference_2pan_plot_results.py:893: RuntimeWarning: invalid value encountered in divide
  tmp_c_rssi_ave_list = np.where(tmp_c_rx_pkt_num_list > 0, np.round(tmp_c_rssi_sum_list/tmp_c_rx_pkt_num_list, 1), 0.0)
start off_load_pan1/pan2: 0.4 / 1.0
Found 100 stat files to process.
Found 100 trace files to process.
Found 100 pos files to process.
/home/arimoto/opt/scensim_env/scenargie_simulator/2.2/scenarios_linux/srm_interference/commandline/./script/interference_2pan_plot_results.py:893: RuntimeWarning: invalid value encountered in divide
  tmp_c_rssi_ave_list = np.where(tmp_c_rx_pkt_num_list > 0, np.round(tmp_c_rssi_sum_list/tmp_c_rx_pkt_num_list, 1), 0.0)
/home/arimoto/opt/scensim_env/scenargie_simulator/2.2/scenarios_linux/srm_interference/commandline/./script/interference_2pan_plot_results.py:893: RuntimeWarning: invalid value encountered in divide
  tmp_c_rssi_ave_list = np.where(tmp_c_rx_pkt_num_list > 0, np.round(tmp_c_rssi_sum_list/tmp_c_rx_pkt_num_list, 1), 0.0)
/home/arimoto/opt/scensim_env/scenargie_simulator/2.2/scenarios_linux/srm_interference/commandline/./script/interference_2pan_plot_results.py:893: RuntimeWarning: invalid value encountered in divide
  tmp_c_rssi_ave_list = np.where(tmp_c_rx_pkt_num_list > 0, np.round(tmp_c_rssi_sum_list/tmp_c_rx_pkt_num_list, 1), 0.0)
/home/arimoto/opt/scensim_env/scenargie_simulator/2.2/scenarios_linux/srm_interference/commandline/./script/interference_2pan_plot_results.py:893: RuntimeWarning: invalid value encountered in divide
  tmp_c_rssi_ave_list = np.where(tmp_c_rx_pkt_num_list > 0, np.round(tmp_c_rssi_sum_list/tmp_c_rx_pkt_num_list, 1), 0.0)
/home/arimoto/opt/scensim_env/scenargie_simulator/2.2/scenarios_linux/srm_interference/commandline/./script/interference_2pan_plot_results.py:893: RuntimeWarning: invalid value encountered in divide
  tmp_c_rssi_ave_list = np.where(tmp_c_rx_pkt_num_list > 0, np.round(tmp_c_rssi_sum_list/tmp_c_rx_pkt_num_list, 1), 0.0)
/home/arimoto/opt/scensim_env/scenargie_simulator/2.2/scenarios_linux/srm_interference/commandline/./script/interference_2pan_plot_results.py:893: RuntimeWarning: invalid value encountered in divide
  tmp_c_rssi_ave_list = np.where(tmp_c_rx_pkt_num_list > 0, np.round(tmp_c_rssi_sum_list/tmp_c_rx_pkt_num_list, 1), 0.0)
/home/arimoto/opt/scensim_env/scenargie_simulator/2.2/scenarios_linux/srm_interference/commandline/./script/interference_2pan_plot_results.py:893: RuntimeWarning: invalid value encountered in divide
  tmp_c_rssi_ave_list = np.where(tmp_c_rx_pkt_num_list > 0, np.round(tmp_c_rssi_sum_list/tmp_c_rx_pkt_num_list, 1), 0.0)
/home/arimoto/opt/scensim_env/scenargie_simulator/2.2/scenarios_linux/srm_interference/commandline/./script/interference_2pan_plot_results.py:893: RuntimeWarning: invalid value encountered in divide
  tmp_c_rssi_ave_list = np.where(tmp_c_rx_pkt_num_list > 0, np.round(tmp_c_rssi_sum_list/tmp_c_rx_pkt_num_list, 1), 0.0)
/home/arimoto/opt/scensim_env/scenargie_simulator/2.2/scenarios_linux/srm_interference/commandline/./script/interference_2pan_plot_results.py:893: RuntimeWarning: invalid value encountered in divide
  tmp_c_rssi_ave_list = np.where(tmp_c_rx_pkt_num_list > 0, np.round(tmp_c_rssi_sum_list/tmp_c_rx_pkt_num_list, 1), 0.0)
/home/arimoto/opt/scensim_env/scenargie_simulator/2.2/scenarios_linux/srm_interference/commandline/./script/interference_2pan_plot_results.py:893: RuntimeWarning: invalid value encountered in divide
  tmp_c_rssi_ave_list = np.where(tmp_c_rx_pkt_num_list > 0, np.round(tmp_c_rssi_sum_list/tmp_c_rx_pkt_num_list, 1), 0.0)
/home/arimoto/opt/scensim_env/scenargie_simulator/2.2/scenarios_linux/srm_interference/commandline/./script/interference_2pan_plot_results.py:893: RuntimeWarning: invalid value encountered in divide
  tmp_c_rssi_ave_list = np.where(tmp_c_rx_pkt_num_list > 0, np.round(tmp_c_rssi_sum_list/tmp_c_rx_pkt_num_list, 1), 0.0)
/home/arimoto/opt/scensim_env/scenargie_simulator/2.2/scenarios_linux/srm_interference/commandline/./script/interference_2pan_plot_results.py:893: RuntimeWarning: invalid value encountered in divide
  tmp_c_rssi_ave_list = np.where(tmp_c_rx_pkt_num_list > 0, np.round(tmp_c_rssi_sum_list/tmp_c_rx_pkt_num_list, 1), 0.0)
/home/arimoto/opt/scensim_env/scenargie_simulator/2.2/scenarios_linux/srm_interference/commandline/./script/interference_2pan_plot_results.py:893: RuntimeWarning: invalid value encountered in divide
  tmp_c_rssi_ave_list = np.where(tmp_c_rx_pkt_num_list > 0, np.round(tmp_c_rssi_sum_list/tmp_c_rx_pkt_num_list, 1), 0.0)
/home/arimoto/opt/scensim_env/scenargie_simulator/2.2/scenarios_linux/srm_interference/commandline/./script/interference_2pan_plot_results.py:893: RuntimeWarning: invalid value encountered in divide
  tmp_c_rssi_ave_list = np.where(tmp_c_rx_pkt_num_list > 0, np.round(tmp_c_rssi_sum_list/tmp_c_rx_pkt_num_list, 1), 0.0)
/home/arimoto/opt/scensim_env/scenargie_simulator/2.2/scenarios_linux/srm_interference/commandline/./script/interference_2pan_plot_results.py:893: RuntimeWarning: invalid value encountered in divide
  tmp_c_rssi_ave_list = np.where(tmp_c_rx_pkt_num_list > 0, np.round(tmp_c_rssi_sum_list/tmp_c_rx_pkt_num_list, 1), 0.0)
/home/arimoto/opt/scensim_env/scenargie_simulator/2.2/scenarios_linux/srm_interference/commandline/./script/interference_2pan_plot_results.py:893: RuntimeWarning: invalid value encountered in divide
  tmp_c_rssi_ave_list = np.where(tmp_c_rx_pkt_num_list > 0, np.round(tmp_c_rssi_sum_list/tmp_c_rx_pkt_num_list, 1), 0.0)
/home/arimoto/opt/scensim_env/scenargie_simulator/2.2/scenarios_linux/srm_interference/commandline/./script/interference_2pan_plot_results.py:893: RuntimeWarning: invalid value encountered in divide
  tmp_c_rssi_ave_list = np.where(tmp_c_rx_pkt_num_list > 0, np.round(tmp_c_rssi_sum_list/tmp_c_rx_pkt_num_list, 1), 0.0)
/home/arimoto/opt/scensim_env/scenargie_simulator/2.2/scenarios_linux/srm_interference/commandline/./script/interference_2pan_plot_results.py:893: RuntimeWarning: invalid value encountered in divide
  tmp_c_rssi_ave_list = np.where(tmp_c_rx_pkt_num_list > 0, np.round(tmp_c_rssi_sum_list/tmp_c_rx_pkt_num_list, 1), 0.0)
/home/arimoto/opt/scensim_env/scenargie_simulator/2.2/scenarios_linux/srm_interference/commandline/./script/interference_2pan_plot_results.py:893: RuntimeWarning: invalid value encountered in divide
  tmp_c_rssi_ave_list = np.where(tmp_c_rx_pkt_num_list > 0, np.round(tmp_c_rssi_sum_list/tmp_c_rx_pkt_num_list, 1), 0.0)
/home/arimoto/opt/scensim_env/scenargie_simulator/2.2/scenarios_linux/srm_interference/commandline/./script/interference_2pan_plot_results.py:893: RuntimeWarning: invalid value encountered in divide
  tmp_c_rssi_ave_list = np.where(tmp_c_rx_pkt_num_list > 0, np.round(tmp_c_rssi_sum_list/tmp_c_rx_pkt_num_list, 1), 0.0)
/home/arimoto/opt/scensim_env/scenargie_simulator/2.2/scenarios_linux/srm_interference/commandline/./script/interference_2pan_plot_results.py:893: RuntimeWarning: invalid value encountered in divide
  tmp_c_rssi_ave_list = np.where(tmp_c_rx_pkt_num_list > 0, np.round(tmp_c_rssi_sum_list/tmp_c_rx_pkt_num_list, 1), 0.0)
/home/arimoto/opt/scensim_env/scenargie_simulator/2.2/scenarios_linux/srm_interference/commandline/./script/interference_2pan_plot_results.py:893: RuntimeWarning: invalid value encountered in divide
  tmp_c_rssi_ave_list = np.where(tmp_c_rx_pkt_num_list > 0, np.round(tmp_c_rssi_sum_list/tmp_c_rx_pkt_num_list, 1), 0.0)
/home/arimoto/opt/scensim_env/scenargie_simulator/2.2/scenarios_linux/srm_interference/commandline/./script/interference_2pan_plot_results.py:893: RuntimeWarning: invalid value encountered in divide
  tmp_c_rssi_ave_list = np.where(tmp_c_rx_pkt_num_list > 0, np.round(tmp_c_rssi_sum_list/tmp_c_rx_pkt_num_list, 1), 0.0)
/home/arimoto/opt/scensim_env/scenargie_simulator/2.2/scenarios_linux/srm_interference/commandline/./script/interference_2pan_plot_results.py:893: RuntimeWarning: invalid value encountered in divide
  tmp_c_rssi_ave_list = np.where(tmp_c_rx_pkt_num_list > 0, np.round(tmp_c_rssi_sum_list/tmp_c_rx_pkt_num_list, 1), 0.0)
/home/arimoto/opt/scensim_env/scenargie_simulator/2.2/scenarios_linux/srm_interference/commandline/./script/interference_2pan_plot_results.py:893: RuntimeWarning: invalid value encountered in divide
  tmp_c_rssi_ave_list = np.where(tmp_c_rx_pkt_num_list > 0, np.round(tmp_c_rssi_sum_list/tmp_c_rx_pkt_num_list, 1), 0.0)
/home/arimoto/opt/scensim_env/scenargie_simulator/2.2/scenarios_linux/srm_interference/commandline/./script/interference_2pan_plot_results.py:893: RuntimeWarning: invalid value encountered in divide
  tmp_c_rssi_ave_list = np.where(tmp_c_rx_pkt_num_list > 0, np.round(tmp_c_rssi_sum_list/tmp_c_rx_pkt_num_list, 1), 0.0)
/home/arimoto/opt/scensim_env/scenargie_simulator/2.2/scenarios_linux/srm_interference/commandline/./script/interference_2pan_plot_results.py:893: RuntimeWarning: invalid value encountered in divide
  tmp_c_rssi_ave_list = np.where(tmp_c_rx_pkt_num_list > 0, np.round(tmp_c_rssi_sum_list/tmp_c_rx_pkt_num_list, 1), 0.0)
/home/arimoto/opt/scensim_env/scenargie_simulator/2.2/scenarios_linux/srm_interference/commandline/./script/interference_2pan_plot_results.py:893: RuntimeWarning: invalid value encountered in divide
  tmp_c_rssi_ave_list = np.where(tmp_c_rx_pkt_num_list > 0, np.round(tmp_c_rssi_sum_list/tmp_c_rx_pkt_num_list, 1), 0.0)
start off_load_pan1/pan2: 0.5 / 1.0
Found 100 stat files to process.
Found 100 trace files to process.
Found 100 pos files to process.
/home/arimoto/opt/scensim_env/scenargie_simulator/2.2/scenarios_linux/srm_interference/commandline/./script/interference_2pan_plot_results.py:893: RuntimeWarning: invalid value encountered in divide
  tmp_c_rssi_ave_list = np.where(tmp_c_rx_pkt_num_list > 0, np.round(tmp_c_rssi_sum_list/tmp_c_rx_pkt_num_list, 1), 0.0)
/home/arimoto/opt/scensim_env/scenargie_simulator/2.2/scenarios_linux/srm_interference/commandline/./script/interference_2pan_plot_results.py:893: RuntimeWarning: invalid value encountered in divide
  tmp_c_rssi_ave_list = np.where(tmp_c_rx_pkt_num_list > 0, np.round(tmp_c_rssi_sum_list/tmp_c_rx_pkt_num_list, 1), 0.0)
/home/arimoto/opt/scensim_env/scenargie_simulator/2.2/scenarios_linux/srm_interference/commandline/./script/interference_2pan_plot_results.py:893: RuntimeWarning: invalid value encountered in divide
  tmp_c_rssi_ave_list = np.where(tmp_c_rx_pkt_num_list > 0, np.round(tmp_c_rssi_sum_list/tmp_c_rx_pkt_num_list, 1), 0.0)
/home/arimoto/opt/scensim_env/scenargie_simulator/2.2/scenarios_linux/srm_interference/commandline/./script/interference_2pan_plot_results.py:893: RuntimeWarning: invalid value encountered in divide
  tmp_c_rssi_ave_list = np.where(tmp_c_rx_pkt_num_list > 0, np.round(tmp_c_rssi_sum_list/tmp_c_rx_pkt_num_list, 1), 0.0)
/home/arimoto/opt/scensim_env/scenargie_simulator/2.2/scenarios_linux/srm_interference/commandline/./script/interference_2pan_plot_results.py:893: RuntimeWarning: invalid value encountered in divide
  tmp_c_rssi_ave_list = np.where(tmp_c_rx_pkt_num_list > 0, np.round(tmp_c_rssi_sum_list/tmp_c_rx_pkt_num_list, 1), 0.0)
/home/arimoto/opt/scensim_env/scenargie_simulator/2.2/scenarios_linux/srm_interference/commandline/./script/interference_2pan_plot_results.py:893: RuntimeWarning: invalid value encountered in divide
  tmp_c_rssi_ave_list = np.where(tmp_c_rx_pkt_num_list > 0, np.round(tmp_c_rssi_sum_list/tmp_c_rx_pkt_num_list, 1), 0.0)
/home/arimoto/opt/scensim_env/scenargie_simulator/2.2/scenarios_linux/srm_interference/commandline/./script/interference_2pan_plot_results.py:893: RuntimeWarning: invalid value encountered in divide
  tmp_c_rssi_ave_list = np.where(tmp_c_rx_pkt_num_list > 0, np.round(tmp_c_rssi_sum_list/tmp_c_rx_pkt_num_list, 1), 0.0)
/home/arimoto/opt/scensim_env/scenargie_simulator/2.2/scenarios_linux/srm_interference/commandline/./script/interference_2pan_plot_results.py:893: RuntimeWarning: invalid value encountered in divide
  tmp_c_rssi_ave_list = np.where(tmp_c_rx_pkt_num_list > 0, np.round(tmp_c_rssi_sum_list/tmp_c_rx_pkt_num_list, 1), 0.0)
/home/arimoto/opt/scensim_env/scenargie_simulator/2.2/scenarios_linux/srm_interference/commandline/./script/interference_2pan_plot_results.py:893: RuntimeWarning: invalid value encountered in divide
  tmp_c_rssi_ave_list = np.where(tmp_c_rx_pkt_num_list > 0, np.round(tmp_c_rssi_sum_list/tmp_c_rx_pkt_num_list, 1), 0.0)
/home/arimoto/opt/scensim_env/scenargie_simulator/2.2/scenarios_linux/srm_interference/commandline/./script/interference_2pan_plot_results.py:893: RuntimeWarning: invalid value encountered in divide
  tmp_c_rssi_ave_list = np.where(tmp_c_rx_pkt_num_list > 0, np.round(tmp_c_rssi_sum_list/tmp_c_rx_pkt_num_list, 1), 0.0)
/home/arimoto/opt/scensim_env/scenargie_simulator/2.2/scenarios_linux/srm_interference/commandline/./script/interference_2pan_plot_results.py:893: RuntimeWarning: invalid value encountered in divide
  tmp_c_rssi_ave_list = np.where(tmp_c_rx_pkt_num_list > 0, np.round(tmp_c_rssi_sum_list/tmp_c_rx_pkt_num_list, 1), 0.0)
/home/arimoto/opt/scensim_env/scenargie_simulator/2.2/scenarios_linux/srm_interference/commandline/./script/interference_2pan_plot_results.py:893: RuntimeWarning: invalid value encountered in divide
  tmp_c_rssi_ave_list = np.where(tmp_c_rx_pkt_num_list > 0, np.round(tmp_c_rssi_sum_list/tmp_c_rx_pkt_num_list, 1), 0.0)
/home/arimoto/opt/scensim_env/scenargie_simulator/2.2/scenarios_linux/srm_interference/commandline/./script/interference_2pan_plot_results.py:893: RuntimeWarning: invalid value encountered in divide
  tmp_c_rssi_ave_list = np.where(tmp_c_rx_pkt_num_list > 0, np.round(tmp_c_rssi_sum_list/tmp_c_rx_pkt_num_list, 1), 0.0)
/home/arimoto/opt/scensim_env/scenargie_simulator/2.2/scenarios_linux/srm_interference/commandline/./script/interference_2pan_plot_results.py:893: RuntimeWarning: invalid value encountered in divide
  tmp_c_rssi_ave_list = np.where(tmp_c_rx_pkt_num_list > 0, np.round(tmp_c_rssi_sum_list/tmp_c_rx_pkt_num_list, 1), 0.0)
/home/arimoto/opt/scensim_env/scenargie_simulator/2.2/scenarios_linux/srm_interference/commandline/./script/interference_2pan_plot_results.py:893: RuntimeWarning: invalid value encountered in divide
  tmp_c_rssi_ave_list = np.where(tmp_c_rx_pkt_num_list > 0, np.round(tmp_c_rssi_sum_list/tmp_c_rx_pkt_num_list, 1), 0.0)
/home/arimoto/opt/scensim_env/scenargie_simulator/2.2/scenarios_linux/srm_interference/commandline/./script/interference_2pan_plot_results.py:893: RuntimeWarning: invalid value encountered in divide
  tmp_c_rssi_ave_list = np.where(tmp_c_rx_pkt_num_list > 0, np.round(tmp_c_rssi_sum_list/tmp_c_rx_pkt_num_list, 1), 0.0)
/home/arimoto/opt/scensim_env/scenargie_simulator/2.2/scenarios_linux/srm_interference/commandline/./script/interference_2pan_plot_results.py:893: RuntimeWarning: invalid value encountered in divide
  tmp_c_rssi_ave_list = np.where(tmp_c_rx_pkt_num_list > 0, np.round(tmp_c_rssi_sum_list/tmp_c_rx_pkt_num_list, 1), 0.0)
/home/arimoto/opt/scensim_env/scenargie_simulator/2.2/scenarios_linux/srm_interference/commandline/./script/interference_2pan_plot_results.py:893: RuntimeWarning: invalid value encountered in divide
  tmp_c_rssi_ave_list = np.where(tmp_c_rx_pkt_num_list > 0, np.round(tmp_c_rssi_sum_list/tmp_c_rx_pkt_num_list, 1), 0.0)
/home/arimoto/opt/scensim_env/scenargie_simulator/2.2/scenarios_linux/srm_interference/commandline/./script/interference_2pan_plot_results.py:893: RuntimeWarning: invalid value encountered in divide
  tmp_c_rssi_ave_list = np.where(tmp_c_rx_pkt_num_list > 0, np.round(tmp_c_rssi_sum_list/tmp_c_rx_pkt_num_list, 1), 0.0)
/home/arimoto/opt/scensim_env/scenargie_simulator/2.2/scenarios_linux/srm_interference/commandline/./script/interference_2pan_plot_results.py:893: RuntimeWarning: invalid value encountered in divide
  tmp_c_rssi_ave_list = np.where(tmp_c_rx_pkt_num_list > 0, np.round(tmp_c_rssi_sum_list/tmp_c_rx_pkt_num_list, 1), 0.0)
/home/arimoto/opt/scensim_env/scenargie_simulator/2.2/scenarios_linux/srm_interference/commandline/./script/interference_2pan_plot_results.py:893: RuntimeWarning: invalid value encountered in divide
  tmp_c_rssi_ave_list = np.where(tmp_c_rx_pkt_num_list > 0, np.round(tmp_c_rssi_sum_list/tmp_c_rx_pkt_num_list, 1), 0.0)
/home/arimoto/opt/scensim_env/scenargie_simulator/2.2/scenarios_linux/srm_interference/commandline/./script/interference_2pan_plot_results.py:893: RuntimeWarning: invalid value encountered in divide
  tmp_c_rssi_ave_list = np.where(tmp_c_rx_pkt_num_list > 0, np.round(tmp_c_rssi_sum_list/tmp_c_rx_pkt_num_list, 1), 0.0)
/home/arimoto/opt/scensim_env/scenargie_simulator/2.2/scenarios_linux/srm_interference/commandline/./script/interference_2pan_plot_results.py:893: RuntimeWarning: invalid value encountered in divide
  tmp_c_rssi_ave_list = np.where(tmp_c_rx_pkt_num_list > 0, np.round(tmp_c_rssi_sum_list/tmp_c_rx_pkt_num_list, 1), 0.0)
/home/arimoto/opt/scensim_env/scenargie_simulator/2.2/scenarios_linux/srm_interference/commandline/./script/interference_2pan_plot_results.py:893: RuntimeWarning: invalid value encountered in divide
  tmp_c_rssi_ave_list = np.where(tmp_c_rx_pkt_num_list > 0, np.round(tmp_c_rssi_sum_list/tmp_c_rx_pkt_num_list, 1), 0.0)
/home/arimoto/opt/scensim_env/scenargie_simulator/2.2/scenarios_linux/srm_interference/commandline/./script/interference_2pan_plot_results.py:893: RuntimeWarning: invalid value encountered in divide
  tmp_c_rssi_ave_list = np.where(tmp_c_rx_pkt_num_list > 0, np.round(tmp_c_rssi_sum_list/tmp_c_rx_pkt_num_list, 1), 0.0)
/home/arimoto/opt/scensim_env/scenargie_simulator/2.2/scenarios_linux/srm_interference/commandline/./script/interference_2pan_plot_results.py:893: RuntimeWarning: invalid value encountered in divide
  tmp_c_rssi_ave_list = np.where(tmp_c_rx_pkt_num_list > 0, np.round(tmp_c_rssi_sum_list/tmp_c_rx_pkt_num_list, 1), 0.0)
/home/arimoto/opt/scensim_env/scenargie_simulator/2.2/scenarios_linux/srm_interference/commandline/./script/interference_2pan_plot_results.py:893: RuntimeWarning: invalid value encountered in divide
  tmp_c_rssi_ave_list = np.where(tmp_c_rx_pkt_num_list > 0, np.round(tmp_c_rssi_sum_list/tmp_c_rx_pkt_num_list, 1), 0.0)
/home/arimoto/opt/scensim_env/scenargie_simulator/2.2/scenarios_linux/srm_interference/commandline/./script/interference_2pan_plot_results.py:893: RuntimeWarning: invalid value encountered in divide
  tmp_c_rssi_ave_list = np.where(tmp_c_rx_pkt_num_list > 0, np.round(tmp_c_rssi_sum_list/tmp_c_rx_pkt_num_list, 1), 0.0)
start off_load_pan1/pan2: 0.6 / 1.0
Found 100 stat files to process.
Found 100 trace files to process.
Found 100 pos files to process.
/home/arimoto/opt/scensim_env/scenargie_simulator/2.2/scenarios_linux/srm_interference/commandline/./script/interference_2pan_plot_results.py:893: RuntimeWarning: invalid value encountered in divide
  tmp_c_rssi_ave_list = np.where(tmp_c_rx_pkt_num_list > 0, np.round(tmp_c_rssi_sum_list/tmp_c_rx_pkt_num_list, 1), 0.0)
/home/arimoto/opt/scensim_env/scenargie_simulator/2.2/scenarios_linux/srm_interference/commandline/./script/interference_2pan_plot_results.py:893: RuntimeWarning: invalid value encountered in divide
  tmp_c_rssi_ave_list = np.where(tmp_c_rx_pkt_num_list > 0, np.round(tmp_c_rssi_sum_list/tmp_c_rx_pkt_num_list, 1), 0.0)
/home/arimoto/opt/scensim_env/scenargie_simulator/2.2/scenarios_linux/srm_interference/commandline/./script/interference_2pan_plot_results.py:893: RuntimeWarning: invalid value encountered in divide
  tmp_c_rssi_ave_list = np.where(tmp_c_rx_pkt_num_list > 0, np.round(tmp_c_rssi_sum_list/tmp_c_rx_pkt_num_list, 1), 0.0)
/home/arimoto/opt/scensim_env/scenargie_simulator/2.2/scenarios_linux/srm_interference/commandline/./script/interference_2pan_plot_results.py:893: RuntimeWarning: invalid value encountered in divide
  tmp_c_rssi_ave_list = np.where(tmp_c_rx_pkt_num_list > 0, np.round(tmp_c_rssi_sum_list/tmp_c_rx_pkt_num_list, 1), 0.0)
/home/arimoto/opt/scensim_env/scenargie_simulator/2.2/scenarios_linux/srm_interference/commandline/./script/interference_2pan_plot_results.py:893: RuntimeWarning: invalid value encountered in divide
  tmp_c_rssi_ave_list = np.where(tmp_c_rx_pkt_num_list > 0, np.round(tmp_c_rssi_sum_list/tmp_c_rx_pkt_num_list, 1), 0.0)
/home/arimoto/opt/scensim_env/scenargie_simulator/2.2/scenarios_linux/srm_interference/commandline/./script/interference_2pan_plot_results.py:893: RuntimeWarning: invalid value encountered in divide
  tmp_c_rssi_ave_list = np.where(tmp_c_rx_pkt_num_list > 0, np.round(tmp_c_rssi_sum_list/tmp_c_rx_pkt_num_list, 1), 0.0)
/home/arimoto/opt/scensim_env/scenargie_simulator/2.2/scenarios_linux/srm_interference/commandline/./script/interference_2pan_plot_results.py:893: RuntimeWarning: invalid value encountered in divide
  tmp_c_rssi_ave_list = np.where(tmp_c_rx_pkt_num_list > 0, np.round(tmp_c_rssi_sum_list/tmp_c_rx_pkt_num_list, 1), 0.0)
/home/arimoto/opt/scensim_env/scenargie_simulator/2.2/scenarios_linux/srm_interference/commandline/./script/interference_2pan_plot_results.py:893: RuntimeWarning: invalid value encountered in divide
  tmp_c_rssi_ave_list = np.where(tmp_c_rx_pkt_num_list > 0, np.round(tmp_c_rssi_sum_list/tmp_c_rx_pkt_num_list, 1), 0.0)
/home/arimoto/opt/scensim_env/scenargie_simulator/2.2/scenarios_linux/srm_interference/commandline/./script/interference_2pan_plot_results.py:893: RuntimeWarning: invalid value encountered in divide
  tmp_c_rssi_ave_list = np.where(tmp_c_rx_pkt_num_list > 0, np.round(tmp_c_rssi_sum_list/tmp_c_rx_pkt_num_list, 1), 0.0)
/home/arimoto/opt/scensim_env/scenargie_simulator/2.2/scenarios_linux/srm_interference/commandline/./script/interference_2pan_plot_results.py:893: RuntimeWarning: invalid value encountered in divide
  tmp_c_rssi_ave_list = np.where(tmp_c_rx_pkt_num_list > 0, np.round(tmp_c_rssi_sum_list/tmp_c_rx_pkt_num_list, 1), 0.0)
/home/arimoto/opt/scensim_env/scenargie_simulator/2.2/scenarios_linux/srm_interference/commandline/./script/interference_2pan_plot_results.py:893: RuntimeWarning: invalid value encountered in divide
  tmp_c_rssi_ave_list = np.where(tmp_c_rx_pkt_num_list > 0, np.round(tmp_c_rssi_sum_list/tmp_c_rx_pkt_num_list, 1), 0.0)
/home/arimoto/opt/scensim_env/scenargie_simulator/2.2/scenarios_linux/srm_interference/commandline/./script/interference_2pan_plot_results.py:893: RuntimeWarning: invalid value encountered in divide
  tmp_c_rssi_ave_list = np.where(tmp_c_rx_pkt_num_list > 0, np.round(tmp_c_rssi_sum_list/tmp_c_rx_pkt_num_list, 1), 0.0)
/home/arimoto/opt/scensim_env/scenargie_simulator/2.2/scenarios_linux/srm_interference/commandline/./script/interference_2pan_plot_results.py:893: RuntimeWarning: invalid value encountered in divide
  tmp_c_rssi_ave_list = np.where(tmp_c_rx_pkt_num_list > 0, np.round(tmp_c_rssi_sum_list/tmp_c_rx_pkt_num_list, 1), 0.0)
/home/arimoto/opt/scensim_env/scenargie_simulator/2.2/scenarios_linux/srm_interference/commandline/./script/interference_2pan_plot_results.py:893: RuntimeWarning: invalid value encountered in divide
  tmp_c_rssi_ave_list = np.where(tmp_c_rx_pkt_num_list > 0, np.round(tmp_c_rssi_sum_list/tmp_c_rx_pkt_num_list, 1), 0.0)
/home/arimoto/opt/scensim_env/scenargie_simulator/2.2/scenarios_linux/srm_interference/commandline/./script/interference_2pan_plot_results.py:893: RuntimeWarning: invalid value encountered in divide
  tmp_c_rssi_ave_list = np.where(tmp_c_rx_pkt_num_list > 0, np.round(tmp_c_rssi_sum_list/tmp_c_rx_pkt_num_list, 1), 0.0)
/home/arimoto/opt/scensim_env/scenargie_simulator/2.2/scenarios_linux/srm_interference/commandline/./script/interference_2pan_plot_results.py:893: RuntimeWarning: invalid value encountered in divide
  tmp_c_rssi_ave_list = np.where(tmp_c_rx_pkt_num_list > 0, np.round(tmp_c_rssi_sum_list/tmp_c_rx_pkt_num_list, 1), 0.0)
/home/arimoto/opt/scensim_env/scenargie_simulator/2.2/scenarios_linux/srm_interference/commandline/./script/interference_2pan_plot_results.py:893: RuntimeWarning: invalid value encountered in divide
  tmp_c_rssi_ave_list = np.where(tmp_c_rx_pkt_num_list > 0, np.round(tmp_c_rssi_sum_list/tmp_c_rx_pkt_num_list, 1), 0.0)
/home/arimoto/opt/scensim_env/scenargie_simulator/2.2/scenarios_linux/srm_interference/commandline/./script/interference_2pan_plot_results.py:893: RuntimeWarning: invalid value encountered in divide
  tmp_c_rssi_ave_list = np.where(tmp_c_rx_pkt_num_list > 0, np.round(tmp_c_rssi_sum_list/tmp_c_rx_pkt_num_list, 1), 0.0)
/home/arimoto/opt/scensim_env/scenargie_simulator/2.2/scenarios_linux/srm_interference/commandline/./script/interference_2pan_plot_results.py:893: RuntimeWarning: invalid value encountered in divide
  tmp_c_rssi_ave_list = np.where(tmp_c_rx_pkt_num_list > 0, np.round(tmp_c_rssi_sum_list/tmp_c_rx_pkt_num_list, 1), 0.0)
/home/arimoto/opt/scensim_env/scenargie_simulator/2.2/scenarios_linux/srm_interference/commandline/./script/interference_2pan_plot_results.py:893: RuntimeWarning: invalid value encountered in divide
  tmp_c_rssi_ave_list = np.where(tmp_c_rx_pkt_num_list > 0, np.round(tmp_c_rssi_sum_list/tmp_c_rx_pkt_num_list, 1), 0.0)
/home/arimoto/opt/scensim_env/scenargie_simulator/2.2/scenarios_linux/srm_interference/commandline/./script/interference_2pan_plot_results.py:893: RuntimeWarning: invalid value encountered in divide
  tmp_c_rssi_ave_list = np.where(tmp_c_rx_pkt_num_list > 0, np.round(tmp_c_rssi_sum_list/tmp_c_rx_pkt_num_list, 1), 0.0)
/home/arimoto/opt/scensim_env/scenargie_simulator/2.2/scenarios_linux/srm_interference/commandline/./script/interference_2pan_plot_results.py:893: RuntimeWarning: invalid value encountered in divide
  tmp_c_rssi_ave_list = np.where(tmp_c_rx_pkt_num_list > 0, np.round(tmp_c_rssi_sum_list/tmp_c_rx_pkt_num_list, 1), 0.0)
/home/arimoto/opt/scensim_env/scenargie_simulator/2.2/scenarios_linux/srm_interference/commandline/./script/interference_2pan_plot_results.py:893: RuntimeWarning: invalid value encountered in divide
  tmp_c_rssi_ave_list = np.where(tmp_c_rx_pkt_num_list > 0, np.round(tmp_c_rssi_sum_list/tmp_c_rx_pkt_num_list, 1), 0.0)
/home/arimoto/opt/scensim_env/scenargie_simulator/2.2/scenarios_linux/srm_interference/commandline/./script/interference_2pan_plot_results.py:893: RuntimeWarning: invalid value encountered in divide
  tmp_c_rssi_ave_list = np.where(tmp_c_rx_pkt_num_list > 0, np.round(tmp_c_rssi_sum_list/tmp_c_rx_pkt_num_list, 1), 0.0)
/home/arimoto/opt/scensim_env/scenargie_simulator/2.2/scenarios_linux/srm_interference/commandline/./script/interference_2pan_plot_results.py:893: RuntimeWarning: invalid value encountered in divide
  tmp_c_rssi_ave_list = np.where(tmp_c_rx_pkt_num_list > 0, np.round(tmp_c_rssi_sum_list/tmp_c_rx_pkt_num_list, 1), 0.0)
/home/arimoto/opt/scensim_env/scenargie_simulator/2.2/scenarios_linux/srm_interference/commandline/./script/interference_2pan_plot_results.py:893: RuntimeWarning: invalid value encountered in divide
  tmp_c_rssi_ave_list = np.where(tmp_c_rx_pkt_num_list > 0, np.round(tmp_c_rssi_sum_list/tmp_c_rx_pkt_num_list, 1), 0.0)
start off_load_pan1/pan2: 0.7 / 1.0
Found 100 stat files to process.
Found 100 trace files to process.
Found 100 pos files to process.
/home/arimoto/opt/scensim_env/scenargie_simulator/2.2/scenarios_linux/srm_interference/commandline/./script/interference_2pan_plot_results.py:893: RuntimeWarning: invalid value encountered in divide
  tmp_c_rssi_ave_list = np.where(tmp_c_rx_pkt_num_list > 0, np.round(tmp_c_rssi_sum_list/tmp_c_rx_pkt_num_list, 1), 0.0)
/home/arimoto/opt/scensim_env/scenargie_simulator/2.2/scenarios_linux/srm_interference/commandline/./script/interference_2pan_plot_results.py:893: RuntimeWarning: invalid value encountered in divide
  tmp_c_rssi_ave_list = np.where(tmp_c_rx_pkt_num_list > 0, np.round(tmp_c_rssi_sum_list/tmp_c_rx_pkt_num_list, 1), 0.0)
/home/arimoto/opt/scensim_env/scenargie_simulator/2.2/scenarios_linux/srm_interference/commandline/./script/interference_2pan_plot_results.py:893: RuntimeWarning: invalid value encountered in divide
  tmp_c_rssi_ave_list = np.where(tmp_c_rx_pkt_num_list > 0, np.round(tmp_c_rssi_sum_list/tmp_c_rx_pkt_num_list, 1), 0.0)
/home/arimoto/opt/scensim_env/scenargie_simulator/2.2/scenarios_linux/srm_interference/commandline/./script/interference_2pan_plot_results.py:893: RuntimeWarning: invalid value encountered in divide
  tmp_c_rssi_ave_list = np.where(tmp_c_rx_pkt_num_list > 0, np.round(tmp_c_rssi_sum_list/tmp_c_rx_pkt_num_list, 1), 0.0)
/home/arimoto/opt/scensim_env/scenargie_simulator/2.2/scenarios_linux/srm_interference/commandline/./script/interference_2pan_plot_results.py:893: RuntimeWarning: invalid value encountered in divide
  tmp_c_rssi_ave_list = np.where(tmp_c_rx_pkt_num_list > 0, np.round(tmp_c_rssi_sum_list/tmp_c_rx_pkt_num_list, 1), 0.0)
/home/arimoto/opt/scensim_env/scenargie_simulator/2.2/scenarios_linux/srm_interference/commandline/./script/interference_2pan_plot_results.py:893: RuntimeWarning: invalid value encountered in divide
  tmp_c_rssi_ave_list = np.where(tmp_c_rx_pkt_num_list > 0, np.round(tmp_c_rssi_sum_list/tmp_c_rx_pkt_num_list, 1), 0.0)
/home/arimoto/opt/scensim_env/scenargie_simulator/2.2/scenarios_linux/srm_interference/commandline/./script/interference_2pan_plot_results.py:893: RuntimeWarning: invalid value encountered in divide
  tmp_c_rssi_ave_list = np.where(tmp_c_rx_pkt_num_list > 0, np.round(tmp_c_rssi_sum_list/tmp_c_rx_pkt_num_list, 1), 0.0)
/home/arimoto/opt/scensim_env/scenargie_simulator/2.2/scenarios_linux/srm_interference/commandline/./script/interference_2pan_plot_results.py:893: RuntimeWarning: invalid value encountered in divide
  tmp_c_rssi_ave_list = np.where(tmp_c_rx_pkt_num_list > 0, np.round(tmp_c_rssi_sum_list/tmp_c_rx_pkt_num_list, 1), 0.0)
/home/arimoto/opt/scensim_env/scenargie_simulator/2.2/scenarios_linux/srm_interference/commandline/./script/interference_2pan_plot_results.py:893: RuntimeWarning: invalid value encountered in divide
  tmp_c_rssi_ave_list = np.where(tmp_c_rx_pkt_num_list > 0, np.round(tmp_c_rssi_sum_list/tmp_c_rx_pkt_num_list, 1), 0.0)
/home/arimoto/opt/scensim_env/scenargie_simulator/2.2/scenarios_linux/srm_interference/commandline/./script/interference_2pan_plot_results.py:893: RuntimeWarning: invalid value encountered in divide
  tmp_c_rssi_ave_list = np.where(tmp_c_rx_pkt_num_list > 0, np.round(tmp_c_rssi_sum_list/tmp_c_rx_pkt_num_list, 1), 0.0)
/home/arimoto/opt/scensim_env/scenargie_simulator/2.2/scenarios_linux/srm_interference/commandline/./script/interference_2pan_plot_results.py:893: RuntimeWarning: invalid value encountered in divide
  tmp_c_rssi_ave_list = np.where(tmp_c_rx_pkt_num_list > 0, np.round(tmp_c_rssi_sum_list/tmp_c_rx_pkt_num_list, 1), 0.0)
/home/arimoto/opt/scensim_env/scenargie_simulator/2.2/scenarios_linux/srm_interference/commandline/./script/interference_2pan_plot_results.py:893: RuntimeWarning: invalid value encountered in divide
  tmp_c_rssi_ave_list = np.where(tmp_c_rx_pkt_num_list > 0, np.round(tmp_c_rssi_sum_list/tmp_c_rx_pkt_num_list, 1), 0.0)
/home/arimoto/opt/scensim_env/scenargie_simulator/2.2/scenarios_linux/srm_interference/commandline/./script/interference_2pan_plot_results.py:893: RuntimeWarning: invalid value encountered in divide
  tmp_c_rssi_ave_list = np.where(tmp_c_rx_pkt_num_list > 0, np.round(tmp_c_rssi_sum_list/tmp_c_rx_pkt_num_list, 1), 0.0)
/home/arimoto/opt/scensim_env/scenargie_simulator/2.2/scenarios_linux/srm_interference/commandline/./script/interference_2pan_plot_results.py:893: RuntimeWarning: invalid value encountered in divide
  tmp_c_rssi_ave_list = np.where(tmp_c_rx_pkt_num_list > 0, np.round(tmp_c_rssi_sum_list/tmp_c_rx_pkt_num_list, 1), 0.0)
/home/arimoto/opt/scensim_env/scenargie_simulator/2.2/scenarios_linux/srm_interference/commandline/./script/interference_2pan_plot_results.py:893: RuntimeWarning: invalid value encountered in divide
  tmp_c_rssi_ave_list = np.where(tmp_c_rx_pkt_num_list > 0, np.round(tmp_c_rssi_sum_list/tmp_c_rx_pkt_num_list, 1), 0.0)
/home/arimoto/opt/scensim_env/scenargie_simulator/2.2/scenarios_linux/srm_interference/commandline/./script/interference_2pan_plot_results.py:893: RuntimeWarning: invalid value encountered in divide
  tmp_c_rssi_ave_list = np.where(tmp_c_rx_pkt_num_list > 0, np.round(tmp_c_rssi_sum_list/tmp_c_rx_pkt_num_list, 1), 0.0)
/home/arimoto/opt/scensim_env/scenargie_simulator/2.2/scenarios_linux/srm_interference/commandline/./script/interference_2pan_plot_results.py:893: RuntimeWarning: invalid value encountered in divide
  tmp_c_rssi_ave_list = np.where(tmp_c_rx_pkt_num_list > 0, np.round(tmp_c_rssi_sum_list/tmp_c_rx_pkt_num_list, 1), 0.0)
/home/arimoto/opt/scensim_env/scenargie_simulator/2.2/scenarios_linux/srm_interference/commandline/./script/interference_2pan_plot_results.py:893: RuntimeWarning: invalid value encountered in divide
  tmp_c_rssi_ave_list = np.where(tmp_c_rx_pkt_num_list > 0, np.round(tmp_c_rssi_sum_list/tmp_c_rx_pkt_num_list, 1), 0.0)
/home/arimoto/opt/scensim_env/scenargie_simulator/2.2/scenarios_linux/srm_interference/commandline/./script/interference_2pan_plot_results.py:893: RuntimeWarning: invalid value encountered in divide
  tmp_c_rssi_ave_list = np.where(tmp_c_rx_pkt_num_list > 0, np.round(tmp_c_rssi_sum_list/tmp_c_rx_pkt_num_list, 1), 0.0)
/home/arimoto/opt/scensim_env/scenargie_simulator/2.2/scenarios_linux/srm_interference/commandline/./script/interference_2pan_plot_results.py:893: RuntimeWarning: invalid value encountered in divide
  tmp_c_rssi_ave_list = np.where(tmp_c_rx_pkt_num_list > 0, np.round(tmp_c_rssi_sum_list/tmp_c_rx_pkt_num_list, 1), 0.0)
/home/arimoto/opt/scensim_env/scenargie_simulator/2.2/scenarios_linux/srm_interference/commandline/./script/interference_2pan_plot_results.py:893: RuntimeWarning: invalid value encountered in divide
  tmp_c_rssi_ave_list = np.where(tmp_c_rx_pkt_num_list > 0, np.round(tmp_c_rssi_sum_list/tmp_c_rx_pkt_num_list, 1), 0.0)
/home/arimoto/opt/scensim_env/scenargie_simulator/2.2/scenarios_linux/srm_interference/commandline/./script/interference_2pan_plot_results.py:893: RuntimeWarning: invalid value encountered in divide
  tmp_c_rssi_ave_list = np.where(tmp_c_rx_pkt_num_list > 0, np.round(tmp_c_rssi_sum_list/tmp_c_rx_pkt_num_list, 1), 0.0)
/home/arimoto/opt/scensim_env/scenargie_simulator/2.2/scenarios_linux/srm_interference/commandline/./script/interference_2pan_plot_results.py:893: RuntimeWarning: invalid value encountered in divide
  tmp_c_rssi_ave_list = np.where(tmp_c_rx_pkt_num_list > 0, np.round(tmp_c_rssi_sum_list/tmp_c_rx_pkt_num_list, 1), 0.0)
/home/arimoto/opt/scensim_env/scenargie_simulator/2.2/scenarios_linux/srm_interference/commandline/./script/interference_2pan_plot_results.py:893: RuntimeWarning: invalid value encountered in divide
  tmp_c_rssi_ave_list = np.where(tmp_c_rx_pkt_num_list > 0, np.round(tmp_c_rssi_sum_list/tmp_c_rx_pkt_num_list, 1), 0.0)
/home/arimoto/opt/scensim_env/scenargie_simulator/2.2/scenarios_linux/srm_interference/commandline/./script/interference_2pan_plot_results.py:893: RuntimeWarning: invalid value encountered in divide
  tmp_c_rssi_ave_list = np.where(tmp_c_rx_pkt_num_list > 0, np.round(tmp_c_rssi_sum_list/tmp_c_rx_pkt_num_list, 1), 0.0)
/home/arimoto/opt/scensim_env/scenargie_simulator/2.2/scenarios_linux/srm_interference/commandline/./script/interference_2pan_plot_results.py:893: RuntimeWarning: invalid value encountered in divide
  tmp_c_rssi_ave_list = np.where(tmp_c_rx_pkt_num_list > 0, np.round(tmp_c_rssi_sum_list/tmp_c_rx_pkt_num_list, 1), 0.0)
/home/arimoto/opt/scensim_env/scenargie_simulator/2.2/scenarios_linux/srm_interference/commandline/./script/interference_2pan_plot_results.py:893: RuntimeWarning: invalid value encountered in divide
  tmp_c_rssi_ave_list = np.where(tmp_c_rx_pkt_num_list > 0, np.round(tmp_c_rssi_sum_list/tmp_c_rx_pkt_num_list, 1), 0.0)
/home/arimoto/opt/scensim_env/scenargie_simulator/2.2/scenarios_linux/srm_interference/commandline/./script/interference_2pan_plot_results.py:893: RuntimeWarning: invalid value encountered in divide
  tmp_c_rssi_ave_list = np.where(tmp_c_rx_pkt_num_list > 0, np.round(tmp_c_rssi_sum_list/tmp_c_rx_pkt_num_list, 1), 0.0)
/home/arimoto/opt/scensim_env/scenargie_simulator/2.2/scenarios_linux/srm_interference/commandline/./script/interference_2pan_plot_results.py:893: RuntimeWarning: invalid value encountered in divide
  tmp_c_rssi_ave_list = np.where(tmp_c_rx_pkt_num_list > 0, np.round(tmp_c_rssi_sum_list/tmp_c_rx_pkt_num_list, 1), 0.0)
/home/arimoto/opt/scensim_env/scenargie_simulator/2.2/scenarios_linux/srm_interference/commandline/./script/interference_2pan_plot_results.py:893: RuntimeWarning: invalid value encountered in divide
  tmp_c_rssi_ave_list = np.where(tmp_c_rx_pkt_num_list > 0, np.round(tmp_c_rssi_sum_list/tmp_c_rx_pkt_num_list, 1), 0.0)
start off_load_pan1/pan2: 0.8 / 1.0
Found 100 stat files to process.
Found 100 trace files to process.
Found 100 pos files to process.
/home/arimoto/opt/scensim_env/scenargie_simulator/2.2/scenarios_linux/srm_interference/commandline/./script/interference_2pan_plot_results.py:893: RuntimeWarning: invalid value encountered in divide
  tmp_c_rssi_ave_list = np.where(tmp_c_rx_pkt_num_list > 0, np.round(tmp_c_rssi_sum_list/tmp_c_rx_pkt_num_list, 1), 0.0)
/home/arimoto/opt/scensim_env/scenargie_simulator/2.2/scenarios_linux/srm_interference/commandline/./script/interference_2pan_plot_results.py:893: RuntimeWarning: invalid value encountered in divide
  tmp_c_rssi_ave_list = np.where(tmp_c_rx_pkt_num_list > 0, np.round(tmp_c_rssi_sum_list/tmp_c_rx_pkt_num_list, 1), 0.0)
/home/arimoto/opt/scensim_env/scenargie_simulator/2.2/scenarios_linux/srm_interference/commandline/./script/interference_2pan_plot_results.py:893: RuntimeWarning: invalid value encountered in divide
  tmp_c_rssi_ave_list = np.where(tmp_c_rx_pkt_num_list > 0, np.round(tmp_c_rssi_sum_list/tmp_c_rx_pkt_num_list, 1), 0.0)
/home/arimoto/opt/scensim_env/scenargie_simulator/2.2/scenarios_linux/srm_interference/commandline/./script/interference_2pan_plot_results.py:893: RuntimeWarning: invalid value encountered in divide
  tmp_c_rssi_ave_list = np.where(tmp_c_rx_pkt_num_list > 0, np.round(tmp_c_rssi_sum_list/tmp_c_rx_pkt_num_list, 1), 0.0)
/home/arimoto/opt/scensim_env/scenargie_simulator/2.2/scenarios_linux/srm_interference/commandline/./script/interference_2pan_plot_results.py:893: RuntimeWarning: invalid value encountered in divide
  tmp_c_rssi_ave_list = np.where(tmp_c_rx_pkt_num_list > 0, np.round(tmp_c_rssi_sum_list/tmp_c_rx_pkt_num_list, 1), 0.0)
/home/arimoto/opt/scensim_env/scenargie_simulator/2.2/scenarios_linux/srm_interference/commandline/./script/interference_2pan_plot_results.py:893: RuntimeWarning: invalid value encountered in divide
  tmp_c_rssi_ave_list = np.where(tmp_c_rx_pkt_num_list > 0, np.round(tmp_c_rssi_sum_list/tmp_c_rx_pkt_num_list, 1), 0.0)
/home/arimoto/opt/scensim_env/scenargie_simulator/2.2/scenarios_linux/srm_interference/commandline/./script/interference_2pan_plot_results.py:893: RuntimeWarning: invalid value encountered in divide
  tmp_c_rssi_ave_list = np.where(tmp_c_rx_pkt_num_list > 0, np.round(tmp_c_rssi_sum_list/tmp_c_rx_pkt_num_list, 1), 0.0)
/home/arimoto/opt/scensim_env/scenargie_simulator/2.2/scenarios_linux/srm_interference/commandline/./script/interference_2pan_plot_results.py:893: RuntimeWarning: invalid value encountered in divide
  tmp_c_rssi_ave_list = np.where(tmp_c_rx_pkt_num_list > 0, np.round(tmp_c_rssi_sum_list/tmp_c_rx_pkt_num_list, 1), 0.0)
/home/arimoto/opt/scensim_env/scenargie_simulator/2.2/scenarios_linux/srm_interference/commandline/./script/interference_2pan_plot_results.py:893: RuntimeWarning: invalid value encountered in divide
  tmp_c_rssi_ave_list = np.where(tmp_c_rx_pkt_num_list > 0, np.round(tmp_c_rssi_sum_list/tmp_c_rx_pkt_num_list, 1), 0.0)
/home/arimoto/opt/scensim_env/scenargie_simulator/2.2/scenarios_linux/srm_interference/commandline/./script/interference_2pan_plot_results.py:893: RuntimeWarning: invalid value encountered in divide
  tmp_c_rssi_ave_list = np.where(tmp_c_rx_pkt_num_list > 0, np.round(tmp_c_rssi_sum_list/tmp_c_rx_pkt_num_list, 1), 0.0)
/home/arimoto/opt/scensim_env/scenargie_simulator/2.2/scenarios_linux/srm_interference/commandline/./script/interference_2pan_plot_results.py:893: RuntimeWarning: invalid value encountered in divide
  tmp_c_rssi_ave_list = np.where(tmp_c_rx_pkt_num_list > 0, np.round(tmp_c_rssi_sum_list/tmp_c_rx_pkt_num_list, 1), 0.0)
/home/arimoto/opt/scensim_env/scenargie_simulator/2.2/scenarios_linux/srm_interference/commandline/./script/interference_2pan_plot_results.py:893: RuntimeWarning: invalid value encountered in divide
  tmp_c_rssi_ave_list = np.where(tmp_c_rx_pkt_num_list > 0, np.round(tmp_c_rssi_sum_list/tmp_c_rx_pkt_num_list, 1), 0.0)
/home/arimoto/opt/scensim_env/scenargie_simulator/2.2/scenarios_linux/srm_interference/commandline/./script/interference_2pan_plot_results.py:893: RuntimeWarning: invalid value encountered in divide
  tmp_c_rssi_ave_list = np.where(tmp_c_rx_pkt_num_list > 0, np.round(tmp_c_rssi_sum_list/tmp_c_rx_pkt_num_list, 1), 0.0)
/home/arimoto/opt/scensim_env/scenargie_simulator/2.2/scenarios_linux/srm_interference/commandline/./script/interference_2pan_plot_results.py:893: RuntimeWarning: invalid value encountered in divide
  tmp_c_rssi_ave_list = np.where(tmp_c_rx_pkt_num_list > 0, np.round(tmp_c_rssi_sum_list/tmp_c_rx_pkt_num_list, 1), 0.0)
/home/arimoto/opt/scensim_env/scenargie_simulator/2.2/scenarios_linux/srm_interference/commandline/./script/interference_2pan_plot_results.py:893: RuntimeWarning: invalid value encountered in divide
  tmp_c_rssi_ave_list = np.where(tmp_c_rx_pkt_num_list > 0, np.round(tmp_c_rssi_sum_list/tmp_c_rx_pkt_num_list, 1), 0.0)
/home/arimoto/opt/scensim_env/scenargie_simulator/2.2/scenarios_linux/srm_interference/commandline/./script/interference_2pan_plot_results.py:893: RuntimeWarning: invalid value encountered in divide
  tmp_c_rssi_ave_list = np.where(tmp_c_rx_pkt_num_list > 0, np.round(tmp_c_rssi_sum_list/tmp_c_rx_pkt_num_list, 1), 0.0)
/home/arimoto/opt/scensim_env/scenargie_simulator/2.2/scenarios_linux/srm_interference/commandline/./script/interference_2pan_plot_results.py:893: RuntimeWarning: invalid value encountered in divide
  tmp_c_rssi_ave_list = np.where(tmp_c_rx_pkt_num_list > 0, np.round(tmp_c_rssi_sum_list/tmp_c_rx_pkt_num_list, 1), 0.0)
/home/arimoto/opt/scensim_env/scenargie_simulator/2.2/scenarios_linux/srm_interference/commandline/./script/interference_2pan_plot_results.py:893: RuntimeWarning: invalid value encountered in divide
  tmp_c_rssi_ave_list = np.where(tmp_c_rx_pkt_num_list > 0, np.round(tmp_c_rssi_sum_list/tmp_c_rx_pkt_num_list, 1), 0.0)
/home/arimoto/opt/scensim_env/scenargie_simulator/2.2/scenarios_linux/srm_interference/commandline/./script/interference_2pan_plot_results.py:893: RuntimeWarning: invalid value encountered in divide
  tmp_c_rssi_ave_list = np.where(tmp_c_rx_pkt_num_list > 0, np.round(tmp_c_rssi_sum_list/tmp_c_rx_pkt_num_list, 1), 0.0)
/home/arimoto/opt/scensim_env/scenargie_simulator/2.2/scenarios_linux/srm_interference/commandline/./script/interference_2pan_plot_results.py:893: RuntimeWarning: invalid value encountered in divide
  tmp_c_rssi_ave_list = np.where(tmp_c_rx_pkt_num_list > 0, np.round(tmp_c_rssi_sum_list/tmp_c_rx_pkt_num_list, 1), 0.0)
/home/arimoto/opt/scensim_env/scenargie_simulator/2.2/scenarios_linux/srm_interference/commandline/./script/interference_2pan_plot_results.py:893: RuntimeWarning: invalid value encountered in divide
  tmp_c_rssi_ave_list = np.where(tmp_c_rx_pkt_num_list > 0, np.round(tmp_c_rssi_sum_list/tmp_c_rx_pkt_num_list, 1), 0.0)
/home/arimoto/opt/scensim_env/scenargie_simulator/2.2/scenarios_linux/srm_interference/commandline/./script/interference_2pan_plot_results.py:893: RuntimeWarning: invalid value encountered in divide
  tmp_c_rssi_ave_list = np.where(tmp_c_rx_pkt_num_list > 0, np.round(tmp_c_rssi_sum_list/tmp_c_rx_pkt_num_list, 1), 0.0)
/home/arimoto/opt/scensim_env/scenargie_simulator/2.2/scenarios_linux/srm_interference/commandline/./script/interference_2pan_plot_results.py:893: RuntimeWarning: invalid value encountered in divide
  tmp_c_rssi_ave_list = np.where(tmp_c_rx_pkt_num_list > 0, np.round(tmp_c_rssi_sum_list/tmp_c_rx_pkt_num_list, 1), 0.0)
/home/arimoto/opt/scensim_env/scenargie_simulator/2.2/scenarios_linux/srm_interference/commandline/./script/interference_2pan_plot_results.py:893: RuntimeWarning: invalid value encountered in divide
  tmp_c_rssi_ave_list = np.where(tmp_c_rx_pkt_num_list > 0, np.round(tmp_c_rssi_sum_list/tmp_c_rx_pkt_num_list, 1), 0.0)
/home/arimoto/opt/scensim_env/scenargie_simulator/2.2/scenarios_linux/srm_interference/commandline/./script/interference_2pan_plot_results.py:893: RuntimeWarning: invalid value encountered in divide
  tmp_c_rssi_ave_list = np.where(tmp_c_rx_pkt_num_list > 0, np.round(tmp_c_rssi_sum_list/tmp_c_rx_pkt_num_list, 1), 0.0)
/home/arimoto/opt/scensim_env/scenargie_simulator/2.2/scenarios_linux/srm_interference/commandline/./script/interference_2pan_plot_results.py:893: RuntimeWarning: invalid value encountered in divide
  tmp_c_rssi_ave_list = np.where(tmp_c_rx_pkt_num_list > 0, np.round(tmp_c_rssi_sum_list/tmp_c_rx_pkt_num_list, 1), 0.0)
/home/arimoto/opt/scensim_env/scenargie_simulator/2.2/scenarios_linux/srm_interference/commandline/./script/interference_2pan_plot_results.py:893: RuntimeWarning: invalid value encountered in divide
  tmp_c_rssi_ave_list = np.where(tmp_c_rx_pkt_num_list > 0, np.round(tmp_c_rssi_sum_list/tmp_c_rx_pkt_num_list, 1), 0.0)
/home/arimoto/opt/scensim_env/scenargie_simulator/2.2/scenarios_linux/srm_interference/commandline/./script/interference_2pan_plot_results.py:893: RuntimeWarning: invalid value encountered in divide
  tmp_c_rssi_ave_list = np.where(tmp_c_rx_pkt_num_list > 0, np.round(tmp_c_rssi_sum_list/tmp_c_rx_pkt_num_list, 1), 0.0)
/home/arimoto/opt/scensim_env/scenargie_simulator/2.2/scenarios_linux/srm_interference/commandline/./script/interference_2pan_plot_results.py:893: RuntimeWarning: invalid value encountered in divide
  tmp_c_rssi_ave_list = np.where(tmp_c_rx_pkt_num_list > 0, np.round(tmp_c_rssi_sum_list/tmp_c_rx_pkt_num_list, 1), 0.0)
start off_load_pan1/pan2: 0.9 / 1.0
Found 100 stat files to process.
Found 100 trace files to process.
Found 100 pos files to process.
/home/arimoto/opt/scensim_env/scenargie_simulator/2.2/scenarios_linux/srm_interference/commandline/./script/interference_2pan_plot_results.py:893: RuntimeWarning: invalid value encountered in divide
  tmp_c_rssi_ave_list = np.where(tmp_c_rx_pkt_num_list > 0, np.round(tmp_c_rssi_sum_list/tmp_c_rx_pkt_num_list, 1), 0.0)
/home/arimoto/opt/scensim_env/scenargie_simulator/2.2/scenarios_linux/srm_interference/commandline/./script/interference_2pan_plot_results.py:893: RuntimeWarning: invalid value encountered in divide
  tmp_c_rssi_ave_list = np.where(tmp_c_rx_pkt_num_list > 0, np.round(tmp_c_rssi_sum_list/tmp_c_rx_pkt_num_list, 1), 0.0)
/home/arimoto/opt/scensim_env/scenargie_simulator/2.2/scenarios_linux/srm_interference/commandline/./script/interference_2pan_plot_results.py:893: RuntimeWarning: invalid value encountered in divide
  tmp_c_rssi_ave_list = np.where(tmp_c_rx_pkt_num_list > 0, np.round(tmp_c_rssi_sum_list/tmp_c_rx_pkt_num_list, 1), 0.0)
/home/arimoto/opt/scensim_env/scenargie_simulator/2.2/scenarios_linux/srm_interference/commandline/./script/interference_2pan_plot_results.py:893: RuntimeWarning: invalid value encountered in divide
  tmp_c_rssi_ave_list = np.where(tmp_c_rx_pkt_num_list > 0, np.round(tmp_c_rssi_sum_list/tmp_c_rx_pkt_num_list, 1), 0.0)
/home/arimoto/opt/scensim_env/scenargie_simulator/2.2/scenarios_linux/srm_interference/commandline/./script/interference_2pan_plot_results.py:893: RuntimeWarning: invalid value encountered in divide
  tmp_c_rssi_ave_list = np.where(tmp_c_rx_pkt_num_list > 0, np.round(tmp_c_rssi_sum_list/tmp_c_rx_pkt_num_list, 1), 0.0)
/home/arimoto/opt/scensim_env/scenargie_simulator/2.2/scenarios_linux/srm_interference/commandline/./script/interference_2pan_plot_results.py:893: RuntimeWarning: invalid value encountered in divide
  tmp_c_rssi_ave_list = np.where(tmp_c_rx_pkt_num_list > 0, np.round(tmp_c_rssi_sum_list/tmp_c_rx_pkt_num_list, 1), 0.0)
/home/arimoto/opt/scensim_env/scenargie_simulator/2.2/scenarios_linux/srm_interference/commandline/./script/interference_2pan_plot_results.py:893: RuntimeWarning: invalid value encountered in divide
  tmp_c_rssi_ave_list = np.where(tmp_c_rx_pkt_num_list > 0, np.round(tmp_c_rssi_sum_list/tmp_c_rx_pkt_num_list, 1), 0.0)
/home/arimoto/opt/scensim_env/scenargie_simulator/2.2/scenarios_linux/srm_interference/commandline/./script/interference_2pan_plot_results.py:893: RuntimeWarning: invalid value encountered in divide
  tmp_c_rssi_ave_list = np.where(tmp_c_rx_pkt_num_list > 0, np.round(tmp_c_rssi_sum_list/tmp_c_rx_pkt_num_list, 1), 0.0)
/home/arimoto/opt/scensim_env/scenargie_simulator/2.2/scenarios_linux/srm_interference/commandline/./script/interference_2pan_plot_results.py:893: RuntimeWarning: invalid value encountered in divide
  tmp_c_rssi_ave_list = np.where(tmp_c_rx_pkt_num_list > 0, np.round(tmp_c_rssi_sum_list/tmp_c_rx_pkt_num_list, 1), 0.0)
/home/arimoto/opt/scensim_env/scenargie_simulator/2.2/scenarios_linux/srm_interference/commandline/./script/interference_2pan_plot_results.py:893: RuntimeWarning: invalid value encountered in divide
  tmp_c_rssi_ave_list = np.where(tmp_c_rx_pkt_num_list > 0, np.round(tmp_c_rssi_sum_list/tmp_c_rx_pkt_num_list, 1), 0.0)
/home/arimoto/opt/scensim_env/scenargie_simulator/2.2/scenarios_linux/srm_interference/commandline/./script/interference_2pan_plot_results.py:893: RuntimeWarning: invalid value encountered in divide
  tmp_c_rssi_ave_list = np.where(tmp_c_rx_pkt_num_list > 0, np.round(tmp_c_rssi_sum_list/tmp_c_rx_pkt_num_list, 1), 0.0)
/home/arimoto/opt/scensim_env/scenargie_simulator/2.2/scenarios_linux/srm_interference/commandline/./script/interference_2pan_plot_results.py:893: RuntimeWarning: invalid value encountered in divide
  tmp_c_rssi_ave_list = np.where(tmp_c_rx_pkt_num_list > 0, np.round(tmp_c_rssi_sum_list/tmp_c_rx_pkt_num_list, 1), 0.0)
/home/arimoto/opt/scensim_env/scenargie_simulator/2.2/scenarios_linux/srm_interference/commandline/./script/interference_2pan_plot_results.py:893: RuntimeWarning: invalid value encountered in divide
  tmp_c_rssi_ave_list = np.where(tmp_c_rx_pkt_num_list > 0, np.round(tmp_c_rssi_sum_list/tmp_c_rx_pkt_num_list, 1), 0.0)
/home/arimoto/opt/scensim_env/scenargie_simulator/2.2/scenarios_linux/srm_interference/commandline/./script/interference_2pan_plot_results.py:893: RuntimeWarning: invalid value encountered in divide
  tmp_c_rssi_ave_list = np.where(tmp_c_rx_pkt_num_list > 0, np.round(tmp_c_rssi_sum_list/tmp_c_rx_pkt_num_list, 1), 0.0)
/home/arimoto/opt/scensim_env/scenargie_simulator/2.2/scenarios_linux/srm_interference/commandline/./script/interference_2pan_plot_results.py:893: RuntimeWarning: invalid value encountered in divide
  tmp_c_rssi_ave_list = np.where(tmp_c_rx_pkt_num_list > 0, np.round(tmp_c_rssi_sum_list/tmp_c_rx_pkt_num_list, 1), 0.0)
/home/arimoto/opt/scensim_env/scenargie_simulator/2.2/scenarios_linux/srm_interference/commandline/./script/interference_2pan_plot_results.py:893: RuntimeWarning: invalid value encountered in divide
  tmp_c_rssi_ave_list = np.where(tmp_c_rx_pkt_num_list > 0, np.round(tmp_c_rssi_sum_list/tmp_c_rx_pkt_num_list, 1), 0.0)
/home/arimoto/opt/scensim_env/scenargie_simulator/2.2/scenarios_linux/srm_interference/commandline/./script/interference_2pan_plot_results.py:893: RuntimeWarning: invalid value encountered in divide
  tmp_c_rssi_ave_list = np.where(tmp_c_rx_pkt_num_list > 0, np.round(tmp_c_rssi_sum_list/tmp_c_rx_pkt_num_list, 1), 0.0)
/home/arimoto/opt/scensim_env/scenargie_simulator/2.2/scenarios_linux/srm_interference/commandline/./script/interference_2pan_plot_results.py:893: RuntimeWarning: invalid value encountered in divide
  tmp_c_rssi_ave_list = np.where(tmp_c_rx_pkt_num_list > 0, np.round(tmp_c_rssi_sum_list/tmp_c_rx_pkt_num_list, 1), 0.0)
/home/arimoto/opt/scensim_env/scenargie_simulator/2.2/scenarios_linux/srm_interference/commandline/./script/interference_2pan_plot_results.py:893: RuntimeWarning: invalid value encountered in divide
  tmp_c_rssi_ave_list = np.where(tmp_c_rx_pkt_num_list > 0, np.round(tmp_c_rssi_sum_list/tmp_c_rx_pkt_num_list, 1), 0.0)
/home/arimoto/opt/scensim_env/scenargie_simulator/2.2/scenarios_linux/srm_interference/commandline/./script/interference_2pan_plot_results.py:893: RuntimeWarning: invalid value encountered in divide
  tmp_c_rssi_ave_list = np.where(tmp_c_rx_pkt_num_list > 0, np.round(tmp_c_rssi_sum_list/tmp_c_rx_pkt_num_list, 1), 0.0)
/home/arimoto/opt/scensim_env/scenargie_simulator/2.2/scenarios_linux/srm_interference/commandline/./script/interference_2pan_plot_results.py:893: RuntimeWarning: invalid value encountered in divide
  tmp_c_rssi_ave_list = np.where(tmp_c_rx_pkt_num_list > 0, np.round(tmp_c_rssi_sum_list/tmp_c_rx_pkt_num_list, 1), 0.0)
/home/arimoto/opt/scensim_env/scenargie_simulator/2.2/scenarios_linux/srm_interference/commandline/./script/interference_2pan_plot_results.py:893: RuntimeWarning: invalid value encountered in divide
  tmp_c_rssi_ave_list = np.where(tmp_c_rx_pkt_num_list > 0, np.round(tmp_c_rssi_sum_list/tmp_c_rx_pkt_num_list, 1), 0.0)
/home/arimoto/opt/scensim_env/scenargie_simulator/2.2/scenarios_linux/srm_interference/commandline/./script/interference_2pan_plot_results.py:893: RuntimeWarning: invalid value encountered in divide
  tmp_c_rssi_ave_list = np.where(tmp_c_rx_pkt_num_list > 0, np.round(tmp_c_rssi_sum_list/tmp_c_rx_pkt_num_list, 1), 0.0)
/home/arimoto/opt/scensim_env/scenargie_simulator/2.2/scenarios_linux/srm_interference/commandline/./script/interference_2pan_plot_results.py:893: RuntimeWarning: invalid value encountered in divide
  tmp_c_rssi_ave_list = np.where(tmp_c_rx_pkt_num_list > 0, np.round(tmp_c_rssi_sum_list/tmp_c_rx_pkt_num_list, 1), 0.0)
/home/arimoto/opt/scensim_env/scenargie_simulator/2.2/scenarios_linux/srm_interference/commandline/./script/interference_2pan_plot_results.py:893: RuntimeWarning: invalid value encountered in divide
  tmp_c_rssi_ave_list = np.where(tmp_c_rx_pkt_num_list > 0, np.round(tmp_c_rssi_sum_list/tmp_c_rx_pkt_num_list, 1), 0.0)
/home/arimoto/opt/scensim_env/scenargie_simulator/2.2/scenarios_linux/srm_interference/commandline/./script/interference_2pan_plot_results.py:893: RuntimeWarning: invalid value encountered in divide
  tmp_c_rssi_ave_list = np.where(tmp_c_rx_pkt_num_list > 0, np.round(tmp_c_rssi_sum_list/tmp_c_rx_pkt_num_list, 1), 0.0)
/home/arimoto/opt/scensim_env/scenargie_simulator/2.2/scenarios_linux/srm_interference/commandline/./script/interference_2pan_plot_results.py:893: RuntimeWarning: invalid value encountered in divide
  tmp_c_rssi_ave_list = np.where(tmp_c_rx_pkt_num_list > 0, np.round(tmp_c_rssi_sum_list/tmp_c_rx_pkt_num_list, 1), 0.0)
/home/arimoto/opt/scensim_env/scenargie_simulator/2.2/scenarios_linux/srm_interference/commandline/./script/interference_2pan_plot_results.py:893: RuntimeWarning: invalid value encountered in divide
  tmp_c_rssi_ave_list = np.where(tmp_c_rx_pkt_num_list > 0, np.round(tmp_c_rssi_sum_list/tmp_c_rx_pkt_num_list, 1), 0.0)
/home/arimoto/opt/scensim_env/scenargie_simulator/2.2/scenarios_linux/srm_interference/commandline/./script/interference_2pan_plot_results.py:893: RuntimeWarning: invalid value encountered in divide
  tmp_c_rssi_ave_list = np.where(tmp_c_rx_pkt_num_list > 0, np.round(tmp_c_rssi_sum_list/tmp_c_rx_pkt_num_list, 1), 0.0)
start off_load_pan1/pan2: 1.0 / 1.0
Found 100 stat files to process.
Found 100 trace files to process.
Found 100 pos files to process.
/home/arimoto/opt/scensim_env/scenargie_simulator/2.2/scenarios_linux/srm_interference/commandline/./script/interference_2pan_plot_results.py:893: RuntimeWarning: invalid value encountered in divide
  tmp_c_rssi_ave_list = np.where(tmp_c_rx_pkt_num_list > 0, np.round(tmp_c_rssi_sum_list/tmp_c_rx_pkt_num_list, 1), 0.0)
/home/arimoto/opt/scensim_env/scenargie_simulator/2.2/scenarios_linux/srm_interference/commandline/./script/interference_2pan_plot_results.py:893: RuntimeWarning: invalid value encountered in divide
  tmp_c_rssi_ave_list = np.where(tmp_c_rx_pkt_num_list > 0, np.round(tmp_c_rssi_sum_list/tmp_c_rx_pkt_num_list, 1), 0.0)
/home/arimoto/opt/scensim_env/scenargie_simulator/2.2/scenarios_linux/srm_interference/commandline/./script/interference_2pan_plot_results.py:893: RuntimeWarning: invalid value encountered in divide
  tmp_c_rssi_ave_list = np.where(tmp_c_rx_pkt_num_list > 0, np.round(tmp_c_rssi_sum_list/tmp_c_rx_pkt_num_list, 1), 0.0)
/home/arimoto/opt/scensim_env/scenargie_simulator/2.2/scenarios_linux/srm_interference/commandline/./script/interference_2pan_plot_results.py:893: RuntimeWarning: invalid value encountered in divide
  tmp_c_rssi_ave_list = np.where(tmp_c_rx_pkt_num_list > 0, np.round(tmp_c_rssi_sum_list/tmp_c_rx_pkt_num_list, 1), 0.0)
/home/arimoto/opt/scensim_env/scenargie_simulator/2.2/scenarios_linux/srm_interference/commandline/./script/interference_2pan_plot_results.py:893: RuntimeWarning: invalid value encountered in divide
  tmp_c_rssi_ave_list = np.where(tmp_c_rx_pkt_num_list > 0, np.round(tmp_c_rssi_sum_list/tmp_c_rx_pkt_num_list, 1), 0.0)
/home/arimoto/opt/scensim_env/scenargie_simulator/2.2/scenarios_linux/srm_interference/commandline/./script/interference_2pan_plot_results.py:893: RuntimeWarning: invalid value encountered in divide
  tmp_c_rssi_ave_list = np.where(tmp_c_rx_pkt_num_list > 0, np.round(tmp_c_rssi_sum_list/tmp_c_rx_pkt_num_list, 1), 0.0)
/home/arimoto/opt/scensim_env/scenargie_simulator/2.2/scenarios_linux/srm_interference/commandline/./script/interference_2pan_plot_results.py:893: RuntimeWarning: invalid value encountered in divide
  tmp_c_rssi_ave_list = np.where(tmp_c_rx_pkt_num_list > 0, np.round(tmp_c_rssi_sum_list/tmp_c_rx_pkt_num_list, 1), 0.0)
/home/arimoto/opt/scensim_env/scenargie_simulator/2.2/scenarios_linux/srm_interference/commandline/./script/interference_2pan_plot_results.py:893: RuntimeWarning: invalid value encountered in divide
  tmp_c_rssi_ave_list = np.where(tmp_c_rx_pkt_num_list > 0, np.round(tmp_c_rssi_sum_list/tmp_c_rx_pkt_num_list, 1), 0.0)
/home/arimoto/opt/scensim_env/scenargie_simulator/2.2/scenarios_linux/srm_interference/commandline/./script/interference_2pan_plot_results.py:893: RuntimeWarning: invalid value encountered in divide
  tmp_c_rssi_ave_list = np.where(tmp_c_rx_pkt_num_list > 0, np.round(tmp_c_rssi_sum_list/tmp_c_rx_pkt_num_list, 1), 0.0)
/home/arimoto/opt/scensim_env/scenargie_simulator/2.2/scenarios_linux/srm_interference/commandline/./script/interference_2pan_plot_results.py:893: RuntimeWarning: invalid value encountered in divide
  tmp_c_rssi_ave_list = np.where(tmp_c_rx_pkt_num_list > 0, np.round(tmp_c_rssi_sum_list/tmp_c_rx_pkt_num_list, 1), 0.0)
/home/arimoto/opt/scensim_env/scenargie_simulator/2.2/scenarios_linux/srm_interference/commandline/./script/interference_2pan_plot_results.py:893: RuntimeWarning: invalid value encountered in divide
  tmp_c_rssi_ave_list = np.where(tmp_c_rx_pkt_num_list > 0, np.round(tmp_c_rssi_sum_list/tmp_c_rx_pkt_num_list, 1), 0.0)
/home/arimoto/opt/scensim_env/scenargie_simulator/2.2/scenarios_linux/srm_interference/commandline/./script/interference_2pan_plot_results.py:893: RuntimeWarning: invalid value encountered in divide
  tmp_c_rssi_ave_list = np.where(tmp_c_rx_pkt_num_list > 0, np.round(tmp_c_rssi_sum_list/tmp_c_rx_pkt_num_list, 1), 0.0)
/home/arimoto/opt/scensim_env/scenargie_simulator/2.2/scenarios_linux/srm_interference/commandline/./script/interference_2pan_plot_results.py:893: RuntimeWarning: invalid value encountered in divide
  tmp_c_rssi_ave_list = np.where(tmp_c_rx_pkt_num_list > 0, np.round(tmp_c_rssi_sum_list/tmp_c_rx_pkt_num_list, 1), 0.0)
/home/arimoto/opt/scensim_env/scenargie_simulator/2.2/scenarios_linux/srm_interference/commandline/./script/interference_2pan_plot_results.py:893: RuntimeWarning: invalid value encountered in divide
  tmp_c_rssi_ave_list = np.where(tmp_c_rx_pkt_num_list > 0, np.round(tmp_c_rssi_sum_list/tmp_c_rx_pkt_num_list, 1), 0.0)
/home/arimoto/opt/scensim_env/scenargie_simulator/2.2/scenarios_linux/srm_interference/commandline/./script/interference_2pan_plot_results.py:893: RuntimeWarning: invalid value encountered in divide
  tmp_c_rssi_ave_list = np.where(tmp_c_rx_pkt_num_list > 0, np.round(tmp_c_rssi_sum_list/tmp_c_rx_pkt_num_list, 1), 0.0)
/home/arimoto/opt/scensim_env/scenargie_simulator/2.2/scenarios_linux/srm_interference/commandline/./script/interference_2pan_plot_results.py:893: RuntimeWarning: invalid value encountered in divide
  tmp_c_rssi_ave_list = np.where(tmp_c_rx_pkt_num_list > 0, np.round(tmp_c_rssi_sum_list/tmp_c_rx_pkt_num_list, 1), 0.0)
/home/arimoto/opt/scensim_env/scenargie_simulator/2.2/scenarios_linux/srm_interference/commandline/./script/interference_2pan_plot_results.py:893: RuntimeWarning: invalid value encountered in divide
  tmp_c_rssi_ave_list = np.where(tmp_c_rx_pkt_num_list > 0, np.round(tmp_c_rssi_sum_list/tmp_c_rx_pkt_num_list, 1), 0.0)
/home/arimoto/opt/scensim_env/scenargie_simulator/2.2/scenarios_linux/srm_interference/commandline/./script/interference_2pan_plot_results.py:893: RuntimeWarning: invalid value encountered in divide
  tmp_c_rssi_ave_list = np.where(tmp_c_rx_pkt_num_list > 0, np.round(tmp_c_rssi_sum_list/tmp_c_rx_pkt_num_list, 1), 0.0)
/home/arimoto/opt/scensim_env/scenargie_simulator/2.2/scenarios_linux/srm_interference/commandline/./script/interference_2pan_plot_results.py:893: RuntimeWarning: invalid value encountered in divide
  tmp_c_rssi_ave_list = np.where(tmp_c_rx_pkt_num_list > 0, np.round(tmp_c_rssi_sum_list/tmp_c_rx_pkt_num_list, 1), 0.0)
/home/arimoto/opt/scensim_env/scenargie_simulator/2.2/scenarios_linux/srm_interference/commandline/./script/interference_2pan_plot_results.py:893: RuntimeWarning: invalid value encountered in divide
  tmp_c_rssi_ave_list = np.where(tmp_c_rx_pkt_num_list > 0, np.round(tmp_c_rssi_sum_list/tmp_c_rx_pkt_num_list, 1), 0.0)
/home/arimoto/opt/scensim_env/scenargie_simulator/2.2/scenarios_linux/srm_interference/commandline/./script/interference_2pan_plot_results.py:893: RuntimeWarning: invalid value encountered in divide
  tmp_c_rssi_ave_list = np.where(tmp_c_rx_pkt_num_list > 0, np.round(tmp_c_rssi_sum_list/tmp_c_rx_pkt_num_list, 1), 0.0)
/home/arimoto/opt/scensim_env/scenargie_simulator/2.2/scenarios_linux/srm_interference/commandline/./script/interference_2pan_plot_results.py:893: RuntimeWarning: invalid value encountered in divide
  tmp_c_rssi_ave_list = np.where(tmp_c_rx_pkt_num_list > 0, np.round(tmp_c_rssi_sum_list/tmp_c_rx_pkt_num_list, 1), 0.0)
/home/arimoto/opt/scensim_env/scenargie_simulator/2.2/scenarios_linux/srm_interference/commandline/./script/interference_2pan_plot_results.py:893: RuntimeWarning: invalid value encountered in divide
  tmp_c_rssi_ave_list = np.where(tmp_c_rx_pkt_num_list > 0, np.round(tmp_c_rssi_sum_list/tmp_c_rx_pkt_num_list, 1), 0.0)
/home/arimoto/opt/scensim_env/scenargie_simulator/2.2/scenarios_linux/srm_interference/commandline/./script/interference_2pan_plot_results.py:893: RuntimeWarning: invalid value encountered in divide
  tmp_c_rssi_ave_list = np.where(tmp_c_rx_pkt_num_list > 0, np.round(tmp_c_rssi_sum_list/tmp_c_rx_pkt_num_list, 1), 0.0)
/home/arimoto/opt/scensim_env/scenargie_simulator/2.2/scenarios_linux/srm_interference/commandline/./script/interference_2pan_plot_results.py:893: RuntimeWarning: invalid value encountered in divide
  tmp_c_rssi_ave_list = np.where(tmp_c_rx_pkt_num_list > 0, np.round(tmp_c_rssi_sum_list/tmp_c_rx_pkt_num_list, 1), 0.0)
/home/arimoto/opt/scensim_env/scenargie_simulator/2.2/scenarios_linux/srm_interference/commandline/./script/interference_2pan_plot_results.py:893: RuntimeWarning: invalid value encountered in divide
  tmp_c_rssi_ave_list = np.where(tmp_c_rx_pkt_num_list > 0, np.round(tmp_c_rssi_sum_list/tmp_c_rx_pkt_num_list, 1), 0.0)
/home/arimoto/opt/scensim_env/scenargie_simulator/2.2/scenarios_linux/srm_interference/commandline/./script/interference_2pan_plot_results.py:893: RuntimeWarning: invalid value encountered in divide
  tmp_c_rssi_ave_list = np.where(tmp_c_rx_pkt_num_list > 0, np.round(tmp_c_rssi_sum_list/tmp_c_rx_pkt_num_list, 1), 0.0)
/home/arimoto/opt/scensim_env/scenargie_simulator/2.2/scenarios_linux/srm_interference/commandline/./script/interference_2pan_plot_results.py:893: RuntimeWarning: invalid value encountered in divide
  tmp_c_rssi_ave_list = np.where(tmp_c_rx_pkt_num_list > 0, np.round(tmp_c_rssi_sum_list/tmp_c_rx_pkt_num_list, 1), 0.0)
/home/arimoto/opt/scensim_env/scenargie_simulator/2.2/scenarios_linux/srm_interference/commandline/./script/interference_2pan_plot_results.py:893: RuntimeWarning: invalid value encountered in divide
  tmp_c_rssi_ave_list = np.where(tmp_c_rx_pkt_num_list > 0, np.round(tmp_c_rssi_sum_list/tmp_c_rx_pkt_num_list, 1), 0.0)
/home/arimoto/opt/scensim_env/scenargie_simulator/2.2/scenarios_linux/srm_interference/commandline/./script/interference_2pan_plot_results.py:343: MatplotlibDeprecationWarning: The 'labels' parameter of boxplot() has been renamed 'tick_labels' since Matplotlib 3.9; support for the old name will be dropped in 3.11.
  plt.boxplot([bin_data_list[i] for i in plot_indices],
/home/arimoto/opt/scensim_env/scenargie_simulator/2.2/scenarios_linux/srm_interference/commandline/./script/interference_2pan_plot_results.py:343: MatplotlibDeprecationWarning: The 'labels' parameter of boxplot() has been renamed 'tick_labels' since Matplotlib 3.9; support for the old name will be dropped in 3.11.
  plt.boxplot([bin_data_list[i] for i in plot_indices],
/home/arimoto/opt/scensim_env/scenargie_simulator/2.2/scenarios_linux/srm_interference/commandline/./script/interference_2pan_plot_results.py:288: MatplotlibDeprecationWarning: The 'labels' parameter of boxplot() has been renamed 'tick_labels' since Matplotlib 3.9; support for the old name will be dropped in 3.11.
  plt.boxplot(plot_data, labels=plot_labels)
/home/arimoto/opt/scensim_env/scenargie_simulator/2.2/scenarios_linux/srm_interference/commandline/./script/interference_2pan_plot_results.py:288: MatplotlibDeprecationWarning: The 'labels' parameter of boxplot() has been renamed 'tick_labels' since Matplotlib 3.9; support for the old name will be dropped in 3.11.
  plt.boxplot(plot_data, labels=plot_labels)
/home/arimoto/opt/scensim_env/scenargie_simulator/2.2/scenarios_linux/srm_interference/commandline/./script/interference_2pan_plot_results.py:343: MatplotlibDeprecationWarning: The 'labels' parameter of boxplot() has been renamed 'tick_labels' since Matplotlib 3.9; support for the old name will be dropped in 3.11.
  plt.boxplot([bin_data_list[i] for i in plot_indices],
/home/arimoto/opt/scensim_env/scenargie_simulator/2.2/scenarios_linux/srm_interference/commandline/./script/interference_2pan_plot_results.py:288: MatplotlibDeprecationWarning: The 'labels' parameter of boxplot() has been renamed 'tick_labels' since Matplotlib 3.9; support for the old name will be dropped in 3.11.
  plt.boxplot(plot_data, labels=plot_labels)
/home/arimoto/opt/scensim_env/scenargie_simulator/2.2/scenarios_linux/srm_interference/commandline/./script/interference_2pan_plot_results.py:343: MatplotlibDeprecationWarning: The 'labels' parameter of boxplot() has been renamed 'tick_labels' since Matplotlib 3.9; support for the old name will be dropped in 3.11.
  plt.boxplot([bin_data_list[i] for i in plot_indices],
/home/arimoto/opt/scensim_env/scenargie_simulator/2.2/scenarios_linux/srm_interference/commandline/./script/interference_2pan_plot_results.py:288: MatplotlibDeprecationWarning: The 'labels' parameter of boxplot() has been renamed 'tick_labels' since Matplotlib 3.9; support for the old name will be dropped in 3.11.
  plt.boxplot(plot_data, labels=plot_labels)
/home/arimoto/opt/scensim_env/scenargie_simulator/2.2/scenarios_linux/srm_interference/commandline/./script/interference_2pan_plot_results.py:343: MatplotlibDeprecationWarning: The 'labels' parameter of boxplot() has been renamed 'tick_labels' since Matplotlib 3.9; support for the old name will be dropped in 3.11.
  plt.boxplot([bin_data_list[i] for i in plot_indices],
/home/arimoto/opt/scensim_env/scenargie_simulator/2.2/scenarios_linux/srm_interference/commandline/./script/interference_2pan_plot_results.py:288: MatplotlibDeprecationWarning: The 'labels' parameter of boxplot() has been renamed 'tick_labels' since Matplotlib 3.9; support for the old name will be dropped in 3.11.
  plt.boxplot(plot_data, labels=plot_labels)
/home/arimoto/opt/scensim_env/scenargie_simulator/2.2/scenarios_linux/srm_interference/commandline/./script/interference_2pan_plot_results.py:343: MatplotlibDeprecationWarning: The 'labels' parameter of boxplot() has been renamed 'tick_labels' since Matplotlib 3.9; support for the old name will be dropped in 3.11.
  plt.boxplot([bin_data_list[i] for i in plot_indices],
/home/arimoto/opt/scensim_env/scenargie_simulator/2.2/scenarios_linux/srm_interference/commandline/./script/interference_2pan_plot_results.py:288: MatplotlibDeprecationWarning: The 'labels' parameter of boxplot() has been renamed 'tick_labels' since Matplotlib 3.9; support for the old name will be dropped in 3.11.
  plt.boxplot(plot_data, labels=plot_labels)
/home/arimoto/opt/scensim_env/scenargie_simulator/2.2/scenarios_linux/srm_interference/commandline/./script/interference_2pan_plot_results.py:343: MatplotlibDeprecationWarning: The 'labels' parameter of boxplot() has been renamed 'tick_labels' since Matplotlib 3.9; support for the old name will be dropped in 3.11.
  plt.boxplot([bin_data_list[i] for i in plot_indices],
/home/arimoto/opt/scensim_env/scenargie_simulator/2.2/scenarios_linux/srm_interference/commandline/./script/interference_2pan_plot_results.py:288: MatplotlibDeprecationWarning: The 'labels' parameter of boxplot() has been renamed 'tick_labels' since Matplotlib 3.9; support for the old name will be dropped in 3.11.
  plt.boxplot(plot_data, labels=plot_labels)
/home/arimoto/opt/scensim_env/scenargie_simulator/2.2/scenarios_linux/srm_interference/commandline/./script/interference_2pan_plot_results.py:343: MatplotlibDeprecationWarning: The 'labels' parameter of boxplot() has been renamed 'tick_labels' since Matplotlib 3.9; support for the old name will be dropped in 3.11.
  plt.boxplot([bin_data_list[i] for i in plot_indices],
/home/arimoto/opt/scensim_env/scenargie_simulator/2.2/scenarios_linux/srm_interference/commandline/./script/interference_2pan_plot_results.py:288: MatplotlibDeprecationWarning: The 'labels' parameter of boxplot() has been renamed 'tick_labels' since Matplotlib 3.9; support for the old name will be dropped in 3.11.
  plt.boxplot(plot_data, labels=plot_labels)
/home/arimoto/opt/scensim_env/scenargie_simulator/2.2/scenarios_linux/srm_interference/commandline/./script/interference_2pan_plot_results.py:343: MatplotlibDeprecationWarning: The 'labels' parameter of boxplot() has been renamed 'tick_labels' since Matplotlib 3.9; support for the old name will be dropped in 3.11.
  plt.boxplot([bin_data_list[i] for i in plot_indices],
/home/arimoto/opt/scensim_env/scenargie_simulator/2.2/scenarios_linux/srm_interference/commandline/./script/interference_2pan_plot_results.py:288: MatplotlibDeprecationWarning: The 'labels' parameter of boxplot() has been renamed 'tick_labels' since Matplotlib 3.9; support for the old name will be dropped in 3.11.
  plt.boxplot(plot_data, labels=plot_labels)
/home/arimoto/opt/scensim_env/scenargie_simulator/2.2/scenarios_linux/srm_interference/commandline/./script/interference_2pan_plot_results.py:343: MatplotlibDeprecationWarning: The 'labels' parameter of boxplot() has been renamed 'tick_labels' since Matplotlib 3.9; support for the old name will be dropped in 3.11.
  plt.boxplot([bin_data_list[i] for i in plot_indices],
/home/arimoto/opt/scensim_env/scenargie_simulator/2.2/scenarios_linux/srm_interference/commandline/./script/interference_2pan_plot_results.py:288: MatplotlibDeprecationWarning: The 'labels' parameter of boxplot() has been renamed 'tick_labels' since Matplotlib 3.9; support for the old name will be dropped in 3.11.
  plt.boxplot(plot_data, labels=plot_labels)
/home/arimoto/opt/scensim_env/scenargie_simulator/2.2/scenarios_linux/srm_interference/commandline/./script/interference_2pan_plot_results.py:343: MatplotlibDeprecationWarning: The 'labels' parameter of boxplot() has been renamed 'tick_labels' since Matplotlib 3.9; support for the old name will be dropped in 3.11.
  plt.boxplot([bin_data_list[i] for i in plot_indices],
/home/arimoto/opt/scensim_env/scenargie_simulator/2.2/scenarios_linux/srm_interference/commandline/./script/interference_2pan_plot_results.py:288: MatplotlibDeprecationWarning: The 'labels' parameter of boxplot() has been renamed 'tick_labels' since Matplotlib 3.9; support for the old name will be dropped in 3.11.
  plt.boxplot(plot_data, labels=plot_labels)
/home/arimoto/opt/scensim_env/scenargie_simulator/2.2/scenarios_linux/srm_interference/commandline/./script/interference_2pan_plot_results.py:343: MatplotlibDeprecationWarning: The 'labels' parameter of boxplot() has been renamed 'tick_labels' since Matplotlib 3.9; support for the old name will be dropped in 3.11.
  plt.boxplot([bin_data_list[i] for i in plot_indices],
/home/arimoto/opt/scensim_env/scenargie_simulator/2.2/scenarios_linux/srm_interference/commandline/./script/interference_2pan_plot_results.py:288: MatplotlibDeprecationWarning: The 'labels' parameter of boxplot() has been renamed 'tick_labels' since Matplotlib 3.9; support for the old name will be dropped in 3.11.
  plt.boxplot(plot_data, labels=plot_labels)
/home/arimoto/opt/scensim_env/scenargie_simulator/2.2/scenarios_linux/srm_interference/commandline/./script/interference_2pan_plot_results.py:343: MatplotlibDeprecationWarning: The 'labels' parameter of boxplot() has been renamed 'tick_labels' since Matplotlib 3.9; support for the old name will be dropped in 3.11.
  plt.boxplot([bin_data_list[i] for i in plot_indices],
/home/arimoto/opt/scensim_env/scenargie_simulator/2.2/scenarios_linux/srm_interference/commandline/./script/interference_2pan_plot_results.py:288: MatplotlibDeprecationWarning: The 'labels' parameter of boxplot() has been renamed 'tick_labels' since Matplotlib 3.9; support for the old name will be dropped in 3.11.
  plt.boxplot(plot_data, labels=plot_labels)
/home/arimoto/opt/scensim_env/scenargie_simulator/2.2/scenarios_linux/srm_interference/commandline/./script/interference_2pan_plot_results.py:343: MatplotlibDeprecationWarning: The 'labels' parameter of boxplot() has been renamed 'tick_labels' since Matplotlib 3.9; support for the old name will be dropped in 3.11.
  plt.boxplot([bin_data_list[i] for i in plot_indices],
/home/arimoto/opt/scensim_env/scenargie_simulator/2.2/scenarios_linux/srm_interference/commandline/./script/interference_2pan_plot_results.py:288: MatplotlibDeprecationWarning: The 'labels' parameter of boxplot() has been renamed 'tick_labels' since Matplotlib 3.9; support for the old name will be dropped in 3.11.
  plt.boxplot(plot_data, labels=plot_labels)
/home/arimoto/opt/scensim_env/scenargie_simulator/2.2/scenarios_linux/srm_interference/commandline/./script/interference_2pan_plot_results.py:343: MatplotlibDeprecationWarning: The 'labels' parameter of boxplot() has been renamed 'tick_labels' since Matplotlib 3.9; support for the old name will be dropped in 3.11.
  plt.boxplot([bin_data_list[i] for i in plot_indices],
/home/arimoto/opt/scensim_env/scenargie_simulator/2.2/scenarios_linux/srm_interference/commandline/./script/interference_2pan_plot_results.py:288: MatplotlibDeprecationWarning: The 'labels' parameter of boxplot() has been renamed 'tick_labels' since Matplotlib 3.9; support for the old name will be dropped in 3.11.
  plt.boxplot(plot_data, labels=plot_labels)
/home/arimoto/opt/scensim_env/scenargie_simulator/2.2/scenarios_linux/srm_interference/commandline/./script/interference_2pan_plot_results.py:343: MatplotlibDeprecationWarning: The 'labels' parameter of boxplot() has been renamed 'tick_labels' since Matplotlib 3.9; support for the old name will be dropped in 3.11.
  plt.boxplot([bin_data_list[i] for i in plot_indices],
/home/arimoto/opt/scensim_env/scenargie_simulator/2.2/scenarios_linux/srm_interference/commandline/./script/interference_2pan_plot_results.py:288: MatplotlibDeprecationWarning: The 'labels' parameter of boxplot() has been renamed 'tick_labels' since Matplotlib 3.9; support for the old name will be dropped in 3.11.
  plt.boxplot(plot_data, labels=plot_labels)
/home/arimoto/opt/scensim_env/scenargie_simulator/2.2/scenarios_linux/srm_interference/commandline/./script/interference_2pan_plot_results.py:343: MatplotlibDeprecationWarning: The 'labels' parameter of boxplot() has been renamed 'tick_labels' since Matplotlib 3.9; support for the old name will be dropped in 3.11.
  plt.boxplot([bin_data_list[i] for i in plot_indices],
/home/arimoto/opt/scensim_env/scenargie_simulator/2.2/scenarios_linux/srm_interference/commandline/./script/interference_2pan_plot_results.py:288: MatplotlibDeprecationWarning: The 'labels' parameter of boxplot() has been renamed 'tick_labels' since Matplotlib 3.9; support for the old name will be dropped in 3.11.
  plt.boxplot(plot_data, labels=plot_labels)
/home/arimoto/opt/scensim_env/scenargie_simulator/2.2/scenarios_linux/srm_interference/commandline/./script/interference_2pan_plot_results.py:343: MatplotlibDeprecationWarning: The 'labels' parameter of boxplot() has been renamed 'tick_labels' since Matplotlib 3.9; support for the old name will be dropped in 3.11.
  plt.boxplot([bin_data_list[i] for i in plot_indices],
/home/arimoto/opt/scensim_env/scenargie_simulator/2.2/scenarios_linux/srm_interference/commandline/./script/interference_2pan_plot_results.py:288: MatplotlibDeprecationWarning: The 'labels' parameter of boxplot() has been renamed 'tick_labels' since Matplotlib 3.9; support for the old name will be dropped in 3.11.
  plt.boxplot(plot_data, labels=plot_labels)
/home/arimoto/opt/scensim_env/scenargie_simulator/2.2/scenarios_linux/srm_interference/commandline/./script/interference_2pan_plot_results.py:343: MatplotlibDeprecationWarning: The 'labels' parameter of boxplot() has been renamed 'tick_labels' since Matplotlib 3.9; support for the old name will be dropped in 3.11.
  plt.boxplot([bin_data_list[i] for i in plot_indices],
/home/arimoto/opt/scensim_env/scenargie_simulator/2.2/scenarios_linux/srm_interference/commandline/./script/interference_2pan_plot_results.py:288: MatplotlibDeprecationWarning: The 'labels' parameter of boxplot() has been renamed 'tick_labels' since Matplotlib 3.9; support for the old name will be dropped in 3.11.
  plt.boxplot(plot_data, labels=plot_labels)
/home/arimoto/opt/scensim_env/scenargie_simulator/2.2/scenarios_linux/srm_interference/commandline/./script/interference_2pan_plot_results.py:343: MatplotlibDeprecationWarning: The 'labels' parameter of boxplot() has been renamed 'tick_labels' since Matplotlib 3.9; support for the old name will be dropped in 3.11.
  plt.boxplot([bin_data_list[i] for i in plot_indices],
/home/arimoto/opt/scensim_env/scenargie_simulator/2.2/scenarios_linux/srm_interference/commandline/./script/interference_2pan_plot_results.py:288: MatplotlibDeprecationWarning: The 'labels' parameter of boxplot() has been renamed 'tick_labels' since Matplotlib 3.9; support for the old name will be dropped in 3.11.
  plt.boxplot(plot_data, labels=plot_labels)

--- 0.01devices ---
Load 10%: TP=97, FP=93, FN=3, TN=7, Precision=0.511, Recall=0.970, FPR=0.930, F1=0.669
Load 20%: TP=92, FP=91, FN=8, TN=9, Precision=0.503, Recall=0.920, FPR=0.910, F1=0.650
Load 30%: TP=90, FP=92, FN=10, TN=8, Precision=0.495, Recall=0.900, FPR=0.920, F1=0.638
Load 40%: TP=90, FP=91, FN=10, TN=9, Precision=0.497, Recall=0.900, FPR=0.910, F1=0.641
Load 50%: TP=94, FP=91, FN=6, TN=9, Precision=0.508, Recall=0.940, FPR=0.910, F1=0.660
Load 60%: TP=95, FP=89, FN=5, TN=11, Precision=0.516, Recall=0.950, FPR=0.890, F1=0.669
Load 70%: TP=93, FP=87, FN=7, TN=13, Precision=0.517, Recall=0.930, FPR=0.870, F1=0.664
Load 80%: TP=90, FP=80, FN=10, TN=20, Precision=0.529, Recall=0.900, FPR=0.800, F1=0.667
Load 90%: TP=89, FP=70, FN=11, TN=30, Precision=0.560, Recall=0.890, FPR=0.700, F1=0.687
Load 100%: TP=86, FP=66, FN=14, TN=34, Precision=0.566, Recall=0.860, FPR=0.660, F1=0.683

--- 0.02devices ---
Load 10%: TP=97, FP=93, FN=3, TN=7, Precision=0.511, Recall=0.970, FPR=0.930, F1=0.669
Load 20%: TP=92, FP=91, FN=8, TN=9, Precision=0.503, Recall=0.920, FPR=0.910, F1=0.650
Load 30%: TP=90, FP=92, FN=10, TN=8, Precision=0.495, Recall=0.900, FPR=0.920, F1=0.638
Load 40%: TP=90, FP=89, FN=10, TN=11, Precision=0.503, Recall=0.900, FPR=0.890, F1=0.645
Load 50%: TP=94, FP=91, FN=6, TN=9, Precision=0.508, Recall=0.940, FPR=0.910, F1=0.660
Load 60%: TP=94, FP=87, FN=6, TN=13, Precision=0.519, Recall=0.940, FPR=0.870, F1=0.669
Load 70%: TP=85, FP=46, FN=15, TN=54, Precision=0.649, Recall=0.850, FPR=0.460, F1=0.736
Load 80%: TP=71, FP=33, FN=29, TN=67, Precision=0.683, Recall=0.710, FPR=0.330, F1=0.696
Load 90%: TP=52, FP=20, FN=48, TN=80, Precision=0.722, Recall=0.520, FPR=0.200, F1=0.605
Load 100%: TP=34, FP=18, FN=66, TN=82, Precision=0.654, Recall=0.340, FPR=0.180, F1=0.447

--- 0.03devices ---
Load 10%: TP=97, FP=93, FN=3, TN=7, Precision=0.511, Recall=0.970, FPR=0.930, F1=0.669
Load 20%: TP=92, FP=91, FN=8, TN=9, Precision=0.503, Recall=0.920, FPR=0.910, F1=0.650
Load 30%: TP=90, FP=92, FN=10, TN=8, Precision=0.495, Recall=0.900, FPR=0.920, F1=0.638
Load 40%: TP=90, FP=61, FN=10, TN=39, Precision=0.596, Recall=0.900, FPR=0.610, F1=0.717
Load 50%: TP=93, FP=79, FN=7, TN=21, Precision=0.541, Recall=0.930, FPR=0.790, F1=0.684
Load 60%: TP=87, FP=71, FN=13, TN=29, Precision=0.551, Recall=0.870, FPR=0.710, F1=0.674
Load 70%: TP=53, FP=16, FN=47, TN=84, Precision=0.768, Recall=0.530, FPR=0.160, F1=0.627
Load 80%: TP=34, FP=6, FN=66, TN=94, Precision=0.850, Recall=0.340, FPR=0.060, F1=0.486
Load 90%: TP=7, FP=3, FN=93, TN=97, Precision=0.700, Recall=0.070, FPR=0.030, F1=0.127
Load 100%: TP=6, FP=3, FN=94, TN=97, Precision=0.667, Recall=0.060, FPR=0.030, F1=0.110

--- 0.04devices ---
Load 10%: TP=97, FP=92, FN=3, TN=8, Precision=0.513, Recall=0.970, FPR=0.920, F1=0.671
Load 20%: TP=92, FP=91, FN=8, TN=9, Precision=0.503, Recall=0.920, FPR=0.910, F1=0.650
Load 30%: TP=90, FP=90, FN=10, TN=10, Precision=0.500, Recall=0.900, FPR=0.900, F1=0.643
Load 40%: TP=90, FP=31, FN=10, TN=69, Precision=0.744, Recall=0.900, FPR=0.310, F1=0.814
Load 50%: TP=83, FP=42, FN=17, TN=58, Precision=0.664, Recall=0.830, FPR=0.420, F1=0.738
Load 60%: TP=68, FP=46, FN=32, TN=54, Precision=0.596, Recall=0.680, FPR=0.460, F1=0.636
Load 70%: TP=14, FP=7, FN=86, TN=93, Precision=0.667, Recall=0.140, FPR=0.070, F1=0.231
Load 80%: TP=8, FP=1, FN=92, TN=99, Precision=0.889, Recall=0.080, FPR=0.010, F1=0.147
Load 90%: TP=1, FP=0, FN=99, TN=100, Precision=1.000, Recall=0.010, FPR=0.000, F1=0.020
Load 100%: TP=1, FP=0, FN=99, TN=100, Precision=1.000, Recall=0.010, FPR=0.000, F1=0.020

--- 0.05devices ---
Load 10%: TP=97, FP=86, FN=3, TN=14, Precision=0.530, Recall=0.970, FPR=0.860, F1=0.686
Load 20%: TP=92, FP=91, FN=8, TN=9, Precision=0.503, Recall=0.920, FPR=0.910, F1=0.650
Load 30%: TP=90, FP=82, FN=10, TN=18, Precision=0.523, Recall=0.900, FPR=0.820, F1=0.662
Load 40%: TP=84, FP=9, FN=16, TN=91, Precision=0.903, Recall=0.840, FPR=0.090, F1=0.870
Load 50%: TP=68, FP=12, FN=32, TN=88, Precision=0.850, Recall=0.680, FPR=0.120, F1=0.756
Load 60%: TP=45, FP=30, FN=55, TN=70, Precision=0.600, Recall=0.450, FPR=0.300, F1=0.514
Load 70%: TP=3, FP=3, FN=97, TN=97, Precision=0.500, Recall=0.030, FPR=0.030, F1=0.057
Load 80%: TP=4, FP=0, FN=96, TN=100, Precision=1.000, Recall=0.040, FPR=0.000, F1=0.077
Load 90%: TP=0, FP=0, FN=100, TN=100, Precision=0.000, Recall=0.000, FPR=0.000, F1=0.000
Load 100%: TP=1, FP=0, FN=99, TN=100, Precision=1.000, Recall=0.010, FPR=0.000, F1=0.020

--- 0.06devices ---
Load 10%: TP=97, FP=77, FN=3, TN=23, Precision=0.557, Recall=0.970, FPR=0.770, F1=0.708
Load 20%: TP=92, FP=89, FN=8, TN=11, Precision=0.508, Recall=0.920, FPR=0.890, F1=0.655
Load 30%: TP=89, FP=66, FN=11, TN=34, Precision=0.574, Recall=0.890, FPR=0.660, F1=0.698
Load 40%: TP=72, FP=2, FN=28, TN=98, Precision=0.973, Recall=0.720, FPR=0.020, F1=0.828
Load 50%: TP=40, FP=6, FN=60, TN=94, Precision=0.870, Recall=0.400, FPR=0.060, F1=0.548
Load 60%: TP=22, FP=16, FN=78, TN=84, Precision=0.579, Recall=0.220, FPR=0.160, F1=0.319
Load 70%: TP=2, FP=0, FN=98, TN=100, Precision=1.000, Recall=0.020, FPR=0.000, F1=0.039
Load 80%: TP=2, FP=0, FN=98, TN=100, Precision=1.000, Recall=0.020, FPR=0.000, F1=0.039
Load 90%: TP=0, FP=0, FN=100, TN=100, Precision=0.000, Recall=0.000, FPR=0.000, F1=0.000
Load 100%: TP=0, FP=0, FN=100, TN=100, Precision=0.000, Recall=0.000, FPR=0.000, F1=0.000

--- 0.07devices ---
Load 10%: TP=97, FP=64, FN=3, TN=36, Precision=0.602, Recall=0.970, FPR=0.640, F1=0.743
Load 20%: TP=92, FP=73, FN=8, TN=27, Precision=0.558, Recall=0.920, FPR=0.730, F1=0.694
Load 30%: TP=85, FP=51, FN=15, TN=49, Precision=0.625, Recall=0.850, FPR=0.510, F1=0.720
Load 40%: TP=56, FP=1, FN=44, TN=99, Precision=0.982, Recall=0.560, FPR=0.010, F1=0.713
Load 50%: TP=23, FP=1, FN=77, TN=99, Precision=0.958, Recall=0.230, FPR=0.010, F1=0.371
Load 60%: TP=8, FP=7, FN=92, TN=93, Precision=0.533, Recall=0.080, FPR=0.070, F1=0.139
Load 70%: TP=1, FP=0, FN=99, TN=100, Precision=1.000, Recall=0.010, FPR=0.000, F1=0.020
Load 80%: TP=0, FP=0, FN=100, TN=100, Precision=0.000, Recall=0.000, FPR=0.000, F1=0.000
Load 90%: TP=0, FP=0, FN=100, TN=100, Precision=0.000, Recall=0.000, FPR=0.000, F1=0.000
Load 100%: TP=0, FP=0, FN=100, TN=100, Precision=0.000, Recall=0.000, FPR=0.000, F1=0.000

--- 0.08devices ---
Load 10%: TP=97, FP=53, FN=3, TN=47, Precision=0.647, Recall=0.970, FPR=0.530, F1=0.776
Load 20%: TP=92, FP=60, FN=8, TN=40, Precision=0.605, Recall=0.920, FPR=0.600, F1=0.730
Load 30%: TP=81, FP=36, FN=19, TN=64, Precision=0.692, Recall=0.810, FPR=0.360, F1=0.747
Load 40%: TP=37, FP=0, FN=63, TN=100, Precision=1.000, Recall=0.370, FPR=0.000, F1=0.540
Load 50%: TP=9, FP=1, FN=91, TN=99, Precision=0.900, Recall=0.090, FPR=0.010, F1=0.164
Load 60%: TP=4, FP=5, FN=96, TN=95, Precision=0.444, Recall=0.040, FPR=0.050, F1=0.073
Load 70%: TP=0, FP=0, FN=100, TN=100, Precision=0.000, Recall=0.000, FPR=0.000, F1=0.000
Load 80%: TP=0, FP=0, FN=100, TN=100, Precision=0.000, Recall=0.000, FPR=0.000, F1=0.000
Load 90%: TP=0, FP=0, FN=100, TN=100, Precision=0.000, Recall=0.000, FPR=0.000, F1=0.000
Load 100%: TP=0, FP=0, FN=100, TN=100, Precision=0.000, Recall=0.000, FPR=0.000, F1=0.000

--- 0.09devices ---
Load 10%: TP=97, FP=41, FN=3, TN=59, Precision=0.703, Recall=0.970, FPR=0.410, F1=0.815
Load 20%: TP=90, FP=46, FN=10, TN=54, Precision=0.662, Recall=0.900, FPR=0.460, F1=0.763
Load 30%: TP=66, FP=26, FN=34, TN=74, Precision=0.717, Recall=0.660, FPR=0.260, F1=0.688
Load 40%: TP=20, FP=0, FN=80, TN=100, Precision=1.000, Recall=0.200, FPR=0.000, F1=0.333
Load 50%: TP=4, FP=0, FN=96, TN=100, Precision=1.000, Recall=0.040, FPR=0.000, F1=0.077
Load 60%: TP=4, FP=3, FN=96, TN=97, Precision=0.571, Recall=0.040, FPR=0.030, F1=0.075
Load 70%: TP=0, FP=0, FN=100, TN=100, Precision=0.000, Recall=0.000, FPR=0.000, F1=0.000
Load 80%: TP=0, FP=0, FN=100, TN=100, Precision=0.000, Recall=0.000, FPR=0.000, F1=0.000
Load 90%: TP=0, FP=0, FN=100, TN=100, Precision=0.000, Recall=0.000, FPR=0.000, F1=0.000
Load 100%: TP=0, FP=0, FN=100, TN=100, Precision=0.000, Recall=0.000, FPR=0.000, F1=0.000

--- 0.1devices ---
Load 10%: TP=97, FP=28, FN=3, TN=72, Precision=0.776, Recall=0.970, FPR=0.280, F1=0.862
Load 20%: TP=88, FP=35, FN=12, TN=65, Precision=0.715, Recall=0.880, FPR=0.350, F1=0.789
Load 30%: TP=55, FP=18, FN=45, TN=82, Precision=0.753, Recall=0.550, FPR=0.180, F1=0.636
Load 40%: TP=12, FP=0, FN=88, TN=100, Precision=1.000, Recall=0.120, FPR=0.000, F1=0.214
Load 50%: TP=1, FP=0, FN=99, TN=100, Precision=1.000, Recall=0.010, FPR=0.000, F1=0.020
Load 60%: TP=0, FP=1, FN=100, TN=99, Precision=0.000, Recall=0.000, FPR=0.010, F1=0.000
Load 70%: TP=0, FP=0, FN=100, TN=100, Precision=0.000, Recall=0.000, FPR=0.000, F1=0.000
Load 80%: TP=0, FP=0, FN=100, TN=100, Precision=0.000, Recall=0.000, FPR=0.000, F1=0.000
Load 90%: TP=0, FP=0, FN=100, TN=100, Precision=0.000, Recall=0.000, FPR=0.000, F1=0.000
Load 100%: TP=0, FP=0, FN=100, TN=100, Precision=0.000, Recall=0.000, FPR=0.000, F1=0.000

--- 0.11devices ---
Load 10%: TP=97, FP=15, FN=3, TN=85, Precision=0.866, Recall=0.970, FPR=0.150, F1=0.915
Load 20%: TP=85, FP=22, FN=15, TN=78, Precision=0.794, Recall=0.850, FPR=0.220, F1=0.821
Load 30%: TP=39, FP=11, FN=61, TN=89, Precision=0.780, Recall=0.390, FPR=0.110, F1=0.520
Load 40%: TP=4, FP=0, FN=96, TN=100, Precision=1.000, Recall=0.040, FPR=0.000, F1=0.077
Load 50%: TP=1, FP=0, FN=99, TN=100, Precision=1.000, Recall=0.010, FPR=0.000, F1=0.020
Load 60%: TP=0, FP=0, FN=100, TN=100, Precision=0.000, Recall=0.000, FPR=0.000, F1=0.000
Load 70%: TP=0, FP=0, FN=100, TN=100, Precision=0.000, Recall=0.000, FPR=0.000, F1=0.000
Load 80%: TP=0, FP=0, FN=100, TN=100, Precision=0.000, Recall=0.000, FPR=0.000, F1=0.000
Load 90%: TP=0, FP=0, FN=100, TN=100, Precision=0.000, Recall=0.000, FPR=0.000, F1=0.000
Load 100%: TP=0, FP=0, FN=100, TN=100, Precision=0.000, Recall=0.000, FPR=0.000, F1=0.000

--- 0.12devices ---
Load 10%: TP=97, FP=11, FN=3, TN=89, Precision=0.898, Recall=0.970, FPR=0.110, F1=0.933
Load 20%: TP=72, FP=13, FN=28, TN=87, Precision=0.847, Recall=0.720, FPR=0.130, F1=0.778
Load 30%: TP=24, FP=7, FN=76, TN=93, Precision=0.774, Recall=0.240, FPR=0.070, F1=0.366
Load 40%: TP=1, FP=0, FN=99, TN=100, Precision=1.000, Recall=0.010, FPR=0.000, F1=0.020
Load 50%: TP=0, FP=0, FN=100, TN=100, Precision=0.000, Recall=0.000, FPR=0.000, F1=0.000
Load 60%: TP=0, FP=0, FN=100, TN=100, Precision=0.000, Recall=0.000, FPR=0.000, F1=0.000
Load 70%: TP=0, FP=0, FN=100, TN=100, Precision=0.000, Recall=0.000, FPR=0.000, F1=0.000
Load 80%: TP=0, FP=0, FN=100, TN=100, Precision=0.000, Recall=0.000, FPR=0.000, F1=0.000
Load 90%: TP=0, FP=0, FN=100, TN=100, Precision=0.000, Recall=0.000, FPR=0.000, F1=0.000
Load 100%: TP=0, FP=0, FN=100, TN=100, Precision=0.000, Recall=0.000, FPR=0.000, F1=0.000

--- 0.13devices ---
Load 10%: TP=97, FP=7, FN=3, TN=93, Precision=0.933, Recall=0.970, FPR=0.070, F1=0.951
Load 20%: TP=61, FP=7, FN=39, TN=93, Precision=0.897, Recall=0.610, FPR=0.070, F1=0.726
Load 30%: TP=15, FP=4, FN=85, TN=96, Precision=0.789, Recall=0.150, FPR=0.040, F1=0.252
Load 40%: TP=1, FP=0, FN=99, TN=100, Precision=1.000, Recall=0.010, FPR=0.000, F1=0.020
Load 50%: TP=0, FP=0, FN=100, TN=100, Precision=0.000, Recall=0.000, FPR=0.000, F1=0.000
Load 60%: TP=0, FP=0, FN=100, TN=100, Precision=0.000, Recall=0.000, FPR=0.000, F1=0.000
Load 70%: TP=0, FP=0, FN=100, TN=100, Precision=0.000, Recall=0.000, FPR=0.000, F1=0.000
Load 80%: TP=0, FP=0, FN=100, TN=100, Precision=0.000, Recall=0.000, FPR=0.000, F1=0.000
Load 90%: TP=0, FP=0, FN=100, TN=100, Precision=0.000, Recall=0.000, FPR=0.000, F1=0.000
Load 100%: TP=0, FP=0, FN=100, TN=100, Precision=0.000, Recall=0.000, FPR=0.000, F1=0.000

--- 0.14devices ---
Load 10%: TP=97, FP=5, FN=3, TN=95, Precision=0.951, Recall=0.970, FPR=0.050, F1=0.960
Load 20%: TP=52, FP=2, FN=48, TN=98, Precision=0.963, Recall=0.520, FPR=0.020, F1=0.675
Load 30%: TP=9, FP=3, FN=91, TN=97, Precision=0.750, Recall=0.090, FPR=0.030, F1=0.161
Load 40%: TP=0, FP=0, FN=100, TN=100, Precision=0.000, Recall=0.000, FPR=0.000, F1=0.000
Load 50%: TP=0, FP=0, FN=100, TN=100, Precision=0.000, Recall=0.000, FPR=0.000, F1=0.000
Load 60%: TP=0, FP=0, FN=100, TN=100, Precision=0.000, Recall=0.000, FPR=0.000, F1=0.000
Load 70%: TP=0, FP=0, FN=100, TN=100, Precision=0.000, Recall=0.000, FPR=0.000, F1=0.000
Load 80%: TP=0, FP=0, FN=100, TN=100, Precision=0.000, Recall=0.000, FPR=0.000, F1=0.000
Load 90%: TP=0, FP=0, FN=100, TN=100, Precision=0.000, Recall=0.000, FPR=0.000, F1=0.000
Load 100%: TP=0, FP=0, FN=100, TN=100, Precision=0.000, Recall=0.000, FPR=0.000, F1=0.000

--- 0.15devices ---
Load 10%: TP=96, FP=3, FN=4, TN=97, Precision=0.970, Recall=0.960, FPR=0.030, F1=0.965
Load 20%: TP=38, FP=2, FN=62, TN=98, Precision=0.950, Recall=0.380, FPR=0.020, F1=0.543
Load 30%: TP=4, FP=3, FN=96, TN=97, Precision=0.571, Recall=0.040, FPR=0.030, F1=0.075
Load 40%: TP=0, FP=0, FN=100, TN=100, Precision=0.000, Recall=0.000, FPR=0.000, F1=0.000
Load 50%: TP=0, FP=0, FN=100, TN=100, Precision=0.000, Recall=0.000, FPR=0.000, F1=0.000
Load 60%: TP=0, FP=0, FN=100, TN=100, Precision=0.000, Recall=0.000, FPR=0.000, F1=0.000
Load 70%: TP=0, FP=0, FN=100, TN=100, Precision=0.000, Recall=0.000, FPR=0.000, F1=0.000
Load 80%: TP=0, FP=0, FN=100, TN=100, Precision=0.000, Recall=0.000, FPR=0.000, F1=0.000
Load 90%: TP=0, FP=0, FN=100, TN=100, Precision=0.000, Recall=0.000, FPR=0.000, F1=0.000
Load 100%: TP=0, FP=0, FN=100, TN=100, Precision=0.000, Recall=0.000, FPR=0.000, F1=0.000

--- 0.16devices ---
Load 10%: TP=95, FP=2, FN=5, TN=98, Precision=0.979, Recall=0.950, FPR=0.020, F1=0.964
Load 20%: TP=29, FP=1, FN=71, TN=99, Precision=0.967, Recall=0.290, FPR=0.010, F1=0.446
Load 30%: TP=0, FP=1, FN=100, TN=99, Precision=0.000, Recall=0.000, FPR=0.010, F1=0.000
Load 40%: TP=0, FP=0, FN=100, TN=100, Precision=0.000, Recall=0.000, FPR=0.000, F1=0.000
Load 50%: TP=0, FP=0, FN=100, TN=100, Precision=0.000, Recall=0.000, FPR=0.000, F1=0.000
Load 60%: TP=0, FP=0, FN=100, TN=100, Precision=0.000, Recall=0.000, FPR=0.000, F1=0.000
Load 70%: TP=0, FP=0, FN=100, TN=100, Precision=0.000, Recall=0.000, FPR=0.000, F1=0.000
Load 80%: TP=0, FP=0, FN=100, TN=100, Precision=0.000, Recall=0.000, FPR=0.000, F1=0.000
Load 90%: TP=0, FP=0, FN=100, TN=100, Precision=0.000, Recall=0.000, FPR=0.000, F1=0.000
Load 100%: TP=0, FP=0, FN=100, TN=100, Precision=0.000, Recall=0.000, FPR=0.000, F1=0.000

--- 0.17devices ---
Load 10%: TP=92, FP=0, FN=8, TN=100, Precision=1.000, Recall=0.920, FPR=0.000, F1=0.958
Load 20%: TP=20, FP=0, FN=80, TN=100, Precision=1.000, Recall=0.200, FPR=0.000, F1=0.333
Load 30%: TP=0, FP=0, FN=100, TN=100, Precision=0.000, Recall=0.000, FPR=0.000, F1=0.000
Load 40%: TP=0, FP=0, FN=100, TN=100, Precision=0.000, Recall=0.000, FPR=0.000, F1=0.000
Load 50%: TP=0, FP=0, FN=100, TN=100, Precision=0.000, Recall=0.000, FPR=0.000, F1=0.000
Load 60%: TP=0, FP=0, FN=100, TN=100, Precision=0.000, Recall=0.000, FPR=0.000, F1=0.000
Load 70%: TP=0, FP=0, FN=100, TN=100, Precision=0.000, Recall=0.000, FPR=0.000, F1=0.000
Load 80%: TP=0, FP=0, FN=100, TN=100, Precision=0.000, Recall=0.000, FPR=0.000, F1=0.000
Load 90%: TP=0, FP=0, FN=100, TN=100, Precision=0.000, Recall=0.000, FPR=0.000, F1=0.000
Load 100%: TP=0, FP=0, FN=100, TN=100, Precision=0.000, Recall=0.000, FPR=0.000, F1=0.000

--- 0.18devices ---
Load 10%: TP=88, FP=0, FN=12, TN=100, Precision=1.000, Recall=0.880, FPR=0.000, F1=0.936
Load 20%: TP=13, FP=0, FN=87, TN=100, Precision=1.000, Recall=0.130, FPR=0.000, F1=0.230
Load 30%: TP=0, FP=0, FN=100, TN=100, Precision=0.000, Recall=0.000, FPR=0.000, F1=0.000
Load 40%: TP=0, FP=0, FN=100, TN=100, Precision=0.000, Recall=0.000, FPR=0.000, F1=0.000
Load 50%: TP=0, FP=0, FN=100, TN=100, Precision=0.000, Recall=0.000, FPR=0.000, F1=0.000
Load 60%: TP=0, FP=0, FN=100, TN=100, Precision=0.000, Recall=0.000, FPR=0.000, F1=0.000
Load 70%: TP=0, FP=0, FN=100, TN=100, Precision=0.000, Recall=0.000, FPR=0.000, F1=0.000
Load 80%: TP=0, FP=0, FN=100, TN=100, Precision=0.000, Recall=0.000, FPR=0.000, F1=0.000
Load 90%: TP=0, FP=0, FN=100, TN=100, Precision=0.000, Recall=0.000, FPR=0.000, F1=0.000
Load 100%: TP=0, FP=0, FN=100, TN=100, Precision=0.000, Recall=0.000, FPR=0.000, F1=0.000

--- 0.19devices ---
Load 10%: TP=82, FP=0, FN=18, TN=100, Precision=1.000, Recall=0.820, FPR=0.000, F1=0.901
Load 20%: TP=8, FP=0, FN=92, TN=100, Precision=1.000, Recall=0.080, FPR=0.000, F1=0.148
Load 30%: TP=0, FP=0, FN=100, TN=100, Precision=0.000, Recall=0.000, FPR=0.000, F1=0.000
Load 40%: TP=0, FP=0, FN=100, TN=100, Precision=0.000, Recall=0.000, FPR=0.000, F1=0.000
Load 50%: TP=0, FP=0, FN=100, TN=100, Precision=0.000, Recall=0.000, FPR=0.000, F1=0.000
Load 60%: TP=0, FP=0, FN=100, TN=100, Precision=0.000, Recall=0.000, FPR=0.000, F1=0.000
Load 70%: TP=0, FP=0, FN=100, TN=100, Precision=0.000, Recall=0.000, FPR=0.000, F1=0.000
Load 80%: TP=0, FP=0, FN=100, TN=100, Precision=0.000, Recall=0.000, FPR=0.000, F1=0.000
Load 90%: TP=0, FP=0, FN=100, TN=100, Precision=0.000, Recall=0.000, FPR=0.000, F1=0.000
Load 100%: TP=0, FP=0, FN=100, TN=100, Precision=0.000, Recall=0.000, FPR=0.000, F1=0.000

--- 0.2devices ---
Load 10%: TP=75, FP=0, FN=25, TN=100, Precision=1.000, Recall=0.750, FPR=0.000, F1=0.857
Load 20%: TP=5, FP=0, FN=95, TN=100, Precision=1.000, Recall=0.050, FPR=0.000, F1=0.095
Load 30%: TP=0, FP=0, FN=100, TN=100, Precision=0.000, Recall=0.000, FPR=0.000, F1=0.000
Load 40%: TP=0, FP=0, FN=100, TN=100, Precision=0.000, Recall=0.000, FPR=0.000, F1=0.000
Load 50%: TP=0, FP=0, FN=100, TN=100, Precision=0.000, Recall=0.000, FPR=0.000, F1=0.000
Load 60%: TP=0, FP=0, FN=100, TN=100, Precision=0.000, Recall=0.000, FPR=0.000, F1=0.000
Load 70%: TP=0, FP=0, FN=100, TN=100, Precision=0.000, Recall=0.000, FPR=0.000, F1=0.000
Load 80%: TP=0, FP=0, FN=100, TN=100, Precision=0.000, Recall=0.000, FPR=0.000, F1=0.000
Load 90%: TP=0, FP=0, FN=100, TN=100, Precision=0.000, Recall=0.000, FPR=0.000, F1=0.000
Load 100%: TP=0, FP=0, FN=100, TN=100, Precision=0.000, Recall=0.000, FPR=0.000, F1=0.000

--- 0.21devices ---
Load 10%: TP=65, FP=0, FN=35, TN=100, Precision=1.000, Recall=0.650, FPR=0.000, F1=0.788
Load 20%: TP=3, FP=0, FN=97, TN=100, Precision=1.000, Recall=0.030, FPR=0.000, F1=0.058
Load 30%: TP=0, FP=0, FN=100, TN=100, Precision=0.000, Recall=0.000, FPR=0.000, F1=0.000
Load 40%: TP=0, FP=0, FN=100, TN=100, Precision=0.000, Recall=0.000, FPR=0.000, F1=0.000
Load 50%: TP=0, FP=0, FN=100, TN=100, Precision=0.000, Recall=0.000, FPR=0.000, F1=0.000
Load 60%: TP=0, FP=0, FN=100, TN=100, Precision=0.000, Recall=0.000, FPR=0.000, F1=0.000
Load 70%: TP=0, FP=0, FN=100, TN=100, Precision=0.000, Recall=0.000, FPR=0.000, F1=0.000
Load 80%: TP=0, FP=0, FN=100, TN=100, Precision=0.000, Recall=0.000, FPR=0.000, F1=0.000
Load 90%: TP=0, FP=0, FN=100, TN=100, Precision=0.000, Recall=0.000, FPR=0.000, F1=0.000
Load 100%: TP=0, FP=0, FN=100, TN=100, Precision=0.000, Recall=0.000, FPR=0.000, F1=0.000

--- 0.22devices ---
Load 10%: TP=54, FP=0, FN=46, TN=100, Precision=1.000, Recall=0.540, FPR=0.000, F1=0.701
Load 20%: TP=3, FP=0, FN=97, TN=100, Precision=1.000, Recall=0.030, FPR=0.000, F1=0.058
Load 30%: TP=0, FP=0, FN=100, TN=100, Precision=0.000, Recall=0.000, FPR=0.000, F1=0.000
Load 40%: TP=0, FP=0, FN=100, TN=100, Precision=0.000, Recall=0.000, FPR=0.000, F1=0.000
Load 50%: TP=0, FP=0, FN=100, TN=100, Precision=0.000, Recall=0.000, FPR=0.000, F1=0.000
Load 60%: TP=0, FP=0, FN=100, TN=100, Precision=0.000, Recall=0.000, FPR=0.000, F1=0.000
Load 70%: TP=0, FP=0, FN=100, TN=100, Precision=0.000, Recall=0.000, FPR=0.000, F1=0.000
Load 80%: TP=0, FP=0, FN=100, TN=100, Precision=0.000, Recall=0.000, FPR=0.000, F1=0.000
Load 90%: TP=0, FP=0, FN=100, TN=100, Precision=0.000, Recall=0.000, FPR=0.000, F1=0.000
Load 100%: TP=0, FP=0, FN=100, TN=100, Precision=0.000, Recall=0.000, FPR=0.000, F1=0.000
