
===== Processing interf files =====

--- Starting Result Aggregation and Plotting ---
start off_load_pan1/pan2: 0.1 / 1.0
Found 100 stat files to process.
Found 100 trace files to process.
Found 100 pos files to process.
/home/arimoto/opt/scensim_env/scenargie_simulator/2.2/scenarios_linux/srm_interference/commandline/./script/interference_2pan_plot_results.py:893: RuntimeWarning: invalid value encountered in divide
  tmp_c_rssi_ave_list = np.where(tmp_c_rx_pkt_num_list > 0, np.round(tmp_c_rssi_sum_list/tmp_c_rx_pkt_num_list, 1), 0.0)
/home/arimoto/opt/scensim_env/scenargie_simulator/2.2/scenarios_linux/srm_interference/commandline/./script/interference_2pan_plot_results.py:893: RuntimeWarning: invalid value encountered in divide
  tmp_c_rssi_ave_list = np.where(tmp_c_rx_pkt_num_list > 0, np.round(tmp_c_rssi_sum_list/tmp_c_rx_pkt_num_list, 1), 0.0)
/home/arimoto/opt/scensim_env/scenargie_simulator/2.2/scenarios_linux/srm_interference/commandline/./script/interference_2pan_plot_results.py:893: RuntimeWarning: invalid value encountered in divide
  tmp_c_rssi_ave_list = np.where(tmp_c_rx_pkt_num_list > 0, np.round(tmp_c_rssi_sum_list/tmp_c_rx_pkt_num_list, 1), 0.0)
/home/arimoto/opt/scensim_env/scenargie_simulator/2.2/scenarios_linux/srm_interference/commandline/./script/interference_2pan_plot_results.py:893: RuntimeWarning: invalid value encountered in divide
  tmp_c_rssi_ave_list = np.where(tmp_c_rx_pkt_num_list > 0, np.round(tmp_c_rssi_sum_list/tmp_c_rx_pkt_num_list, 1), 0.0)
/home/arimoto/opt/scensim_env/scenargie_simulator/2.2/scenarios_linux/srm_interference/commandline/./script/interference_2pan_plot_results.py:893: RuntimeWarning: invalid value encountered in divide
  tmp_c_rssi_ave_list = np.where(tmp_c_rx_pkt_num_list > 0, np.round(tmp_c_rssi_sum_list/tmp_c_rx_pkt_num_list, 1), 0.0)
/home/arimoto/opt/scensim_env/scenargie_simulator/2.2/scenarios_linux/srm_interference/commandline/./script/interference_2pan_plot_results.py:893: RuntimeWarning: invalid value encountered in divide
  tmp_c_rssi_ave_list = np.where(tmp_c_rx_pkt_num_list > 0, np.round(tmp_c_rssi_sum_list/tmp_c_rx_pkt_num_list, 1), 0.0)
/home/arimoto/opt/scensim_env/scenargie_simulator/2.2/scenarios_linux/srm_interference/commandline/./script/interference_2pan_plot_results.py:893: RuntimeWarning: invalid value encountered in divide
  tmp_c_rssi_ave_list = np.where(tmp_c_rx_pkt_num_list > 0, np.round(tmp_c_rssi_sum_list/tmp_c_rx_pkt_num_list, 1), 0.0)
/home/arimoto/opt/scensim_env/scenargie_simulator/2.2/scenarios_linux/srm_interference/commandline/./script/interference_2pan_plot_results.py:893: RuntimeWarning: invalid value encountered in divide
  tmp_c_rssi_ave_list = np.where(tmp_c_rx_pkt_num_list > 0, np.round(tmp_c_rssi_sum_list/tmp_c_rx_pkt_num_list, 1), 0.0)
/home/arimoto/opt/scensim_env/scenargie_simulator/2.2/scenarios_linux/srm_interference/commandline/./script/interference_2pan_plot_results.py:893: RuntimeWarning: invalid value encountered in divide
  tmp_c_rssi_ave_list = np.where(tmp_c_rx_pkt_num_list > 0, np.round(tmp_c_rssi_sum_list/tmp_c_rx_pkt_num_list, 1), 0.0)
/home/arimoto/opt/scensim_env/scenargie_simulator/2.2/scenarios_linux/srm_interference/commandline/./script/interference_2pan_plot_results.py:893: RuntimeWarning: invalid value encountered in divide
  tmp_c_rssi_ave_list = np.where(tmp_c_rx_pkt_num_list > 0, np.round(tmp_c_rssi_sum_list/tmp_c_rx_pkt_num_list, 1), 0.0)
/home/arimoto/opt/scensim_env/scenargie_simulator/2.2/scenarios_linux/srm_interference/commandline/./script/interference_2pan_plot_results.py:893: RuntimeWarning: invalid value encountered in divide
  tmp_c_rssi_ave_list = np.where(tmp_c_rx_pkt_num_list > 0, np.round(tmp_c_rssi_sum_list/tmp_c_rx_pkt_num_list, 1), 0.0)
/home/arimoto/opt/scensim_env/scenargie_simulator/2.2/scenarios_linux/srm_interference/commandline/./script/interference_2pan_plot_results.py:893: RuntimeWarning: invalid value encountered in divide
  tmp_c_rssi_ave_list = np.where(tmp_c_rx_pkt_num_list > 0, np.round(tmp_c_rssi_sum_list/tmp_c_rx_pkt_num_list, 1), 0.0)
/home/arimoto/opt/scensim_env/scenargie_simulator/2.2/scenarios_linux/srm_interference/commandline/./script/interference_2pan_plot_results.py:893: RuntimeWarning: invalid value encountered in divide
  tmp_c_rssi_ave_list = np.where(tmp_c_rx_pkt_num_list > 0, np.round(tmp_c_rssi_sum_list/tmp_c_rx_pkt_num_list, 1), 0.0)
/home/arimoto/opt/scensim_env/scenargie_simulator/2.2/scenarios_linux/srm_interference/commandline/./script/interference_2pan_plot_results.py:893: RuntimeWarning: invalid value encountered in divide
  tmp_c_rssi_ave_list = np.where(tmp_c_rx_pkt_num_list > 0, np.round(tmp_c_rssi_sum_list/tmp_c_rx_pkt_num_list, 1), 0.0)
/home/arimoto/opt/scensim_env/scenargie_simulator/2.2/scenarios_linux/srm_interference/commandline/./script/interference_2pan_plot_results.py:893: RuntimeWarning: invalid value encountered in divide
  tmp_c_rssi_ave_list = np.where(tmp_c_rx_pkt_num_list > 0, np.round(tmp_c_rssi_sum_list/tmp_c_rx_pkt_num_list, 1), 0.0)
/home/arimoto/opt/scensim_env/scenargie_simulator/2.2/scenarios_linux/srm_interference/commandline/./script/interference_2pan_plot_results.py:893: RuntimeWarning: invalid value encountered in divide
  tmp_c_rssi_ave_list = np.where(tmp_c_rx_pkt_num_list > 0, np.round(tmp_c_rssi_sum_list/tmp_c_rx_pkt_num_list, 1), 0.0)
/home/arimoto/opt/scensim_env/scenargie_simulator/2.2/scenarios_linux/srm_interference/commandline/./script/interference_2pan_plot_results.py:893: RuntimeWarning: invalid value encountered in divide
  tmp_c_rssi_ave_list = np.where(tmp_c_rx_pkt_num_list > 0, np.round(tmp_c_rssi_sum_list/tmp_c_rx_pkt_num_list, 1), 0.0)
/home/arimoto/opt/scensim_env/scenargie_simulator/2.2/scenarios_linux/srm_interference/commandline/./script/interference_2pan_plot_results.py:893: RuntimeWarning: invalid value encountered in divide
  tmp_c_rssi_ave_list = np.where(tmp_c_rx_pkt_num_list > 0, np.round(tmp_c_rssi_sum_list/tmp_c_rx_pkt_num_list, 1), 0.0)
/home/arimoto/opt/scensim_env/scenargie_simulator/2.2/scenarios_linux/srm_interference/commandline/./script/interference_2pan_plot_results.py:893: RuntimeWarning: invalid value encountered in divide
  tmp_c_rssi_ave_list = np.where(tmp_c_rx_pkt_num_list > 0, np.round(tmp_c_rssi_sum_list/tmp_c_rx_pkt_num_list, 1), 0.0)
/home/arimoto/opt/scensim_env/scenargie_simulator/2.2/scenarios_linux/srm_interference/commandline/./script/interference_2pan_plot_results.py:893: RuntimeWarning: invalid value encountered in divide
  tmp_c_rssi_ave_list = np.where(tmp_c_rx_pkt_num_list > 0, np.round(tmp_c_rssi_sum_list/tmp_c_rx_pkt_num_list, 1), 0.0)
/home/arimoto/opt/scensim_env/scenargie_simulator/2.2/scenarios_linux/srm_interference/commandline/./script/interference_2pan_plot_results.py:893: RuntimeWarning: invalid value encountered in divide
  tmp_c_rssi_ave_list = np.where(tmp_c_rx_pkt_num_list > 0, np.round(tmp_c_rssi_sum_list/tmp_c_rx_pkt_num_list, 1), 0.0)
/home/arimoto/opt/scensim_env/scenargie_simulator/2.2/scenarios_linux/srm_interference/commandline/./script/interference_2pan_plot_results.py:893: RuntimeWarning: invalid value encountered in divide
  tmp_c_rssi_ave_list = np.where(tmp_c_rx_pkt_num_list > 0, np.round(tmp_c_rssi_sum_list/tmp_c_rx_pkt_num_list, 1), 0.0)
/home/arimoto/opt/scensim_env/scenargie_simulator/2.2/scenarios_linux/srm_interference/commandline/./script/interference_2pan_plot_results.py:893: RuntimeWarning: invalid value encountered in divide
  tmp_c_rssi_ave_list = np.where(tmp_c_rx_pkt_num_list > 0, np.round(tmp_c_rssi_sum_list/tmp_c_rx_pkt_num_list, 1), 0.0)
/home/arimoto/opt/scensim_env/scenargie_simulator/2.2/scenarios_linux/srm_interference/commandline/./script/interference_2pan_plot_results.py:893: RuntimeWarning: invalid value encountered in divide
  tmp_c_rssi_ave_list = np.where(tmp_c_rx_pkt_num_list > 0, np.round(tmp_c_rssi_sum_list/tmp_c_rx_pkt_num_list, 1), 0.0)
/home/arimoto/opt/scensim_env/scenargie_simulator/2.2/scenarios_linux/srm_interference/commandline/./script/interference_2pan_plot_results.py:893: RuntimeWarning: invalid value encountered in divide
  tmp_c_rssi_ave_list = np.where(tmp_c_rx_pkt_num_list > 0, np.round(tmp_c_rssi_sum_list/tmp_c_rx_pkt_num_list, 1), 0.0)
/home/arimoto/opt/scensim_env/scenargie_simulator/2.2/scenarios_linux/srm_interference/commandline/./script/interference_2pan_plot_results.py:893: RuntimeWarning: invalid value encountered in divide
  tmp_c_rssi_ave_list = np.where(tmp_c_rx_pkt_num_list > 0, np.round(tmp_c_rssi_sum_list/tmp_c_rx_pkt_num_list, 1), 0.0)
/home/arimoto/opt/scensim_env/scenargie_simulator/2.2/scenarios_linux/srm_interference/commandline/./script/interference_2pan_plot_results.py:893: RuntimeWarning: invalid value encountered in divide
  tmp_c_rssi_ave_list = np.where(tmp_c_rx_pkt_num_list > 0, np.round(tmp_c_rssi_sum_list/tmp_c_rx_pkt_num_list, 1), 0.0)
/home/arimoto/opt/scensim_env/scenargie_simulator/2.2/scenarios_linux/srm_interference/commandline/./script/interference_2pan_plot_results.py:893: RuntimeWarning: invalid value encountered in divide
  tmp_c_rssi_ave_list = np.where(tmp_c_rx_pkt_num_list > 0, np.round(tmp_c_rssi_sum_list/tmp_c_rx_pkt_num_list, 1), 0.0)
/home/arimoto/opt/scensim_env/scenargie_simulator/2.2/scenarios_linux/srm_interference/commandline/./script/interference_2pan_plot_results.py:893: RuntimeWarning: invalid value encountered in divide
  tmp_c_rssi_ave_list = np.where(tmp_c_rx_pkt_num_list > 0, np.round(tmp_c_rssi_sum_list/tmp_c_rx_pkt_num_list, 1), 0.0)
/home/arimoto/opt/scensim_env/scenargie_simulator/2.2/scenarios_linux/srm_interference/commandline/./script/interference_2pan_plot_results.py:893: RuntimeWarning: invalid value encountered in divide
  tmp_c_rssi_ave_list = np.where(tmp_c_rx_pkt_num_list > 0, np.round(tmp_c_rssi_sum_list/tmp_c_rx_pkt_num_list, 1), 0.0)
/home/arimoto/opt/scensim_env/scenargie_simulator/2.2/scenarios_linux/srm_interference/commandline/./script/interference_2pan_plot_results.py:893: RuntimeWarning: invalid value encountered in divide
  tmp_c_rssi_ave_list = np.where(tmp_c_rx_pkt_num_list > 0, np.round(tmp_c_rssi_sum_list/tmp_c_rx_pkt_num_list, 1), 0.0)
/home/arimoto/opt/scensim_env/scenargie_simulator/2.2/scenarios_linux/srm_interference/commandline/./script/interference_2pan_plot_results.py:893: RuntimeWarning: invalid value encountered in divide
  tmp_c_rssi_ave_list = np.where(tmp_c_rx_pkt_num_list > 0, np.round(tmp_c_rssi_sum_list/tmp_c_rx_pkt_num_list, 1), 0.0)
start off_load_pan1/pan2: 0.2 / 1.0
Found 100 stat files to process.
Found 100 trace files to process.
Found 100 pos files to process.
/home/arimoto/opt/scensim_env/scenargie_simulator/2.2/scenarios_linux/srm_interference/commandline/./script/interference_2pan_plot_results.py:893: RuntimeWarning: invalid value encountered in divide
  tmp_c_rssi_ave_list = np.where(tmp_c_rx_pkt_num_list > 0, np.round(tmp_c_rssi_sum_list/tmp_c_rx_pkt_num_list, 1), 0.0)
/home/arimoto/opt/scensim_env/scenargie_simulator/2.2/scenarios_linux/srm_interference/commandline/./script/interference_2pan_plot_results.py:893: RuntimeWarning: invalid value encountered in divide
  tmp_c_rssi_ave_list = np.where(tmp_c_rx_pkt_num_list > 0, np.round(tmp_c_rssi_sum_list/tmp_c_rx_pkt_num_list, 1), 0.0)
/home/arimoto/opt/scensim_env/scenargie_simulator/2.2/scenarios_linux/srm_interference/commandline/./script/interference_2pan_plot_results.py:893: RuntimeWarning: invalid value encountered in divide
  tmp_c_rssi_ave_list = np.where(tmp_c_rx_pkt_num_list > 0, np.round(tmp_c_rssi_sum_list/tmp_c_rx_pkt_num_list, 1), 0.0)
/home/arimoto/opt/scensim_env/scenargie_simulator/2.2/scenarios_linux/srm_interference/commandline/./script/interference_2pan_plot_results.py:893: RuntimeWarning: invalid value encountered in divide
  tmp_c_rssi_ave_list = np.where(tmp_c_rx_pkt_num_list > 0, np.round(tmp_c_rssi_sum_list/tmp_c_rx_pkt_num_list, 1), 0.0)
/home/arimoto/opt/scensim_env/scenargie_simulator/2.2/scenarios_linux/srm_interference/commandline/./script/interference_2pan_plot_results.py:893: RuntimeWarning: invalid value encountered in divide
  tmp_c_rssi_ave_list = np.where(tmp_c_rx_pkt_num_list > 0, np.round(tmp_c_rssi_sum_list/tmp_c_rx_pkt_num_list, 1), 0.0)
/home/arimoto/opt/scensim_env/scenargie_simulator/2.2/scenarios_linux/srm_interference/commandline/./script/interference_2pan_plot_results.py:893: RuntimeWarning: invalid value encountered in divide
  tmp_c_rssi_ave_list = np.where(tmp_c_rx_pkt_num_list > 0, np.round(tmp_c_rssi_sum_list/tmp_c_rx_pkt_num_list, 1), 0.0)
/home/arimoto/opt/scensim_env/scenargie_simulator/2.2/scenarios_linux/srm_interference/commandline/./script/interference_2pan_plot_results.py:893: RuntimeWarning: invalid value encountered in divide
  tmp_c_rssi_ave_list = np.where(tmp_c_rx_pkt_num_list > 0, np.round(tmp_c_rssi_sum_list/tmp_c_rx_pkt_num_list, 1), 0.0)
/home/arimoto/opt/scensim_env/scenargie_simulator/2.2/scenarios_linux/srm_interference/commandline/./script/interference_2pan_plot_results.py:893: RuntimeWarning: invalid value encountered in divide
  tmp_c_rssi_ave_list = np.where(tmp_c_rx_pkt_num_list > 0, np.round(tmp_c_rssi_sum_list/tmp_c_rx_pkt_num_list, 1), 0.0)
/home/arimoto/opt/scensim_env/scenargie_simulator/2.2/scenarios_linux/srm_interference/commandline/./script/interference_2pan_plot_results.py:893: RuntimeWarning: invalid value encountered in divide
  tmp_c_rssi_ave_list = np.where(tmp_c_rx_pkt_num_list > 0, np.round(tmp_c_rssi_sum_list/tmp_c_rx_pkt_num_list, 1), 0.0)
/home/arimoto/opt/scensim_env/scenargie_simulator/2.2/scenarios_linux/srm_interference/commandline/./script/interference_2pan_plot_results.py:893: RuntimeWarning: invalid value encountered in divide
  tmp_c_rssi_ave_list = np.where(tmp_c_rx_pkt_num_list > 0, np.round(tmp_c_rssi_sum_list/tmp_c_rx_pkt_num_list, 1), 0.0)
/home/arimoto/opt/scensim_env/scenargie_simulator/2.2/scenarios_linux/srm_interference/commandline/./script/interference_2pan_plot_results.py:893: RuntimeWarning: invalid value encountered in divide
  tmp_c_rssi_ave_list = np.where(tmp_c_rx_pkt_num_list > 0, np.round(tmp_c_rssi_sum_list/tmp_c_rx_pkt_num_list, 1), 0.0)
/home/arimoto/opt/scensim_env/scenargie_simulator/2.2/scenarios_linux/srm_interference/commandline/./script/interference_2pan_plot_results.py:893: RuntimeWarning: invalid value encountered in divide
  tmp_c_rssi_ave_list = np.where(tmp_c_rx_pkt_num_list > 0, np.round(tmp_c_rssi_sum_list/tmp_c_rx_pkt_num_list, 1), 0.0)
/home/arimoto/opt/scensim_env/scenargie_simulator/2.2/scenarios_linux/srm_interference/commandline/./script/interference_2pan_plot_results.py:893: RuntimeWarning: invalid value encountered in divide
  tmp_c_rssi_ave_list = np.where(tmp_c_rx_pkt_num_list > 0, np.round(tmp_c_rssi_sum_list/tmp_c_rx_pkt_num_list, 1), 0.0)
/home/arimoto/opt/scensim_env/scenargie_simulator/2.2/scenarios_linux/srm_interference/commandline/./script/interference_2pan_plot_results.py:893: RuntimeWarning: invalid value encountered in divide
  tmp_c_rssi_ave_list = np.where(tmp_c_rx_pkt_num_list > 0, np.round(tmp_c_rssi_sum_list/tmp_c_rx_pkt_num_list, 1), 0.0)
/home/arimoto/opt/scensim_env/scenargie_simulator/2.2/scenarios_linux/srm_interference/commandline/./script/interference_2pan_plot_results.py:893: RuntimeWarning: invalid value encountered in divide
  tmp_c_rssi_ave_list = np.where(tmp_c_rx_pkt_num_list > 0, np.round(tmp_c_rssi_sum_list/tmp_c_rx_pkt_num_list, 1), 0.0)
/home/arimoto/opt/scensim_env/scenargie_simulator/2.2/scenarios_linux/srm_interference/commandline/./script/interference_2pan_plot_results.py:893: RuntimeWarning: invalid value encountered in divide
  tmp_c_rssi_ave_list = np.where(tmp_c_rx_pkt_num_list > 0, np.round(tmp_c_rssi_sum_list/tmp_c_rx_pkt_num_list, 1), 0.0)
/home/arimoto/opt/scensim_env/scenargie_simulator/2.2/scenarios_linux/srm_interference/commandline/./script/interference_2pan_plot_results.py:893: RuntimeWarning: invalid value encountered in divide
  tmp_c_rssi_ave_list = np.where(tmp_c_rx_pkt_num_list > 0, np.round(tmp_c_rssi_sum_list/tmp_c_rx_pkt_num_list, 1), 0.0)
/home/arimoto/opt/scensim_env/scenargie_simulator/2.2/scenarios_linux/srm_interference/commandline/./script/interference_2pan_plot_results.py:893: RuntimeWarning: invalid value encountered in divide
  tmp_c_rssi_ave_list = np.where(tmp_c_rx_pkt_num_list > 0, np.round(tmp_c_rssi_sum_list/tmp_c_rx_pkt_num_list, 1), 0.0)
/home/arimoto/opt/scensim_env/scenargie_simulator/2.2/scenarios_linux/srm_interference/commandline/./script/interference_2pan_plot_results.py:893: RuntimeWarning: invalid value encountered in divide
  tmp_c_rssi_ave_list = np.where(tmp_c_rx_pkt_num_list > 0, np.round(tmp_c_rssi_sum_list/tmp_c_rx_pkt_num_list, 1), 0.0)
/home/arimoto/opt/scensim_env/scenargie_simulator/2.2/scenarios_linux/srm_interference/commandline/./script/interference_2pan_plot_results.py:893: RuntimeWarning: invalid value encountered in divide
  tmp_c_rssi_ave_list = np.where(tmp_c_rx_pkt_num_list > 0, np.round(tmp_c_rssi_sum_list/tmp_c_rx_pkt_num_list, 1), 0.0)
/home/arimoto/opt/scensim_env/scenargie_simulator/2.2/scenarios_linux/srm_interference/commandline/./script/interference_2pan_plot_results.py:893: RuntimeWarning: invalid value encountered in divide
  tmp_c_rssi_ave_list = np.where(tmp_c_rx_pkt_num_list > 0, np.round(tmp_c_rssi_sum_list/tmp_c_rx_pkt_num_list, 1), 0.0)
/home/arimoto/opt/scensim_env/scenargie_simulator/2.2/scenarios_linux/srm_interference/commandline/./script/interference_2pan_plot_results.py:893: RuntimeWarning: invalid value encountered in divide
  tmp_c_rssi_ave_list = np.where(tmp_c_rx_pkt_num_list > 0, np.round(tmp_c_rssi_sum_list/tmp_c_rx_pkt_num_list, 1), 0.0)
/home/arimoto/opt/scensim_env/scenargie_simulator/2.2/scenarios_linux/srm_interference/commandline/./script/interference_2pan_plot_results.py:893: RuntimeWarning: invalid value encountered in divide
  tmp_c_rssi_ave_list = np.where(tmp_c_rx_pkt_num_list > 0, np.round(tmp_c_rssi_sum_list/tmp_c_rx_pkt_num_list, 1), 0.0)
/home/arimoto/opt/scensim_env/scenargie_simulator/2.2/scenarios_linux/srm_interference/commandline/./script/interference_2pan_plot_results.py:893: RuntimeWarning: invalid value encountered in divide
  tmp_c_rssi_ave_list = np.where(tmp_c_rx_pkt_num_list > 0, np.round(tmp_c_rssi_sum_list/tmp_c_rx_pkt_num_list, 1), 0.0)
/home/arimoto/opt/scensim_env/scenargie_simulator/2.2/scenarios_linux/srm_interference/commandline/./script/interference_2pan_plot_results.py:893: RuntimeWarning: invalid value encountered in divide
  tmp_c_rssi_ave_list = np.where(tmp_c_rx_pkt_num_list > 0, np.round(tmp_c_rssi_sum_list/tmp_c_rx_pkt_num_list, 1), 0.0)
/home/arimoto/opt/scensim_env/scenargie_simulator/2.2/scenarios_linux/srm_interference/commandline/./script/interference_2pan_plot_results.py:893: RuntimeWarning: invalid value encountered in divide
  tmp_c_rssi_ave_list = np.where(tmp_c_rx_pkt_num_list > 0, np.round(tmp_c_rssi_sum_list/tmp_c_rx_pkt_num_list, 1), 0.0)
/home/arimoto/opt/scensim_env/scenargie_simulator/2.2/scenarios_linux/srm_interference/commandline/./script/interference_2pan_plot_results.py:893: RuntimeWarning: invalid value encountered in divide
  tmp_c_rssi_ave_list = np.where(tmp_c_rx_pkt_num_list > 0, np.round(tmp_c_rssi_sum_list/tmp_c_rx_pkt_num_list, 1), 0.0)
/home/arimoto/opt/scensim_env/scenargie_simulator/2.2/scenarios_linux/srm_interference/commandline/./script/interference_2pan_plot_results.py:893: RuntimeWarning: invalid value encountered in divide
  tmp_c_rssi_ave_list = np.where(tmp_c_rx_pkt_num_list > 0, np.round(tmp_c_rssi_sum_list/tmp_c_rx_pkt_num_list, 1), 0.0)
/home/arimoto/opt/scensim_env/scenargie_simulator/2.2/scenarios_linux/srm_interference/commandline/./script/interference_2pan_plot_results.py:893: RuntimeWarning: invalid value encountered in divide
  tmp_c_rssi_ave_list = np.where(tmp_c_rx_pkt_num_list > 0, np.round(tmp_c_rssi_sum_list/tmp_c_rx_pkt_num_list, 1), 0.0)
/home/arimoto/opt/scensim_env/scenargie_simulator/2.2/scenarios_linux/srm_interference/commandline/./script/interference_2pan_plot_results.py:893: RuntimeWarning: invalid value encountered in divide
  tmp_c_rssi_ave_list = np.where(tmp_c_rx_pkt_num_list > 0, np.round(tmp_c_rssi_sum_list/tmp_c_rx_pkt_num_list, 1), 0.0)
/home/arimoto/opt/scensim_env/scenargie_simulator/2.2/scenarios_linux/srm_interference/commandline/./script/interference_2pan_plot_results.py:893: RuntimeWarning: invalid value encountered in divide
  tmp_c_rssi_ave_list = np.where(tmp_c_rx_pkt_num_list > 0, np.round(tmp_c_rssi_sum_list/tmp_c_rx_pkt_num_list, 1), 0.0)
/home/arimoto/opt/scensim_env/scenargie_simulator/2.2/scenarios_linux/srm_interference/commandline/./script/interference_2pan_plot_results.py:893: RuntimeWarning: invalid value encountered in divide
  tmp_c_rssi_ave_list = np.where(tmp_c_rx_pkt_num_list > 0, np.round(tmp_c_rssi_sum_list/tmp_c_rx_pkt_num_list, 1), 0.0)
start off_load_pan1/pan2: 0.3 / 1.0
Found 100 stat files to process.
Found 100 trace files to process.
Found 100 pos files to process.
/home/arimoto/opt/scensim_env/scenargie_simulator/2.2/scenarios_linux/srm_interference/commandline/./script/interference_2pan_plot_results.py:893: RuntimeWarning: invalid value encountered in divide
  tmp_c_rssi_ave_list = np.where(tmp_c_rx_pkt_num_list > 0, np.round(tmp_c_rssi_sum_list/tmp_c_rx_pkt_num_list, 1), 0.0)
/home/arimoto/opt/scensim_env/scenargie_simulator/2.2/scenarios_linux/srm_interference/commandline/./script/interference_2pan_plot_results.py:893: RuntimeWarning: invalid value encountered in divide
  tmp_c_rssi_ave_list = np.where(tmp_c_rx_pkt_num_list > 0, np.round(tmp_c_rssi_sum_list/tmp_c_rx_pkt_num_list, 1), 0.0)
/home/arimoto/opt/scensim_env/scenargie_simulator/2.2/scenarios_linux/srm_interference/commandline/./script/interference_2pan_plot_results.py:893: RuntimeWarning: invalid value encountered in divide
  tmp_c_rssi_ave_list = np.where(tmp_c_rx_pkt_num_list > 0, np.round(tmp_c_rssi_sum_list/tmp_c_rx_pkt_num_list, 1), 0.0)
/home/arimoto/opt/scensim_env/scenargie_simulator/2.2/scenarios_linux/srm_interference/commandline/./script/interference_2pan_plot_results.py:893: RuntimeWarning: invalid value encountered in divide
  tmp_c_rssi_ave_list = np.where(tmp_c_rx_pkt_num_list > 0, np.round(tmp_c_rssi_sum_list/tmp_c_rx_pkt_num_list, 1), 0.0)
/home/arimoto/opt/scensim_env/scenargie_simulator/2.2/scenarios_linux/srm_interference/commandline/./script/interference_2pan_plot_results.py:893: RuntimeWarning: invalid value encountered in divide
  tmp_c_rssi_ave_list = np.where(tmp_c_rx_pkt_num_list > 0, np.round(tmp_c_rssi_sum_list/tmp_c_rx_pkt_num_list, 1), 0.0)
/home/arimoto/opt/scensim_env/scenargie_simulator/2.2/scenarios_linux/srm_interference/commandline/./script/interference_2pan_plot_results.py:893: RuntimeWarning: invalid value encountered in divide
  tmp_c_rssi_ave_list = np.where(tmp_c_rx_pkt_num_list > 0, np.round(tmp_c_rssi_sum_list/tmp_c_rx_pkt_num_list, 1), 0.0)
/home/arimoto/opt/scensim_env/scenargie_simulator/2.2/scenarios_linux/srm_interference/commandline/./script/interference_2pan_plot_results.py:893: RuntimeWarning: invalid value encountered in divide
  tmp_c_rssi_ave_list = np.where(tmp_c_rx_pkt_num_list > 0, np.round(tmp_c_rssi_sum_list/tmp_c_rx_pkt_num_list, 1), 0.0)
/home/arimoto/opt/scensim_env/scenargie_simulator/2.2/scenarios_linux/srm_interference/commandline/./script/interference_2pan_plot_results.py:893: RuntimeWarning: invalid value encountered in divide
  tmp_c_rssi_ave_list = np.where(tmp_c_rx_pkt_num_list > 0, np.round(tmp_c_rssi_sum_list/tmp_c_rx_pkt_num_list, 1), 0.0)
/home/arimoto/opt/scensim_env/scenargie_simulator/2.2/scenarios_linux/srm_interference/commandline/./script/interference_2pan_plot_results.py:893: RuntimeWarning: invalid value encountered in divide
  tmp_c_rssi_ave_list = np.where(tmp_c_rx_pkt_num_list > 0, np.round(tmp_c_rssi_sum_list/tmp_c_rx_pkt_num_list, 1), 0.0)
/home/arimoto/opt/scensim_env/scenargie_simulator/2.2/scenarios_linux/srm_interference/commandline/./script/interference_2pan_plot_results.py:893: RuntimeWarning: invalid value encountered in divide
  tmp_c_rssi_ave_list = np.where(tmp_c_rx_pkt_num_list > 0, np.round(tmp_c_rssi_sum_list/tmp_c_rx_pkt_num_list, 1), 0.0)
/home/arimoto/opt/scensim_env/scenargie_simulator/2.2/scenarios_linux/srm_interference/commandline/./script/interference_2pan_plot_results.py:893: RuntimeWarning: invalid value encountered in divide
  tmp_c_rssi_ave_list = np.where(tmp_c_rx_pkt_num_list > 0, np.round(tmp_c_rssi_sum_list/tmp_c_rx_pkt_num_list, 1), 0.0)
/home/arimoto/opt/scensim_env/scenargie_simulator/2.2/scenarios_linux/srm_interference/commandline/./script/interference_2pan_plot_results.py:893: RuntimeWarning: invalid value encountered in divide
  tmp_c_rssi_ave_list = np.where(tmp_c_rx_pkt_num_list > 0, np.round(tmp_c_rssi_sum_list/tmp_c_rx_pkt_num_list, 1), 0.0)
/home/arimoto/opt/scensim_env/scenargie_simulator/2.2/scenarios_linux/srm_interference/commandline/./script/interference_2pan_plot_results.py:893: RuntimeWarning: invalid value encountered in divide
  tmp_c_rssi_ave_list = np.where(tmp_c_rx_pkt_num_list > 0, np.round(tmp_c_rssi_sum_list/tmp_c_rx_pkt_num_list, 1), 0.0)
/home/arimoto/opt/scensim_env/scenargie_simulator/2.2/scenarios_linux/srm_interference/commandline/./script/interference_2pan_plot_results.py:893: RuntimeWarning: invalid value encountered in divide
  tmp_c_rssi_ave_list = np.where(tmp_c_rx_pkt_num_list > 0, np.round(tmp_c_rssi_sum_list/tmp_c_rx_pkt_num_list, 1), 0.0)
/home/arimoto/opt/scensim_env/scenargie_simulator/2.2/scenarios_linux/srm_interference/commandline/./script/interference_2pan_plot_results.py:893: RuntimeWarning: invalid value encountered in divide
  tmp_c_rssi_ave_list = np.where(tmp_c_rx_pkt_num_list > 0, np.round(tmp_c_rssi_sum_list/tmp_c_rx_pkt_num_list, 1), 0.0)
/home/arimoto/opt/scensim_env/scenargie_simulator/2.2/scenarios_linux/srm_interference/commandline/./script/interference_2pan_plot_results.py:893: RuntimeWarning: invalid value encountered in divide
  tmp_c_rssi_ave_list = np.where(tmp_c_rx_pkt_num_list > 0, np.round(tmp_c_rssi_sum_list/tmp_c_rx_pkt_num_list, 1), 0.0)
/home/arimoto/opt/scensim_env/scenargie_simulator/2.2/scenarios_linux/srm_interference/commandline/./script/interference_2pan_plot_results.py:893: RuntimeWarning: invalid value encountered in divide
  tmp_c_rssi_ave_list = np.where(tmp_c_rx_pkt_num_list > 0, np.round(tmp_c_rssi_sum_list/tmp_c_rx_pkt_num_list, 1), 0.0)
/home/arimoto/opt/scensim_env/scenargie_simulator/2.2/scenarios_linux/srm_interference/commandline/./script/interference_2pan_plot_results.py:893: RuntimeWarning: invalid value encountered in divide
  tmp_c_rssi_ave_list = np.where(tmp_c_rx_pkt_num_list > 0, np.round(tmp_c_rssi_sum_list/tmp_c_rx_pkt_num_list, 1), 0.0)
/home/arimoto/opt/scensim_env/scenargie_simulator/2.2/scenarios_linux/srm_interference/commandline/./script/interference_2pan_plot_results.py:893: RuntimeWarning: invalid value encountered in divide
  tmp_c_rssi_ave_list = np.where(tmp_c_rx_pkt_num_list > 0, np.round(tmp_c_rssi_sum_list/tmp_c_rx_pkt_num_list, 1), 0.0)
/home/arimoto/opt/scensim_env/scenargie_simulator/2.2/scenarios_linux/srm_interference/commandline/./script/interference_2pan_plot_results.py:893: RuntimeWarning: invalid value encountered in divide
  tmp_c_rssi_ave_list = np.where(tmp_c_rx_pkt_num_list > 0, np.round(tmp_c_rssi_sum_list/tmp_c_rx_pkt_num_list, 1), 0.0)
/home/arimoto/opt/scensim_env/scenargie_simulator/2.2/scenarios_linux/srm_interference/commandline/./script/interference_2pan_plot_results.py:893: RuntimeWarning: invalid value encountered in divide
  tmp_c_rssi_ave_list = np.where(tmp_c_rx_pkt_num_list > 0, np.round(tmp_c_rssi_sum_list/tmp_c_rx_pkt_num_list, 1), 0.0)
/home/arimoto/opt/scensim_env/scenargie_simulator/2.2/scenarios_linux/srm_interference/commandline/./script/interference_2pan_plot_results.py:893: RuntimeWarning: invalid value encountered in divide
  tmp_c_rssi_ave_list = np.where(tmp_c_rx_pkt_num_list > 0, np.round(tmp_c_rssi_sum_list/tmp_c_rx_pkt_num_list, 1), 0.0)
/home/arimoto/opt/scensim_env/scenargie_simulator/2.2/scenarios_linux/srm_interference/commandline/./script/interference_2pan_plot_results.py:893: RuntimeWarning: invalid value encountered in divide
  tmp_c_rssi_ave_list = np.where(tmp_c_rx_pkt_num_list > 0, np.round(tmp_c_rssi_sum_list/tmp_c_rx_pkt_num_list, 1), 0.0)
/home/arimoto/opt/scensim_env/scenargie_simulator/2.2/scenarios_linux/srm_interference/commandline/./script/interference_2pan_plot_results.py:893: RuntimeWarning: invalid value encountered in divide
  tmp_c_rssi_ave_list = np.where(tmp_c_rx_pkt_num_list > 0, np.round(tmp_c_rssi_sum_list/tmp_c_rx_pkt_num_list, 1), 0.0)
/home/arimoto/opt/scensim_env/scenargie_simulator/2.2/scenarios_linux/srm_interference/commandline/./script/interference_2pan_plot_results.py:893: RuntimeWarning: invalid value encountered in divide
  tmp_c_rssi_ave_list = np.where(tmp_c_rx_pkt_num_list > 0, np.round(tmp_c_rssi_sum_list/tmp_c_rx_pkt_num_list, 1), 0.0)
/home/arimoto/opt/scensim_env/scenargie_simulator/2.2/scenarios_linux/srm_interference/commandline/./script/interference_2pan_plot_results.py:893: RuntimeWarning: invalid value encountered in divide
  tmp_c_rssi_ave_list = np.where(tmp_c_rx_pkt_num_list > 0, np.round(tmp_c_rssi_sum_list/tmp_c_rx_pkt_num_list, 1), 0.0)
/home/arimoto/opt/scensim_env/scenargie_simulator/2.2/scenarios_linux/srm_interference/commandline/./script/interference_2pan_plot_results.py:893: RuntimeWarning: invalid value encountered in divide
  tmp_c_rssi_ave_list = np.where(tmp_c_rx_pkt_num_list > 0, np.round(tmp_c_rssi_sum_list/tmp_c_rx_pkt_num_list, 1), 0.0)
/home/arimoto/opt/scensim_env/scenargie_simulator/2.2/scenarios_linux/srm_interference/commandline/./script/interference_2pan_plot_results.py:893: RuntimeWarning: invalid value encountered in divide
  tmp_c_rssi_ave_list = np.where(tmp_c_rx_pkt_num_list > 0, np.round(tmp_c_rssi_sum_list/tmp_c_rx_pkt_num_list, 1), 0.0)
/home/arimoto/opt/scensim_env/scenargie_simulator/2.2/scenarios_linux/srm_interference/commandline/./script/interference_2pan_plot_results.py:893: RuntimeWarning: invalid value encountered in divide
  tmp_c_rssi_ave_list = np.where(tmp_c_rx_pkt_num_list > 0, np.round(tmp_c_rssi_sum_list/tmp_c_rx_pkt_num_list, 1), 0.0)
/home/arimoto/opt/scensim_env/scenargie_simulator/2.2/scenarios_linux/srm_interference/commandline/./script/interference_2pan_plot_results.py:893: RuntimeWarning: invalid value encountered in divide
  tmp_c_rssi_ave_list = np.where(tmp_c_rx_pkt_num_list > 0, np.round(tmp_c_rssi_sum_list/tmp_c_rx_pkt_num_list, 1), 0.0)
/home/arimoto/opt/scensim_env/scenargie_simulator/2.2/scenarios_linux/srm_interference/commandline/./script/interference_2pan_plot_results.py:893: RuntimeWarning: invalid value encountered in divide
  tmp_c_rssi_ave_list = np.where(tmp_c_rx_pkt_num_list > 0, np.round(tmp_c_rssi_sum_list/tmp_c_rx_pkt_num_list, 1), 0.0)
/home/arimoto/opt/scensim_env/scenargie_simulator/2.2/scenarios_linux/srm_interference/commandline/./script/interference_2pan_plot_results.py:893: RuntimeWarning: invalid value encountered in divide
  tmp_c_rssi_ave_list = np.where(tmp_c_rx_pkt_num_list > 0, np.round(tmp_c_rssi_sum_list/tmp_c_rx_pkt_num_list, 1), 0.0)
start off_load_pan1/pan2: 0.4 / 1.0
Found 100 stat files to process.
Found 100 trace files to process.
Found 100 pos files to process.
/home/arimoto/opt/scensim_env/scenargie_simulator/2.2/scenarios_linux/srm_interference/commandline/./script/interference_2pan_plot_results.py:893: RuntimeWarning: invalid value encountered in divide
  tmp_c_rssi_ave_list = np.where(tmp_c_rx_pkt_num_list > 0, np.round(tmp_c_rssi_sum_list/tmp_c_rx_pkt_num_list, 1), 0.0)
/home/arimoto/opt/scensim_env/scenargie_simulator/2.2/scenarios_linux/srm_interference/commandline/./script/interference_2pan_plot_results.py:893: RuntimeWarning: invalid value encountered in divide
  tmp_c_rssi_ave_list = np.where(tmp_c_rx_pkt_num_list > 0, np.round(tmp_c_rssi_sum_list/tmp_c_rx_pkt_num_list, 1), 0.0)
/home/arimoto/opt/scensim_env/scenargie_simulator/2.2/scenarios_linux/srm_interference/commandline/./script/interference_2pan_plot_results.py:893: RuntimeWarning: invalid value encountered in divide
  tmp_c_rssi_ave_list = np.where(tmp_c_rx_pkt_num_list > 0, np.round(tmp_c_rssi_sum_list/tmp_c_rx_pkt_num_list, 1), 0.0)
/home/arimoto/opt/scensim_env/scenargie_simulator/2.2/scenarios_linux/srm_interference/commandline/./script/interference_2pan_plot_results.py:893: RuntimeWarning: invalid value encountered in divide
  tmp_c_rssi_ave_list = np.where(tmp_c_rx_pkt_num_list > 0, np.round(tmp_c_rssi_sum_list/tmp_c_rx_pkt_num_list, 1), 0.0)
/home/arimoto/opt/scensim_env/scenargie_simulator/2.2/scenarios_linux/srm_interference/commandline/./script/interference_2pan_plot_results.py:893: RuntimeWarning: invalid value encountered in divide
  tmp_c_rssi_ave_list = np.where(tmp_c_rx_pkt_num_list > 0, np.round(tmp_c_rssi_sum_list/tmp_c_rx_pkt_num_list, 1), 0.0)
/home/arimoto/opt/scensim_env/scenargie_simulator/2.2/scenarios_linux/srm_interference/commandline/./script/interference_2pan_plot_results.py:893: RuntimeWarning: invalid value encountered in divide
  tmp_c_rssi_ave_list = np.where(tmp_c_rx_pkt_num_list > 0, np.round(tmp_c_rssi_sum_list/tmp_c_rx_pkt_num_list, 1), 0.0)
/home/arimoto/opt/scensim_env/scenargie_simulator/2.2/scenarios_linux/srm_interference/commandline/./script/interference_2pan_plot_results.py:893: RuntimeWarning: invalid value encountered in divide
  tmp_c_rssi_ave_list = np.where(tmp_c_rx_pkt_num_list > 0, np.round(tmp_c_rssi_sum_list/tmp_c_rx_pkt_num_list, 1), 0.0)
/home/arimoto/opt/scensim_env/scenargie_simulator/2.2/scenarios_linux/srm_interference/commandline/./script/interference_2pan_plot_results.py:893: RuntimeWarning: invalid value encountered in divide
  tmp_c_rssi_ave_list = np.where(tmp_c_rx_pkt_num_list > 0, np.round(tmp_c_rssi_sum_list/tmp_c_rx_pkt_num_list, 1), 0.0)
/home/arimoto/opt/scensim_env/scenargie_simulator/2.2/scenarios_linux/srm_interference/commandline/./script/interference_2pan_plot_results.py:893: RuntimeWarning: invalid value encountered in divide
  tmp_c_rssi_ave_list = np.where(tmp_c_rx_pkt_num_list > 0, np.round(tmp_c_rssi_sum_list/tmp_c_rx_pkt_num_list, 1), 0.0)
/home/arimoto/opt/scensim_env/scenargie_simulator/2.2/scenarios_linux/srm_interference/commandline/./script/interference_2pan_plot_results.py:893: RuntimeWarning: invalid value encountered in divide
  tmp_c_rssi_ave_list = np.where(tmp_c_rx_pkt_num_list > 0, np.round(tmp_c_rssi_sum_list/tmp_c_rx_pkt_num_list, 1), 0.0)
/home/arimoto/opt/scensim_env/scenargie_simulator/2.2/scenarios_linux/srm_interference/commandline/./script/interference_2pan_plot_results.py:893: RuntimeWarning: invalid value encountered in divide
  tmp_c_rssi_ave_list = np.where(tmp_c_rx_pkt_num_list > 0, np.round(tmp_c_rssi_sum_list/tmp_c_rx_pkt_num_list, 1), 0.0)
/home/arimoto/opt/scensim_env/scenargie_simulator/2.2/scenarios_linux/srm_interference/commandline/./script/interference_2pan_plot_results.py:893: RuntimeWarning: invalid value encountered in divide
  tmp_c_rssi_ave_list = np.where(tmp_c_rx_pkt_num_list > 0, np.round(tmp_c_rssi_sum_list/tmp_c_rx_pkt_num_list, 1), 0.0)
/home/arimoto/opt/scensim_env/scenargie_simulator/2.2/scenarios_linux/srm_interference/commandline/./script/interference_2pan_plot_results.py:893: RuntimeWarning: invalid value encountered in divide
  tmp_c_rssi_ave_list = np.where(tmp_c_rx_pkt_num_list > 0, np.round(tmp_c_rssi_sum_list/tmp_c_rx_pkt_num_list, 1), 0.0)
/home/arimoto/opt/scensim_env/scenargie_simulator/2.2/scenarios_linux/srm_interference/commandline/./script/interference_2pan_plot_results.py:893: RuntimeWarning: invalid value encountered in divide
  tmp_c_rssi_ave_list = np.where(tmp_c_rx_pkt_num_list > 0, np.round(tmp_c_rssi_sum_list/tmp_c_rx_pkt_num_list, 1), 0.0)
/home/arimoto/opt/scensim_env/scenargie_simulator/2.2/scenarios_linux/srm_interference/commandline/./script/interference_2pan_plot_results.py:893: RuntimeWarning: invalid value encountered in divide
  tmp_c_rssi_ave_list = np.where(tmp_c_rx_pkt_num_list > 0, np.round(tmp_c_rssi_sum_list/tmp_c_rx_pkt_num_list, 1), 0.0)
/home/arimoto/opt/scensim_env/scenargie_simulator/2.2/scenarios_linux/srm_interference/commandline/./script/interference_2pan_plot_results.py:893: RuntimeWarning: invalid value encountered in divide
  tmp_c_rssi_ave_list = np.where(tmp_c_rx_pkt_num_list > 0, np.round(tmp_c_rssi_sum_list/tmp_c_rx_pkt_num_list, 1), 0.0)
/home/arimoto/opt/scensim_env/scenargie_simulator/2.2/scenarios_linux/srm_interference/commandline/./script/interference_2pan_plot_results.py:893: RuntimeWarning: invalid value encountered in divide
  tmp_c_rssi_ave_list = np.where(tmp_c_rx_pkt_num_list > 0, np.round(tmp_c_rssi_sum_list/tmp_c_rx_pkt_num_list, 1), 0.0)
/home/arimoto/opt/scensim_env/scenargie_simulator/2.2/scenarios_linux/srm_interference/commandline/./script/interference_2pan_plot_results.py:893: RuntimeWarning: invalid value encountered in divide
  tmp_c_rssi_ave_list = np.where(tmp_c_rx_pkt_num_list > 0, np.round(tmp_c_rssi_sum_list/tmp_c_rx_pkt_num_list, 1), 0.0)
/home/arimoto/opt/scensim_env/scenargie_simulator/2.2/scenarios_linux/srm_interference/commandline/./script/interference_2pan_plot_results.py:893: RuntimeWarning: invalid value encountered in divide
  tmp_c_rssi_ave_list = np.where(tmp_c_rx_pkt_num_list > 0, np.round(tmp_c_rssi_sum_list/tmp_c_rx_pkt_num_list, 1), 0.0)
/home/arimoto/opt/scensim_env/scenargie_simulator/2.2/scenarios_linux/srm_interference/commandline/./script/interference_2pan_plot_results.py:893: RuntimeWarning: invalid value encountered in divide
  tmp_c_rssi_ave_list = np.where(tmp_c_rx_pkt_num_list > 0, np.round(tmp_c_rssi_sum_list/tmp_c_rx_pkt_num_list, 1), 0.0)
/home/arimoto/opt/scensim_env/scenargie_simulator/2.2/scenarios_linux/srm_interference/commandline/./script/interference_2pan_plot_results.py:893: RuntimeWarning: invalid value encountered in divide
  tmp_c_rssi_ave_list = np.where(tmp_c_rx_pkt_num_list > 0, np.round(tmp_c_rssi_sum_list/tmp_c_rx_pkt_num_list, 1), 0.0)
/home/arimoto/opt/scensim_env/scenargie_simulator/2.2/scenarios_linux/srm_interference/commandline/./script/interference_2pan_plot_results.py:893: RuntimeWarning: invalid value encountered in divide
  tmp_c_rssi_ave_list = np.where(tmp_c_rx_pkt_num_list > 0, np.round(tmp_c_rssi_sum_list/tmp_c_rx_pkt_num_list, 1), 0.0)
/home/arimoto/opt/scensim_env/scenargie_simulator/2.2/scenarios_linux/srm_interference/commandline/./script/interference_2pan_plot_results.py:893: RuntimeWarning: invalid value encountered in divide
  tmp_c_rssi_ave_list = np.where(tmp_c_rx_pkt_num_list > 0, np.round(tmp_c_rssi_sum_list/tmp_c_rx_pkt_num_list, 1), 0.0)
/home/arimoto/opt/scensim_env/scenargie_simulator/2.2/scenarios_linux/srm_interference/commandline/./script/interference_2pan_plot_results.py:893: RuntimeWarning: invalid value encountered in divide
  tmp_c_rssi_ave_list = np.where(tmp_c_rx_pkt_num_list > 0, np.round(tmp_c_rssi_sum_list/tmp_c_rx_pkt_num_list, 1), 0.0)
/home/arimoto/opt/scensim_env/scenargie_simulator/2.2/scenarios_linux/srm_interference/commandline/./script/interference_2pan_plot_results.py:893: RuntimeWarning: invalid value encountered in divide
  tmp_c_rssi_ave_list = np.where(tmp_c_rx_pkt_num_list > 0, np.round(tmp_c_rssi_sum_list/tmp_c_rx_pkt_num_list, 1), 0.0)
/home/arimoto/opt/scensim_env/scenargie_simulator/2.2/scenarios_linux/srm_interference/commandline/./script/interference_2pan_plot_results.py:893: RuntimeWarning: invalid value encountered in divide
  tmp_c_rssi_ave_list = np.where(tmp_c_rx_pkt_num_list > 0, np.round(tmp_c_rssi_sum_list/tmp_c_rx_pkt_num_list, 1), 0.0)
/home/arimoto/opt/scensim_env/scenargie_simulator/2.2/scenarios_linux/srm_interference/commandline/./script/interference_2pan_plot_results.py:893: RuntimeWarning: invalid value encountered in divide
  tmp_c_rssi_ave_list = np.where(tmp_c_rx_pkt_num_list > 0, np.round(tmp_c_rssi_sum_list/tmp_c_rx_pkt_num_list, 1), 0.0)
/home/arimoto/opt/scensim_env/scenargie_simulator/2.2/scenarios_linux/srm_interference/commandline/./script/interference_2pan_plot_results.py:893: RuntimeWarning: invalid value encountered in divide
  tmp_c_rssi_ave_list = np.where(tmp_c_rx_pkt_num_list > 0, np.round(tmp_c_rssi_sum_list/tmp_c_rx_pkt_num_list, 1), 0.0)
/home/arimoto/opt/scensim_env/scenargie_simulator/2.2/scenarios_linux/srm_interference/commandline/./script/interference_2pan_plot_results.py:893: RuntimeWarning: invalid value encountered in divide
  tmp_c_rssi_ave_list = np.where(tmp_c_rx_pkt_num_list > 0, np.round(tmp_c_rssi_sum_list/tmp_c_rx_pkt_num_list, 1), 0.0)
/home/arimoto/opt/scensim_env/scenargie_simulator/2.2/scenarios_linux/srm_interference/commandline/./script/interference_2pan_plot_results.py:893: RuntimeWarning: invalid value encountered in divide
  tmp_c_rssi_ave_list = np.where(tmp_c_rx_pkt_num_list > 0, np.round(tmp_c_rssi_sum_list/tmp_c_rx_pkt_num_list, 1), 0.0)
/home/arimoto/opt/scensim_env/scenargie_simulator/2.2/scenarios_linux/srm_interference/commandline/./script/interference_2pan_plot_results.py:893: RuntimeWarning: invalid value encountered in divide
  tmp_c_rssi_ave_list = np.where(tmp_c_rx_pkt_num_list > 0, np.round(tmp_c_rssi_sum_list/tmp_c_rx_pkt_num_list, 1), 0.0)
/home/arimoto/opt/scensim_env/scenargie_simulator/2.2/scenarios_linux/srm_interference/commandline/./script/interference_2pan_plot_results.py:893: RuntimeWarning: invalid value encountered in divide
  tmp_c_rssi_ave_list = np.where(tmp_c_rx_pkt_num_list > 0, np.round(tmp_c_rssi_sum_list/tmp_c_rx_pkt_num_list, 1), 0.0)
start off_load_pan1/pan2: 0.5 / 1.0
Found 100 stat files to process.
Found 100 trace files to process.
Found 100 pos files to process.
/home/arimoto/opt/scensim_env/scenargie_simulator/2.2/scenarios_linux/srm_interference/commandline/./script/interference_2pan_plot_results.py:893: RuntimeWarning: invalid value encountered in divide
  tmp_c_rssi_ave_list = np.where(tmp_c_rx_pkt_num_list > 0, np.round(tmp_c_rssi_sum_list/tmp_c_rx_pkt_num_list, 1), 0.0)
/home/arimoto/opt/scensim_env/scenargie_simulator/2.2/scenarios_linux/srm_interference/commandline/./script/interference_2pan_plot_results.py:893: RuntimeWarning: invalid value encountered in divide
  tmp_c_rssi_ave_list = np.where(tmp_c_rx_pkt_num_list > 0, np.round(tmp_c_rssi_sum_list/tmp_c_rx_pkt_num_list, 1), 0.0)
/home/arimoto/opt/scensim_env/scenargie_simulator/2.2/scenarios_linux/srm_interference/commandline/./script/interference_2pan_plot_results.py:893: RuntimeWarning: invalid value encountered in divide
  tmp_c_rssi_ave_list = np.where(tmp_c_rx_pkt_num_list > 0, np.round(tmp_c_rssi_sum_list/tmp_c_rx_pkt_num_list, 1), 0.0)
/home/arimoto/opt/scensim_env/scenargie_simulator/2.2/scenarios_linux/srm_interference/commandline/./script/interference_2pan_plot_results.py:893: RuntimeWarning: invalid value encountered in divide
  tmp_c_rssi_ave_list = np.where(tmp_c_rx_pkt_num_list > 0, np.round(tmp_c_rssi_sum_list/tmp_c_rx_pkt_num_list, 1), 0.0)
/home/arimoto/opt/scensim_env/scenargie_simulator/2.2/scenarios_linux/srm_interference/commandline/./script/interference_2pan_plot_results.py:893: RuntimeWarning: invalid value encountered in divide
  tmp_c_rssi_ave_list = np.where(tmp_c_rx_pkt_num_list > 0, np.round(tmp_c_rssi_sum_list/tmp_c_rx_pkt_num_list, 1), 0.0)
/home/arimoto/opt/scensim_env/scenargie_simulator/2.2/scenarios_linux/srm_interference/commandline/./script/interference_2pan_plot_results.py:893: RuntimeWarning: invalid value encountered in divide
  tmp_c_rssi_ave_list = np.where(tmp_c_rx_pkt_num_list > 0, np.round(tmp_c_rssi_sum_list/tmp_c_rx_pkt_num_list, 1), 0.0)
/home/arimoto/opt/scensim_env/scenargie_simulator/2.2/scenarios_linux/srm_interference/commandline/./script/interference_2pan_plot_results.py:893: RuntimeWarning: invalid value encountered in divide
  tmp_c_rssi_ave_list = np.where(tmp_c_rx_pkt_num_list > 0, np.round(tmp_c_rssi_sum_list/tmp_c_rx_pkt_num_list, 1), 0.0)
/home/arimoto/opt/scensim_env/scenargie_simulator/2.2/scenarios_linux/srm_interference/commandline/./script/interference_2pan_plot_results.py:893: RuntimeWarning: invalid value encountered in divide
  tmp_c_rssi_ave_list = np.where(tmp_c_rx_pkt_num_list > 0, np.round(tmp_c_rssi_sum_list/tmp_c_rx_pkt_num_list, 1), 0.0)
/home/arimoto/opt/scensim_env/scenargie_simulator/2.2/scenarios_linux/srm_interference/commandline/./script/interference_2pan_plot_results.py:893: RuntimeWarning: invalid value encountered in divide
  tmp_c_rssi_ave_list = np.where(tmp_c_rx_pkt_num_list > 0, np.round(tmp_c_rssi_sum_list/tmp_c_rx_pkt_num_list, 1), 0.0)
/home/arimoto/opt/scensim_env/scenargie_simulator/2.2/scenarios_linux/srm_interference/commandline/./script/interference_2pan_plot_results.py:893: RuntimeWarning: invalid value encountered in divide
  tmp_c_rssi_ave_list = np.where(tmp_c_rx_pkt_num_list > 0, np.round(tmp_c_rssi_sum_list/tmp_c_rx_pkt_num_list, 1), 0.0)
/home/arimoto/opt/scensim_env/scenargie_simulator/2.2/scenarios_linux/srm_interference/commandline/./script/interference_2pan_plot_results.py:893: RuntimeWarning: invalid value encountered in divide
  tmp_c_rssi_ave_list = np.where(tmp_c_rx_pkt_num_list > 0, np.round(tmp_c_rssi_sum_list/tmp_c_rx_pkt_num_list, 1), 0.0)
/home/arimoto/opt/scensim_env/scenargie_simulator/2.2/scenarios_linux/srm_interference/commandline/./script/interference_2pan_plot_results.py:893: RuntimeWarning: invalid value encountered in divide
  tmp_c_rssi_ave_list = np.where(tmp_c_rx_pkt_num_list > 0, np.round(tmp_c_rssi_sum_list/tmp_c_rx_pkt_num_list, 1), 0.0)
/home/arimoto/opt/scensim_env/scenargie_simulator/2.2/scenarios_linux/srm_interference/commandline/./script/interference_2pan_plot_results.py:893: RuntimeWarning: invalid value encountered in divide
  tmp_c_rssi_ave_list = np.where(tmp_c_rx_pkt_num_list > 0, np.round(tmp_c_rssi_sum_list/tmp_c_rx_pkt_num_list, 1), 0.0)
/home/arimoto/opt/scensim_env/scenargie_simulator/2.2/scenarios_linux/srm_interference/commandline/./script/interference_2pan_plot_results.py:893: RuntimeWarning: invalid value encountered in divide
  tmp_c_rssi_ave_list = np.where(tmp_c_rx_pkt_num_list > 0, np.round(tmp_c_rssi_sum_list/tmp_c_rx_pkt_num_list, 1), 0.0)
/home/arimoto/opt/scensim_env/scenargie_simulator/2.2/scenarios_linux/srm_interference/commandline/./script/interference_2pan_plot_results.py:893: RuntimeWarning: invalid value encountered in divide
  tmp_c_rssi_ave_list = np.where(tmp_c_rx_pkt_num_list > 0, np.round(tmp_c_rssi_sum_list/tmp_c_rx_pkt_num_list, 1), 0.0)
/home/arimoto/opt/scensim_env/scenargie_simulator/2.2/scenarios_linux/srm_interference/commandline/./script/interference_2pan_plot_results.py:893: RuntimeWarning: invalid value encountered in divide
  tmp_c_rssi_ave_list = np.where(tmp_c_rx_pkt_num_list > 0, np.round(tmp_c_rssi_sum_list/tmp_c_rx_pkt_num_list, 1), 0.0)
/home/arimoto/opt/scensim_env/scenargie_simulator/2.2/scenarios_linux/srm_interference/commandline/./script/interference_2pan_plot_results.py:893: RuntimeWarning: invalid value encountered in divide
  tmp_c_rssi_ave_list = np.where(tmp_c_rx_pkt_num_list > 0, np.round(tmp_c_rssi_sum_list/tmp_c_rx_pkt_num_list, 1), 0.0)
/home/arimoto/opt/scensim_env/scenargie_simulator/2.2/scenarios_linux/srm_interference/commandline/./script/interference_2pan_plot_results.py:893: RuntimeWarning: invalid value encountered in divide
  tmp_c_rssi_ave_list = np.where(tmp_c_rx_pkt_num_list > 0, np.round(tmp_c_rssi_sum_list/tmp_c_rx_pkt_num_list, 1), 0.0)
/home/arimoto/opt/scensim_env/scenargie_simulator/2.2/scenarios_linux/srm_interference/commandline/./script/interference_2pan_plot_results.py:893: RuntimeWarning: invalid value encountered in divide
  tmp_c_rssi_ave_list = np.where(tmp_c_rx_pkt_num_list > 0, np.round(tmp_c_rssi_sum_list/tmp_c_rx_pkt_num_list, 1), 0.0)
/home/arimoto/opt/scensim_env/scenargie_simulator/2.2/scenarios_linux/srm_interference/commandline/./script/interference_2pan_plot_results.py:893: RuntimeWarning: invalid value encountered in divide
  tmp_c_rssi_ave_list = np.where(tmp_c_rx_pkt_num_list > 0, np.round(tmp_c_rssi_sum_list/tmp_c_rx_pkt_num_list, 1), 0.0)
/home/arimoto/opt/scensim_env/scenargie_simulator/2.2/scenarios_linux/srm_interference/commandline/./script/interference_2pan_plot_results.py:893: RuntimeWarning: invalid value encountered in divide
  tmp_c_rssi_ave_list = np.where(tmp_c_rx_pkt_num_list > 0, np.round(tmp_c_rssi_sum_list/tmp_c_rx_pkt_num_list, 1), 0.0)
/home/arimoto/opt/scensim_env/scenargie_simulator/2.2/scenarios_linux/srm_interference/commandline/./script/interference_2pan_plot_results.py:893: RuntimeWarning: invalid value encountered in divide
  tmp_c_rssi_ave_list = np.where(tmp_c_rx_pkt_num_list > 0, np.round(tmp_c_rssi_sum_list/tmp_c_rx_pkt_num_list, 1), 0.0)
/home/arimoto/opt/scensim_env/scenargie_simulator/2.2/scenarios_linux/srm_interference/commandline/./script/interference_2pan_plot_results.py:893: RuntimeWarning: invalid value encountered in divide
  tmp_c_rssi_ave_list = np.where(tmp_c_rx_pkt_num_list > 0, np.round(tmp_c_rssi_sum_list/tmp_c_rx_pkt_num_list, 1), 0.0)
/home/arimoto/opt/scensim_env/scenargie_simulator/2.2/scenarios_linux/srm_interference/commandline/./script/interference_2pan_plot_results.py:893: RuntimeWarning: invalid value encountered in divide
  tmp_c_rssi_ave_list = np.where(tmp_c_rx_pkt_num_list > 0, np.round(tmp_c_rssi_sum_list/tmp_c_rx_pkt_num_list, 1), 0.0)
/home/arimoto/opt/scensim_env/scenargie_simulator/2.2/scenarios_linux/srm_interference/commandline/./script/interference_2pan_plot_results.py:893: RuntimeWarning: invalid value encountered in divide
  tmp_c_rssi_ave_list = np.where(tmp_c_rx_pkt_num_list > 0, np.round(tmp_c_rssi_sum_list/tmp_c_rx_pkt_num_list, 1), 0.0)
/home/arimoto/opt/scensim_env/scenargie_simulator/2.2/scenarios_linux/srm_interference/commandline/./script/interference_2pan_plot_results.py:893: RuntimeWarning: invalid value encountered in divide
  tmp_c_rssi_ave_list = np.where(tmp_c_rx_pkt_num_list > 0, np.round(tmp_c_rssi_sum_list/tmp_c_rx_pkt_num_list, 1), 0.0)
/home/arimoto/opt/scensim_env/scenargie_simulator/2.2/scenarios_linux/srm_interference/commandline/./script/interference_2pan_plot_results.py:893: RuntimeWarning: invalid value encountered in divide
  tmp_c_rssi_ave_list = np.where(tmp_c_rx_pkt_num_list > 0, np.round(tmp_c_rssi_sum_list/tmp_c_rx_pkt_num_list, 1), 0.0)
/home/arimoto/opt/scensim_env/scenargie_simulator/2.2/scenarios_linux/srm_interference/commandline/./script/interference_2pan_plot_results.py:893: RuntimeWarning: invalid value encountered in divide
  tmp_c_rssi_ave_list = np.where(tmp_c_rx_pkt_num_list > 0, np.round(tmp_c_rssi_sum_list/tmp_c_rx_pkt_num_list, 1), 0.0)
/home/arimoto/opt/scensim_env/scenargie_simulator/2.2/scenarios_linux/srm_interference/commandline/./script/interference_2pan_plot_results.py:893: RuntimeWarning: invalid value encountered in divide
  tmp_c_rssi_ave_list = np.where(tmp_c_rx_pkt_num_list > 0, np.round(tmp_c_rssi_sum_list/tmp_c_rx_pkt_num_list, 1), 0.0)
/home/arimoto/opt/scensim_env/scenargie_simulator/2.2/scenarios_linux/srm_interference/commandline/./script/interference_2pan_plot_results.py:893: RuntimeWarning: invalid value encountered in divide
  tmp_c_rssi_ave_list = np.where(tmp_c_rx_pkt_num_list > 0, np.round(tmp_c_rssi_sum_list/tmp_c_rx_pkt_num_list, 1), 0.0)
/home/arimoto/opt/scensim_env/scenargie_simulator/2.2/scenarios_linux/srm_interference/commandline/./script/interference_2pan_plot_results.py:893: RuntimeWarning: invalid value encountered in divide
  tmp_c_rssi_ave_list = np.where(tmp_c_rx_pkt_num_list > 0, np.round(tmp_c_rssi_sum_list/tmp_c_rx_pkt_num_list, 1), 0.0)
/home/arimoto/opt/scensim_env/scenargie_simulator/2.2/scenarios_linux/srm_interference/commandline/./script/interference_2pan_plot_results.py:893: RuntimeWarning: invalid value encountered in divide
  tmp_c_rssi_ave_list = np.where(tmp_c_rx_pkt_num_list > 0, np.round(tmp_c_rssi_sum_list/tmp_c_rx_pkt_num_list, 1), 0.0)
start off_load_pan1/pan2: 0.6 / 1.0
Found 100 stat files to process.
Found 100 trace files to process.
Found 100 pos files to process.
/home/arimoto/opt/scensim_env/scenargie_simulator/2.2/scenarios_linux/srm_interference/commandline/./script/interference_2pan_plot_results.py:893: RuntimeWarning: invalid value encountered in divide
  tmp_c_rssi_ave_list = np.where(tmp_c_rx_pkt_num_list > 0, np.round(tmp_c_rssi_sum_list/tmp_c_rx_pkt_num_list, 1), 0.0)
/home/arimoto/opt/scensim_env/scenargie_simulator/2.2/scenarios_linux/srm_interference/commandline/./script/interference_2pan_plot_results.py:893: RuntimeWarning: invalid value encountered in divide
  tmp_c_rssi_ave_list = np.where(tmp_c_rx_pkt_num_list > 0, np.round(tmp_c_rssi_sum_list/tmp_c_rx_pkt_num_list, 1), 0.0)
/home/arimoto/opt/scensim_env/scenargie_simulator/2.2/scenarios_linux/srm_interference/commandline/./script/interference_2pan_plot_results.py:893: RuntimeWarning: invalid value encountered in divide
  tmp_c_rssi_ave_list = np.where(tmp_c_rx_pkt_num_list > 0, np.round(tmp_c_rssi_sum_list/tmp_c_rx_pkt_num_list, 1), 0.0)
/home/arimoto/opt/scensim_env/scenargie_simulator/2.2/scenarios_linux/srm_interference/commandline/./script/interference_2pan_plot_results.py:893: RuntimeWarning: invalid value encountered in divide
  tmp_c_rssi_ave_list = np.where(tmp_c_rx_pkt_num_list > 0, np.round(tmp_c_rssi_sum_list/tmp_c_rx_pkt_num_list, 1), 0.0)
/home/arimoto/opt/scensim_env/scenargie_simulator/2.2/scenarios_linux/srm_interference/commandline/./script/interference_2pan_plot_results.py:893: RuntimeWarning: invalid value encountered in divide
  tmp_c_rssi_ave_list = np.where(tmp_c_rx_pkt_num_list > 0, np.round(tmp_c_rssi_sum_list/tmp_c_rx_pkt_num_list, 1), 0.0)
/home/arimoto/opt/scensim_env/scenargie_simulator/2.2/scenarios_linux/srm_interference/commandline/./script/interference_2pan_plot_results.py:893: RuntimeWarning: invalid value encountered in divide
  tmp_c_rssi_ave_list = np.where(tmp_c_rx_pkt_num_list > 0, np.round(tmp_c_rssi_sum_list/tmp_c_rx_pkt_num_list, 1), 0.0)
/home/arimoto/opt/scensim_env/scenargie_simulator/2.2/scenarios_linux/srm_interference/commandline/./script/interference_2pan_plot_results.py:893: RuntimeWarning: invalid value encountered in divide
  tmp_c_rssi_ave_list = np.where(tmp_c_rx_pkt_num_list > 0, np.round(tmp_c_rssi_sum_list/tmp_c_rx_pkt_num_list, 1), 0.0)
/home/arimoto/opt/scensim_env/scenargie_simulator/2.2/scenarios_linux/srm_interference/commandline/./script/interference_2pan_plot_results.py:893: RuntimeWarning: invalid value encountered in divide
  tmp_c_rssi_ave_list = np.where(tmp_c_rx_pkt_num_list > 0, np.round(tmp_c_rssi_sum_list/tmp_c_rx_pkt_num_list, 1), 0.0)
/home/arimoto/opt/scensim_env/scenargie_simulator/2.2/scenarios_linux/srm_interference/commandline/./script/interference_2pan_plot_results.py:893: RuntimeWarning: invalid value encountered in divide
  tmp_c_rssi_ave_list = np.where(tmp_c_rx_pkt_num_list > 0, np.round(tmp_c_rssi_sum_list/tmp_c_rx_pkt_num_list, 1), 0.0)
/home/arimoto/opt/scensim_env/scenargie_simulator/2.2/scenarios_linux/srm_interference/commandline/./script/interference_2pan_plot_results.py:893: RuntimeWarning: invalid value encountered in divide
  tmp_c_rssi_ave_list = np.where(tmp_c_rx_pkt_num_list > 0, np.round(tmp_c_rssi_sum_list/tmp_c_rx_pkt_num_list, 1), 0.0)
/home/arimoto/opt/scensim_env/scenargie_simulator/2.2/scenarios_linux/srm_interference/commandline/./script/interference_2pan_plot_results.py:893: RuntimeWarning: invalid value encountered in divide
  tmp_c_rssi_ave_list = np.where(tmp_c_rx_pkt_num_list > 0, np.round(tmp_c_rssi_sum_list/tmp_c_rx_pkt_num_list, 1), 0.0)
/home/arimoto/opt/scensim_env/scenargie_simulator/2.2/scenarios_linux/srm_interference/commandline/./script/interference_2pan_plot_results.py:893: RuntimeWarning: invalid value encountered in divide
  tmp_c_rssi_ave_list = np.where(tmp_c_rx_pkt_num_list > 0, np.round(tmp_c_rssi_sum_list/tmp_c_rx_pkt_num_list, 1), 0.0)
/home/arimoto/opt/scensim_env/scenargie_simulator/2.2/scenarios_linux/srm_interference/commandline/./script/interference_2pan_plot_results.py:893: RuntimeWarning: invalid value encountered in divide
  tmp_c_rssi_ave_list = np.where(tmp_c_rx_pkt_num_list > 0, np.round(tmp_c_rssi_sum_list/tmp_c_rx_pkt_num_list, 1), 0.0)
/home/arimoto/opt/scensim_env/scenargie_simulator/2.2/scenarios_linux/srm_interference/commandline/./script/interference_2pan_plot_results.py:893: RuntimeWarning: invalid value encountered in divide
  tmp_c_rssi_ave_list = np.where(tmp_c_rx_pkt_num_list > 0, np.round(tmp_c_rssi_sum_list/tmp_c_rx_pkt_num_list, 1), 0.0)
/home/arimoto/opt/scensim_env/scenargie_simulator/2.2/scenarios_linux/srm_interference/commandline/./script/interference_2pan_plot_results.py:893: RuntimeWarning: invalid value encountered in divide
  tmp_c_rssi_ave_list = np.where(tmp_c_rx_pkt_num_list > 0, np.round(tmp_c_rssi_sum_list/tmp_c_rx_pkt_num_list, 1), 0.0)
/home/arimoto/opt/scensim_env/scenargie_simulator/2.2/scenarios_linux/srm_interference/commandline/./script/interference_2pan_plot_results.py:893: RuntimeWarning: invalid value encountered in divide
  tmp_c_rssi_ave_list = np.where(tmp_c_rx_pkt_num_list > 0, np.round(tmp_c_rssi_sum_list/tmp_c_rx_pkt_num_list, 1), 0.0)
/home/arimoto/opt/scensim_env/scenargie_simulator/2.2/scenarios_linux/srm_interference/commandline/./script/interference_2pan_plot_results.py:893: RuntimeWarning: invalid value encountered in divide
  tmp_c_rssi_ave_list = np.where(tmp_c_rx_pkt_num_list > 0, np.round(tmp_c_rssi_sum_list/tmp_c_rx_pkt_num_list, 1), 0.0)
/home/arimoto/opt/scensim_env/scenargie_simulator/2.2/scenarios_linux/srm_interference/commandline/./script/interference_2pan_plot_results.py:893: RuntimeWarning: invalid value encountered in divide
  tmp_c_rssi_ave_list = np.where(tmp_c_rx_pkt_num_list > 0, np.round(tmp_c_rssi_sum_list/tmp_c_rx_pkt_num_list, 1), 0.0)
/home/arimoto/opt/scensim_env/scenargie_simulator/2.2/scenarios_linux/srm_interference/commandline/./script/interference_2pan_plot_results.py:893: RuntimeWarning: invalid value encountered in divide
  tmp_c_rssi_ave_list = np.where(tmp_c_rx_pkt_num_list > 0, np.round(tmp_c_rssi_sum_list/tmp_c_rx_pkt_num_list, 1), 0.0)
/home/arimoto/opt/scensim_env/scenargie_simulator/2.2/scenarios_linux/srm_interference/commandline/./script/interference_2pan_plot_results.py:893: RuntimeWarning: invalid value encountered in divide
  tmp_c_rssi_ave_list = np.where(tmp_c_rx_pkt_num_list > 0, np.round(tmp_c_rssi_sum_list/tmp_c_rx_pkt_num_list, 1), 0.0)
/home/arimoto/opt/scensim_env/scenargie_simulator/2.2/scenarios_linux/srm_interference/commandline/./script/interference_2pan_plot_results.py:893: RuntimeWarning: invalid value encountered in divide
  tmp_c_rssi_ave_list = np.where(tmp_c_rx_pkt_num_list > 0, np.round(tmp_c_rssi_sum_list/tmp_c_rx_pkt_num_list, 1), 0.0)
/home/arimoto/opt/scensim_env/scenargie_simulator/2.2/scenarios_linux/srm_interference/commandline/./script/interference_2pan_plot_results.py:893: RuntimeWarning: invalid value encountered in divide
  tmp_c_rssi_ave_list = np.where(tmp_c_rx_pkt_num_list > 0, np.round(tmp_c_rssi_sum_list/tmp_c_rx_pkt_num_list, 1), 0.0)
/home/arimoto/opt/scensim_env/scenargie_simulator/2.2/scenarios_linux/srm_interference/commandline/./script/interference_2pan_plot_results.py:893: RuntimeWarning: invalid value encountered in divide
  tmp_c_rssi_ave_list = np.where(tmp_c_rx_pkt_num_list > 0, np.round(tmp_c_rssi_sum_list/tmp_c_rx_pkt_num_list, 1), 0.0)
/home/arimoto/opt/scensim_env/scenargie_simulator/2.2/scenarios_linux/srm_interference/commandline/./script/interference_2pan_plot_results.py:893: RuntimeWarning: invalid value encountered in divide
  tmp_c_rssi_ave_list = np.where(tmp_c_rx_pkt_num_list > 0, np.round(tmp_c_rssi_sum_list/tmp_c_rx_pkt_num_list, 1), 0.0)
/home/arimoto/opt/scensim_env/scenargie_simulator/2.2/scenarios_linux/srm_interference/commandline/./script/interference_2pan_plot_results.py:893: RuntimeWarning: invalid value encountered in divide
  tmp_c_rssi_ave_list = np.where(tmp_c_rx_pkt_num_list > 0, np.round(tmp_c_rssi_sum_list/tmp_c_rx_pkt_num_list, 1), 0.0)
/home/arimoto/opt/scensim_env/scenargie_simulator/2.2/scenarios_linux/srm_interference/commandline/./script/interference_2pan_plot_results.py:893: RuntimeWarning: invalid value encountered in divide
  tmp_c_rssi_ave_list = np.where(tmp_c_rx_pkt_num_list > 0, np.round(tmp_c_rssi_sum_list/tmp_c_rx_pkt_num_list, 1), 0.0)
/home/arimoto/opt/scensim_env/scenargie_simulator/2.2/scenarios_linux/srm_interference/commandline/./script/interference_2pan_plot_results.py:893: RuntimeWarning: invalid value encountered in divide
  tmp_c_rssi_ave_list = np.where(tmp_c_rx_pkt_num_list > 0, np.round(tmp_c_rssi_sum_list/tmp_c_rx_pkt_num_list, 1), 0.0)
/home/arimoto/opt/scensim_env/scenargie_simulator/2.2/scenarios_linux/srm_interference/commandline/./script/interference_2pan_plot_results.py:893: RuntimeWarning: invalid value encountered in divide
  tmp_c_rssi_ave_list = np.where(tmp_c_rx_pkt_num_list > 0, np.round(tmp_c_rssi_sum_list/tmp_c_rx_pkt_num_list, 1), 0.0)
/home/arimoto/opt/scensim_env/scenargie_simulator/2.2/scenarios_linux/srm_interference/commandline/./script/interference_2pan_plot_results.py:893: RuntimeWarning: invalid value encountered in divide
  tmp_c_rssi_ave_list = np.where(tmp_c_rx_pkt_num_list > 0, np.round(tmp_c_rssi_sum_list/tmp_c_rx_pkt_num_list, 1), 0.0)
/home/arimoto/opt/scensim_env/scenargie_simulator/2.2/scenarios_linux/srm_interference/commandline/./script/interference_2pan_plot_results.py:893: RuntimeWarning: invalid value encountered in divide
  tmp_c_rssi_ave_list = np.where(tmp_c_rx_pkt_num_list > 0, np.round(tmp_c_rssi_sum_list/tmp_c_rx_pkt_num_list, 1), 0.0)
/home/arimoto/opt/scensim_env/scenargie_simulator/2.2/scenarios_linux/srm_interference/commandline/./script/interference_2pan_plot_results.py:893: RuntimeWarning: invalid value encountered in divide
  tmp_c_rssi_ave_list = np.where(tmp_c_rx_pkt_num_list > 0, np.round(tmp_c_rssi_sum_list/tmp_c_rx_pkt_num_list, 1), 0.0)
/home/arimoto/opt/scensim_env/scenargie_simulator/2.2/scenarios_linux/srm_interference/commandline/./script/interference_2pan_plot_results.py:893: RuntimeWarning: invalid value encountered in divide
  tmp_c_rssi_ave_list = np.where(tmp_c_rx_pkt_num_list > 0, np.round(tmp_c_rssi_sum_list/tmp_c_rx_pkt_num_list, 1), 0.0)
start off_load_pan1/pan2: 0.7 / 1.0
Found 100 stat files to process.
Found 100 trace files to process.
Found 100 pos files to process.
/home/arimoto/opt/scensim_env/scenargie_simulator/2.2/scenarios_linux/srm_interference/commandline/./script/interference_2pan_plot_results.py:893: RuntimeWarning: invalid value encountered in divide
  tmp_c_rssi_ave_list = np.where(tmp_c_rx_pkt_num_list > 0, np.round(tmp_c_rssi_sum_list/tmp_c_rx_pkt_num_list, 1), 0.0)
/home/arimoto/opt/scensim_env/scenargie_simulator/2.2/scenarios_linux/srm_interference/commandline/./script/interference_2pan_plot_results.py:893: RuntimeWarning: invalid value encountered in divide
  tmp_c_rssi_ave_list = np.where(tmp_c_rx_pkt_num_list > 0, np.round(tmp_c_rssi_sum_list/tmp_c_rx_pkt_num_list, 1), 0.0)
/home/arimoto/opt/scensim_env/scenargie_simulator/2.2/scenarios_linux/srm_interference/commandline/./script/interference_2pan_plot_results.py:893: RuntimeWarning: invalid value encountered in divide
  tmp_c_rssi_ave_list = np.where(tmp_c_rx_pkt_num_list > 0, np.round(tmp_c_rssi_sum_list/tmp_c_rx_pkt_num_list, 1), 0.0)
/home/arimoto/opt/scensim_env/scenargie_simulator/2.2/scenarios_linux/srm_interference/commandline/./script/interference_2pan_plot_results.py:893: RuntimeWarning: invalid value encountered in divide
  tmp_c_rssi_ave_list = np.where(tmp_c_rx_pkt_num_list > 0, np.round(tmp_c_rssi_sum_list/tmp_c_rx_pkt_num_list, 1), 0.0)
/home/arimoto/opt/scensim_env/scenargie_simulator/2.2/scenarios_linux/srm_interference/commandline/./script/interference_2pan_plot_results.py:893: RuntimeWarning: invalid value encountered in divide
  tmp_c_rssi_ave_list = np.where(tmp_c_rx_pkt_num_list > 0, np.round(tmp_c_rssi_sum_list/tmp_c_rx_pkt_num_list, 1), 0.0)
/home/arimoto/opt/scensim_env/scenargie_simulator/2.2/scenarios_linux/srm_interference/commandline/./script/interference_2pan_plot_results.py:893: RuntimeWarning: invalid value encountered in divide
  tmp_c_rssi_ave_list = np.where(tmp_c_rx_pkt_num_list > 0, np.round(tmp_c_rssi_sum_list/tmp_c_rx_pkt_num_list, 1), 0.0)
/home/arimoto/opt/scensim_env/scenargie_simulator/2.2/scenarios_linux/srm_interference/commandline/./script/interference_2pan_plot_results.py:893: RuntimeWarning: invalid value encountered in divide
  tmp_c_rssi_ave_list = np.where(tmp_c_rx_pkt_num_list > 0, np.round(tmp_c_rssi_sum_list/tmp_c_rx_pkt_num_list, 1), 0.0)
/home/arimoto/opt/scensim_env/scenargie_simulator/2.2/scenarios_linux/srm_interference/commandline/./script/interference_2pan_plot_results.py:893: RuntimeWarning: invalid value encountered in divide
  tmp_c_rssi_ave_list = np.where(tmp_c_rx_pkt_num_list > 0, np.round(tmp_c_rssi_sum_list/tmp_c_rx_pkt_num_list, 1), 0.0)
/home/arimoto/opt/scensim_env/scenargie_simulator/2.2/scenarios_linux/srm_interference/commandline/./script/interference_2pan_plot_results.py:893: RuntimeWarning: invalid value encountered in divide
  tmp_c_rssi_ave_list = np.where(tmp_c_rx_pkt_num_list > 0, np.round(tmp_c_rssi_sum_list/tmp_c_rx_pkt_num_list, 1), 0.0)
/home/arimoto/opt/scensim_env/scenargie_simulator/2.2/scenarios_linux/srm_interference/commandline/./script/interference_2pan_plot_results.py:893: RuntimeWarning: invalid value encountered in divide
  tmp_c_rssi_ave_list = np.where(tmp_c_rx_pkt_num_list > 0, np.round(tmp_c_rssi_sum_list/tmp_c_rx_pkt_num_list, 1), 0.0)
/home/arimoto/opt/scensim_env/scenargie_simulator/2.2/scenarios_linux/srm_interference/commandline/./script/interference_2pan_plot_results.py:893: RuntimeWarning: invalid value encountered in divide
  tmp_c_rssi_ave_list = np.where(tmp_c_rx_pkt_num_list > 0, np.round(tmp_c_rssi_sum_list/tmp_c_rx_pkt_num_list, 1), 0.0)
/home/arimoto/opt/scensim_env/scenargie_simulator/2.2/scenarios_linux/srm_interference/commandline/./script/interference_2pan_plot_results.py:893: RuntimeWarning: invalid value encountered in divide
  tmp_c_rssi_ave_list = np.where(tmp_c_rx_pkt_num_list > 0, np.round(tmp_c_rssi_sum_list/tmp_c_rx_pkt_num_list, 1), 0.0)
/home/arimoto/opt/scensim_env/scenargie_simulator/2.2/scenarios_linux/srm_interference/commandline/./script/interference_2pan_plot_results.py:893: RuntimeWarning: invalid value encountered in divide
  tmp_c_rssi_ave_list = np.where(tmp_c_rx_pkt_num_list > 0, np.round(tmp_c_rssi_sum_list/tmp_c_rx_pkt_num_list, 1), 0.0)
/home/arimoto/opt/scensim_env/scenargie_simulator/2.2/scenarios_linux/srm_interference/commandline/./script/interference_2pan_plot_results.py:893: RuntimeWarning: invalid value encountered in divide
  tmp_c_rssi_ave_list = np.where(tmp_c_rx_pkt_num_list > 0, np.round(tmp_c_rssi_sum_list/tmp_c_rx_pkt_num_list, 1), 0.0)
/home/arimoto/opt/scensim_env/scenargie_simulator/2.2/scenarios_linux/srm_interference/commandline/./script/interference_2pan_plot_results.py:893: RuntimeWarning: invalid value encountered in divide
  tmp_c_rssi_ave_list = np.where(tmp_c_rx_pkt_num_list > 0, np.round(tmp_c_rssi_sum_list/tmp_c_rx_pkt_num_list, 1), 0.0)
/home/arimoto/opt/scensim_env/scenargie_simulator/2.2/scenarios_linux/srm_interference/commandline/./script/interference_2pan_plot_results.py:893: RuntimeWarning: invalid value encountered in divide
  tmp_c_rssi_ave_list = np.where(tmp_c_rx_pkt_num_list > 0, np.round(tmp_c_rssi_sum_list/tmp_c_rx_pkt_num_list, 1), 0.0)
/home/arimoto/opt/scensim_env/scenargie_simulator/2.2/scenarios_linux/srm_interference/commandline/./script/interference_2pan_plot_results.py:893: RuntimeWarning: invalid value encountered in divide
  tmp_c_rssi_ave_list = np.where(tmp_c_rx_pkt_num_list > 0, np.round(tmp_c_rssi_sum_list/tmp_c_rx_pkt_num_list, 1), 0.0)
/home/arimoto/opt/scensim_env/scenargie_simulator/2.2/scenarios_linux/srm_interference/commandline/./script/interference_2pan_plot_results.py:893: RuntimeWarning: invalid value encountered in divide
  tmp_c_rssi_ave_list = np.where(tmp_c_rx_pkt_num_list > 0, np.round(tmp_c_rssi_sum_list/tmp_c_rx_pkt_num_list, 1), 0.0)
/home/arimoto/opt/scensim_env/scenargie_simulator/2.2/scenarios_linux/srm_interference/commandline/./script/interference_2pan_plot_results.py:893: RuntimeWarning: invalid value encountered in divide
  tmp_c_rssi_ave_list = np.where(tmp_c_rx_pkt_num_list > 0, np.round(tmp_c_rssi_sum_list/tmp_c_rx_pkt_num_list, 1), 0.0)
/home/arimoto/opt/scensim_env/scenargie_simulator/2.2/scenarios_linux/srm_interference/commandline/./script/interference_2pan_plot_results.py:893: RuntimeWarning: invalid value encountered in divide
  tmp_c_rssi_ave_list = np.where(tmp_c_rx_pkt_num_list > 0, np.round(tmp_c_rssi_sum_list/tmp_c_rx_pkt_num_list, 1), 0.0)
/home/arimoto/opt/scensim_env/scenargie_simulator/2.2/scenarios_linux/srm_interference/commandline/./script/interference_2pan_plot_results.py:893: RuntimeWarning: invalid value encountered in divide
  tmp_c_rssi_ave_list = np.where(tmp_c_rx_pkt_num_list > 0, np.round(tmp_c_rssi_sum_list/tmp_c_rx_pkt_num_list, 1), 0.0)
/home/arimoto/opt/scensim_env/scenargie_simulator/2.2/scenarios_linux/srm_interference/commandline/./script/interference_2pan_plot_results.py:893: RuntimeWarning: invalid value encountered in divide
  tmp_c_rssi_ave_list = np.where(tmp_c_rx_pkt_num_list > 0, np.round(tmp_c_rssi_sum_list/tmp_c_rx_pkt_num_list, 1), 0.0)
/home/arimoto/opt/scensim_env/scenargie_simulator/2.2/scenarios_linux/srm_interference/commandline/./script/interference_2pan_plot_results.py:893: RuntimeWarning: invalid value encountered in divide
  tmp_c_rssi_ave_list = np.where(tmp_c_rx_pkt_num_list > 0, np.round(tmp_c_rssi_sum_list/tmp_c_rx_pkt_num_list, 1), 0.0)
/home/arimoto/opt/scensim_env/scenargie_simulator/2.2/scenarios_linux/srm_interference/commandline/./script/interference_2pan_plot_results.py:893: RuntimeWarning: invalid value encountered in divide
  tmp_c_rssi_ave_list = np.where(tmp_c_rx_pkt_num_list > 0, np.round(tmp_c_rssi_sum_list/tmp_c_rx_pkt_num_list, 1), 0.0)
/home/arimoto/opt/scensim_env/scenargie_simulator/2.2/scenarios_linux/srm_interference/commandline/./script/interference_2pan_plot_results.py:893: RuntimeWarning: invalid value encountered in divide
  tmp_c_rssi_ave_list = np.where(tmp_c_rx_pkt_num_list > 0, np.round(tmp_c_rssi_sum_list/tmp_c_rx_pkt_num_list, 1), 0.0)
/home/arimoto/opt/scensim_env/scenargie_simulator/2.2/scenarios_linux/srm_interference/commandline/./script/interference_2pan_plot_results.py:893: RuntimeWarning: invalid value encountered in divide
  tmp_c_rssi_ave_list = np.where(tmp_c_rx_pkt_num_list > 0, np.round(tmp_c_rssi_sum_list/tmp_c_rx_pkt_num_list, 1), 0.0)
/home/arimoto/opt/scensim_env/scenargie_simulator/2.2/scenarios_linux/srm_interference/commandline/./script/interference_2pan_plot_results.py:893: RuntimeWarning: invalid value encountered in divide
  tmp_c_rssi_ave_list = np.where(tmp_c_rx_pkt_num_list > 0, np.round(tmp_c_rssi_sum_list/tmp_c_rx_pkt_num_list, 1), 0.0)
/home/arimoto/opt/scensim_env/scenargie_simulator/2.2/scenarios_linux/srm_interference/commandline/./script/interference_2pan_plot_results.py:893: RuntimeWarning: invalid value encountered in divide
  tmp_c_rssi_ave_list = np.where(tmp_c_rx_pkt_num_list > 0, np.round(tmp_c_rssi_sum_list/tmp_c_rx_pkt_num_list, 1), 0.0)
/home/arimoto/opt/scensim_env/scenargie_simulator/2.2/scenarios_linux/srm_interference/commandline/./script/interference_2pan_plot_results.py:893: RuntimeWarning: invalid value encountered in divide
  tmp_c_rssi_ave_list = np.where(tmp_c_rx_pkt_num_list > 0, np.round(tmp_c_rssi_sum_list/tmp_c_rx_pkt_num_list, 1), 0.0)
/home/arimoto/opt/scensim_env/scenargie_simulator/2.2/scenarios_linux/srm_interference/commandline/./script/interference_2pan_plot_results.py:893: RuntimeWarning: invalid value encountered in divide
  tmp_c_rssi_ave_list = np.where(tmp_c_rx_pkt_num_list > 0, np.round(tmp_c_rssi_sum_list/tmp_c_rx_pkt_num_list, 1), 0.0)
/home/arimoto/opt/scensim_env/scenargie_simulator/2.2/scenarios_linux/srm_interference/commandline/./script/interference_2pan_plot_results.py:893: RuntimeWarning: invalid value encountered in divide
  tmp_c_rssi_ave_list = np.where(tmp_c_rx_pkt_num_list > 0, np.round(tmp_c_rssi_sum_list/tmp_c_rx_pkt_num_list, 1), 0.0)
/home/arimoto/opt/scensim_env/scenargie_simulator/2.2/scenarios_linux/srm_interference/commandline/./script/interference_2pan_plot_results.py:893: RuntimeWarning: invalid value encountered in divide
  tmp_c_rssi_ave_list = np.where(tmp_c_rx_pkt_num_list > 0, np.round(tmp_c_rssi_sum_list/tmp_c_rx_pkt_num_list, 1), 0.0)
start off_load_pan1/pan2: 0.8 / 1.0
Found 100 stat files to process.
Found 100 trace files to process.
Found 100 pos files to process.
/home/arimoto/opt/scensim_env/scenargie_simulator/2.2/scenarios_linux/srm_interference/commandline/./script/interference_2pan_plot_results.py:893: RuntimeWarning: invalid value encountered in divide
  tmp_c_rssi_ave_list = np.where(tmp_c_rx_pkt_num_list > 0, np.round(tmp_c_rssi_sum_list/tmp_c_rx_pkt_num_list, 1), 0.0)
/home/arimoto/opt/scensim_env/scenargie_simulator/2.2/scenarios_linux/srm_interference/commandline/./script/interference_2pan_plot_results.py:893: RuntimeWarning: invalid value encountered in divide
  tmp_c_rssi_ave_list = np.where(tmp_c_rx_pkt_num_list > 0, np.round(tmp_c_rssi_sum_list/tmp_c_rx_pkt_num_list, 1), 0.0)
/home/arimoto/opt/scensim_env/scenargie_simulator/2.2/scenarios_linux/srm_interference/commandline/./script/interference_2pan_plot_results.py:893: RuntimeWarning: invalid value encountered in divide
  tmp_c_rssi_ave_list = np.where(tmp_c_rx_pkt_num_list > 0, np.round(tmp_c_rssi_sum_list/tmp_c_rx_pkt_num_list, 1), 0.0)
/home/arimoto/opt/scensim_env/scenargie_simulator/2.2/scenarios_linux/srm_interference/commandline/./script/interference_2pan_plot_results.py:893: RuntimeWarning: invalid value encountered in divide
  tmp_c_rssi_ave_list = np.where(tmp_c_rx_pkt_num_list > 0, np.round(tmp_c_rssi_sum_list/tmp_c_rx_pkt_num_list, 1), 0.0)
/home/arimoto/opt/scensim_env/scenargie_simulator/2.2/scenarios_linux/srm_interference/commandline/./script/interference_2pan_plot_results.py:893: RuntimeWarning: invalid value encountered in divide
  tmp_c_rssi_ave_list = np.where(tmp_c_rx_pkt_num_list > 0, np.round(tmp_c_rssi_sum_list/tmp_c_rx_pkt_num_list, 1), 0.0)
/home/arimoto/opt/scensim_env/scenargie_simulator/2.2/scenarios_linux/srm_interference/commandline/./script/interference_2pan_plot_results.py:893: RuntimeWarning: invalid value encountered in divide
  tmp_c_rssi_ave_list = np.where(tmp_c_rx_pkt_num_list > 0, np.round(tmp_c_rssi_sum_list/tmp_c_rx_pkt_num_list, 1), 0.0)
/home/arimoto/opt/scensim_env/scenargie_simulator/2.2/scenarios_linux/srm_interference/commandline/./script/interference_2pan_plot_results.py:893: RuntimeWarning: invalid value encountered in divide
  tmp_c_rssi_ave_list = np.where(tmp_c_rx_pkt_num_list > 0, np.round(tmp_c_rssi_sum_list/tmp_c_rx_pkt_num_list, 1), 0.0)
/home/arimoto/opt/scensim_env/scenargie_simulator/2.2/scenarios_linux/srm_interference/commandline/./script/interference_2pan_plot_results.py:893: RuntimeWarning: invalid value encountered in divide
  tmp_c_rssi_ave_list = np.where(tmp_c_rx_pkt_num_list > 0, np.round(tmp_c_rssi_sum_list/tmp_c_rx_pkt_num_list, 1), 0.0)
/home/arimoto/opt/scensim_env/scenargie_simulator/2.2/scenarios_linux/srm_interference/commandline/./script/interference_2pan_plot_results.py:893: RuntimeWarning: invalid value encountered in divide
  tmp_c_rssi_ave_list = np.where(tmp_c_rx_pkt_num_list > 0, np.round(tmp_c_rssi_sum_list/tmp_c_rx_pkt_num_list, 1), 0.0)
/home/arimoto/opt/scensim_env/scenargie_simulator/2.2/scenarios_linux/srm_interference/commandline/./script/interference_2pan_plot_results.py:893: RuntimeWarning: invalid value encountered in divide
  tmp_c_rssi_ave_list = np.where(tmp_c_rx_pkt_num_list > 0, np.round(tmp_c_rssi_sum_list/tmp_c_rx_pkt_num_list, 1), 0.0)
/home/arimoto/opt/scensim_env/scenargie_simulator/2.2/scenarios_linux/srm_interference/commandline/./script/interference_2pan_plot_results.py:893: RuntimeWarning: invalid value encountered in divide
  tmp_c_rssi_ave_list = np.where(tmp_c_rx_pkt_num_list > 0, np.round(tmp_c_rssi_sum_list/tmp_c_rx_pkt_num_list, 1), 0.0)
/home/arimoto/opt/scensim_env/scenargie_simulator/2.2/scenarios_linux/srm_interference/commandline/./script/interference_2pan_plot_results.py:893: RuntimeWarning: invalid value encountered in divide
  tmp_c_rssi_ave_list = np.where(tmp_c_rx_pkt_num_list > 0, np.round(tmp_c_rssi_sum_list/tmp_c_rx_pkt_num_list, 1), 0.0)
/home/arimoto/opt/scensim_env/scenargie_simulator/2.2/scenarios_linux/srm_interference/commandline/./script/interference_2pan_plot_results.py:893: RuntimeWarning: invalid value encountered in divide
  tmp_c_rssi_ave_list = np.where(tmp_c_rx_pkt_num_list > 0, np.round(tmp_c_rssi_sum_list/tmp_c_rx_pkt_num_list, 1), 0.0)
/home/arimoto/opt/scensim_env/scenargie_simulator/2.2/scenarios_linux/srm_interference/commandline/./script/interference_2pan_plot_results.py:893: RuntimeWarning: invalid value encountered in divide
  tmp_c_rssi_ave_list = np.where(tmp_c_rx_pkt_num_list > 0, np.round(tmp_c_rssi_sum_list/tmp_c_rx_pkt_num_list, 1), 0.0)
/home/arimoto/opt/scensim_env/scenargie_simulator/2.2/scenarios_linux/srm_interference/commandline/./script/interference_2pan_plot_results.py:893: RuntimeWarning: invalid value encountered in divide
  tmp_c_rssi_ave_list = np.where(tmp_c_rx_pkt_num_list > 0, np.round(tmp_c_rssi_sum_list/tmp_c_rx_pkt_num_list, 1), 0.0)
/home/arimoto/opt/scensim_env/scenargie_simulator/2.2/scenarios_linux/srm_interference/commandline/./script/interference_2pan_plot_results.py:893: RuntimeWarning: invalid value encountered in divide
  tmp_c_rssi_ave_list = np.where(tmp_c_rx_pkt_num_list > 0, np.round(tmp_c_rssi_sum_list/tmp_c_rx_pkt_num_list, 1), 0.0)
/home/arimoto/opt/scensim_env/scenargie_simulator/2.2/scenarios_linux/srm_interference/commandline/./script/interference_2pan_plot_results.py:893: RuntimeWarning: invalid value encountered in divide
  tmp_c_rssi_ave_list = np.where(tmp_c_rx_pkt_num_list > 0, np.round(tmp_c_rssi_sum_list/tmp_c_rx_pkt_num_list, 1), 0.0)
/home/arimoto/opt/scensim_env/scenargie_simulator/2.2/scenarios_linux/srm_interference/commandline/./script/interference_2pan_plot_results.py:893: RuntimeWarning: invalid value encountered in divide
  tmp_c_rssi_ave_list = np.where(tmp_c_rx_pkt_num_list > 0, np.round(tmp_c_rssi_sum_list/tmp_c_rx_pkt_num_list, 1), 0.0)
/home/arimoto/opt/scensim_env/scenargie_simulator/2.2/scenarios_linux/srm_interference/commandline/./script/interference_2pan_plot_results.py:893: RuntimeWarning: invalid value encountered in divide
  tmp_c_rssi_ave_list = np.where(tmp_c_rx_pkt_num_list > 0, np.round(tmp_c_rssi_sum_list/tmp_c_rx_pkt_num_list, 1), 0.0)
/home/arimoto/opt/scensim_env/scenargie_simulator/2.2/scenarios_linux/srm_interference/commandline/./script/interference_2pan_plot_results.py:893: RuntimeWarning: invalid value encountered in divide
  tmp_c_rssi_ave_list = np.where(tmp_c_rx_pkt_num_list > 0, np.round(tmp_c_rssi_sum_list/tmp_c_rx_pkt_num_list, 1), 0.0)
/home/arimoto/opt/scensim_env/scenargie_simulator/2.2/scenarios_linux/srm_interference/commandline/./script/interference_2pan_plot_results.py:893: RuntimeWarning: invalid value encountered in divide
  tmp_c_rssi_ave_list = np.where(tmp_c_rx_pkt_num_list > 0, np.round(tmp_c_rssi_sum_list/tmp_c_rx_pkt_num_list, 1), 0.0)
/home/arimoto/opt/scensim_env/scenargie_simulator/2.2/scenarios_linux/srm_interference/commandline/./script/interference_2pan_plot_results.py:893: RuntimeWarning: invalid value encountered in divide
  tmp_c_rssi_ave_list = np.where(tmp_c_rx_pkt_num_list > 0, np.round(tmp_c_rssi_sum_list/tmp_c_rx_pkt_num_list, 1), 0.0)
/home/arimoto/opt/scensim_env/scenargie_simulator/2.2/scenarios_linux/srm_interference/commandline/./script/interference_2pan_plot_results.py:893: RuntimeWarning: invalid value encountered in divide
  tmp_c_rssi_ave_list = np.where(tmp_c_rx_pkt_num_list > 0, np.round(tmp_c_rssi_sum_list/tmp_c_rx_pkt_num_list, 1), 0.0)
/home/arimoto/opt/scensim_env/scenargie_simulator/2.2/scenarios_linux/srm_interference/commandline/./script/interference_2pan_plot_results.py:893: RuntimeWarning: invalid value encountered in divide
  tmp_c_rssi_ave_list = np.where(tmp_c_rx_pkt_num_list > 0, np.round(tmp_c_rssi_sum_list/tmp_c_rx_pkt_num_list, 1), 0.0)
/home/arimoto/opt/scensim_env/scenargie_simulator/2.2/scenarios_linux/srm_interference/commandline/./script/interference_2pan_plot_results.py:893: RuntimeWarning: invalid value encountered in divide
  tmp_c_rssi_ave_list = np.where(tmp_c_rx_pkt_num_list > 0, np.round(tmp_c_rssi_sum_list/tmp_c_rx_pkt_num_list, 1), 0.0)
/home/arimoto/opt/scensim_env/scenargie_simulator/2.2/scenarios_linux/srm_interference/commandline/./script/interference_2pan_plot_results.py:893: RuntimeWarning: invalid value encountered in divide
  tmp_c_rssi_ave_list = np.where(tmp_c_rx_pkt_num_list > 0, np.round(tmp_c_rssi_sum_list/tmp_c_rx_pkt_num_list, 1), 0.0)
/home/arimoto/opt/scensim_env/scenargie_simulator/2.2/scenarios_linux/srm_interference/commandline/./script/interference_2pan_plot_results.py:893: RuntimeWarning: invalid value encountered in divide
  tmp_c_rssi_ave_list = np.where(tmp_c_rx_pkt_num_list > 0, np.round(tmp_c_rssi_sum_list/tmp_c_rx_pkt_num_list, 1), 0.0)
/home/arimoto/opt/scensim_env/scenargie_simulator/2.2/scenarios_linux/srm_interference/commandline/./script/interference_2pan_plot_results.py:893: RuntimeWarning: invalid value encountered in divide
  tmp_c_rssi_ave_list = np.where(tmp_c_rx_pkt_num_list > 0, np.round(tmp_c_rssi_sum_list/tmp_c_rx_pkt_num_list, 1), 0.0)
/home/arimoto/opt/scensim_env/scenargie_simulator/2.2/scenarios_linux/srm_interference/commandline/./script/interference_2pan_plot_results.py:893: RuntimeWarning: invalid value encountered in divide
  tmp_c_rssi_ave_list = np.where(tmp_c_rx_pkt_num_list > 0, np.round(tmp_c_rssi_sum_list/tmp_c_rx_pkt_num_list, 1), 0.0)
/home/arimoto/opt/scensim_env/scenargie_simulator/2.2/scenarios_linux/srm_interference/commandline/./script/interference_2pan_plot_results.py:893: RuntimeWarning: invalid value encountered in divide
  tmp_c_rssi_ave_list = np.where(tmp_c_rx_pkt_num_list > 0, np.round(tmp_c_rssi_sum_list/tmp_c_rx_pkt_num_list, 1), 0.0)
/home/arimoto/opt/scensim_env/scenargie_simulator/2.2/scenarios_linux/srm_interference/commandline/./script/interference_2pan_plot_results.py:893: RuntimeWarning: invalid value encountered in divide
  tmp_c_rssi_ave_list = np.where(tmp_c_rx_pkt_num_list > 0, np.round(tmp_c_rssi_sum_list/tmp_c_rx_pkt_num_list, 1), 0.0)
/home/arimoto/opt/scensim_env/scenargie_simulator/2.2/scenarios_linux/srm_interference/commandline/./script/interference_2pan_plot_results.py:893: RuntimeWarning: invalid value encountered in divide
  tmp_c_rssi_ave_list = np.where(tmp_c_rx_pkt_num_list > 0, np.round(tmp_c_rssi_sum_list/tmp_c_rx_pkt_num_list, 1), 0.0)
start off_load_pan1/pan2: 0.9 / 1.0
Found 100 stat files to process.
Found 100 trace files to process.
Found 100 pos files to process.
/home/arimoto/opt/scensim_env/scenargie_simulator/2.2/scenarios_linux/srm_interference/commandline/./script/interference_2pan_plot_results.py:893: RuntimeWarning: invalid value encountered in divide
  tmp_c_rssi_ave_list = np.where(tmp_c_rx_pkt_num_list > 0, np.round(tmp_c_rssi_sum_list/tmp_c_rx_pkt_num_list, 1), 0.0)
/home/arimoto/opt/scensim_env/scenargie_simulator/2.2/scenarios_linux/srm_interference/commandline/./script/interference_2pan_plot_results.py:893: RuntimeWarning: invalid value encountered in divide
  tmp_c_rssi_ave_list = np.where(tmp_c_rx_pkt_num_list > 0, np.round(tmp_c_rssi_sum_list/tmp_c_rx_pkt_num_list, 1), 0.0)
/home/arimoto/opt/scensim_env/scenargie_simulator/2.2/scenarios_linux/srm_interference/commandline/./script/interference_2pan_plot_results.py:893: RuntimeWarning: invalid value encountered in divide
  tmp_c_rssi_ave_list = np.where(tmp_c_rx_pkt_num_list > 0, np.round(tmp_c_rssi_sum_list/tmp_c_rx_pkt_num_list, 1), 0.0)
/home/arimoto/opt/scensim_env/scenargie_simulator/2.2/scenarios_linux/srm_interference/commandline/./script/interference_2pan_plot_results.py:893: RuntimeWarning: invalid value encountered in divide
  tmp_c_rssi_ave_list = np.where(tmp_c_rx_pkt_num_list > 0, np.round(tmp_c_rssi_sum_list/tmp_c_rx_pkt_num_list, 1), 0.0)
/home/arimoto/opt/scensim_env/scenargie_simulator/2.2/scenarios_linux/srm_interference/commandline/./script/interference_2pan_plot_results.py:893: RuntimeWarning: invalid value encountered in divide
  tmp_c_rssi_ave_list = np.where(tmp_c_rx_pkt_num_list > 0, np.round(tmp_c_rssi_sum_list/tmp_c_rx_pkt_num_list, 1), 0.0)
/home/arimoto/opt/scensim_env/scenargie_simulator/2.2/scenarios_linux/srm_interference/commandline/./script/interference_2pan_plot_results.py:893: RuntimeWarning: invalid value encountered in divide
  tmp_c_rssi_ave_list = np.where(tmp_c_rx_pkt_num_list > 0, np.round(tmp_c_rssi_sum_list/tmp_c_rx_pkt_num_list, 1), 0.0)
/home/arimoto/opt/scensim_env/scenargie_simulator/2.2/scenarios_linux/srm_interference/commandline/./script/interference_2pan_plot_results.py:893: RuntimeWarning: invalid value encountered in divide
  tmp_c_rssi_ave_list = np.where(tmp_c_rx_pkt_num_list > 0, np.round(tmp_c_rssi_sum_list/tmp_c_rx_pkt_num_list, 1), 0.0)
/home/arimoto/opt/scensim_env/scenargie_simulator/2.2/scenarios_linux/srm_interference/commandline/./script/interference_2pan_plot_results.py:893: RuntimeWarning: invalid value encountered in divide
  tmp_c_rssi_ave_list = np.where(tmp_c_rx_pkt_num_list > 0, np.round(tmp_c_rssi_sum_list/tmp_c_rx_pkt_num_list, 1), 0.0)
/home/arimoto/opt/scensim_env/scenargie_simulator/2.2/scenarios_linux/srm_interference/commandline/./script/interference_2pan_plot_results.py:893: RuntimeWarning: invalid value encountered in divide
  tmp_c_rssi_ave_list = np.where(tmp_c_rx_pkt_num_list > 0, np.round(tmp_c_rssi_sum_list/tmp_c_rx_pkt_num_list, 1), 0.0)
/home/arimoto/opt/scensim_env/scenargie_simulator/2.2/scenarios_linux/srm_interference/commandline/./script/interference_2pan_plot_results.py:893: RuntimeWarning: invalid value encountered in divide
  tmp_c_rssi_ave_list = np.where(tmp_c_rx_pkt_num_list > 0, np.round(tmp_c_rssi_sum_list/tmp_c_rx_pkt_num_list, 1), 0.0)
/home/arimoto/opt/scensim_env/scenargie_simulator/2.2/scenarios_linux/srm_interference/commandline/./script/interference_2pan_plot_results.py:893: RuntimeWarning: invalid value encountered in divide
  tmp_c_rssi_ave_list = np.where(tmp_c_rx_pkt_num_list > 0, np.round(tmp_c_rssi_sum_list/tmp_c_rx_pkt_num_list, 1), 0.0)
/home/arimoto/opt/scensim_env/scenargie_simulator/2.2/scenarios_linux/srm_interference/commandline/./script/interference_2pan_plot_results.py:893: RuntimeWarning: invalid value encountered in divide
  tmp_c_rssi_ave_list = np.where(tmp_c_rx_pkt_num_list > 0, np.round(tmp_c_rssi_sum_list/tmp_c_rx_pkt_num_list, 1), 0.0)
/home/arimoto/opt/scensim_env/scenargie_simulator/2.2/scenarios_linux/srm_interference/commandline/./script/interference_2pan_plot_results.py:893: RuntimeWarning: invalid value encountered in divide
  tmp_c_rssi_ave_list = np.where(tmp_c_rx_pkt_num_list > 0, np.round(tmp_c_rssi_sum_list/tmp_c_rx_pkt_num_list, 1), 0.0)
/home/arimoto/opt/scensim_env/scenargie_simulator/2.2/scenarios_linux/srm_interference/commandline/./script/interference_2pan_plot_results.py:893: RuntimeWarning: invalid value encountered in divide
  tmp_c_rssi_ave_list = np.where(tmp_c_rx_pkt_num_list > 0, np.round(tmp_c_rssi_sum_list/tmp_c_rx_pkt_num_list, 1), 0.0)
/home/arimoto/opt/scensim_env/scenargie_simulator/2.2/scenarios_linux/srm_interference/commandline/./script/interference_2pan_plot_results.py:893: RuntimeWarning: invalid value encountered in divide
  tmp_c_rssi_ave_list = np.where(tmp_c_rx_pkt_num_list > 0, np.round(tmp_c_rssi_sum_list/tmp_c_rx_pkt_num_list, 1), 0.0)
/home/arimoto/opt/scensim_env/scenargie_simulator/2.2/scenarios_linux/srm_interference/commandline/./script/interference_2pan_plot_results.py:893: RuntimeWarning: invalid value encountered in divide
  tmp_c_rssi_ave_list = np.where(tmp_c_rx_pkt_num_list > 0, np.round(tmp_c_rssi_sum_list/tmp_c_rx_pkt_num_list, 1), 0.0)
/home/arimoto/opt/scensim_env/scenargie_simulator/2.2/scenarios_linux/srm_interference/commandline/./script/interference_2pan_plot_results.py:893: RuntimeWarning: invalid value encountered in divide
  tmp_c_rssi_ave_list = np.where(tmp_c_rx_pkt_num_list > 0, np.round(tmp_c_rssi_sum_list/tmp_c_rx_pkt_num_list, 1), 0.0)
/home/arimoto/opt/scensim_env/scenargie_simulator/2.2/scenarios_linux/srm_interference/commandline/./script/interference_2pan_plot_results.py:893: RuntimeWarning: invalid value encountered in divide
  tmp_c_rssi_ave_list = np.where(tmp_c_rx_pkt_num_list > 0, np.round(tmp_c_rssi_sum_list/tmp_c_rx_pkt_num_list, 1), 0.0)
/home/arimoto/opt/scensim_env/scenargie_simulator/2.2/scenarios_linux/srm_interference/commandline/./script/interference_2pan_plot_results.py:893: RuntimeWarning: invalid value encountered in divide
  tmp_c_rssi_ave_list = np.where(tmp_c_rx_pkt_num_list > 0, np.round(tmp_c_rssi_sum_list/tmp_c_rx_pkt_num_list, 1), 0.0)
/home/arimoto/opt/scensim_env/scenargie_simulator/2.2/scenarios_linux/srm_interference/commandline/./script/interference_2pan_plot_results.py:893: RuntimeWarning: invalid value encountered in divide
  tmp_c_rssi_ave_list = np.where(tmp_c_rx_pkt_num_list > 0, np.round(tmp_c_rssi_sum_list/tmp_c_rx_pkt_num_list, 1), 0.0)
/home/arimoto/opt/scensim_env/scenargie_simulator/2.2/scenarios_linux/srm_interference/commandline/./script/interference_2pan_plot_results.py:893: RuntimeWarning: invalid value encountered in divide
  tmp_c_rssi_ave_list = np.where(tmp_c_rx_pkt_num_list > 0, np.round(tmp_c_rssi_sum_list/tmp_c_rx_pkt_num_list, 1), 0.0)
/home/arimoto/opt/scensim_env/scenargie_simulator/2.2/scenarios_linux/srm_interference/commandline/./script/interference_2pan_plot_results.py:893: RuntimeWarning: invalid value encountered in divide
  tmp_c_rssi_ave_list = np.where(tmp_c_rx_pkt_num_list > 0, np.round(tmp_c_rssi_sum_list/tmp_c_rx_pkt_num_list, 1), 0.0)
/home/arimoto/opt/scensim_env/scenargie_simulator/2.2/scenarios_linux/srm_interference/commandline/./script/interference_2pan_plot_results.py:893: RuntimeWarning: invalid value encountered in divide
  tmp_c_rssi_ave_list = np.where(tmp_c_rx_pkt_num_list > 0, np.round(tmp_c_rssi_sum_list/tmp_c_rx_pkt_num_list, 1), 0.0)
/home/arimoto/opt/scensim_env/scenargie_simulator/2.2/scenarios_linux/srm_interference/commandline/./script/interference_2pan_plot_results.py:893: RuntimeWarning: invalid value encountered in divide
  tmp_c_rssi_ave_list = np.where(tmp_c_rx_pkt_num_list > 0, np.round(tmp_c_rssi_sum_list/tmp_c_rx_pkt_num_list, 1), 0.0)
/home/arimoto/opt/scensim_env/scenargie_simulator/2.2/scenarios_linux/srm_interference/commandline/./script/interference_2pan_plot_results.py:893: RuntimeWarning: invalid value encountered in divide
  tmp_c_rssi_ave_list = np.where(tmp_c_rx_pkt_num_list > 0, np.round(tmp_c_rssi_sum_list/tmp_c_rx_pkt_num_list, 1), 0.0)
/home/arimoto/opt/scensim_env/scenargie_simulator/2.2/scenarios_linux/srm_interference/commandline/./script/interference_2pan_plot_results.py:893: RuntimeWarning: invalid value encountered in divide
  tmp_c_rssi_ave_list = np.where(tmp_c_rx_pkt_num_list > 0, np.round(tmp_c_rssi_sum_list/tmp_c_rx_pkt_num_list, 1), 0.0)
/home/arimoto/opt/scensim_env/scenargie_simulator/2.2/scenarios_linux/srm_interference/commandline/./script/interference_2pan_plot_results.py:893: RuntimeWarning: invalid value encountered in divide
  tmp_c_rssi_ave_list = np.where(tmp_c_rx_pkt_num_list > 0, np.round(tmp_c_rssi_sum_list/tmp_c_rx_pkt_num_list, 1), 0.0)
/home/arimoto/opt/scensim_env/scenargie_simulator/2.2/scenarios_linux/srm_interference/commandline/./script/interference_2pan_plot_results.py:893: RuntimeWarning: invalid value encountered in divide
  tmp_c_rssi_ave_list = np.where(tmp_c_rx_pkt_num_list > 0, np.round(tmp_c_rssi_sum_list/tmp_c_rx_pkt_num_list, 1), 0.0)
/home/arimoto/opt/scensim_env/scenargie_simulator/2.2/scenarios_linux/srm_interference/commandline/./script/interference_2pan_plot_results.py:893: RuntimeWarning: invalid value encountered in divide
  tmp_c_rssi_ave_list = np.where(tmp_c_rx_pkt_num_list > 0, np.round(tmp_c_rssi_sum_list/tmp_c_rx_pkt_num_list, 1), 0.0)
/home/arimoto/opt/scensim_env/scenargie_simulator/2.2/scenarios_linux/srm_interference/commandline/./script/interference_2pan_plot_results.py:893: RuntimeWarning: invalid value encountered in divide
  tmp_c_rssi_ave_list = np.where(tmp_c_rx_pkt_num_list > 0, np.round(tmp_c_rssi_sum_list/tmp_c_rx_pkt_num_list, 1), 0.0)
/home/arimoto/opt/scensim_env/scenargie_simulator/2.2/scenarios_linux/srm_interference/commandline/./script/interference_2pan_plot_results.py:893: RuntimeWarning: invalid value encountered in divide
  tmp_c_rssi_ave_list = np.where(tmp_c_rx_pkt_num_list > 0, np.round(tmp_c_rssi_sum_list/tmp_c_rx_pkt_num_list, 1), 0.0)
/home/arimoto/opt/scensim_env/scenargie_simulator/2.2/scenarios_linux/srm_interference/commandline/./script/interference_2pan_plot_results.py:893: RuntimeWarning: invalid value encountered in divide
  tmp_c_rssi_ave_list = np.where(tmp_c_rx_pkt_num_list > 0, np.round(tmp_c_rssi_sum_list/tmp_c_rx_pkt_num_list, 1), 0.0)
start off_load_pan1/pan2: 1.0 / 1.0
Found 100 stat files to process.
Found 100 trace files to process.
Found 100 pos files to process.
/home/arimoto/opt/scensim_env/scenargie_simulator/2.2/scenarios_linux/srm_interference/commandline/./script/interference_2pan_plot_results.py:893: RuntimeWarning: invalid value encountered in divide
  tmp_c_rssi_ave_list = np.where(tmp_c_rx_pkt_num_list > 0, np.round(tmp_c_rssi_sum_list/tmp_c_rx_pkt_num_list, 1), 0.0)
/home/arimoto/opt/scensim_env/scenargie_simulator/2.2/scenarios_linux/srm_interference/commandline/./script/interference_2pan_plot_results.py:893: RuntimeWarning: invalid value encountered in divide
  tmp_c_rssi_ave_list = np.where(tmp_c_rx_pkt_num_list > 0, np.round(tmp_c_rssi_sum_list/tmp_c_rx_pkt_num_list, 1), 0.0)
/home/arimoto/opt/scensim_env/scenargie_simulator/2.2/scenarios_linux/srm_interference/commandline/./script/interference_2pan_plot_results.py:893: RuntimeWarning: invalid value encountered in divide
  tmp_c_rssi_ave_list = np.where(tmp_c_rx_pkt_num_list > 0, np.round(tmp_c_rssi_sum_list/tmp_c_rx_pkt_num_list, 1), 0.0)
/home/arimoto/opt/scensim_env/scenargie_simulator/2.2/scenarios_linux/srm_interference/commandline/./script/interference_2pan_plot_results.py:893: RuntimeWarning: invalid value encountered in divide
  tmp_c_rssi_ave_list = np.where(tmp_c_rx_pkt_num_list > 0, np.round(tmp_c_rssi_sum_list/tmp_c_rx_pkt_num_list, 1), 0.0)
/home/arimoto/opt/scensim_env/scenargie_simulator/2.2/scenarios_linux/srm_interference/commandline/./script/interference_2pan_plot_results.py:893: RuntimeWarning: invalid value encountered in divide
  tmp_c_rssi_ave_list = np.where(tmp_c_rx_pkt_num_list > 0, np.round(tmp_c_rssi_sum_list/tmp_c_rx_pkt_num_list, 1), 0.0)
/home/arimoto/opt/scensim_env/scenargie_simulator/2.2/scenarios_linux/srm_interference/commandline/./script/interference_2pan_plot_results.py:893: RuntimeWarning: invalid value encountered in divide
  tmp_c_rssi_ave_list = np.where(tmp_c_rx_pkt_num_list > 0, np.round(tmp_c_rssi_sum_list/tmp_c_rx_pkt_num_list, 1), 0.0)
/home/arimoto/opt/scensim_env/scenargie_simulator/2.2/scenarios_linux/srm_interference/commandline/./script/interference_2pan_plot_results.py:893: RuntimeWarning: invalid value encountered in divide
  tmp_c_rssi_ave_list = np.where(tmp_c_rx_pkt_num_list > 0, np.round(tmp_c_rssi_sum_list/tmp_c_rx_pkt_num_list, 1), 0.0)
/home/arimoto/opt/scensim_env/scenargie_simulator/2.2/scenarios_linux/srm_interference/commandline/./script/interference_2pan_plot_results.py:893: RuntimeWarning: invalid value encountered in divide
  tmp_c_rssi_ave_list = np.where(tmp_c_rx_pkt_num_list > 0, np.round(tmp_c_rssi_sum_list/tmp_c_rx_pkt_num_list, 1), 0.0)
/home/arimoto/opt/scensim_env/scenargie_simulator/2.2/scenarios_linux/srm_interference/commandline/./script/interference_2pan_plot_results.py:893: RuntimeWarning: invalid value encountered in divide
  tmp_c_rssi_ave_list = np.where(tmp_c_rx_pkt_num_list > 0, np.round(tmp_c_rssi_sum_list/tmp_c_rx_pkt_num_list, 1), 0.0)
/home/arimoto/opt/scensim_env/scenargie_simulator/2.2/scenarios_linux/srm_interference/commandline/./script/interference_2pan_plot_results.py:893: RuntimeWarning: invalid value encountered in divide
  tmp_c_rssi_ave_list = np.where(tmp_c_rx_pkt_num_list > 0, np.round(tmp_c_rssi_sum_list/tmp_c_rx_pkt_num_list, 1), 0.0)
/home/arimoto/opt/scensim_env/scenargie_simulator/2.2/scenarios_linux/srm_interference/commandline/./script/interference_2pan_plot_results.py:893: RuntimeWarning: invalid value encountered in divide
  tmp_c_rssi_ave_list = np.where(tmp_c_rx_pkt_num_list > 0, np.round(tmp_c_rssi_sum_list/tmp_c_rx_pkt_num_list, 1), 0.0)
/home/arimoto/opt/scensim_env/scenargie_simulator/2.2/scenarios_linux/srm_interference/commandline/./script/interference_2pan_plot_results.py:893: RuntimeWarning: invalid value encountered in divide
  tmp_c_rssi_ave_list = np.where(tmp_c_rx_pkt_num_list > 0, np.round(tmp_c_rssi_sum_list/tmp_c_rx_pkt_num_list, 1), 0.0)
/home/arimoto/opt/scensim_env/scenargie_simulator/2.2/scenarios_linux/srm_interference/commandline/./script/interference_2pan_plot_results.py:893: RuntimeWarning: invalid value encountered in divide
  tmp_c_rssi_ave_list = np.where(tmp_c_rx_pkt_num_list > 0, np.round(tmp_c_rssi_sum_list/tmp_c_rx_pkt_num_list, 1), 0.0)
/home/arimoto/opt/scensim_env/scenargie_simulator/2.2/scenarios_linux/srm_interference/commandline/./script/interference_2pan_plot_results.py:893: RuntimeWarning: invalid value encountered in divide
  tmp_c_rssi_ave_list = np.where(tmp_c_rx_pkt_num_list > 0, np.round(tmp_c_rssi_sum_list/tmp_c_rx_pkt_num_list, 1), 0.0)
/home/arimoto/opt/scensim_env/scenargie_simulator/2.2/scenarios_linux/srm_interference/commandline/./script/interference_2pan_plot_results.py:893: RuntimeWarning: invalid value encountered in divide
  tmp_c_rssi_ave_list = np.where(tmp_c_rx_pkt_num_list > 0, np.round(tmp_c_rssi_sum_list/tmp_c_rx_pkt_num_list, 1), 0.0)
/home/arimoto/opt/scensim_env/scenargie_simulator/2.2/scenarios_linux/srm_interference/commandline/./script/interference_2pan_plot_results.py:893: RuntimeWarning: invalid value encountered in divide
  tmp_c_rssi_ave_list = np.where(tmp_c_rx_pkt_num_list > 0, np.round(tmp_c_rssi_sum_list/tmp_c_rx_pkt_num_list, 1), 0.0)
/home/arimoto/opt/scensim_env/scenargie_simulator/2.2/scenarios_linux/srm_interference/commandline/./script/interference_2pan_plot_results.py:893: RuntimeWarning: invalid value encountered in divide
  tmp_c_rssi_ave_list = np.where(tmp_c_rx_pkt_num_list > 0, np.round(tmp_c_rssi_sum_list/tmp_c_rx_pkt_num_list, 1), 0.0)
/home/arimoto/opt/scensim_env/scenargie_simulator/2.2/scenarios_linux/srm_interference/commandline/./script/interference_2pan_plot_results.py:893: RuntimeWarning: invalid value encountered in divide
  tmp_c_rssi_ave_list = np.where(tmp_c_rx_pkt_num_list > 0, np.round(tmp_c_rssi_sum_list/tmp_c_rx_pkt_num_list, 1), 0.0)
/home/arimoto/opt/scensim_env/scenargie_simulator/2.2/scenarios_linux/srm_interference/commandline/./script/interference_2pan_plot_results.py:893: RuntimeWarning: invalid value encountered in divide
  tmp_c_rssi_ave_list = np.where(tmp_c_rx_pkt_num_list > 0, np.round(tmp_c_rssi_sum_list/tmp_c_rx_pkt_num_list, 1), 0.0)
/home/arimoto/opt/scensim_env/scenargie_simulator/2.2/scenarios_linux/srm_interference/commandline/./script/interference_2pan_plot_results.py:893: RuntimeWarning: invalid value encountered in divide
  tmp_c_rssi_ave_list = np.where(tmp_c_rx_pkt_num_list > 0, np.round(tmp_c_rssi_sum_list/tmp_c_rx_pkt_num_list, 1), 0.0)
/home/arimoto/opt/scensim_env/scenargie_simulator/2.2/scenarios_linux/srm_interference/commandline/./script/interference_2pan_plot_results.py:893: RuntimeWarning: invalid value encountered in divide
  tmp_c_rssi_ave_list = np.where(tmp_c_rx_pkt_num_list > 0, np.round(tmp_c_rssi_sum_list/tmp_c_rx_pkt_num_list, 1), 0.0)
/home/arimoto/opt/scensim_env/scenargie_simulator/2.2/scenarios_linux/srm_interference/commandline/./script/interference_2pan_plot_results.py:893: RuntimeWarning: invalid value encountered in divide
  tmp_c_rssi_ave_list = np.where(tmp_c_rx_pkt_num_list > 0, np.round(tmp_c_rssi_sum_list/tmp_c_rx_pkt_num_list, 1), 0.0)
/home/arimoto/opt/scensim_env/scenargie_simulator/2.2/scenarios_linux/srm_interference/commandline/./script/interference_2pan_plot_results.py:893: RuntimeWarning: invalid value encountered in divide
  tmp_c_rssi_ave_list = np.where(tmp_c_rx_pkt_num_list > 0, np.round(tmp_c_rssi_sum_list/tmp_c_rx_pkt_num_list, 1), 0.0)
/home/arimoto/opt/scensim_env/scenargie_simulator/2.2/scenarios_linux/srm_interference/commandline/./script/interference_2pan_plot_results.py:893: RuntimeWarning: invalid value encountered in divide
  tmp_c_rssi_ave_list = np.where(tmp_c_rx_pkt_num_list > 0, np.round(tmp_c_rssi_sum_list/tmp_c_rx_pkt_num_list, 1), 0.0)
/home/arimoto/opt/scensim_env/scenargie_simulator/2.2/scenarios_linux/srm_interference/commandline/./script/interference_2pan_plot_results.py:893: RuntimeWarning: invalid value encountered in divide
  tmp_c_rssi_ave_list = np.where(tmp_c_rx_pkt_num_list > 0, np.round(tmp_c_rssi_sum_list/tmp_c_rx_pkt_num_list, 1), 0.0)
/home/arimoto/opt/scensim_env/scenargie_simulator/2.2/scenarios_linux/srm_interference/commandline/./script/interference_2pan_plot_results.py:893: RuntimeWarning: invalid value encountered in divide
  tmp_c_rssi_ave_list = np.where(tmp_c_rx_pkt_num_list > 0, np.round(tmp_c_rssi_sum_list/tmp_c_rx_pkt_num_list, 1), 0.0)
/home/arimoto/opt/scensim_env/scenargie_simulator/2.2/scenarios_linux/srm_interference/commandline/./script/interference_2pan_plot_results.py:893: RuntimeWarning: invalid value encountered in divide
  tmp_c_rssi_ave_list = np.where(tmp_c_rx_pkt_num_list > 0, np.round(tmp_c_rssi_sum_list/tmp_c_rx_pkt_num_list, 1), 0.0)
/home/arimoto/opt/scensim_env/scenargie_simulator/2.2/scenarios_linux/srm_interference/commandline/./script/interference_2pan_plot_results.py:893: RuntimeWarning: invalid value encountered in divide
  tmp_c_rssi_ave_list = np.where(tmp_c_rx_pkt_num_list > 0, np.round(tmp_c_rssi_sum_list/tmp_c_rx_pkt_num_list, 1), 0.0)
/home/arimoto/opt/scensim_env/scenargie_simulator/2.2/scenarios_linux/srm_interference/commandline/./script/interference_2pan_plot_results.py:893: RuntimeWarning: invalid value encountered in divide
  tmp_c_rssi_ave_list = np.where(tmp_c_rx_pkt_num_list > 0, np.round(tmp_c_rssi_sum_list/tmp_c_rx_pkt_num_list, 1), 0.0)
/home/arimoto/opt/scensim_env/scenargie_simulator/2.2/scenarios_linux/srm_interference/commandline/./script/interference_2pan_plot_results.py:893: RuntimeWarning: invalid value encountered in divide
  tmp_c_rssi_ave_list = np.where(tmp_c_rx_pkt_num_list > 0, np.round(tmp_c_rssi_sum_list/tmp_c_rx_pkt_num_list, 1), 0.0)
/home/arimoto/opt/scensim_env/scenargie_simulator/2.2/scenarios_linux/srm_interference/commandline/./script/interference_2pan_plot_results.py:893: RuntimeWarning: invalid value encountered in divide
  tmp_c_rssi_ave_list = np.where(tmp_c_rx_pkt_num_list > 0, np.round(tmp_c_rssi_sum_list/tmp_c_rx_pkt_num_list, 1), 0.0)
/home/arimoto/opt/scensim_env/scenargie_simulator/2.2/scenarios_linux/srm_interference/commandline/./script/interference_2pan_plot_results.py:893: RuntimeWarning: invalid value encountered in divide
  tmp_c_rssi_ave_list = np.where(tmp_c_rx_pkt_num_list > 0, np.round(tmp_c_rssi_sum_list/tmp_c_rx_pkt_num_list, 1), 0.0)

===== Processing no_interf files =====

--- Starting Result Aggregation and Plotting ---
start off_load_pan1/pan2: 0.1 / 1.0
Found 100 stat files to process.
Found 100 trace files to process.
Found 100 pos files to process.
/home/arimoto/opt/scensim_env/scenargie_simulator/2.2/scenarios_linux/srm_interference/commandline/./script/interference_2pan_plot_results.py:893: RuntimeWarning: invalid value encountered in divide
  tmp_c_rssi_ave_list = np.where(tmp_c_rx_pkt_num_list > 0, np.round(tmp_c_rssi_sum_list/tmp_c_rx_pkt_num_list, 1), 0.0)
/home/arimoto/opt/scensim_env/scenargie_simulator/2.2/scenarios_linux/srm_interference/commandline/./script/interference_2pan_plot_results.py:893: RuntimeWarning: invalid value encountered in divide
  tmp_c_rssi_ave_list = np.where(tmp_c_rx_pkt_num_list > 0, np.round(tmp_c_rssi_sum_list/tmp_c_rx_pkt_num_list, 1), 0.0)
/home/arimoto/opt/scensim_env/scenargie_simulator/2.2/scenarios_linux/srm_interference/commandline/./script/interference_2pan_plot_results.py:893: RuntimeWarning: invalid value encountered in divide
  tmp_c_rssi_ave_list = np.where(tmp_c_rx_pkt_num_list > 0, np.round(tmp_c_rssi_sum_list/tmp_c_rx_pkt_num_list, 1), 0.0)
/home/arimoto/opt/scensim_env/scenargie_simulator/2.2/scenarios_linux/srm_interference/commandline/./script/interference_2pan_plot_results.py:893: RuntimeWarning: invalid value encountered in divide
  tmp_c_rssi_ave_list = np.where(tmp_c_rx_pkt_num_list > 0, np.round(tmp_c_rssi_sum_list/tmp_c_rx_pkt_num_list, 1), 0.0)
/home/arimoto/opt/scensim_env/scenargie_simulator/2.2/scenarios_linux/srm_interference/commandline/./script/interference_2pan_plot_results.py:893: RuntimeWarning: invalid value encountered in divide
  tmp_c_rssi_ave_list = np.where(tmp_c_rx_pkt_num_list > 0, np.round(tmp_c_rssi_sum_list/tmp_c_rx_pkt_num_list, 1), 0.0)
/home/arimoto/opt/scensim_env/scenargie_simulator/2.2/scenarios_linux/srm_interference/commandline/./script/interference_2pan_plot_results.py:893: RuntimeWarning: invalid value encountered in divide
  tmp_c_rssi_ave_list = np.where(tmp_c_rx_pkt_num_list > 0, np.round(tmp_c_rssi_sum_list/tmp_c_rx_pkt_num_list, 1), 0.0)
/home/arimoto/opt/scensim_env/scenargie_simulator/2.2/scenarios_linux/srm_interference/commandline/./script/interference_2pan_plot_results.py:893: RuntimeWarning: invalid value encountered in divide
  tmp_c_rssi_ave_list = np.where(tmp_c_rx_pkt_num_list > 0, np.round(tmp_c_rssi_sum_list/tmp_c_rx_pkt_num_list, 1), 0.0)
/home/arimoto/opt/scensim_env/scenargie_simulator/2.2/scenarios_linux/srm_interference/commandline/./script/interference_2pan_plot_results.py:893: RuntimeWarning: invalid value encountered in divide
  tmp_c_rssi_ave_list = np.where(tmp_c_rx_pkt_num_list > 0, np.round(tmp_c_rssi_sum_list/tmp_c_rx_pkt_num_list, 1), 0.0)
/home/arimoto/opt/scensim_env/scenargie_simulator/2.2/scenarios_linux/srm_interference/commandline/./script/interference_2pan_plot_results.py:893: RuntimeWarning: invalid value encountered in divide
  tmp_c_rssi_ave_list = np.where(tmp_c_rx_pkt_num_list > 0, np.round(tmp_c_rssi_sum_list/tmp_c_rx_pkt_num_list, 1), 0.0)
/home/arimoto/opt/scensim_env/scenargie_simulator/2.2/scenarios_linux/srm_interference/commandline/./script/interference_2pan_plot_results.py:893: RuntimeWarning: invalid value encountered in divide
  tmp_c_rssi_ave_list = np.where(tmp_c_rx_pkt_num_list > 0, np.round(tmp_c_rssi_sum_list/tmp_c_rx_pkt_num_list, 1), 0.0)
/home/arimoto/opt/scensim_env/scenargie_simulator/2.2/scenarios_linux/srm_interference/commandline/./script/interference_2pan_plot_results.py:893: RuntimeWarning: invalid value encountered in divide
  tmp_c_rssi_ave_list = np.where(tmp_c_rx_pkt_num_list > 0, np.round(tmp_c_rssi_sum_list/tmp_c_rx_pkt_num_list, 1), 0.0)
/home/arimoto/opt/scensim_env/scenargie_simulator/2.2/scenarios_linux/srm_interference/commandline/./script/interference_2pan_plot_results.py:893: RuntimeWarning: invalid value encountered in divide
  tmp_c_rssi_ave_list = np.where(tmp_c_rx_pkt_num_list > 0, np.round(tmp_c_rssi_sum_list/tmp_c_rx_pkt_num_list, 1), 0.0)
/home/arimoto/opt/scensim_env/scenargie_simulator/2.2/scenarios_linux/srm_interference/commandline/./script/interference_2pan_plot_results.py:893: RuntimeWarning: invalid value encountered in divide
  tmp_c_rssi_ave_list = np.where(tmp_c_rx_pkt_num_list > 0, np.round(tmp_c_rssi_sum_list/tmp_c_rx_pkt_num_list, 1), 0.0)
/home/arimoto/opt/scensim_env/scenargie_simulator/2.2/scenarios_linux/srm_interference/commandline/./script/interference_2pan_plot_results.py:893: RuntimeWarning: invalid value encountered in divide
  tmp_c_rssi_ave_list = np.where(tmp_c_rx_pkt_num_list > 0, np.round(tmp_c_rssi_sum_list/tmp_c_rx_pkt_num_list, 1), 0.0)
/home/arimoto/opt/scensim_env/scenargie_simulator/2.2/scenarios_linux/srm_interference/commandline/./script/interference_2pan_plot_results.py:893: RuntimeWarning: invalid value encountered in divide
  tmp_c_rssi_ave_list = np.where(tmp_c_rx_pkt_num_list > 0, np.round(tmp_c_rssi_sum_list/tmp_c_rx_pkt_num_list, 1), 0.0)
/home/arimoto/opt/scensim_env/scenargie_simulator/2.2/scenarios_linux/srm_interference/commandline/./script/interference_2pan_plot_results.py:893: RuntimeWarning: invalid value encountered in divide
  tmp_c_rssi_ave_list = np.where(tmp_c_rx_pkt_num_list > 0, np.round(tmp_c_rssi_sum_list/tmp_c_rx_pkt_num_list, 1), 0.0)
/home/arimoto/opt/scensim_env/scenargie_simulator/2.2/scenarios_linux/srm_interference/commandline/./script/interference_2pan_plot_results.py:893: RuntimeWarning: invalid value encountered in divide
  tmp_c_rssi_ave_list = np.where(tmp_c_rx_pkt_num_list > 0, np.round(tmp_c_rssi_sum_list/tmp_c_rx_pkt_num_list, 1), 0.0)
/home/arimoto/opt/scensim_env/scenargie_simulator/2.2/scenarios_linux/srm_interference/commandline/./script/interference_2pan_plot_results.py:893: RuntimeWarning: invalid value encountered in divide
  tmp_c_rssi_ave_list = np.where(tmp_c_rx_pkt_num_list > 0, np.round(tmp_c_rssi_sum_list/tmp_c_rx_pkt_num_list, 1), 0.0)
/home/arimoto/opt/scensim_env/scenargie_simulator/2.2/scenarios_linux/srm_interference/commandline/./script/interference_2pan_plot_results.py:893: RuntimeWarning: invalid value encountered in divide
  tmp_c_rssi_ave_list = np.where(tmp_c_rx_pkt_num_list > 0, np.round(tmp_c_rssi_sum_list/tmp_c_rx_pkt_num_list, 1), 0.0)
/home/arimoto/opt/scensim_env/scenargie_simulator/2.2/scenarios_linux/srm_interference/commandline/./script/interference_2pan_plot_results.py:893: RuntimeWarning: invalid value encountered in divide
  tmp_c_rssi_ave_list = np.where(tmp_c_rx_pkt_num_list > 0, np.round(tmp_c_rssi_sum_list/tmp_c_rx_pkt_num_list, 1), 0.0)
/home/arimoto/opt/scensim_env/scenargie_simulator/2.2/scenarios_linux/srm_interference/commandline/./script/interference_2pan_plot_results.py:893: RuntimeWarning: invalid value encountered in divide
  tmp_c_rssi_ave_list = np.where(tmp_c_rx_pkt_num_list > 0, np.round(tmp_c_rssi_sum_list/tmp_c_rx_pkt_num_list, 1), 0.0)
/home/arimoto/opt/scensim_env/scenargie_simulator/2.2/scenarios_linux/srm_interference/commandline/./script/interference_2pan_plot_results.py:893: RuntimeWarning: invalid value encountered in divide
  tmp_c_rssi_ave_list = np.where(tmp_c_rx_pkt_num_list > 0, np.round(tmp_c_rssi_sum_list/tmp_c_rx_pkt_num_list, 1), 0.0)
/home/arimoto/opt/scensim_env/scenargie_simulator/2.2/scenarios_linux/srm_interference/commandline/./script/interference_2pan_plot_results.py:893: RuntimeWarning: invalid value encountered in divide
  tmp_c_rssi_ave_list = np.where(tmp_c_rx_pkt_num_list > 0, np.round(tmp_c_rssi_sum_list/tmp_c_rx_pkt_num_list, 1), 0.0)
/home/arimoto/opt/scensim_env/scenargie_simulator/2.2/scenarios_linux/srm_interference/commandline/./script/interference_2pan_plot_results.py:893: RuntimeWarning: invalid value encountered in divide
  tmp_c_rssi_ave_list = np.where(tmp_c_rx_pkt_num_list > 0, np.round(tmp_c_rssi_sum_list/tmp_c_rx_pkt_num_list, 1), 0.0)
/home/arimoto/opt/scensim_env/scenargie_simulator/2.2/scenarios_linux/srm_interference/commandline/./script/interference_2pan_plot_results.py:893: RuntimeWarning: invalid value encountered in divide
  tmp_c_rssi_ave_list = np.where(tmp_c_rx_pkt_num_list > 0, np.round(tmp_c_rssi_sum_list/tmp_c_rx_pkt_num_list, 1), 0.0)
/home/arimoto/opt/scensim_env/scenargie_simulator/2.2/scenarios_linux/srm_interference/commandline/./script/interference_2pan_plot_results.py:893: RuntimeWarning: invalid value encountered in divide
  tmp_c_rssi_ave_list = np.where(tmp_c_rx_pkt_num_list > 0, np.round(tmp_c_rssi_sum_list/tmp_c_rx_pkt_num_list, 1), 0.0)
/home/arimoto/opt/scensim_env/scenargie_simulator/2.2/scenarios_linux/srm_interference/commandline/./script/interference_2pan_plot_results.py:893: RuntimeWarning: invalid value encountered in divide
  tmp_c_rssi_ave_list = np.where(tmp_c_rx_pkt_num_list > 0, np.round(tmp_c_rssi_sum_list/tmp_c_rx_pkt_num_list, 1), 0.0)
/home/arimoto/opt/scensim_env/scenargie_simulator/2.2/scenarios_linux/srm_interference/commandline/./script/interference_2pan_plot_results.py:893: RuntimeWarning: invalid value encountered in divide
  tmp_c_rssi_ave_list = np.where(tmp_c_rx_pkt_num_list > 0, np.round(tmp_c_rssi_sum_list/tmp_c_rx_pkt_num_list, 1), 0.0)
/home/arimoto/opt/scensim_env/scenargie_simulator/2.2/scenarios_linux/srm_interference/commandline/./script/interference_2pan_plot_results.py:893: RuntimeWarning: invalid value encountered in divide
  tmp_c_rssi_ave_list = np.where(tmp_c_rx_pkt_num_list > 0, np.round(tmp_c_rssi_sum_list/tmp_c_rx_pkt_num_list, 1), 0.0)
/home/arimoto/opt/scensim_env/scenargie_simulator/2.2/scenarios_linux/srm_interference/commandline/./script/interference_2pan_plot_results.py:893: RuntimeWarning: invalid value encountered in divide
  tmp_c_rssi_ave_list = np.where(tmp_c_rx_pkt_num_list > 0, np.round(tmp_c_rssi_sum_list/tmp_c_rx_pkt_num_list, 1), 0.0)
/home/arimoto/opt/scensim_env/scenargie_simulator/2.2/scenarios_linux/srm_interference/commandline/./script/interference_2pan_plot_results.py:893: RuntimeWarning: invalid value encountered in divide
  tmp_c_rssi_ave_list = np.where(tmp_c_rx_pkt_num_list > 0, np.round(tmp_c_rssi_sum_list/tmp_c_rx_pkt_num_list, 1), 0.0)
/home/arimoto/opt/scensim_env/scenargie_simulator/2.2/scenarios_linux/srm_interference/commandline/./script/interference_2pan_plot_results.py:893: RuntimeWarning: invalid value encountered in divide
  tmp_c_rssi_ave_list = np.where(tmp_c_rx_pkt_num_list > 0, np.round(tmp_c_rssi_sum_list/tmp_c_rx_pkt_num_list, 1), 0.0)
start off_load_pan1/pan2: 0.2 / 1.0
Found 100 stat files to process.
Found 100 trace files to process.
Found 100 pos files to process.
/home/arimoto/opt/scensim_env/scenargie_simulator/2.2/scenarios_linux/srm_interference/commandline/./script/interference_2pan_plot_results.py:893: RuntimeWarning: invalid value encountered in divide
  tmp_c_rssi_ave_list = np.where(tmp_c_rx_pkt_num_list > 0, np.round(tmp_c_rssi_sum_list/tmp_c_rx_pkt_num_list, 1), 0.0)
/home/arimoto/opt/scensim_env/scenargie_simulator/2.2/scenarios_linux/srm_interference/commandline/./script/interference_2pan_plot_results.py:893: RuntimeWarning: invalid value encountered in divide
  tmp_c_rssi_ave_list = np.where(tmp_c_rx_pkt_num_list > 0, np.round(tmp_c_rssi_sum_list/tmp_c_rx_pkt_num_list, 1), 0.0)
/home/arimoto/opt/scensim_env/scenargie_simulator/2.2/scenarios_linux/srm_interference/commandline/./script/interference_2pan_plot_results.py:893: RuntimeWarning: invalid value encountered in divide
  tmp_c_rssi_ave_list = np.where(tmp_c_rx_pkt_num_list > 0, np.round(tmp_c_rssi_sum_list/tmp_c_rx_pkt_num_list, 1), 0.0)
/home/arimoto/opt/scensim_env/scenargie_simulator/2.2/scenarios_linux/srm_interference/commandline/./script/interference_2pan_plot_results.py:893: RuntimeWarning: invalid value encountered in divide
  tmp_c_rssi_ave_list = np.where(tmp_c_rx_pkt_num_list > 0, np.round(tmp_c_rssi_sum_list/tmp_c_rx_pkt_num_list, 1), 0.0)
/home/arimoto/opt/scensim_env/scenargie_simulator/2.2/scenarios_linux/srm_interference/commandline/./script/interference_2pan_plot_results.py:893: RuntimeWarning: invalid value encountered in divide
  tmp_c_rssi_ave_list = np.where(tmp_c_rx_pkt_num_list > 0, np.round(tmp_c_rssi_sum_list/tmp_c_rx_pkt_num_list, 1), 0.0)
/home/arimoto/opt/scensim_env/scenargie_simulator/2.2/scenarios_linux/srm_interference/commandline/./script/interference_2pan_plot_results.py:893: RuntimeWarning: invalid value encountered in divide
  tmp_c_rssi_ave_list = np.where(tmp_c_rx_pkt_num_list > 0, np.round(tmp_c_rssi_sum_list/tmp_c_rx_pkt_num_list, 1), 0.0)
/home/arimoto/opt/scensim_env/scenargie_simulator/2.2/scenarios_linux/srm_interference/commandline/./script/interference_2pan_plot_results.py:893: RuntimeWarning: invalid value encountered in divide
  tmp_c_rssi_ave_list = np.where(tmp_c_rx_pkt_num_list > 0, np.round(tmp_c_rssi_sum_list/tmp_c_rx_pkt_num_list, 1), 0.0)
/home/arimoto/opt/scensim_env/scenargie_simulator/2.2/scenarios_linux/srm_interference/commandline/./script/interference_2pan_plot_results.py:893: RuntimeWarning: invalid value encountered in divide
  tmp_c_rssi_ave_list = np.where(tmp_c_rx_pkt_num_list > 0, np.round(tmp_c_rssi_sum_list/tmp_c_rx_pkt_num_list, 1), 0.0)
/home/arimoto/opt/scensim_env/scenargie_simulator/2.2/scenarios_linux/srm_interference/commandline/./script/interference_2pan_plot_results.py:893: RuntimeWarning: invalid value encountered in divide
  tmp_c_rssi_ave_list = np.where(tmp_c_rx_pkt_num_list > 0, np.round(tmp_c_rssi_sum_list/tmp_c_rx_pkt_num_list, 1), 0.0)
/home/arimoto/opt/scensim_env/scenargie_simulator/2.2/scenarios_linux/srm_interference/commandline/./script/interference_2pan_plot_results.py:893: RuntimeWarning: invalid value encountered in divide
  tmp_c_rssi_ave_list = np.where(tmp_c_rx_pkt_num_list > 0, np.round(tmp_c_rssi_sum_list/tmp_c_rx_pkt_num_list, 1), 0.0)
/home/arimoto/opt/scensim_env/scenargie_simulator/2.2/scenarios_linux/srm_interference/commandline/./script/interference_2pan_plot_results.py:893: RuntimeWarning: invalid value encountered in divide
  tmp_c_rssi_ave_list = np.where(tmp_c_rx_pkt_num_list > 0, np.round(tmp_c_rssi_sum_list/tmp_c_rx_pkt_num_list, 1), 0.0)
/home/arimoto/opt/scensim_env/scenargie_simulator/2.2/scenarios_linux/srm_interference/commandline/./script/interference_2pan_plot_results.py:893: RuntimeWarning: invalid value encountered in divide
  tmp_c_rssi_ave_list = np.where(tmp_c_rx_pkt_num_list > 0, np.round(tmp_c_rssi_sum_list/tmp_c_rx_pkt_num_list, 1), 0.0)
/home/arimoto/opt/scensim_env/scenargie_simulator/2.2/scenarios_linux/srm_interference/commandline/./script/interference_2pan_plot_results.py:893: RuntimeWarning: invalid value encountered in divide
  tmp_c_rssi_ave_list = np.where(tmp_c_rx_pkt_num_list > 0, np.round(tmp_c_rssi_sum_list/tmp_c_rx_pkt_num_list, 1), 0.0)
/home/arimoto/opt/scensim_env/scenargie_simulator/2.2/scenarios_linux/srm_interference/commandline/./script/interference_2pan_plot_results.py:893: RuntimeWarning: invalid value encountered in divide
  tmp_c_rssi_ave_list = np.where(tmp_c_rx_pkt_num_list > 0, np.round(tmp_c_rssi_sum_list/tmp_c_rx_pkt_num_list, 1), 0.0)
/home/arimoto/opt/scensim_env/scenargie_simulator/2.2/scenarios_linux/srm_interference/commandline/./script/interference_2pan_plot_results.py:893: RuntimeWarning: invalid value encountered in divide
  tmp_c_rssi_ave_list = np.where(tmp_c_rx_pkt_num_list > 0, np.round(tmp_c_rssi_sum_list/tmp_c_rx_pkt_num_list, 1), 0.0)
/home/arimoto/opt/scensim_env/scenargie_simulator/2.2/scenarios_linux/srm_interference/commandline/./script/interference_2pan_plot_results.py:893: RuntimeWarning: invalid value encountered in divide
  tmp_c_rssi_ave_list = np.where(tmp_c_rx_pkt_num_list > 0, np.round(tmp_c_rssi_sum_list/tmp_c_rx_pkt_num_list, 1), 0.0)
/home/arimoto/opt/scensim_env/scenargie_simulator/2.2/scenarios_linux/srm_interference/commandline/./script/interference_2pan_plot_results.py:893: RuntimeWarning: invalid value encountered in divide
  tmp_c_rssi_ave_list = np.where(tmp_c_rx_pkt_num_list > 0, np.round(tmp_c_rssi_sum_list/tmp_c_rx_pkt_num_list, 1), 0.0)
/home/arimoto/opt/scensim_env/scenargie_simulator/2.2/scenarios_linux/srm_interference/commandline/./script/interference_2pan_plot_results.py:893: RuntimeWarning: invalid value encountered in divide
  tmp_c_rssi_ave_list = np.where(tmp_c_rx_pkt_num_list > 0, np.round(tmp_c_rssi_sum_list/tmp_c_rx_pkt_num_list, 1), 0.0)
/home/arimoto/opt/scensim_env/scenargie_simulator/2.2/scenarios_linux/srm_interference/commandline/./script/interference_2pan_plot_results.py:893: RuntimeWarning: invalid value encountered in divide
  tmp_c_rssi_ave_list = np.where(tmp_c_rx_pkt_num_list > 0, np.round(tmp_c_rssi_sum_list/tmp_c_rx_pkt_num_list, 1), 0.0)
/home/arimoto/opt/scensim_env/scenargie_simulator/2.2/scenarios_linux/srm_interference/commandline/./script/interference_2pan_plot_results.py:893: RuntimeWarning: invalid value encountered in divide
  tmp_c_rssi_ave_list = np.where(tmp_c_rx_pkt_num_list > 0, np.round(tmp_c_rssi_sum_list/tmp_c_rx_pkt_num_list, 1), 0.0)
/home/arimoto/opt/scensim_env/scenargie_simulator/2.2/scenarios_linux/srm_interference/commandline/./script/interference_2pan_plot_results.py:893: RuntimeWarning: invalid value encountered in divide
  tmp_c_rssi_ave_list = np.where(tmp_c_rx_pkt_num_list > 0, np.round(tmp_c_rssi_sum_list/tmp_c_rx_pkt_num_list, 1), 0.0)
/home/arimoto/opt/scensim_env/scenargie_simulator/2.2/scenarios_linux/srm_interference/commandline/./script/interference_2pan_plot_results.py:893: RuntimeWarning: invalid value encountered in divide
  tmp_c_rssi_ave_list = np.where(tmp_c_rx_pkt_num_list > 0, np.round(tmp_c_rssi_sum_list/tmp_c_rx_pkt_num_list, 1), 0.0)
/home/arimoto/opt/scensim_env/scenargie_simulator/2.2/scenarios_linux/srm_interference/commandline/./script/interference_2pan_plot_results.py:893: RuntimeWarning: invalid value encountered in divide
  tmp_c_rssi_ave_list = np.where(tmp_c_rx_pkt_num_list > 0, np.round(tmp_c_rssi_sum_list/tmp_c_rx_pkt_num_list, 1), 0.0)
/home/arimoto/opt/scensim_env/scenargie_simulator/2.2/scenarios_linux/srm_interference/commandline/./script/interference_2pan_plot_results.py:893: RuntimeWarning: invalid value encountered in divide
  tmp_c_rssi_ave_list = np.where(tmp_c_rx_pkt_num_list > 0, np.round(tmp_c_rssi_sum_list/tmp_c_rx_pkt_num_list, 1), 0.0)
/home/arimoto/opt/scensim_env/scenargie_simulator/2.2/scenarios_linux/srm_interference/commandline/./script/interference_2pan_plot_results.py:893: RuntimeWarning: invalid value encountered in divide
  tmp_c_rssi_ave_list = np.where(tmp_c_rx_pkt_num_list > 0, np.round(tmp_c_rssi_sum_list/tmp_c_rx_pkt_num_list, 1), 0.0)
/home/arimoto/opt/scensim_env/scenargie_simulator/2.2/scenarios_linux/srm_interference/commandline/./script/interference_2pan_plot_results.py:893: RuntimeWarning: invalid value encountered in divide
  tmp_c_rssi_ave_list = np.where(tmp_c_rx_pkt_num_list > 0, np.round(tmp_c_rssi_sum_list/tmp_c_rx_pkt_num_list, 1), 0.0)
/home/arimoto/opt/scensim_env/scenargie_simulator/2.2/scenarios_linux/srm_interference/commandline/./script/interference_2pan_plot_results.py:893: RuntimeWarning: invalid value encountered in divide
  tmp_c_rssi_ave_list = np.where(tmp_c_rx_pkt_num_list > 0, np.round(tmp_c_rssi_sum_list/tmp_c_rx_pkt_num_list, 1), 0.0)
/home/arimoto/opt/scensim_env/scenargie_simulator/2.2/scenarios_linux/srm_interference/commandline/./script/interference_2pan_plot_results.py:893: RuntimeWarning: invalid value encountered in divide
  tmp_c_rssi_ave_list = np.where(tmp_c_rx_pkt_num_list > 0, np.round(tmp_c_rssi_sum_list/tmp_c_rx_pkt_num_list, 1), 0.0)
/home/arimoto/opt/scensim_env/scenargie_simulator/2.2/scenarios_linux/srm_interference/commandline/./script/interference_2pan_plot_results.py:893: RuntimeWarning: invalid value encountered in divide
  tmp_c_rssi_ave_list = np.where(tmp_c_rx_pkt_num_list > 0, np.round(tmp_c_rssi_sum_list/tmp_c_rx_pkt_num_list, 1), 0.0)
/home/arimoto/opt/scensim_env/scenargie_simulator/2.2/scenarios_linux/srm_interference/commandline/./script/interference_2pan_plot_results.py:893: RuntimeWarning: invalid value encountered in divide
  tmp_c_rssi_ave_list = np.where(tmp_c_rx_pkt_num_list > 0, np.round(tmp_c_rssi_sum_list/tmp_c_rx_pkt_num_list, 1), 0.0)
/home/arimoto/opt/scensim_env/scenargie_simulator/2.2/scenarios_linux/srm_interference/commandline/./script/interference_2pan_plot_results.py:893: RuntimeWarning: invalid value encountered in divide
  tmp_c_rssi_ave_list = np.where(tmp_c_rx_pkt_num_list > 0, np.round(tmp_c_rssi_sum_list/tmp_c_rx_pkt_num_list, 1), 0.0)
/home/arimoto/opt/scensim_env/scenargie_simulator/2.2/scenarios_linux/srm_interference/commandline/./script/interference_2pan_plot_results.py:893: RuntimeWarning: invalid value encountered in divide
  tmp_c_rssi_ave_list = np.where(tmp_c_rx_pkt_num_list > 0, np.round(tmp_c_rssi_sum_list/tmp_c_rx_pkt_num_list, 1), 0.0)
start off_load_pan1/pan2: 0.3 / 1.0
Found 100 stat files to process.
Found 100 trace files to process.
Found 100 pos files to process.
/home/arimoto/opt/scensim_env/scenargie_simulator/2.2/scenarios_linux/srm_interference/commandline/./script/interference_2pan_plot_results.py:893: RuntimeWarning: invalid value encountered in divide
  tmp_c_rssi_ave_list = np.where(tmp_c_rx_pkt_num_list > 0, np.round(tmp_c_rssi_sum_list/tmp_c_rx_pkt_num_list, 1), 0.0)
/home/arimoto/opt/scensim_env/scenargie_simulator/2.2/scenarios_linux/srm_interference/commandline/./script/interference_2pan_plot_results.py:893: RuntimeWarning: invalid value encountered in divide
  tmp_c_rssi_ave_list = np.where(tmp_c_rx_pkt_num_list > 0, np.round(tmp_c_rssi_sum_list/tmp_c_rx_pkt_num_list, 1), 0.0)
/home/arimoto/opt/scensim_env/scenargie_simulator/2.2/scenarios_linux/srm_interference/commandline/./script/interference_2pan_plot_results.py:893: RuntimeWarning: invalid value encountered in divide
  tmp_c_rssi_ave_list = np.where(tmp_c_rx_pkt_num_list > 0, np.round(tmp_c_rssi_sum_list/tmp_c_rx_pkt_num_list, 1), 0.0)
/home/arimoto/opt/scensim_env/scenargie_simulator/2.2/scenarios_linux/srm_interference/commandline/./script/interference_2pan_plot_results.py:893: RuntimeWarning: invalid value encountered in divide
  tmp_c_rssi_ave_list = np.where(tmp_c_rx_pkt_num_list > 0, np.round(tmp_c_rssi_sum_list/tmp_c_rx_pkt_num_list, 1), 0.0)
/home/arimoto/opt/scensim_env/scenargie_simulator/2.2/scenarios_linux/srm_interference/commandline/./script/interference_2pan_plot_results.py:893: RuntimeWarning: invalid value encountered in divide
  tmp_c_rssi_ave_list = np.where(tmp_c_rx_pkt_num_list > 0, np.round(tmp_c_rssi_sum_list/tmp_c_rx_pkt_num_list, 1), 0.0)
/home/arimoto/opt/scensim_env/scenargie_simulator/2.2/scenarios_linux/srm_interference/commandline/./script/interference_2pan_plot_results.py:893: RuntimeWarning: invalid value encountered in divide
  tmp_c_rssi_ave_list = np.where(tmp_c_rx_pkt_num_list > 0, np.round(tmp_c_rssi_sum_list/tmp_c_rx_pkt_num_list, 1), 0.0)
/home/arimoto/opt/scensim_env/scenargie_simulator/2.2/scenarios_linux/srm_interference/commandline/./script/interference_2pan_plot_results.py:893: RuntimeWarning: invalid value encountered in divide
  tmp_c_rssi_ave_list = np.where(tmp_c_rx_pkt_num_list > 0, np.round(tmp_c_rssi_sum_list/tmp_c_rx_pkt_num_list, 1), 0.0)
/home/arimoto/opt/scensim_env/scenargie_simulator/2.2/scenarios_linux/srm_interference/commandline/./script/interference_2pan_plot_results.py:893: RuntimeWarning: invalid value encountered in divide
  tmp_c_rssi_ave_list = np.where(tmp_c_rx_pkt_num_list > 0, np.round(tmp_c_rssi_sum_list/tmp_c_rx_pkt_num_list, 1), 0.0)
/home/arimoto/opt/scensim_env/scenargie_simulator/2.2/scenarios_linux/srm_interference/commandline/./script/interference_2pan_plot_results.py:893: RuntimeWarning: invalid value encountered in divide
  tmp_c_rssi_ave_list = np.where(tmp_c_rx_pkt_num_list > 0, np.round(tmp_c_rssi_sum_list/tmp_c_rx_pkt_num_list, 1), 0.0)
/home/arimoto/opt/scensim_env/scenargie_simulator/2.2/scenarios_linux/srm_interference/commandline/./script/interference_2pan_plot_results.py:893: RuntimeWarning: invalid value encountered in divide
  tmp_c_rssi_ave_list = np.where(tmp_c_rx_pkt_num_list > 0, np.round(tmp_c_rssi_sum_list/tmp_c_rx_pkt_num_list, 1), 0.0)
/home/arimoto/opt/scensim_env/scenargie_simulator/2.2/scenarios_linux/srm_interference/commandline/./script/interference_2pan_plot_results.py:893: RuntimeWarning: invalid value encountered in divide
  tmp_c_rssi_ave_list = np.where(tmp_c_rx_pkt_num_list > 0, np.round(tmp_c_rssi_sum_list/tmp_c_rx_pkt_num_list, 1), 0.0)
/home/arimoto/opt/scensim_env/scenargie_simulator/2.2/scenarios_linux/srm_interference/commandline/./script/interference_2pan_plot_results.py:893: RuntimeWarning: invalid value encountered in divide
  tmp_c_rssi_ave_list = np.where(tmp_c_rx_pkt_num_list > 0, np.round(tmp_c_rssi_sum_list/tmp_c_rx_pkt_num_list, 1), 0.0)
/home/arimoto/opt/scensim_env/scenargie_simulator/2.2/scenarios_linux/srm_interference/commandline/./script/interference_2pan_plot_results.py:893: RuntimeWarning: invalid value encountered in divide
  tmp_c_rssi_ave_list = np.where(tmp_c_rx_pkt_num_list > 0, np.round(tmp_c_rssi_sum_list/tmp_c_rx_pkt_num_list, 1), 0.0)
/home/arimoto/opt/scensim_env/scenargie_simulator/2.2/scenarios_linux/srm_interference/commandline/./script/interference_2pan_plot_results.py:893: RuntimeWarning: invalid value encountered in divide
  tmp_c_rssi_ave_list = np.where(tmp_c_rx_pkt_num_list > 0, np.round(tmp_c_rssi_sum_list/tmp_c_rx_pkt_num_list, 1), 0.0)
/home/arimoto/opt/scensim_env/scenargie_simulator/2.2/scenarios_linux/srm_interference/commandline/./script/interference_2pan_plot_results.py:893: RuntimeWarning: invalid value encountered in divide
  tmp_c_rssi_ave_list = np.where(tmp_c_rx_pkt_num_list > 0, np.round(tmp_c_rssi_sum_list/tmp_c_rx_pkt_num_list, 1), 0.0)
/home/arimoto/opt/scensim_env/scenargie_simulator/2.2/scenarios_linux/srm_interference/commandline/./script/interference_2pan_plot_results.py:893: RuntimeWarning: invalid value encountered in divide
  tmp_c_rssi_ave_list = np.where(tmp_c_rx_pkt_num_list > 0, np.round(tmp_c_rssi_sum_list/tmp_c_rx_pkt_num_list, 1), 0.0)
/home/arimoto/opt/scensim_env/scenargie_simulator/2.2/scenarios_linux/srm_interference/commandline/./script/interference_2pan_plot_results.py:893: RuntimeWarning: invalid value encountered in divide
  tmp_c_rssi_ave_list = np.where(tmp_c_rx_pkt_num_list > 0, np.round(tmp_c_rssi_sum_list/tmp_c_rx_pkt_num_list, 1), 0.0)
/home/arimoto/opt/scensim_env/scenargie_simulator/2.2/scenarios_linux/srm_interference/commandline/./script/interference_2pan_plot_results.py:893: RuntimeWarning: invalid value encountered in divide
  tmp_c_rssi_ave_list = np.where(tmp_c_rx_pkt_num_list > 0, np.round(tmp_c_rssi_sum_list/tmp_c_rx_pkt_num_list, 1), 0.0)
/home/arimoto/opt/scensim_env/scenargie_simulator/2.2/scenarios_linux/srm_interference/commandline/./script/interference_2pan_plot_results.py:893: RuntimeWarning: invalid value encountered in divide
  tmp_c_rssi_ave_list = np.where(tmp_c_rx_pkt_num_list > 0, np.round(tmp_c_rssi_sum_list/tmp_c_rx_pkt_num_list, 1), 0.0)
/home/arimoto/opt/scensim_env/scenargie_simulator/2.2/scenarios_linux/srm_interference/commandline/./script/interference_2pan_plot_results.py:893: RuntimeWarning: invalid value encountered in divide
  tmp_c_rssi_ave_list = np.where(tmp_c_rx_pkt_num_list > 0, np.round(tmp_c_rssi_sum_list/tmp_c_rx_pkt_num_list, 1), 0.0)
/home/arimoto/opt/scensim_env/scenargie_simulator/2.2/scenarios_linux/srm_interference/commandline/./script/interference_2pan_plot_results.py:893: RuntimeWarning: invalid value encountered in divide
  tmp_c_rssi_ave_list = np.where(tmp_c_rx_pkt_num_list > 0, np.round(tmp_c_rssi_sum_list/tmp_c_rx_pkt_num_list, 1), 0.0)
/home/arimoto/opt/scensim_env/scenargie_simulator/2.2/scenarios_linux/srm_interference/commandline/./script/interference_2pan_plot_results.py:893: RuntimeWarning: invalid value encountered in divide
  tmp_c_rssi_ave_list = np.where(tmp_c_rx_pkt_num_list > 0, np.round(tmp_c_rssi_sum_list/tmp_c_rx_pkt_num_list, 1), 0.0)
/home/arimoto/opt/scensim_env/scenargie_simulator/2.2/scenarios_linux/srm_interference/commandline/./script/interference_2pan_plot_results.py:893: RuntimeWarning: invalid value encountered in divide
  tmp_c_rssi_ave_list = np.where(tmp_c_rx_pkt_num_list > 0, np.round(tmp_c_rssi_sum_list/tmp_c_rx_pkt_num_list, 1), 0.0)
/home/arimoto/opt/scensim_env/scenargie_simulator/2.2/scenarios_linux/srm_interference/commandline/./script/interference_2pan_plot_results.py:893: RuntimeWarning: invalid value encountered in divide
  tmp_c_rssi_ave_list = np.where(tmp_c_rx_pkt_num_list > 0, np.round(tmp_c_rssi_sum_list/tmp_c_rx_pkt_num_list, 1), 0.0)
/home/arimoto/opt/scensim_env/scenargie_simulator/2.2/scenarios_linux/srm_interference/commandline/./script/interference_2pan_plot_results.py:893: RuntimeWarning: invalid value encountered in divide
  tmp_c_rssi_ave_list = np.where(tmp_c_rx_pkt_num_list > 0, np.round(tmp_c_rssi_sum_list/tmp_c_rx_pkt_num_list, 1), 0.0)
/home/arimoto/opt/scensim_env/scenargie_simulator/2.2/scenarios_linux/srm_interference/commandline/./script/interference_2pan_plot_results.py:893: RuntimeWarning: invalid value encountered in divide
  tmp_c_rssi_ave_list = np.where(tmp_c_rx_pkt_num_list > 0, np.round(tmp_c_rssi_sum_list/tmp_c_rx_pkt_num_list, 1), 0.0)
/home/arimoto/opt/scensim_env/scenargie_simulator/2.2/scenarios_linux/srm_interference/commandline/./script/interference_2pan_plot_results.py:893: RuntimeWarning: invalid value encountered in divide
  tmp_c_rssi_ave_list = np.where(tmp_c_rx_pkt_num_list > 0, np.round(tmp_c_rssi_sum_list/tmp_c_rx_pkt_num_list, 1), 0.0)
/home/arimoto/opt/scensim_env/scenargie_simulator/2.2/scenarios_linux/srm_interference/commandline/./script/interference_2pan_plot_results.py:893: RuntimeWarning: invalid value encountered in divide
  tmp_c_rssi_ave_list = np.where(tmp_c_rx_pkt_num_list > 0, np.round(tmp_c_rssi_sum_list/tmp_c_rx_pkt_num_list, 1), 0.0)
/home/arimoto/opt/scensim_env/scenargie_simulator/2.2/scenarios_linux/srm_interference/commandline/./script/interference_2pan_plot_results.py:893: RuntimeWarning: invalid value encountered in divide
  tmp_c_rssi_ave_list = np.where(tmp_c_rx_pkt_num_list > 0, np.round(tmp_c_rssi_sum_list/tmp_c_rx_pkt_num_list, 1), 0.0)
/home/arimoto/opt/scensim_env/scenargie_simulator/2.2/scenarios_linux/srm_interference/commandline/./script/interference_2pan_plot_results.py:893: RuntimeWarning: invalid value encountered in divide
  tmp_c_rssi_ave_list = np.where(tmp_c_rx_pkt_num_list > 0, np.round(tmp_c_rssi_sum_list/tmp_c_rx_pkt_num_list, 1), 0.0)
/home/arimoto/opt/scensim_env/scenargie_simulator/2.2/scenarios_linux/srm_interference/commandline/./script/interference_2pan_plot_results.py:893: RuntimeWarning: invalid value encountered in divide
  tmp_c_rssi_ave_list = np.where(tmp_c_rx_pkt_num_list > 0, np.round(tmp_c_rssi_sum_list/tmp_c_rx_pkt_num_list, 1), 0.0)
/home/arimoto/opt/scensim_env/scenargie_simulator/2.2/scenarios_linux/srm_interference/commandline/./script/interference_2pan_plot_results.py:893: RuntimeWarning: invalid value encountered in divide
  tmp_c_rssi_ave_list = np.where(tmp_c_rx_pkt_num_list > 0, np.round(tmp_c_rssi_sum_list/tmp_c_rx_pkt_num_list, 1), 0.0)
start off_load_pan1/pan2: 0.4 / 1.0
Found 100 stat files to process.
Found 100 trace files to process.
Found 100 pos files to process.
/home/arimoto/opt/scensim_env/scenargie_simulator/2.2/scenarios_linux/srm_interference/commandline/./script/interference_2pan_plot_results.py:893: RuntimeWarning: invalid value encountered in divide
  tmp_c_rssi_ave_list = np.where(tmp_c_rx_pkt_num_list > 0, np.round(tmp_c_rssi_sum_list/tmp_c_rx_pkt_num_list, 1), 0.0)
/home/arimoto/opt/scensim_env/scenargie_simulator/2.2/scenarios_linux/srm_interference/commandline/./script/interference_2pan_plot_results.py:893: RuntimeWarning: invalid value encountered in divide
  tmp_c_rssi_ave_list = np.where(tmp_c_rx_pkt_num_list > 0, np.round(tmp_c_rssi_sum_list/tmp_c_rx_pkt_num_list, 1), 0.0)
/home/arimoto/opt/scensim_env/scenargie_simulator/2.2/scenarios_linux/srm_interference/commandline/./script/interference_2pan_plot_results.py:893: RuntimeWarning: invalid value encountered in divide
  tmp_c_rssi_ave_list = np.where(tmp_c_rx_pkt_num_list > 0, np.round(tmp_c_rssi_sum_list/tmp_c_rx_pkt_num_list, 1), 0.0)
/home/arimoto/opt/scensim_env/scenargie_simulator/2.2/scenarios_linux/srm_interference/commandline/./script/interference_2pan_plot_results.py:893: RuntimeWarning: invalid value encountered in divide
  tmp_c_rssi_ave_list = np.where(tmp_c_rx_pkt_num_list > 0, np.round(tmp_c_rssi_sum_list/tmp_c_rx_pkt_num_list, 1), 0.0)
/home/arimoto/opt/scensim_env/scenargie_simulator/2.2/scenarios_linux/srm_interference/commandline/./script/interference_2pan_plot_results.py:893: RuntimeWarning: invalid value encountered in divide
  tmp_c_rssi_ave_list = np.where(tmp_c_rx_pkt_num_list > 0, np.round(tmp_c_rssi_sum_list/tmp_c_rx_pkt_num_list, 1), 0.0)
/home/arimoto/opt/scensim_env/scenargie_simulator/2.2/scenarios_linux/srm_interference/commandline/./script/interference_2pan_plot_results.py:893: RuntimeWarning: invalid value encountered in divide
  tmp_c_rssi_ave_list = np.where(tmp_c_rx_pkt_num_list > 0, np.round(tmp_c_rssi_sum_list/tmp_c_rx_pkt_num_list, 1), 0.0)
/home/arimoto/opt/scensim_env/scenargie_simulator/2.2/scenarios_linux/srm_interference/commandline/./script/interference_2pan_plot_results.py:893: RuntimeWarning: invalid value encountered in divide
  tmp_c_rssi_ave_list = np.where(tmp_c_rx_pkt_num_list > 0, np.round(tmp_c_rssi_sum_list/tmp_c_rx_pkt_num_list, 1), 0.0)
/home/arimoto/opt/scensim_env/scenargie_simulator/2.2/scenarios_linux/srm_interference/commandline/./script/interference_2pan_plot_results.py:893: RuntimeWarning: invalid value encountered in divide
  tmp_c_rssi_ave_list = np.where(tmp_c_rx_pkt_num_list > 0, np.round(tmp_c_rssi_sum_list/tmp_c_rx_pkt_num_list, 1), 0.0)
/home/arimoto/opt/scensim_env/scenargie_simulator/2.2/scenarios_linux/srm_interference/commandline/./script/interference_2pan_plot_results.py:893: RuntimeWarning: invalid value encountered in divide
  tmp_c_rssi_ave_list = np.where(tmp_c_rx_pkt_num_list > 0, np.round(tmp_c_rssi_sum_list/tmp_c_rx_pkt_num_list, 1), 0.0)
/home/arimoto/opt/scensim_env/scenargie_simulator/2.2/scenarios_linux/srm_interference/commandline/./script/interference_2pan_plot_results.py:893: RuntimeWarning: invalid value encountered in divide
  tmp_c_rssi_ave_list = np.where(tmp_c_rx_pkt_num_list > 0, np.round(tmp_c_rssi_sum_list/tmp_c_rx_pkt_num_list, 1), 0.0)
/home/arimoto/opt/scensim_env/scenargie_simulator/2.2/scenarios_linux/srm_interference/commandline/./script/interference_2pan_plot_results.py:893: RuntimeWarning: invalid value encountered in divide
  tmp_c_rssi_ave_list = np.where(tmp_c_rx_pkt_num_list > 0, np.round(tmp_c_rssi_sum_list/tmp_c_rx_pkt_num_list, 1), 0.0)
/home/arimoto/opt/scensim_env/scenargie_simulator/2.2/scenarios_linux/srm_interference/commandline/./script/interference_2pan_plot_results.py:893: RuntimeWarning: invalid value encountered in divide
  tmp_c_rssi_ave_list = np.where(tmp_c_rx_pkt_num_list > 0, np.round(tmp_c_rssi_sum_list/tmp_c_rx_pkt_num_list, 1), 0.0)
/home/arimoto/opt/scensim_env/scenargie_simulator/2.2/scenarios_linux/srm_interference/commandline/./script/interference_2pan_plot_results.py:893: RuntimeWarning: invalid value encountered in divide
  tmp_c_rssi_ave_list = np.where(tmp_c_rx_pkt_num_list > 0, np.round(tmp_c_rssi_sum_list/tmp_c_rx_pkt_num_list, 1), 0.0)
/home/arimoto/opt/scensim_env/scenargie_simulator/2.2/scenarios_linux/srm_interference/commandline/./script/interference_2pan_plot_results.py:893: RuntimeWarning: invalid value encountered in divide
  tmp_c_rssi_ave_list = np.where(tmp_c_rx_pkt_num_list > 0, np.round(tmp_c_rssi_sum_list/tmp_c_rx_pkt_num_list, 1), 0.0)
/home/arimoto/opt/scensim_env/scenargie_simulator/2.2/scenarios_linux/srm_interference/commandline/./script/interference_2pan_plot_results.py:893: RuntimeWarning: invalid value encountered in divide
  tmp_c_rssi_ave_list = np.where(tmp_c_rx_pkt_num_list > 0, np.round(tmp_c_rssi_sum_list/tmp_c_rx_pkt_num_list, 1), 0.0)
/home/arimoto/opt/scensim_env/scenargie_simulator/2.2/scenarios_linux/srm_interference/commandline/./script/interference_2pan_plot_results.py:893: RuntimeWarning: invalid value encountered in divide
  tmp_c_rssi_ave_list = np.where(tmp_c_rx_pkt_num_list > 0, np.round(tmp_c_rssi_sum_list/tmp_c_rx_pkt_num_list, 1), 0.0)
/home/arimoto/opt/scensim_env/scenargie_simulator/2.2/scenarios_linux/srm_interference/commandline/./script/interference_2pan_plot_results.py:893: RuntimeWarning: invalid value encountered in divide
  tmp_c_rssi_ave_list = np.where(tmp_c_rx_pkt_num_list > 0, np.round(tmp_c_rssi_sum_list/tmp_c_rx_pkt_num_list, 1), 0.0)
/home/arimoto/opt/scensim_env/scenargie_simulator/2.2/scenarios_linux/srm_interference/commandline/./script/interference_2pan_plot_results.py:893: RuntimeWarning: invalid value encountered in divide
  tmp_c_rssi_ave_list = np.where(tmp_c_rx_pkt_num_list > 0, np.round(tmp_c_rssi_sum_list/tmp_c_rx_pkt_num_list, 1), 0.0)
/home/arimoto/opt/scensim_env/scenargie_simulator/2.2/scenarios_linux/srm_interference/commandline/./script/interference_2pan_plot_results.py:893: RuntimeWarning: invalid value encountered in divide
  tmp_c_rssi_ave_list = np.where(tmp_c_rx_pkt_num_list > 0, np.round(tmp_c_rssi_sum_list/tmp_c_rx_pkt_num_list, 1), 0.0)
/home/arimoto/opt/scensim_env/scenargie_simulator/2.2/scenarios_linux/srm_interference/commandline/./script/interference_2pan_plot_results.py:893: RuntimeWarning: invalid value encountered in divide
  tmp_c_rssi_ave_list = np.where(tmp_c_rx_pkt_num_list > 0, np.round(tmp_c_rssi_sum_list/tmp_c_rx_pkt_num_list, 1), 0.0)
/home/arimoto/opt/scensim_env/scenargie_simulator/2.2/scenarios_linux/srm_interference/commandline/./script/interference_2pan_plot_results.py:893: RuntimeWarning: invalid value encountered in divide
  tmp_c_rssi_ave_list = np.where(tmp_c_rx_pkt_num_list > 0, np.round(tmp_c_rssi_sum_list/tmp_c_rx_pkt_num_list, 1), 0.0)
/home/arimoto/opt/scensim_env/scenargie_simulator/2.2/scenarios_linux/srm_interference/commandline/./script/interference_2pan_plot_results.py:893: RuntimeWarning: invalid value encountered in divide
  tmp_c_rssi_ave_list = np.where(tmp_c_rx_pkt_num_list > 0, np.round(tmp_c_rssi_sum_list/tmp_c_rx_pkt_num_list, 1), 0.0)
/home/arimoto/opt/scensim_env/scenargie_simulator/2.2/scenarios_linux/srm_interference/commandline/./script/interference_2pan_plot_results.py:893: RuntimeWarning: invalid value encountered in divide
  tmp_c_rssi_ave_list = np.where(tmp_c_rx_pkt_num_list > 0, np.round(tmp_c_rssi_sum_list/tmp_c_rx_pkt_num_list, 1), 0.0)
/home/arimoto/opt/scensim_env/scenargie_simulator/2.2/scenarios_linux/srm_interference/commandline/./script/interference_2pan_plot_results.py:893: RuntimeWarning: invalid value encountered in divide
  tmp_c_rssi_ave_list = np.where(tmp_c_rx_pkt_num_list > 0, np.round(tmp_c_rssi_sum_list/tmp_c_rx_pkt_num_list, 1), 0.0)
/home/arimoto/opt/scensim_env/scenargie_simulator/2.2/scenarios_linux/srm_interference/commandline/./script/interference_2pan_plot_results.py:893: RuntimeWarning: invalid value encountered in divide
  tmp_c_rssi_ave_list = np.where(tmp_c_rx_pkt_num_list > 0, np.round(tmp_c_rssi_sum_list/tmp_c_rx_pkt_num_list, 1), 0.0)
/home/arimoto/opt/scensim_env/scenargie_simulator/2.2/scenarios_linux/srm_interference/commandline/./script/interference_2pan_plot_results.py:893: RuntimeWarning: invalid value encountered in divide
  tmp_c_rssi_ave_list = np.where(tmp_c_rx_pkt_num_list > 0, np.round(tmp_c_rssi_sum_list/tmp_c_rx_pkt_num_list, 1), 0.0)
/home/arimoto/opt/scensim_env/scenargie_simulator/2.2/scenarios_linux/srm_interference/commandline/./script/interference_2pan_plot_results.py:893: RuntimeWarning: invalid value encountered in divide
  tmp_c_rssi_ave_list = np.where(tmp_c_rx_pkt_num_list > 0, np.round(tmp_c_rssi_sum_list/tmp_c_rx_pkt_num_list, 1), 0.0)
/home/arimoto/opt/scensim_env/scenargie_simulator/2.2/scenarios_linux/srm_interference/commandline/./script/interference_2pan_plot_results.py:893: RuntimeWarning: invalid value encountered in divide
  tmp_c_rssi_ave_list = np.where(tmp_c_rx_pkt_num_list > 0, np.round(tmp_c_rssi_sum_list/tmp_c_rx_pkt_num_list, 1), 0.0)
/home/arimoto/opt/scensim_env/scenargie_simulator/2.2/scenarios_linux/srm_interference/commandline/./script/interference_2pan_plot_results.py:893: RuntimeWarning: invalid value encountered in divide
  tmp_c_rssi_ave_list = np.where(tmp_c_rx_pkt_num_list > 0, np.round(tmp_c_rssi_sum_list/tmp_c_rx_pkt_num_list, 1), 0.0)
/home/arimoto/opt/scensim_env/scenargie_simulator/2.2/scenarios_linux/srm_interference/commandline/./script/interference_2pan_plot_results.py:893: RuntimeWarning: invalid value encountered in divide
  tmp_c_rssi_ave_list = np.where(tmp_c_rx_pkt_num_list > 0, np.round(tmp_c_rssi_sum_list/tmp_c_rx_pkt_num_list, 1), 0.0)
/home/arimoto/opt/scensim_env/scenargie_simulator/2.2/scenarios_linux/srm_interference/commandline/./script/interference_2pan_plot_results.py:893: RuntimeWarning: invalid value encountered in divide
  tmp_c_rssi_ave_list = np.where(tmp_c_rx_pkt_num_list > 0, np.round(tmp_c_rssi_sum_list/tmp_c_rx_pkt_num_list, 1), 0.0)
/home/arimoto/opt/scensim_env/scenargie_simulator/2.2/scenarios_linux/srm_interference/commandline/./script/interference_2pan_plot_results.py:893: RuntimeWarning: invalid value encountered in divide
  tmp_c_rssi_ave_list = np.where(tmp_c_rx_pkt_num_list > 0, np.round(tmp_c_rssi_sum_list/tmp_c_rx_pkt_num_list, 1), 0.0)
start off_load_pan1/pan2: 0.5 / 1.0
Found 100 stat files to process.
Found 100 trace files to process.
Found 100 pos files to process.
/home/arimoto/opt/scensim_env/scenargie_simulator/2.2/scenarios_linux/srm_interference/commandline/./script/interference_2pan_plot_results.py:893: RuntimeWarning: invalid value encountered in divide
  tmp_c_rssi_ave_list = np.where(tmp_c_rx_pkt_num_list > 0, np.round(tmp_c_rssi_sum_list/tmp_c_rx_pkt_num_list, 1), 0.0)
/home/arimoto/opt/scensim_env/scenargie_simulator/2.2/scenarios_linux/srm_interference/commandline/./script/interference_2pan_plot_results.py:893: RuntimeWarning: invalid value encountered in divide
  tmp_c_rssi_ave_list = np.where(tmp_c_rx_pkt_num_list > 0, np.round(tmp_c_rssi_sum_list/tmp_c_rx_pkt_num_list, 1), 0.0)
/home/arimoto/opt/scensim_env/scenargie_simulator/2.2/scenarios_linux/srm_interference/commandline/./script/interference_2pan_plot_results.py:893: RuntimeWarning: invalid value encountered in divide
  tmp_c_rssi_ave_list = np.where(tmp_c_rx_pkt_num_list > 0, np.round(tmp_c_rssi_sum_list/tmp_c_rx_pkt_num_list, 1), 0.0)
/home/arimoto/opt/scensim_env/scenargie_simulator/2.2/scenarios_linux/srm_interference/commandline/./script/interference_2pan_plot_results.py:893: RuntimeWarning: invalid value encountered in divide
  tmp_c_rssi_ave_list = np.where(tmp_c_rx_pkt_num_list > 0, np.round(tmp_c_rssi_sum_list/tmp_c_rx_pkt_num_list, 1), 0.0)
/home/arimoto/opt/scensim_env/scenargie_simulator/2.2/scenarios_linux/srm_interference/commandline/./script/interference_2pan_plot_results.py:893: RuntimeWarning: invalid value encountered in divide
  tmp_c_rssi_ave_list = np.where(tmp_c_rx_pkt_num_list > 0, np.round(tmp_c_rssi_sum_list/tmp_c_rx_pkt_num_list, 1), 0.0)
/home/arimoto/opt/scensim_env/scenargie_simulator/2.2/scenarios_linux/srm_interference/commandline/./script/interference_2pan_plot_results.py:893: RuntimeWarning: invalid value encountered in divide
  tmp_c_rssi_ave_list = np.where(tmp_c_rx_pkt_num_list > 0, np.round(tmp_c_rssi_sum_list/tmp_c_rx_pkt_num_list, 1), 0.0)
/home/arimoto/opt/scensim_env/scenargie_simulator/2.2/scenarios_linux/srm_interference/commandline/./script/interference_2pan_plot_results.py:893: RuntimeWarning: invalid value encountered in divide
  tmp_c_rssi_ave_list = np.where(tmp_c_rx_pkt_num_list > 0, np.round(tmp_c_rssi_sum_list/tmp_c_rx_pkt_num_list, 1), 0.0)
/home/arimoto/opt/scensim_env/scenargie_simulator/2.2/scenarios_linux/srm_interference/commandline/./script/interference_2pan_plot_results.py:893: RuntimeWarning: invalid value encountered in divide
  tmp_c_rssi_ave_list = np.where(tmp_c_rx_pkt_num_list > 0, np.round(tmp_c_rssi_sum_list/tmp_c_rx_pkt_num_list, 1), 0.0)
/home/arimoto/opt/scensim_env/scenargie_simulator/2.2/scenarios_linux/srm_interference/commandline/./script/interference_2pan_plot_results.py:893: RuntimeWarning: invalid value encountered in divide
  tmp_c_rssi_ave_list = np.where(tmp_c_rx_pkt_num_list > 0, np.round(tmp_c_rssi_sum_list/tmp_c_rx_pkt_num_list, 1), 0.0)
/home/arimoto/opt/scensim_env/scenargie_simulator/2.2/scenarios_linux/srm_interference/commandline/./script/interference_2pan_plot_results.py:893: RuntimeWarning: invalid value encountered in divide
  tmp_c_rssi_ave_list = np.where(tmp_c_rx_pkt_num_list > 0, np.round(tmp_c_rssi_sum_list/tmp_c_rx_pkt_num_list, 1), 0.0)
/home/arimoto/opt/scensim_env/scenargie_simulator/2.2/scenarios_linux/srm_interference/commandline/./script/interference_2pan_plot_results.py:893: RuntimeWarning: invalid value encountered in divide
  tmp_c_rssi_ave_list = np.where(tmp_c_rx_pkt_num_list > 0, np.round(tmp_c_rssi_sum_list/tmp_c_rx_pkt_num_list, 1), 0.0)
/home/arimoto/opt/scensim_env/scenargie_simulator/2.2/scenarios_linux/srm_interference/commandline/./script/interference_2pan_plot_results.py:893: RuntimeWarning: invalid value encountered in divide
  tmp_c_rssi_ave_list = np.where(tmp_c_rx_pkt_num_list > 0, np.round(tmp_c_rssi_sum_list/tmp_c_rx_pkt_num_list, 1), 0.0)
/home/arimoto/opt/scensim_env/scenargie_simulator/2.2/scenarios_linux/srm_interference/commandline/./script/interference_2pan_plot_results.py:893: RuntimeWarning: invalid value encountered in divide
  tmp_c_rssi_ave_list = np.where(tmp_c_rx_pkt_num_list > 0, np.round(tmp_c_rssi_sum_list/tmp_c_rx_pkt_num_list, 1), 0.0)
/home/arimoto/opt/scensim_env/scenargie_simulator/2.2/scenarios_linux/srm_interference/commandline/./script/interference_2pan_plot_results.py:893: RuntimeWarning: invalid value encountered in divide
  tmp_c_rssi_ave_list = np.where(tmp_c_rx_pkt_num_list > 0, np.round(tmp_c_rssi_sum_list/tmp_c_rx_pkt_num_list, 1), 0.0)
/home/arimoto/opt/scensim_env/scenargie_simulator/2.2/scenarios_linux/srm_interference/commandline/./script/interference_2pan_plot_results.py:893: RuntimeWarning: invalid value encountered in divide
  tmp_c_rssi_ave_list = np.where(tmp_c_rx_pkt_num_list > 0, np.round(tmp_c_rssi_sum_list/tmp_c_rx_pkt_num_list, 1), 0.0)
/home/arimoto/opt/scensim_env/scenargie_simulator/2.2/scenarios_linux/srm_interference/commandline/./script/interference_2pan_plot_results.py:893: RuntimeWarning: invalid value encountered in divide
  tmp_c_rssi_ave_list = np.where(tmp_c_rx_pkt_num_list > 0, np.round(tmp_c_rssi_sum_list/tmp_c_rx_pkt_num_list, 1), 0.0)
/home/arimoto/opt/scensim_env/scenargie_simulator/2.2/scenarios_linux/srm_interference/commandline/./script/interference_2pan_plot_results.py:893: RuntimeWarning: invalid value encountered in divide
  tmp_c_rssi_ave_list = np.where(tmp_c_rx_pkt_num_list > 0, np.round(tmp_c_rssi_sum_list/tmp_c_rx_pkt_num_list, 1), 0.0)
/home/arimoto/opt/scensim_env/scenargie_simulator/2.2/scenarios_linux/srm_interference/commandline/./script/interference_2pan_plot_results.py:893: RuntimeWarning: invalid value encountered in divide
  tmp_c_rssi_ave_list = np.where(tmp_c_rx_pkt_num_list > 0, np.round(tmp_c_rssi_sum_list/tmp_c_rx_pkt_num_list, 1), 0.0)
/home/arimoto/opt/scensim_env/scenargie_simulator/2.2/scenarios_linux/srm_interference/commandline/./script/interference_2pan_plot_results.py:893: RuntimeWarning: invalid value encountered in divide
  tmp_c_rssi_ave_list = np.where(tmp_c_rx_pkt_num_list > 0, np.round(tmp_c_rssi_sum_list/tmp_c_rx_pkt_num_list, 1), 0.0)
/home/arimoto/opt/scensim_env/scenargie_simulator/2.2/scenarios_linux/srm_interference/commandline/./script/interference_2pan_plot_results.py:893: RuntimeWarning: invalid value encountered in divide
  tmp_c_rssi_ave_list = np.where(tmp_c_rx_pkt_num_list > 0, np.round(tmp_c_rssi_sum_list/tmp_c_rx_pkt_num_list, 1), 0.0)
/home/arimoto/opt/scensim_env/scenargie_simulator/2.2/scenarios_linux/srm_interference/commandline/./script/interference_2pan_plot_results.py:893: RuntimeWarning: invalid value encountered in divide
  tmp_c_rssi_ave_list = np.where(tmp_c_rx_pkt_num_list > 0, np.round(tmp_c_rssi_sum_list/tmp_c_rx_pkt_num_list, 1), 0.0)
/home/arimoto/opt/scensim_env/scenargie_simulator/2.2/scenarios_linux/srm_interference/commandline/./script/interference_2pan_plot_results.py:893: RuntimeWarning: invalid value encountered in divide
  tmp_c_rssi_ave_list = np.where(tmp_c_rx_pkt_num_list > 0, np.round(tmp_c_rssi_sum_list/tmp_c_rx_pkt_num_list, 1), 0.0)
/home/arimoto/opt/scensim_env/scenargie_simulator/2.2/scenarios_linux/srm_interference/commandline/./script/interference_2pan_plot_results.py:893: RuntimeWarning: invalid value encountered in divide
  tmp_c_rssi_ave_list = np.where(tmp_c_rx_pkt_num_list > 0, np.round(tmp_c_rssi_sum_list/tmp_c_rx_pkt_num_list, 1), 0.0)
/home/arimoto/opt/scensim_env/scenargie_simulator/2.2/scenarios_linux/srm_interference/commandline/./script/interference_2pan_plot_results.py:893: RuntimeWarning: invalid value encountered in divide
  tmp_c_rssi_ave_list = np.where(tmp_c_rx_pkt_num_list > 0, np.round(tmp_c_rssi_sum_list/tmp_c_rx_pkt_num_list, 1), 0.0)
/home/arimoto/opt/scensim_env/scenargie_simulator/2.2/scenarios_linux/srm_interference/commandline/./script/interference_2pan_plot_results.py:893: RuntimeWarning: invalid value encountered in divide
  tmp_c_rssi_ave_list = np.where(tmp_c_rx_pkt_num_list > 0, np.round(tmp_c_rssi_sum_list/tmp_c_rx_pkt_num_list, 1), 0.0)
/home/arimoto/opt/scensim_env/scenargie_simulator/2.2/scenarios_linux/srm_interference/commandline/./script/interference_2pan_plot_results.py:893: RuntimeWarning: invalid value encountered in divide
  tmp_c_rssi_ave_list = np.where(tmp_c_rx_pkt_num_list > 0, np.round(tmp_c_rssi_sum_list/tmp_c_rx_pkt_num_list, 1), 0.0)
/home/arimoto/opt/scensim_env/scenargie_simulator/2.2/scenarios_linux/srm_interference/commandline/./script/interference_2pan_plot_results.py:893: RuntimeWarning: invalid value encountered in divide
  tmp_c_rssi_ave_list = np.where(tmp_c_rx_pkt_num_list > 0, np.round(tmp_c_rssi_sum_list/tmp_c_rx_pkt_num_list, 1), 0.0)
/home/arimoto/opt/scensim_env/scenargie_simulator/2.2/scenarios_linux/srm_interference/commandline/./script/interference_2pan_plot_results.py:893: RuntimeWarning: invalid value encountered in divide
  tmp_c_rssi_ave_list = np.where(tmp_c_rx_pkt_num_list > 0, np.round(tmp_c_rssi_sum_list/tmp_c_rx_pkt_num_list, 1), 0.0)
/home/arimoto/opt/scensim_env/scenargie_simulator/2.2/scenarios_linux/srm_interference/commandline/./script/interference_2pan_plot_results.py:893: RuntimeWarning: invalid value encountered in divide
  tmp_c_rssi_ave_list = np.where(tmp_c_rx_pkt_num_list > 0, np.round(tmp_c_rssi_sum_list/tmp_c_rx_pkt_num_list, 1), 0.0)
/home/arimoto/opt/scensim_env/scenargie_simulator/2.2/scenarios_linux/srm_interference/commandline/./script/interference_2pan_plot_results.py:893: RuntimeWarning: invalid value encountered in divide
  tmp_c_rssi_ave_list = np.where(tmp_c_rx_pkt_num_list > 0, np.round(tmp_c_rssi_sum_list/tmp_c_rx_pkt_num_list, 1), 0.0)
/home/arimoto/opt/scensim_env/scenargie_simulator/2.2/scenarios_linux/srm_interference/commandline/./script/interference_2pan_plot_results.py:893: RuntimeWarning: invalid value encountered in divide
  tmp_c_rssi_ave_list = np.where(tmp_c_rx_pkt_num_list > 0, np.round(tmp_c_rssi_sum_list/tmp_c_rx_pkt_num_list, 1), 0.0)
/home/arimoto/opt/scensim_env/scenargie_simulator/2.2/scenarios_linux/srm_interference/commandline/./script/interference_2pan_plot_results.py:893: RuntimeWarning: invalid value encountered in divide
  tmp_c_rssi_ave_list = np.where(tmp_c_rx_pkt_num_list > 0, np.round(tmp_c_rssi_sum_list/tmp_c_rx_pkt_num_list, 1), 0.0)
start off_load_pan1/pan2: 0.6 / 1.0
Found 100 stat files to process.
Found 100 trace files to process.
Found 100 pos files to process.
/home/arimoto/opt/scensim_env/scenargie_simulator/2.2/scenarios_linux/srm_interference/commandline/./script/interference_2pan_plot_results.py:893: RuntimeWarning: invalid value encountered in divide
  tmp_c_rssi_ave_list = np.where(tmp_c_rx_pkt_num_list > 0, np.round(tmp_c_rssi_sum_list/tmp_c_rx_pkt_num_list, 1), 0.0)
/home/arimoto/opt/scensim_env/scenargie_simulator/2.2/scenarios_linux/srm_interference/commandline/./script/interference_2pan_plot_results.py:893: RuntimeWarning: invalid value encountered in divide
  tmp_c_rssi_ave_list = np.where(tmp_c_rx_pkt_num_list > 0, np.round(tmp_c_rssi_sum_list/tmp_c_rx_pkt_num_list, 1), 0.0)
/home/arimoto/opt/scensim_env/scenargie_simulator/2.2/scenarios_linux/srm_interference/commandline/./script/interference_2pan_plot_results.py:893: RuntimeWarning: invalid value encountered in divide
  tmp_c_rssi_ave_list = np.where(tmp_c_rx_pkt_num_list > 0, np.round(tmp_c_rssi_sum_list/tmp_c_rx_pkt_num_list, 1), 0.0)
/home/arimoto/opt/scensim_env/scenargie_simulator/2.2/scenarios_linux/srm_interference/commandline/./script/interference_2pan_plot_results.py:893: RuntimeWarning: invalid value encountered in divide
  tmp_c_rssi_ave_list = np.where(tmp_c_rx_pkt_num_list > 0, np.round(tmp_c_rssi_sum_list/tmp_c_rx_pkt_num_list, 1), 0.0)
/home/arimoto/opt/scensim_env/scenargie_simulator/2.2/scenarios_linux/srm_interference/commandline/./script/interference_2pan_plot_results.py:893: RuntimeWarning: invalid value encountered in divide
  tmp_c_rssi_ave_list = np.where(tmp_c_rx_pkt_num_list > 0, np.round(tmp_c_rssi_sum_list/tmp_c_rx_pkt_num_list, 1), 0.0)
/home/arimoto/opt/scensim_env/scenargie_simulator/2.2/scenarios_linux/srm_interference/commandline/./script/interference_2pan_plot_results.py:893: RuntimeWarning: invalid value encountered in divide
  tmp_c_rssi_ave_list = np.where(tmp_c_rx_pkt_num_list > 0, np.round(tmp_c_rssi_sum_list/tmp_c_rx_pkt_num_list, 1), 0.0)
/home/arimoto/opt/scensim_env/scenargie_simulator/2.2/scenarios_linux/srm_interference/commandline/./script/interference_2pan_plot_results.py:893: RuntimeWarning: invalid value encountered in divide
  tmp_c_rssi_ave_list = np.where(tmp_c_rx_pkt_num_list > 0, np.round(tmp_c_rssi_sum_list/tmp_c_rx_pkt_num_list, 1), 0.0)
/home/arimoto/opt/scensim_env/scenargie_simulator/2.2/scenarios_linux/srm_interference/commandline/./script/interference_2pan_plot_results.py:893: RuntimeWarning: invalid value encountered in divide
  tmp_c_rssi_ave_list = np.where(tmp_c_rx_pkt_num_list > 0, np.round(tmp_c_rssi_sum_list/tmp_c_rx_pkt_num_list, 1), 0.0)
/home/arimoto/opt/scensim_env/scenargie_simulator/2.2/scenarios_linux/srm_interference/commandline/./script/interference_2pan_plot_results.py:893: RuntimeWarning: invalid value encountered in divide
  tmp_c_rssi_ave_list = np.where(tmp_c_rx_pkt_num_list > 0, np.round(tmp_c_rssi_sum_list/tmp_c_rx_pkt_num_list, 1), 0.0)
/home/arimoto/opt/scensim_env/scenargie_simulator/2.2/scenarios_linux/srm_interference/commandline/./script/interference_2pan_plot_results.py:893: RuntimeWarning: invalid value encountered in divide
  tmp_c_rssi_ave_list = np.where(tmp_c_rx_pkt_num_list > 0, np.round(tmp_c_rssi_sum_list/tmp_c_rx_pkt_num_list, 1), 0.0)
/home/arimoto/opt/scensim_env/scenargie_simulator/2.2/scenarios_linux/srm_interference/commandline/./script/interference_2pan_plot_results.py:893: RuntimeWarning: invalid value encountered in divide
  tmp_c_rssi_ave_list = np.where(tmp_c_rx_pkt_num_list > 0, np.round(tmp_c_rssi_sum_list/tmp_c_rx_pkt_num_list, 1), 0.0)
/home/arimoto/opt/scensim_env/scenargie_simulator/2.2/scenarios_linux/srm_interference/commandline/./script/interference_2pan_plot_results.py:893: RuntimeWarning: invalid value encountered in divide
  tmp_c_rssi_ave_list = np.where(tmp_c_rx_pkt_num_list > 0, np.round(tmp_c_rssi_sum_list/tmp_c_rx_pkt_num_list, 1), 0.0)
/home/arimoto/opt/scensim_env/scenargie_simulator/2.2/scenarios_linux/srm_interference/commandline/./script/interference_2pan_plot_results.py:893: RuntimeWarning: invalid value encountered in divide
  tmp_c_rssi_ave_list = np.where(tmp_c_rx_pkt_num_list > 0, np.round(tmp_c_rssi_sum_list/tmp_c_rx_pkt_num_list, 1), 0.0)
/home/arimoto/opt/scensim_env/scenargie_simulator/2.2/scenarios_linux/srm_interference/commandline/./script/interference_2pan_plot_results.py:893: RuntimeWarning: invalid value encountered in divide
  tmp_c_rssi_ave_list = np.where(tmp_c_rx_pkt_num_list > 0, np.round(tmp_c_rssi_sum_list/tmp_c_rx_pkt_num_list, 1), 0.0)
/home/arimoto/opt/scensim_env/scenargie_simulator/2.2/scenarios_linux/srm_interference/commandline/./script/interference_2pan_plot_results.py:893: RuntimeWarning: invalid value encountered in divide
  tmp_c_rssi_ave_list = np.where(tmp_c_rx_pkt_num_list > 0, np.round(tmp_c_rssi_sum_list/tmp_c_rx_pkt_num_list, 1), 0.0)
/home/arimoto/opt/scensim_env/scenargie_simulator/2.2/scenarios_linux/srm_interference/commandline/./script/interference_2pan_plot_results.py:893: RuntimeWarning: invalid value encountered in divide
  tmp_c_rssi_ave_list = np.where(tmp_c_rx_pkt_num_list > 0, np.round(tmp_c_rssi_sum_list/tmp_c_rx_pkt_num_list, 1), 0.0)
/home/arimoto/opt/scensim_env/scenargie_simulator/2.2/scenarios_linux/srm_interference/commandline/./script/interference_2pan_plot_results.py:893: RuntimeWarning: invalid value encountered in divide
  tmp_c_rssi_ave_list = np.where(tmp_c_rx_pkt_num_list > 0, np.round(tmp_c_rssi_sum_list/tmp_c_rx_pkt_num_list, 1), 0.0)
/home/arimoto/opt/scensim_env/scenargie_simulator/2.2/scenarios_linux/srm_interference/commandline/./script/interference_2pan_plot_results.py:893: RuntimeWarning: invalid value encountered in divide
  tmp_c_rssi_ave_list = np.where(tmp_c_rx_pkt_num_list > 0, np.round(tmp_c_rssi_sum_list/tmp_c_rx_pkt_num_list, 1), 0.0)
/home/arimoto/opt/scensim_env/scenargie_simulator/2.2/scenarios_linux/srm_interference/commandline/./script/interference_2pan_plot_results.py:893: RuntimeWarning: invalid value encountered in divide
  tmp_c_rssi_ave_list = np.where(tmp_c_rx_pkt_num_list > 0, np.round(tmp_c_rssi_sum_list/tmp_c_rx_pkt_num_list, 1), 0.0)
/home/arimoto/opt/scensim_env/scenargie_simulator/2.2/scenarios_linux/srm_interference/commandline/./script/interference_2pan_plot_results.py:893: RuntimeWarning: invalid value encountered in divide
  tmp_c_rssi_ave_list = np.where(tmp_c_rx_pkt_num_list > 0, np.round(tmp_c_rssi_sum_list/tmp_c_rx_pkt_num_list, 1), 0.0)
/home/arimoto/opt/scensim_env/scenargie_simulator/2.2/scenarios_linux/srm_interference/commandline/./script/interference_2pan_plot_results.py:893: RuntimeWarning: invalid value encountered in divide
  tmp_c_rssi_ave_list = np.where(tmp_c_rx_pkt_num_list > 0, np.round(tmp_c_rssi_sum_list/tmp_c_rx_pkt_num_list, 1), 0.0)
/home/arimoto/opt/scensim_env/scenargie_simulator/2.2/scenarios_linux/srm_interference/commandline/./script/interference_2pan_plot_results.py:893: RuntimeWarning: invalid value encountered in divide
  tmp_c_rssi_ave_list = np.where(tmp_c_rx_pkt_num_list > 0, np.round(tmp_c_rssi_sum_list/tmp_c_rx_pkt_num_list, 1), 0.0)
/home/arimoto/opt/scensim_env/scenargie_simulator/2.2/scenarios_linux/srm_interference/commandline/./script/interference_2pan_plot_results.py:893: RuntimeWarning: invalid value encountered in divide
  tmp_c_rssi_ave_list = np.where(tmp_c_rx_pkt_num_list > 0, np.round(tmp_c_rssi_sum_list/tmp_c_rx_pkt_num_list, 1), 0.0)
/home/arimoto/opt/scensim_env/scenargie_simulator/2.2/scenarios_linux/srm_interference/commandline/./script/interference_2pan_plot_results.py:893: RuntimeWarning: invalid value encountered in divide
  tmp_c_rssi_ave_list = np.where(tmp_c_rx_pkt_num_list > 0, np.round(tmp_c_rssi_sum_list/tmp_c_rx_pkt_num_list, 1), 0.0)
/home/arimoto/opt/scensim_env/scenargie_simulator/2.2/scenarios_linux/srm_interference/commandline/./script/interference_2pan_plot_results.py:893: RuntimeWarning: invalid value encountered in divide
  tmp_c_rssi_ave_list = np.where(tmp_c_rx_pkt_num_list > 0, np.round(tmp_c_rssi_sum_list/tmp_c_rx_pkt_num_list, 1), 0.0)
/home/arimoto/opt/scensim_env/scenargie_simulator/2.2/scenarios_linux/srm_interference/commandline/./script/interference_2pan_plot_results.py:893: RuntimeWarning: invalid value encountered in divide
  tmp_c_rssi_ave_list = np.where(tmp_c_rx_pkt_num_list > 0, np.round(tmp_c_rssi_sum_list/tmp_c_rx_pkt_num_list, 1), 0.0)
/home/arimoto/opt/scensim_env/scenargie_simulator/2.2/scenarios_linux/srm_interference/commandline/./script/interference_2pan_plot_results.py:893: RuntimeWarning: invalid value encountered in divide
  tmp_c_rssi_ave_list = np.where(tmp_c_rx_pkt_num_list > 0, np.round(tmp_c_rssi_sum_list/tmp_c_rx_pkt_num_list, 1), 0.0)
/home/arimoto/opt/scensim_env/scenargie_simulator/2.2/scenarios_linux/srm_interference/commandline/./script/interference_2pan_plot_results.py:893: RuntimeWarning: invalid value encountered in divide
  tmp_c_rssi_ave_list = np.where(tmp_c_rx_pkt_num_list > 0, np.round(tmp_c_rssi_sum_list/tmp_c_rx_pkt_num_list, 1), 0.0)
/home/arimoto/opt/scensim_env/scenargie_simulator/2.2/scenarios_linux/srm_interference/commandline/./script/interference_2pan_plot_results.py:893: RuntimeWarning: invalid value encountered in divide
  tmp_c_rssi_ave_list = np.where(tmp_c_rx_pkt_num_list > 0, np.round(tmp_c_rssi_sum_list/tmp_c_rx_pkt_num_list, 1), 0.0)
/home/arimoto/opt/scensim_env/scenargie_simulator/2.2/scenarios_linux/srm_interference/commandline/./script/interference_2pan_plot_results.py:893: RuntimeWarning: invalid value encountered in divide
  tmp_c_rssi_ave_list = np.where(tmp_c_rx_pkt_num_list > 0, np.round(tmp_c_rssi_sum_list/tmp_c_rx_pkt_num_list, 1), 0.0)
/home/arimoto/opt/scensim_env/scenargie_simulator/2.2/scenarios_linux/srm_interference/commandline/./script/interference_2pan_plot_results.py:893: RuntimeWarning: invalid value encountered in divide
  tmp_c_rssi_ave_list = np.where(tmp_c_rx_pkt_num_list > 0, np.round(tmp_c_rssi_sum_list/tmp_c_rx_pkt_num_list, 1), 0.0)
/home/arimoto/opt/scensim_env/scenargie_simulator/2.2/scenarios_linux/srm_interference/commandline/./script/interference_2pan_plot_results.py:893: RuntimeWarning: invalid value encountered in divide
  tmp_c_rssi_ave_list = np.where(tmp_c_rx_pkt_num_list > 0, np.round(tmp_c_rssi_sum_list/tmp_c_rx_pkt_num_list, 1), 0.0)
start off_load_pan1/pan2: 0.7 / 1.0
Found 100 stat files to process.
Found 100 trace files to process.
Found 100 pos files to process.
/home/arimoto/opt/scensim_env/scenargie_simulator/2.2/scenarios_linux/srm_interference/commandline/./script/interference_2pan_plot_results.py:893: RuntimeWarning: invalid value encountered in divide
  tmp_c_rssi_ave_list = np.where(tmp_c_rx_pkt_num_list > 0, np.round(tmp_c_rssi_sum_list/tmp_c_rx_pkt_num_list, 1), 0.0)
/home/arimoto/opt/scensim_env/scenargie_simulator/2.2/scenarios_linux/srm_interference/commandline/./script/interference_2pan_plot_results.py:893: RuntimeWarning: invalid value encountered in divide
  tmp_c_rssi_ave_list = np.where(tmp_c_rx_pkt_num_list > 0, np.round(tmp_c_rssi_sum_list/tmp_c_rx_pkt_num_list, 1), 0.0)
/home/arimoto/opt/scensim_env/scenargie_simulator/2.2/scenarios_linux/srm_interference/commandline/./script/interference_2pan_plot_results.py:893: RuntimeWarning: invalid value encountered in divide
  tmp_c_rssi_ave_list = np.where(tmp_c_rx_pkt_num_list > 0, np.round(tmp_c_rssi_sum_list/tmp_c_rx_pkt_num_list, 1), 0.0)
/home/arimoto/opt/scensim_env/scenargie_simulator/2.2/scenarios_linux/srm_interference/commandline/./script/interference_2pan_plot_results.py:893: RuntimeWarning: invalid value encountered in divide
  tmp_c_rssi_ave_list = np.where(tmp_c_rx_pkt_num_list > 0, np.round(tmp_c_rssi_sum_list/tmp_c_rx_pkt_num_list, 1), 0.0)
/home/arimoto/opt/scensim_env/scenargie_simulator/2.2/scenarios_linux/srm_interference/commandline/./script/interference_2pan_plot_results.py:893: RuntimeWarning: invalid value encountered in divide
  tmp_c_rssi_ave_list = np.where(tmp_c_rx_pkt_num_list > 0, np.round(tmp_c_rssi_sum_list/tmp_c_rx_pkt_num_list, 1), 0.0)
/home/arimoto/opt/scensim_env/scenargie_simulator/2.2/scenarios_linux/srm_interference/commandline/./script/interference_2pan_plot_results.py:893: RuntimeWarning: invalid value encountered in divide
  tmp_c_rssi_ave_list = np.where(tmp_c_rx_pkt_num_list > 0, np.round(tmp_c_rssi_sum_list/tmp_c_rx_pkt_num_list, 1), 0.0)
/home/arimoto/opt/scensim_env/scenargie_simulator/2.2/scenarios_linux/srm_interference/commandline/./script/interference_2pan_plot_results.py:893: RuntimeWarning: invalid value encountered in divide
  tmp_c_rssi_ave_list = np.where(tmp_c_rx_pkt_num_list > 0, np.round(tmp_c_rssi_sum_list/tmp_c_rx_pkt_num_list, 1), 0.0)
/home/arimoto/opt/scensim_env/scenargie_simulator/2.2/scenarios_linux/srm_interference/commandline/./script/interference_2pan_plot_results.py:893: RuntimeWarning: invalid value encountered in divide
  tmp_c_rssi_ave_list = np.where(tmp_c_rx_pkt_num_list > 0, np.round(tmp_c_rssi_sum_list/tmp_c_rx_pkt_num_list, 1), 0.0)
/home/arimoto/opt/scensim_env/scenargie_simulator/2.2/scenarios_linux/srm_interference/commandline/./script/interference_2pan_plot_results.py:893: RuntimeWarning: invalid value encountered in divide
  tmp_c_rssi_ave_list = np.where(tmp_c_rx_pkt_num_list > 0, np.round(tmp_c_rssi_sum_list/tmp_c_rx_pkt_num_list, 1), 0.0)
/home/arimoto/opt/scensim_env/scenargie_simulator/2.2/scenarios_linux/srm_interference/commandline/./script/interference_2pan_plot_results.py:893: RuntimeWarning: invalid value encountered in divide
  tmp_c_rssi_ave_list = np.where(tmp_c_rx_pkt_num_list > 0, np.round(tmp_c_rssi_sum_list/tmp_c_rx_pkt_num_list, 1), 0.0)
/home/arimoto/opt/scensim_env/scenargie_simulator/2.2/scenarios_linux/srm_interference/commandline/./script/interference_2pan_plot_results.py:893: RuntimeWarning: invalid value encountered in divide
  tmp_c_rssi_ave_list = np.where(tmp_c_rx_pkt_num_list > 0, np.round(tmp_c_rssi_sum_list/tmp_c_rx_pkt_num_list, 1), 0.0)
/home/arimoto/opt/scensim_env/scenargie_simulator/2.2/scenarios_linux/srm_interference/commandline/./script/interference_2pan_plot_results.py:893: RuntimeWarning: invalid value encountered in divide
  tmp_c_rssi_ave_list = np.where(tmp_c_rx_pkt_num_list > 0, np.round(tmp_c_rssi_sum_list/tmp_c_rx_pkt_num_list, 1), 0.0)
/home/arimoto/opt/scensim_env/scenargie_simulator/2.2/scenarios_linux/srm_interference/commandline/./script/interference_2pan_plot_results.py:893: RuntimeWarning: invalid value encountered in divide
  tmp_c_rssi_ave_list = np.where(tmp_c_rx_pkt_num_list > 0, np.round(tmp_c_rssi_sum_list/tmp_c_rx_pkt_num_list, 1), 0.0)
/home/arimoto/opt/scensim_env/scenargie_simulator/2.2/scenarios_linux/srm_interference/commandline/./script/interference_2pan_plot_results.py:893: RuntimeWarning: invalid value encountered in divide
  tmp_c_rssi_ave_list = np.where(tmp_c_rx_pkt_num_list > 0, np.round(tmp_c_rssi_sum_list/tmp_c_rx_pkt_num_list, 1), 0.0)
/home/arimoto/opt/scensim_env/scenargie_simulator/2.2/scenarios_linux/srm_interference/commandline/./script/interference_2pan_plot_results.py:893: RuntimeWarning: invalid value encountered in divide
  tmp_c_rssi_ave_list = np.where(tmp_c_rx_pkt_num_list > 0, np.round(tmp_c_rssi_sum_list/tmp_c_rx_pkt_num_list, 1), 0.0)
/home/arimoto/opt/scensim_env/scenargie_simulator/2.2/scenarios_linux/srm_interference/commandline/./script/interference_2pan_plot_results.py:893: RuntimeWarning: invalid value encountered in divide
  tmp_c_rssi_ave_list = np.where(tmp_c_rx_pkt_num_list > 0, np.round(tmp_c_rssi_sum_list/tmp_c_rx_pkt_num_list, 1), 0.0)
/home/arimoto/opt/scensim_env/scenargie_simulator/2.2/scenarios_linux/srm_interference/commandline/./script/interference_2pan_plot_results.py:893: RuntimeWarning: invalid value encountered in divide
  tmp_c_rssi_ave_list = np.where(tmp_c_rx_pkt_num_list > 0, np.round(tmp_c_rssi_sum_list/tmp_c_rx_pkt_num_list, 1), 0.0)
/home/arimoto/opt/scensim_env/scenargie_simulator/2.2/scenarios_linux/srm_interference/commandline/./script/interference_2pan_plot_results.py:893: RuntimeWarning: invalid value encountered in divide
  tmp_c_rssi_ave_list = np.where(tmp_c_rx_pkt_num_list > 0, np.round(tmp_c_rssi_sum_list/tmp_c_rx_pkt_num_list, 1), 0.0)
/home/arimoto/opt/scensim_env/scenargie_simulator/2.2/scenarios_linux/srm_interference/commandline/./script/interference_2pan_plot_results.py:893: RuntimeWarning: invalid value encountered in divide
  tmp_c_rssi_ave_list = np.where(tmp_c_rx_pkt_num_list > 0, np.round(tmp_c_rssi_sum_list/tmp_c_rx_pkt_num_list, 1), 0.0)
/home/arimoto/opt/scensim_env/scenargie_simulator/2.2/scenarios_linux/srm_interference/commandline/./script/interference_2pan_plot_results.py:893: RuntimeWarning: invalid value encountered in divide
  tmp_c_rssi_ave_list = np.where(tmp_c_rx_pkt_num_list > 0, np.round(tmp_c_rssi_sum_list/tmp_c_rx_pkt_num_list, 1), 0.0)
/home/arimoto/opt/scensim_env/scenargie_simulator/2.2/scenarios_linux/srm_interference/commandline/./script/interference_2pan_plot_results.py:893: RuntimeWarning: invalid value encountered in divide
  tmp_c_rssi_ave_list = np.where(tmp_c_rx_pkt_num_list > 0, np.round(tmp_c_rssi_sum_list/tmp_c_rx_pkt_num_list, 1), 0.0)
/home/arimoto/opt/scensim_env/scenargie_simulator/2.2/scenarios_linux/srm_interference/commandline/./script/interference_2pan_plot_results.py:893: RuntimeWarning: invalid value encountered in divide
  tmp_c_rssi_ave_list = np.where(tmp_c_rx_pkt_num_list > 0, np.round(tmp_c_rssi_sum_list/tmp_c_rx_pkt_num_list, 1), 0.0)
/home/arimoto/opt/scensim_env/scenargie_simulator/2.2/scenarios_linux/srm_interference/commandline/./script/interference_2pan_plot_results.py:893: RuntimeWarning: invalid value encountered in divide
  tmp_c_rssi_ave_list = np.where(tmp_c_rx_pkt_num_list > 0, np.round(tmp_c_rssi_sum_list/tmp_c_rx_pkt_num_list, 1), 0.0)
/home/arimoto/opt/scensim_env/scenargie_simulator/2.2/scenarios_linux/srm_interference/commandline/./script/interference_2pan_plot_results.py:893: RuntimeWarning: invalid value encountered in divide
  tmp_c_rssi_ave_list = np.where(tmp_c_rx_pkt_num_list > 0, np.round(tmp_c_rssi_sum_list/tmp_c_rx_pkt_num_list, 1), 0.0)
/home/arimoto/opt/scensim_env/scenargie_simulator/2.2/scenarios_linux/srm_interference/commandline/./script/interference_2pan_plot_results.py:893: RuntimeWarning: invalid value encountered in divide
  tmp_c_rssi_ave_list = np.where(tmp_c_rx_pkt_num_list > 0, np.round(tmp_c_rssi_sum_list/tmp_c_rx_pkt_num_list, 1), 0.0)
/home/arimoto/opt/scensim_env/scenargie_simulator/2.2/scenarios_linux/srm_interference/commandline/./script/interference_2pan_plot_results.py:893: RuntimeWarning: invalid value encountered in divide
  tmp_c_rssi_ave_list = np.where(tmp_c_rx_pkt_num_list > 0, np.round(tmp_c_rssi_sum_list/tmp_c_rx_pkt_num_list, 1), 0.0)
/home/arimoto/opt/scensim_env/scenargie_simulator/2.2/scenarios_linux/srm_interference/commandline/./script/interference_2pan_plot_results.py:893: RuntimeWarning: invalid value encountered in divide
  tmp_c_rssi_ave_list = np.where(tmp_c_rx_pkt_num_list > 0, np.round(tmp_c_rssi_sum_list/tmp_c_rx_pkt_num_list, 1), 0.0)
/home/arimoto/opt/scensim_env/scenargie_simulator/2.2/scenarios_linux/srm_interference/commandline/./script/interference_2pan_plot_results.py:893: RuntimeWarning: invalid value encountered in divide
  tmp_c_rssi_ave_list = np.where(tmp_c_rx_pkt_num_list > 0, np.round(tmp_c_rssi_sum_list/tmp_c_rx_pkt_num_list, 1), 0.0)
/home/arimoto/opt/scensim_env/scenargie_simulator/2.2/scenarios_linux/srm_interference/commandline/./script/interference_2pan_plot_results.py:893: RuntimeWarning: invalid value encountered in divide
  tmp_c_rssi_ave_list = np.where(tmp_c_rx_pkt_num_list > 0, np.round(tmp_c_rssi_sum_list/tmp_c_rx_pkt_num_list, 1), 0.0)
/home/arimoto/opt/scensim_env/scenargie_simulator/2.2/scenarios_linux/srm_interference/commandline/./script/interference_2pan_plot_results.py:893: RuntimeWarning: invalid value encountered in divide
  tmp_c_rssi_ave_list = np.where(tmp_c_rx_pkt_num_list > 0, np.round(tmp_c_rssi_sum_list/tmp_c_rx_pkt_num_list, 1), 0.0)
/home/arimoto/opt/scensim_env/scenargie_simulator/2.2/scenarios_linux/srm_interference/commandline/./script/interference_2pan_plot_results.py:893: RuntimeWarning: invalid value encountered in divide
  tmp_c_rssi_ave_list = np.where(tmp_c_rx_pkt_num_list > 0, np.round(tmp_c_rssi_sum_list/tmp_c_rx_pkt_num_list, 1), 0.0)
/home/arimoto/opt/scensim_env/scenargie_simulator/2.2/scenarios_linux/srm_interference/commandline/./script/interference_2pan_plot_results.py:893: RuntimeWarning: invalid value encountered in divide
  tmp_c_rssi_ave_list = np.where(tmp_c_rx_pkt_num_list > 0, np.round(tmp_c_rssi_sum_list/tmp_c_rx_pkt_num_list, 1), 0.0)
start off_load_pan1/pan2: 0.8 / 1.0
Found 100 stat files to process.
Found 100 trace files to process.
Found 100 pos files to process.
/home/arimoto/opt/scensim_env/scenargie_simulator/2.2/scenarios_linux/srm_interference/commandline/./script/interference_2pan_plot_results.py:893: RuntimeWarning: invalid value encountered in divide
  tmp_c_rssi_ave_list = np.where(tmp_c_rx_pkt_num_list > 0, np.round(tmp_c_rssi_sum_list/tmp_c_rx_pkt_num_list, 1), 0.0)
/home/arimoto/opt/scensim_env/scenargie_simulator/2.2/scenarios_linux/srm_interference/commandline/./script/interference_2pan_plot_results.py:893: RuntimeWarning: invalid value encountered in divide
  tmp_c_rssi_ave_list = np.where(tmp_c_rx_pkt_num_list > 0, np.round(tmp_c_rssi_sum_list/tmp_c_rx_pkt_num_list, 1), 0.0)
/home/arimoto/opt/scensim_env/scenargie_simulator/2.2/scenarios_linux/srm_interference/commandline/./script/interference_2pan_plot_results.py:893: RuntimeWarning: invalid value encountered in divide
  tmp_c_rssi_ave_list = np.where(tmp_c_rx_pkt_num_list > 0, np.round(tmp_c_rssi_sum_list/tmp_c_rx_pkt_num_list, 1), 0.0)
/home/arimoto/opt/scensim_env/scenargie_simulator/2.2/scenarios_linux/srm_interference/commandline/./script/interference_2pan_plot_results.py:893: RuntimeWarning: invalid value encountered in divide
  tmp_c_rssi_ave_list = np.where(tmp_c_rx_pkt_num_list > 0, np.round(tmp_c_rssi_sum_list/tmp_c_rx_pkt_num_list, 1), 0.0)
/home/arimoto/opt/scensim_env/scenargie_simulator/2.2/scenarios_linux/srm_interference/commandline/./script/interference_2pan_plot_results.py:893: RuntimeWarning: invalid value encountered in divide
  tmp_c_rssi_ave_list = np.where(tmp_c_rx_pkt_num_list > 0, np.round(tmp_c_rssi_sum_list/tmp_c_rx_pkt_num_list, 1), 0.0)
/home/arimoto/opt/scensim_env/scenargie_simulator/2.2/scenarios_linux/srm_interference/commandline/./script/interference_2pan_plot_results.py:893: RuntimeWarning: invalid value encountered in divide
  tmp_c_rssi_ave_list = np.where(tmp_c_rx_pkt_num_list > 0, np.round(tmp_c_rssi_sum_list/tmp_c_rx_pkt_num_list, 1), 0.0)
/home/arimoto/opt/scensim_env/scenargie_simulator/2.2/scenarios_linux/srm_interference/commandline/./script/interference_2pan_plot_results.py:893: RuntimeWarning: invalid value encountered in divide
  tmp_c_rssi_ave_list = np.where(tmp_c_rx_pkt_num_list > 0, np.round(tmp_c_rssi_sum_list/tmp_c_rx_pkt_num_list, 1), 0.0)
/home/arimoto/opt/scensim_env/scenargie_simulator/2.2/scenarios_linux/srm_interference/commandline/./script/interference_2pan_plot_results.py:893: RuntimeWarning: invalid value encountered in divide
  tmp_c_rssi_ave_list = np.where(tmp_c_rx_pkt_num_list > 0, np.round(tmp_c_rssi_sum_list/tmp_c_rx_pkt_num_list, 1), 0.0)
/home/arimoto/opt/scensim_env/scenargie_simulator/2.2/scenarios_linux/srm_interference/commandline/./script/interference_2pan_plot_results.py:893: RuntimeWarning: invalid value encountered in divide
  tmp_c_rssi_ave_list = np.where(tmp_c_rx_pkt_num_list > 0, np.round(tmp_c_rssi_sum_list/tmp_c_rx_pkt_num_list, 1), 0.0)
/home/arimoto/opt/scensim_env/scenargie_simulator/2.2/scenarios_linux/srm_interference/commandline/./script/interference_2pan_plot_results.py:893: RuntimeWarning: invalid value encountered in divide
  tmp_c_rssi_ave_list = np.where(tmp_c_rx_pkt_num_list > 0, np.round(tmp_c_rssi_sum_list/tmp_c_rx_pkt_num_list, 1), 0.0)
/home/arimoto/opt/scensim_env/scenargie_simulator/2.2/scenarios_linux/srm_interference/commandline/./script/interference_2pan_plot_results.py:893: RuntimeWarning: invalid value encountered in divide
  tmp_c_rssi_ave_list = np.where(tmp_c_rx_pkt_num_list > 0, np.round(tmp_c_rssi_sum_list/tmp_c_rx_pkt_num_list, 1), 0.0)
/home/arimoto/opt/scensim_env/scenargie_simulator/2.2/scenarios_linux/srm_interference/commandline/./script/interference_2pan_plot_results.py:893: RuntimeWarning: invalid value encountered in divide
  tmp_c_rssi_ave_list = np.where(tmp_c_rx_pkt_num_list > 0, np.round(tmp_c_rssi_sum_list/tmp_c_rx_pkt_num_list, 1), 0.0)
/home/arimoto/opt/scensim_env/scenargie_simulator/2.2/scenarios_linux/srm_interference/commandline/./script/interference_2pan_plot_results.py:893: RuntimeWarning: invalid value encountered in divide
  tmp_c_rssi_ave_list = np.where(tmp_c_rx_pkt_num_list > 0, np.round(tmp_c_rssi_sum_list/tmp_c_rx_pkt_num_list, 1), 0.0)
/home/arimoto/opt/scensim_env/scenargie_simulator/2.2/scenarios_linux/srm_interference/commandline/./script/interference_2pan_plot_results.py:893: RuntimeWarning: invalid value encountered in divide
  tmp_c_rssi_ave_list = np.where(tmp_c_rx_pkt_num_list > 0, np.round(tmp_c_rssi_sum_list/tmp_c_rx_pkt_num_list, 1), 0.0)
/home/arimoto/opt/scensim_env/scenargie_simulator/2.2/scenarios_linux/srm_interference/commandline/./script/interference_2pan_plot_results.py:893: RuntimeWarning: invalid value encountered in divide
  tmp_c_rssi_ave_list = np.where(tmp_c_rx_pkt_num_list > 0, np.round(tmp_c_rssi_sum_list/tmp_c_rx_pkt_num_list, 1), 0.0)
/home/arimoto/opt/scensim_env/scenargie_simulator/2.2/scenarios_linux/srm_interference/commandline/./script/interference_2pan_plot_results.py:893: RuntimeWarning: invalid value encountered in divide
  tmp_c_rssi_ave_list = np.where(tmp_c_rx_pkt_num_list > 0, np.round(tmp_c_rssi_sum_list/tmp_c_rx_pkt_num_list, 1), 0.0)
/home/arimoto/opt/scensim_env/scenargie_simulator/2.2/scenarios_linux/srm_interference/commandline/./script/interference_2pan_plot_results.py:893: RuntimeWarning: invalid value encountered in divide
  tmp_c_rssi_ave_list = np.where(tmp_c_rx_pkt_num_list > 0, np.round(tmp_c_rssi_sum_list/tmp_c_rx_pkt_num_list, 1), 0.0)
/home/arimoto/opt/scensim_env/scenargie_simulator/2.2/scenarios_linux/srm_interference/commandline/./script/interference_2pan_plot_results.py:893: RuntimeWarning: invalid value encountered in divide
  tmp_c_rssi_ave_list = np.where(tmp_c_rx_pkt_num_list > 0, np.round(tmp_c_rssi_sum_list/tmp_c_rx_pkt_num_list, 1), 0.0)
/home/arimoto/opt/scensim_env/scenargie_simulator/2.2/scenarios_linux/srm_interference/commandline/./script/interference_2pan_plot_results.py:893: RuntimeWarning: invalid value encountered in divide
  tmp_c_rssi_ave_list = np.where(tmp_c_rx_pkt_num_list > 0, np.round(tmp_c_rssi_sum_list/tmp_c_rx_pkt_num_list, 1), 0.0)
/home/arimoto/opt/scensim_env/scenargie_simulator/2.2/scenarios_linux/srm_interference/commandline/./script/interference_2pan_plot_results.py:893: RuntimeWarning: invalid value encountered in divide
  tmp_c_rssi_ave_list = np.where(tmp_c_rx_pkt_num_list > 0, np.round(tmp_c_rssi_sum_list/tmp_c_rx_pkt_num_list, 1), 0.0)
/home/arimoto/opt/scensim_env/scenargie_simulator/2.2/scenarios_linux/srm_interference/commandline/./script/interference_2pan_plot_results.py:893: RuntimeWarning: invalid value encountered in divide
  tmp_c_rssi_ave_list = np.where(tmp_c_rx_pkt_num_list > 0, np.round(tmp_c_rssi_sum_list/tmp_c_rx_pkt_num_list, 1), 0.0)
/home/arimoto/opt/scensim_env/scenargie_simulator/2.2/scenarios_linux/srm_interference/commandline/./script/interference_2pan_plot_results.py:893: RuntimeWarning: invalid value encountered in divide
  tmp_c_rssi_ave_list = np.where(tmp_c_rx_pkt_num_list > 0, np.round(tmp_c_rssi_sum_list/tmp_c_rx_pkt_num_list, 1), 0.0)
/home/arimoto/opt/scensim_env/scenargie_simulator/2.2/scenarios_linux/srm_interference/commandline/./script/interference_2pan_plot_results.py:893: RuntimeWarning: invalid value encountered in divide
  tmp_c_rssi_ave_list = np.where(tmp_c_rx_pkt_num_list > 0, np.round(tmp_c_rssi_sum_list/tmp_c_rx_pkt_num_list, 1), 0.0)
/home/arimoto/opt/scensim_env/scenargie_simulator/2.2/scenarios_linux/srm_interference/commandline/./script/interference_2pan_plot_results.py:893: RuntimeWarning: invalid value encountered in divide
  tmp_c_rssi_ave_list = np.where(tmp_c_rx_pkt_num_list > 0, np.round(tmp_c_rssi_sum_list/tmp_c_rx_pkt_num_list, 1), 0.0)
/home/arimoto/opt/scensim_env/scenargie_simulator/2.2/scenarios_linux/srm_interference/commandline/./script/interference_2pan_plot_results.py:893: RuntimeWarning: invalid value encountered in divide
  tmp_c_rssi_ave_list = np.where(tmp_c_rx_pkt_num_list > 0, np.round(tmp_c_rssi_sum_list/tmp_c_rx_pkt_num_list, 1), 0.0)
/home/arimoto/opt/scensim_env/scenargie_simulator/2.2/scenarios_linux/srm_interference/commandline/./script/interference_2pan_plot_results.py:893: RuntimeWarning: invalid value encountered in divide
  tmp_c_rssi_ave_list = np.where(tmp_c_rx_pkt_num_list > 0, np.round(tmp_c_rssi_sum_list/tmp_c_rx_pkt_num_list, 1), 0.0)
/home/arimoto/opt/scensim_env/scenargie_simulator/2.2/scenarios_linux/srm_interference/commandline/./script/interference_2pan_plot_results.py:893: RuntimeWarning: invalid value encountered in divide
  tmp_c_rssi_ave_list = np.where(tmp_c_rx_pkt_num_list > 0, np.round(tmp_c_rssi_sum_list/tmp_c_rx_pkt_num_list, 1), 0.0)
/home/arimoto/opt/scensim_env/scenargie_simulator/2.2/scenarios_linux/srm_interference/commandline/./script/interference_2pan_plot_results.py:893: RuntimeWarning: invalid value encountered in divide
  tmp_c_rssi_ave_list = np.where(tmp_c_rx_pkt_num_list > 0, np.round(tmp_c_rssi_sum_list/tmp_c_rx_pkt_num_list, 1), 0.0)
/home/arimoto/opt/scensim_env/scenargie_simulator/2.2/scenarios_linux/srm_interference/commandline/./script/interference_2pan_plot_results.py:893: RuntimeWarning: invalid value encountered in divide
  tmp_c_rssi_ave_list = np.where(tmp_c_rx_pkt_num_list > 0, np.round(tmp_c_rssi_sum_list/tmp_c_rx_pkt_num_list, 1), 0.0)
/home/arimoto/opt/scensim_env/scenargie_simulator/2.2/scenarios_linux/srm_interference/commandline/./script/interference_2pan_plot_results.py:893: RuntimeWarning: invalid value encountered in divide
  tmp_c_rssi_ave_list = np.where(tmp_c_rx_pkt_num_list > 0, np.round(tmp_c_rssi_sum_list/tmp_c_rx_pkt_num_list, 1), 0.0)
/home/arimoto/opt/scensim_env/scenargie_simulator/2.2/scenarios_linux/srm_interference/commandline/./script/interference_2pan_plot_results.py:893: RuntimeWarning: invalid value encountered in divide
  tmp_c_rssi_ave_list = np.where(tmp_c_rx_pkt_num_list > 0, np.round(tmp_c_rssi_sum_list/tmp_c_rx_pkt_num_list, 1), 0.0)
/home/arimoto/opt/scensim_env/scenargie_simulator/2.2/scenarios_linux/srm_interference/commandline/./script/interference_2pan_plot_results.py:893: RuntimeWarning: invalid value encountered in divide
  tmp_c_rssi_ave_list = np.where(tmp_c_rx_pkt_num_list > 0, np.round(tmp_c_rssi_sum_list/tmp_c_rx_pkt_num_list, 1), 0.0)
start off_load_pan1/pan2: 0.9 / 1.0
Found 100 stat files to process.
Found 100 trace files to process.
Found 100 pos files to process.
/home/arimoto/opt/scensim_env/scenargie_simulator/2.2/scenarios_linux/srm_interference/commandline/./script/interference_2pan_plot_results.py:893: RuntimeWarning: invalid value encountered in divide
  tmp_c_rssi_ave_list = np.where(tmp_c_rx_pkt_num_list > 0, np.round(tmp_c_rssi_sum_list/tmp_c_rx_pkt_num_list, 1), 0.0)
/home/arimoto/opt/scensim_env/scenargie_simulator/2.2/scenarios_linux/srm_interference/commandline/./script/interference_2pan_plot_results.py:893: RuntimeWarning: invalid value encountered in divide
  tmp_c_rssi_ave_list = np.where(tmp_c_rx_pkt_num_list > 0, np.round(tmp_c_rssi_sum_list/tmp_c_rx_pkt_num_list, 1), 0.0)
/home/arimoto/opt/scensim_env/scenargie_simulator/2.2/scenarios_linux/srm_interference/commandline/./script/interference_2pan_plot_results.py:893: RuntimeWarning: invalid value encountered in divide
  tmp_c_rssi_ave_list = np.where(tmp_c_rx_pkt_num_list > 0, np.round(tmp_c_rssi_sum_list/tmp_c_rx_pkt_num_list, 1), 0.0)
/home/arimoto/opt/scensim_env/scenargie_simulator/2.2/scenarios_linux/srm_interference/commandline/./script/interference_2pan_plot_results.py:893: RuntimeWarning: invalid value encountered in divide
  tmp_c_rssi_ave_list = np.where(tmp_c_rx_pkt_num_list > 0, np.round(tmp_c_rssi_sum_list/tmp_c_rx_pkt_num_list, 1), 0.0)
/home/arimoto/opt/scensim_env/scenargie_simulator/2.2/scenarios_linux/srm_interference/commandline/./script/interference_2pan_plot_results.py:893: RuntimeWarning: invalid value encountered in divide
  tmp_c_rssi_ave_list = np.where(tmp_c_rx_pkt_num_list > 0, np.round(tmp_c_rssi_sum_list/tmp_c_rx_pkt_num_list, 1), 0.0)
/home/arimoto/opt/scensim_env/scenargie_simulator/2.2/scenarios_linux/srm_interference/commandline/./script/interference_2pan_plot_results.py:893: RuntimeWarning: invalid value encountered in divide
  tmp_c_rssi_ave_list = np.where(tmp_c_rx_pkt_num_list > 0, np.round(tmp_c_rssi_sum_list/tmp_c_rx_pkt_num_list, 1), 0.0)
/home/arimoto/opt/scensim_env/scenargie_simulator/2.2/scenarios_linux/srm_interference/commandline/./script/interference_2pan_plot_results.py:893: RuntimeWarning: invalid value encountered in divide
  tmp_c_rssi_ave_list = np.where(tmp_c_rx_pkt_num_list > 0, np.round(tmp_c_rssi_sum_list/tmp_c_rx_pkt_num_list, 1), 0.0)
/home/arimoto/opt/scensim_env/scenargie_simulator/2.2/scenarios_linux/srm_interference/commandline/./script/interference_2pan_plot_results.py:893: RuntimeWarning: invalid value encountered in divide
  tmp_c_rssi_ave_list = np.where(tmp_c_rx_pkt_num_list > 0, np.round(tmp_c_rssi_sum_list/tmp_c_rx_pkt_num_list, 1), 0.0)
/home/arimoto/opt/scensim_env/scenargie_simulator/2.2/scenarios_linux/srm_interference/commandline/./script/interference_2pan_plot_results.py:893: RuntimeWarning: invalid value encountered in divide
  tmp_c_rssi_ave_list = np.where(tmp_c_rx_pkt_num_list > 0, np.round(tmp_c_rssi_sum_list/tmp_c_rx_pkt_num_list, 1), 0.0)
/home/arimoto/opt/scensim_env/scenargie_simulator/2.2/scenarios_linux/srm_interference/commandline/./script/interference_2pan_plot_results.py:893: RuntimeWarning: invalid value encountered in divide
  tmp_c_rssi_ave_list = np.where(tmp_c_rx_pkt_num_list > 0, np.round(tmp_c_rssi_sum_list/tmp_c_rx_pkt_num_list, 1), 0.0)
/home/arimoto/opt/scensim_env/scenargie_simulator/2.2/scenarios_linux/srm_interference/commandline/./script/interference_2pan_plot_results.py:893: RuntimeWarning: invalid value encountered in divide
  tmp_c_rssi_ave_list = np.where(tmp_c_rx_pkt_num_list > 0, np.round(tmp_c_rssi_sum_list/tmp_c_rx_pkt_num_list, 1), 0.0)
/home/arimoto/opt/scensim_env/scenargie_simulator/2.2/scenarios_linux/srm_interference/commandline/./script/interference_2pan_plot_results.py:893: RuntimeWarning: invalid value encountered in divide
  tmp_c_rssi_ave_list = np.where(tmp_c_rx_pkt_num_list > 0, np.round(tmp_c_rssi_sum_list/tmp_c_rx_pkt_num_list, 1), 0.0)
/home/arimoto/opt/scensim_env/scenargie_simulator/2.2/scenarios_linux/srm_interference/commandline/./script/interference_2pan_plot_results.py:893: RuntimeWarning: invalid value encountered in divide
  tmp_c_rssi_ave_list = np.where(tmp_c_rx_pkt_num_list > 0, np.round(tmp_c_rssi_sum_list/tmp_c_rx_pkt_num_list, 1), 0.0)
/home/arimoto/opt/scensim_env/scenargie_simulator/2.2/scenarios_linux/srm_interference/commandline/./script/interference_2pan_plot_results.py:893: RuntimeWarning: invalid value encountered in divide
  tmp_c_rssi_ave_list = np.where(tmp_c_rx_pkt_num_list > 0, np.round(tmp_c_rssi_sum_list/tmp_c_rx_pkt_num_list, 1), 0.0)
/home/arimoto/opt/scensim_env/scenargie_simulator/2.2/scenarios_linux/srm_interference/commandline/./script/interference_2pan_plot_results.py:893: RuntimeWarning: invalid value encountered in divide
  tmp_c_rssi_ave_list = np.where(tmp_c_rx_pkt_num_list > 0, np.round(tmp_c_rssi_sum_list/tmp_c_rx_pkt_num_list, 1), 0.0)
/home/arimoto/opt/scensim_env/scenargie_simulator/2.2/scenarios_linux/srm_interference/commandline/./script/interference_2pan_plot_results.py:893: RuntimeWarning: invalid value encountered in divide
  tmp_c_rssi_ave_list = np.where(tmp_c_rx_pkt_num_list > 0, np.round(tmp_c_rssi_sum_list/tmp_c_rx_pkt_num_list, 1), 0.0)
/home/arimoto/opt/scensim_env/scenargie_simulator/2.2/scenarios_linux/srm_interference/commandline/./script/interference_2pan_plot_results.py:893: RuntimeWarning: invalid value encountered in divide
  tmp_c_rssi_ave_list = np.where(tmp_c_rx_pkt_num_list > 0, np.round(tmp_c_rssi_sum_list/tmp_c_rx_pkt_num_list, 1), 0.0)
/home/arimoto/opt/scensim_env/scenargie_simulator/2.2/scenarios_linux/srm_interference/commandline/./script/interference_2pan_plot_results.py:893: RuntimeWarning: invalid value encountered in divide
  tmp_c_rssi_ave_list = np.where(tmp_c_rx_pkt_num_list > 0, np.round(tmp_c_rssi_sum_list/tmp_c_rx_pkt_num_list, 1), 0.0)
/home/arimoto/opt/scensim_env/scenargie_simulator/2.2/scenarios_linux/srm_interference/commandline/./script/interference_2pan_plot_results.py:893: RuntimeWarning: invalid value encountered in divide
  tmp_c_rssi_ave_list = np.where(tmp_c_rx_pkt_num_list > 0, np.round(tmp_c_rssi_sum_list/tmp_c_rx_pkt_num_list, 1), 0.0)
/home/arimoto/opt/scensim_env/scenargie_simulator/2.2/scenarios_linux/srm_interference/commandline/./script/interference_2pan_plot_results.py:893: RuntimeWarning: invalid value encountered in divide
  tmp_c_rssi_ave_list = np.where(tmp_c_rx_pkt_num_list > 0, np.round(tmp_c_rssi_sum_list/tmp_c_rx_pkt_num_list, 1), 0.0)
/home/arimoto/opt/scensim_env/scenargie_simulator/2.2/scenarios_linux/srm_interference/commandline/./script/interference_2pan_plot_results.py:893: RuntimeWarning: invalid value encountered in divide
  tmp_c_rssi_ave_list = np.where(tmp_c_rx_pkt_num_list > 0, np.round(tmp_c_rssi_sum_list/tmp_c_rx_pkt_num_list, 1), 0.0)
/home/arimoto/opt/scensim_env/scenargie_simulator/2.2/scenarios_linux/srm_interference/commandline/./script/interference_2pan_plot_results.py:893: RuntimeWarning: invalid value encountered in divide
  tmp_c_rssi_ave_list = np.where(tmp_c_rx_pkt_num_list > 0, np.round(tmp_c_rssi_sum_list/tmp_c_rx_pkt_num_list, 1), 0.0)
/home/arimoto/opt/scensim_env/scenargie_simulator/2.2/scenarios_linux/srm_interference/commandline/./script/interference_2pan_plot_results.py:893: RuntimeWarning: invalid value encountered in divide
  tmp_c_rssi_ave_list = np.where(tmp_c_rx_pkt_num_list > 0, np.round(tmp_c_rssi_sum_list/tmp_c_rx_pkt_num_list, 1), 0.0)
/home/arimoto/opt/scensim_env/scenargie_simulator/2.2/scenarios_linux/srm_interference/commandline/./script/interference_2pan_plot_results.py:893: RuntimeWarning: invalid value encountered in divide
  tmp_c_rssi_ave_list = np.where(tmp_c_rx_pkt_num_list > 0, np.round(tmp_c_rssi_sum_list/tmp_c_rx_pkt_num_list, 1), 0.0)
/home/arimoto/opt/scensim_env/scenargie_simulator/2.2/scenarios_linux/srm_interference/commandline/./script/interference_2pan_plot_results.py:893: RuntimeWarning: invalid value encountered in divide
  tmp_c_rssi_ave_list = np.where(tmp_c_rx_pkt_num_list > 0, np.round(tmp_c_rssi_sum_list/tmp_c_rx_pkt_num_list, 1), 0.0)
/home/arimoto/opt/scensim_env/scenargie_simulator/2.2/scenarios_linux/srm_interference/commandline/./script/interference_2pan_plot_results.py:893: RuntimeWarning: invalid value encountered in divide
  tmp_c_rssi_ave_list = np.where(tmp_c_rx_pkt_num_list > 0, np.round(tmp_c_rssi_sum_list/tmp_c_rx_pkt_num_list, 1), 0.0)
/home/arimoto/opt/scensim_env/scenargie_simulator/2.2/scenarios_linux/srm_interference/commandline/./script/interference_2pan_plot_results.py:893: RuntimeWarning: invalid value encountered in divide
  tmp_c_rssi_ave_list = np.where(tmp_c_rx_pkt_num_list > 0, np.round(tmp_c_rssi_sum_list/tmp_c_rx_pkt_num_list, 1), 0.0)
/home/arimoto/opt/scensim_env/scenargie_simulator/2.2/scenarios_linux/srm_interference/commandline/./script/interference_2pan_plot_results.py:893: RuntimeWarning: invalid value encountered in divide
  tmp_c_rssi_ave_list = np.where(tmp_c_rx_pkt_num_list > 0, np.round(tmp_c_rssi_sum_list/tmp_c_rx_pkt_num_list, 1), 0.0)
/home/arimoto/opt/scensim_env/scenargie_simulator/2.2/scenarios_linux/srm_interference/commandline/./script/interference_2pan_plot_results.py:893: RuntimeWarning: invalid value encountered in divide
  tmp_c_rssi_ave_list = np.where(tmp_c_rx_pkt_num_list > 0, np.round(tmp_c_rssi_sum_list/tmp_c_rx_pkt_num_list, 1), 0.0)
/home/arimoto/opt/scensim_env/scenargie_simulator/2.2/scenarios_linux/srm_interference/commandline/./script/interference_2pan_plot_results.py:893: RuntimeWarning: invalid value encountered in divide
  tmp_c_rssi_ave_list = np.where(tmp_c_rx_pkt_num_list > 0, np.round(tmp_c_rssi_sum_list/tmp_c_rx_pkt_num_list, 1), 0.0)
/home/arimoto/opt/scensim_env/scenargie_simulator/2.2/scenarios_linux/srm_interference/commandline/./script/interference_2pan_plot_results.py:893: RuntimeWarning: invalid value encountered in divide
  tmp_c_rssi_ave_list = np.where(tmp_c_rx_pkt_num_list > 0, np.round(tmp_c_rssi_sum_list/tmp_c_rx_pkt_num_list, 1), 0.0)
/home/arimoto/opt/scensim_env/scenargie_simulator/2.2/scenarios_linux/srm_interference/commandline/./script/interference_2pan_plot_results.py:893: RuntimeWarning: invalid value encountered in divide
  tmp_c_rssi_ave_list = np.where(tmp_c_rx_pkt_num_list > 0, np.round(tmp_c_rssi_sum_list/tmp_c_rx_pkt_num_list, 1), 0.0)
start off_load_pan1/pan2: 1.0 / 1.0
Found 100 stat files to process.
Found 100 trace files to process.
Found 100 pos files to process.
/home/arimoto/opt/scensim_env/scenargie_simulator/2.2/scenarios_linux/srm_interference/commandline/./script/interference_2pan_plot_results.py:893: RuntimeWarning: invalid value encountered in divide
  tmp_c_rssi_ave_list = np.where(tmp_c_rx_pkt_num_list > 0, np.round(tmp_c_rssi_sum_list/tmp_c_rx_pkt_num_list, 1), 0.0)
/home/arimoto/opt/scensim_env/scenargie_simulator/2.2/scenarios_linux/srm_interference/commandline/./script/interference_2pan_plot_results.py:893: RuntimeWarning: invalid value encountered in divide
  tmp_c_rssi_ave_list = np.where(tmp_c_rx_pkt_num_list > 0, np.round(tmp_c_rssi_sum_list/tmp_c_rx_pkt_num_list, 1), 0.0)
/home/arimoto/opt/scensim_env/scenargie_simulator/2.2/scenarios_linux/srm_interference/commandline/./script/interference_2pan_plot_results.py:893: RuntimeWarning: invalid value encountered in divide
  tmp_c_rssi_ave_list = np.where(tmp_c_rx_pkt_num_list > 0, np.round(tmp_c_rssi_sum_list/tmp_c_rx_pkt_num_list, 1), 0.0)
/home/arimoto/opt/scensim_env/scenargie_simulator/2.2/scenarios_linux/srm_interference/commandline/./script/interference_2pan_plot_results.py:893: RuntimeWarning: invalid value encountered in divide
  tmp_c_rssi_ave_list = np.where(tmp_c_rx_pkt_num_list > 0, np.round(tmp_c_rssi_sum_list/tmp_c_rx_pkt_num_list, 1), 0.0)
/home/arimoto/opt/scensim_env/scenargie_simulator/2.2/scenarios_linux/srm_interference/commandline/./script/interference_2pan_plot_results.py:893: RuntimeWarning: invalid value encountered in divide
  tmp_c_rssi_ave_list = np.where(tmp_c_rx_pkt_num_list > 0, np.round(tmp_c_rssi_sum_list/tmp_c_rx_pkt_num_list, 1), 0.0)
/home/arimoto/opt/scensim_env/scenargie_simulator/2.2/scenarios_linux/srm_interference/commandline/./script/interference_2pan_plot_results.py:893: RuntimeWarning: invalid value encountered in divide
  tmp_c_rssi_ave_list = np.where(tmp_c_rx_pkt_num_list > 0, np.round(tmp_c_rssi_sum_list/tmp_c_rx_pkt_num_list, 1), 0.0)
/home/arimoto/opt/scensim_env/scenargie_simulator/2.2/scenarios_linux/srm_interference/commandline/./script/interference_2pan_plot_results.py:893: RuntimeWarning: invalid value encountered in divide
  tmp_c_rssi_ave_list = np.where(tmp_c_rx_pkt_num_list > 0, np.round(tmp_c_rssi_sum_list/tmp_c_rx_pkt_num_list, 1), 0.0)
/home/arimoto/opt/scensim_env/scenargie_simulator/2.2/scenarios_linux/srm_interference/commandline/./script/interference_2pan_plot_results.py:893: RuntimeWarning: invalid value encountered in divide
  tmp_c_rssi_ave_list = np.where(tmp_c_rx_pkt_num_list > 0, np.round(tmp_c_rssi_sum_list/tmp_c_rx_pkt_num_list, 1), 0.0)
/home/arimoto/opt/scensim_env/scenargie_simulator/2.2/scenarios_linux/srm_interference/commandline/./script/interference_2pan_plot_results.py:893: RuntimeWarning: invalid value encountered in divide
  tmp_c_rssi_ave_list = np.where(tmp_c_rx_pkt_num_list > 0, np.round(tmp_c_rssi_sum_list/tmp_c_rx_pkt_num_list, 1), 0.0)
/home/arimoto/opt/scensim_env/scenargie_simulator/2.2/scenarios_linux/srm_interference/commandline/./script/interference_2pan_plot_results.py:893: RuntimeWarning: invalid value encountered in divide
  tmp_c_rssi_ave_list = np.where(tmp_c_rx_pkt_num_list > 0, np.round(tmp_c_rssi_sum_list/tmp_c_rx_pkt_num_list, 1), 0.0)
/home/arimoto/opt/scensim_env/scenargie_simulator/2.2/scenarios_linux/srm_interference/commandline/./script/interference_2pan_plot_results.py:893: RuntimeWarning: invalid value encountered in divide
  tmp_c_rssi_ave_list = np.where(tmp_c_rx_pkt_num_list > 0, np.round(tmp_c_rssi_sum_list/tmp_c_rx_pkt_num_list, 1), 0.0)
/home/arimoto/opt/scensim_env/scenargie_simulator/2.2/scenarios_linux/srm_interference/commandline/./script/interference_2pan_plot_results.py:893: RuntimeWarning: invalid value encountered in divide
  tmp_c_rssi_ave_list = np.where(tmp_c_rx_pkt_num_list > 0, np.round(tmp_c_rssi_sum_list/tmp_c_rx_pkt_num_list, 1), 0.0)
/home/arimoto/opt/scensim_env/scenargie_simulator/2.2/scenarios_linux/srm_interference/commandline/./script/interference_2pan_plot_results.py:893: RuntimeWarning: invalid value encountered in divide
  tmp_c_rssi_ave_list = np.where(tmp_c_rx_pkt_num_list > 0, np.round(tmp_c_rssi_sum_list/tmp_c_rx_pkt_num_list, 1), 0.0)
/home/arimoto/opt/scensim_env/scenargie_simulator/2.2/scenarios_linux/srm_interference/commandline/./script/interference_2pan_plot_results.py:893: RuntimeWarning: invalid value encountered in divide
  tmp_c_rssi_ave_list = np.where(tmp_c_rx_pkt_num_list > 0, np.round(tmp_c_rssi_sum_list/tmp_c_rx_pkt_num_list, 1), 0.0)
/home/arimoto/opt/scensim_env/scenargie_simulator/2.2/scenarios_linux/srm_interference/commandline/./script/interference_2pan_plot_results.py:893: RuntimeWarning: invalid value encountered in divide
  tmp_c_rssi_ave_list = np.where(tmp_c_rx_pkt_num_list > 0, np.round(tmp_c_rssi_sum_list/tmp_c_rx_pkt_num_list, 1), 0.0)
/home/arimoto/opt/scensim_env/scenargie_simulator/2.2/scenarios_linux/srm_interference/commandline/./script/interference_2pan_plot_results.py:893: RuntimeWarning: invalid value encountered in divide
  tmp_c_rssi_ave_list = np.where(tmp_c_rx_pkt_num_list > 0, np.round(tmp_c_rssi_sum_list/tmp_c_rx_pkt_num_list, 1), 0.0)
/home/arimoto/opt/scensim_env/scenargie_simulator/2.2/scenarios_linux/srm_interference/commandline/./script/interference_2pan_plot_results.py:893: RuntimeWarning: invalid value encountered in divide
  tmp_c_rssi_ave_list = np.where(tmp_c_rx_pkt_num_list > 0, np.round(tmp_c_rssi_sum_list/tmp_c_rx_pkt_num_list, 1), 0.0)
/home/arimoto/opt/scensim_env/scenargie_simulator/2.2/scenarios_linux/srm_interference/commandline/./script/interference_2pan_plot_results.py:893: RuntimeWarning: invalid value encountered in divide
  tmp_c_rssi_ave_list = np.where(tmp_c_rx_pkt_num_list > 0, np.round(tmp_c_rssi_sum_list/tmp_c_rx_pkt_num_list, 1), 0.0)
/home/arimoto/opt/scensim_env/scenargie_simulator/2.2/scenarios_linux/srm_interference/commandline/./script/interference_2pan_plot_results.py:893: RuntimeWarning: invalid value encountered in divide
  tmp_c_rssi_ave_list = np.where(tmp_c_rx_pkt_num_list > 0, np.round(tmp_c_rssi_sum_list/tmp_c_rx_pkt_num_list, 1), 0.0)
/home/arimoto/opt/scensim_env/scenargie_simulator/2.2/scenarios_linux/srm_interference/commandline/./script/interference_2pan_plot_results.py:893: RuntimeWarning: invalid value encountered in divide
  tmp_c_rssi_ave_list = np.where(tmp_c_rx_pkt_num_list > 0, np.round(tmp_c_rssi_sum_list/tmp_c_rx_pkt_num_list, 1), 0.0)
/home/arimoto/opt/scensim_env/scenargie_simulator/2.2/scenarios_linux/srm_interference/commandline/./script/interference_2pan_plot_results.py:893: RuntimeWarning: invalid value encountered in divide
  tmp_c_rssi_ave_list = np.where(tmp_c_rx_pkt_num_list > 0, np.round(tmp_c_rssi_sum_list/tmp_c_rx_pkt_num_list, 1), 0.0)
/home/arimoto/opt/scensim_env/scenargie_simulator/2.2/scenarios_linux/srm_interference/commandline/./script/interference_2pan_plot_results.py:893: RuntimeWarning: invalid value encountered in divide
  tmp_c_rssi_ave_list = np.where(tmp_c_rx_pkt_num_list > 0, np.round(tmp_c_rssi_sum_list/tmp_c_rx_pkt_num_list, 1), 0.0)
/home/arimoto/opt/scensim_env/scenargie_simulator/2.2/scenarios_linux/srm_interference/commandline/./script/interference_2pan_plot_results.py:893: RuntimeWarning: invalid value encountered in divide
  tmp_c_rssi_ave_list = np.where(tmp_c_rx_pkt_num_list > 0, np.round(tmp_c_rssi_sum_list/tmp_c_rx_pkt_num_list, 1), 0.0)
/home/arimoto/opt/scensim_env/scenargie_simulator/2.2/scenarios_linux/srm_interference/commandline/./script/interference_2pan_plot_results.py:893: RuntimeWarning: invalid value encountered in divide
  tmp_c_rssi_ave_list = np.where(tmp_c_rx_pkt_num_list > 0, np.round(tmp_c_rssi_sum_list/tmp_c_rx_pkt_num_list, 1), 0.0)
/home/arimoto/opt/scensim_env/scenargie_simulator/2.2/scenarios_linux/srm_interference/commandline/./script/interference_2pan_plot_results.py:893: RuntimeWarning: invalid value encountered in divide
  tmp_c_rssi_ave_list = np.where(tmp_c_rx_pkt_num_list > 0, np.round(tmp_c_rssi_sum_list/tmp_c_rx_pkt_num_list, 1), 0.0)
/home/arimoto/opt/scensim_env/scenargie_simulator/2.2/scenarios_linux/srm_interference/commandline/./script/interference_2pan_plot_results.py:893: RuntimeWarning: invalid value encountered in divide
  tmp_c_rssi_ave_list = np.where(tmp_c_rx_pkt_num_list > 0, np.round(tmp_c_rssi_sum_list/tmp_c_rx_pkt_num_list, 1), 0.0)
/home/arimoto/opt/scensim_env/scenargie_simulator/2.2/scenarios_linux/srm_interference/commandline/./script/interference_2pan_plot_results.py:893: RuntimeWarning: invalid value encountered in divide
  tmp_c_rssi_ave_list = np.where(tmp_c_rx_pkt_num_list > 0, np.round(tmp_c_rssi_sum_list/tmp_c_rx_pkt_num_list, 1), 0.0)
/home/arimoto/opt/scensim_env/scenargie_simulator/2.2/scenarios_linux/srm_interference/commandline/./script/interference_2pan_plot_results.py:893: RuntimeWarning: invalid value encountered in divide
  tmp_c_rssi_ave_list = np.where(tmp_c_rx_pkt_num_list > 0, np.round(tmp_c_rssi_sum_list/tmp_c_rx_pkt_num_list, 1), 0.0)
/home/arimoto/opt/scensim_env/scenargie_simulator/2.2/scenarios_linux/srm_interference/commandline/./script/interference_2pan_plot_results.py:893: RuntimeWarning: invalid value encountered in divide
  tmp_c_rssi_ave_list = np.where(tmp_c_rx_pkt_num_list > 0, np.round(tmp_c_rssi_sum_list/tmp_c_rx_pkt_num_list, 1), 0.0)
/home/arimoto/opt/scensim_env/scenargie_simulator/2.2/scenarios_linux/srm_interference/commandline/./script/interference_2pan_plot_results.py:893: RuntimeWarning: invalid value encountered in divide
  tmp_c_rssi_ave_list = np.where(tmp_c_rx_pkt_num_list > 0, np.round(tmp_c_rssi_sum_list/tmp_c_rx_pkt_num_list, 1), 0.0)
/home/arimoto/opt/scensim_env/scenargie_simulator/2.2/scenarios_linux/srm_interference/commandline/./script/interference_2pan_plot_results.py:893: RuntimeWarning: invalid value encountered in divide
  tmp_c_rssi_ave_list = np.where(tmp_c_rx_pkt_num_list > 0, np.round(tmp_c_rssi_sum_list/tmp_c_rx_pkt_num_list, 1), 0.0)
/home/arimoto/opt/scensim_env/scenargie_simulator/2.2/scenarios_linux/srm_interference/commandline/./script/interference_2pan_plot_results.py:893: RuntimeWarning: invalid value encountered in divide
  tmp_c_rssi_ave_list = np.where(tmp_c_rx_pkt_num_list > 0, np.round(tmp_c_rssi_sum_list/tmp_c_rx_pkt_num_list, 1), 0.0)
/home/arimoto/opt/scensim_env/scenargie_simulator/2.2/scenarios_linux/srm_interference/commandline/./script/interference_2pan_plot_results.py:343: MatplotlibDeprecationWarning: The 'labels' parameter of boxplot() has been renamed 'tick_labels' since Matplotlib 3.9; support for the old name will be dropped in 3.11.
  plt.boxplot([bin_data_list[i] for i in plot_indices],
/home/arimoto/opt/scensim_env/scenargie_simulator/2.2/scenarios_linux/srm_interference/commandline/./script/interference_2pan_plot_results.py:288: MatplotlibDeprecationWarning: The 'labels' parameter of boxplot() has been renamed 'tick_labels' since Matplotlib 3.9; support for the old name will be dropped in 3.11.
  plt.boxplot(plot_data, labels=plot_labels)
/home/arimoto/opt/scensim_env/scenargie_simulator/2.2/scenarios_linux/srm_interference/commandline/./script/interference_2pan_plot_results.py:343: MatplotlibDeprecationWarning: The 'labels' parameter of boxplot() has been renamed 'tick_labels' since Matplotlib 3.9; support for the old name will be dropped in 3.11.
  plt.boxplot([bin_data_list[i] for i in plot_indices],
/home/arimoto/opt/scensim_env/scenargie_simulator/2.2/scenarios_linux/srm_interference/commandline/./script/interference_2pan_plot_results.py:288: MatplotlibDeprecationWarning: The 'labels' parameter of boxplot() has been renamed 'tick_labels' since Matplotlib 3.9; support for the old name will be dropped in 3.11.
  plt.boxplot(plot_data, labels=plot_labels)
/home/arimoto/opt/scensim_env/scenargie_simulator/2.2/scenarios_linux/srm_interference/commandline/./script/interference_2pan_plot_results.py:343: MatplotlibDeprecationWarning: The 'labels' parameter of boxplot() has been renamed 'tick_labels' since Matplotlib 3.9; support for the old name will be dropped in 3.11.
  plt.boxplot([bin_data_list[i] for i in plot_indices],
/home/arimoto/opt/scensim_env/scenargie_simulator/2.2/scenarios_linux/srm_interference/commandline/./script/interference_2pan_plot_results.py:288: MatplotlibDeprecationWarning: The 'labels' parameter of boxplot() has been renamed 'tick_labels' since Matplotlib 3.9; support for the old name will be dropped in 3.11.
  plt.boxplot(plot_data, labels=plot_labels)
/home/arimoto/opt/scensim_env/scenargie_simulator/2.2/scenarios_linux/srm_interference/commandline/./script/interference_2pan_plot_results.py:343: MatplotlibDeprecationWarning: The 'labels' parameter of boxplot() has been renamed 'tick_labels' since Matplotlib 3.9; support for the old name will be dropped in 3.11.
  plt.boxplot([bin_data_list[i] for i in plot_indices],
/home/arimoto/opt/scensim_env/scenargie_simulator/2.2/scenarios_linux/srm_interference/commandline/./script/interference_2pan_plot_results.py:288: MatplotlibDeprecationWarning: The 'labels' parameter of boxplot() has been renamed 'tick_labels' since Matplotlib 3.9; support for the old name will be dropped in 3.11.
  plt.boxplot(plot_data, labels=plot_labels)
/home/arimoto/opt/scensim_env/scenargie_simulator/2.2/scenarios_linux/srm_interference/commandline/./script/interference_2pan_plot_results.py:343: MatplotlibDeprecationWarning: The 'labels' parameter of boxplot() has been renamed 'tick_labels' since Matplotlib 3.9; support for the old name will be dropped in 3.11.
  plt.boxplot([bin_data_list[i] for i in plot_indices],
/home/arimoto/opt/scensim_env/scenargie_simulator/2.2/scenarios_linux/srm_interference/commandline/./script/interference_2pan_plot_results.py:288: MatplotlibDeprecationWarning: The 'labels' parameter of boxplot() has been renamed 'tick_labels' since Matplotlib 3.9; support for the old name will be dropped in 3.11.
  plt.boxplot(plot_data, labels=plot_labels)
/home/arimoto/opt/scensim_env/scenargie_simulator/2.2/scenarios_linux/srm_interference/commandline/./script/interference_2pan_plot_results.py:343: MatplotlibDeprecationWarning: The 'labels' parameter of boxplot() has been renamed 'tick_labels' since Matplotlib 3.9; support for the old name will be dropped in 3.11.
  plt.boxplot([bin_data_list[i] for i in plot_indices],
/home/arimoto/opt/scensim_env/scenargie_simulator/2.2/scenarios_linux/srm_interference/commandline/./script/interference_2pan_plot_results.py:288: MatplotlibDeprecationWarning: The 'labels' parameter of boxplot() has been renamed 'tick_labels' since Matplotlib 3.9; support for the old name will be dropped in 3.11.
  plt.boxplot(plot_data, labels=plot_labels)
/home/arimoto/opt/scensim_env/scenargie_simulator/2.2/scenarios_linux/srm_interference/commandline/./script/interference_2pan_plot_results.py:343: MatplotlibDeprecationWarning: The 'labels' parameter of boxplot() has been renamed 'tick_labels' since Matplotlib 3.9; support for the old name will be dropped in 3.11.
  plt.boxplot([bin_data_list[i] for i in plot_indices],
/home/arimoto/opt/scensim_env/scenargie_simulator/2.2/scenarios_linux/srm_interference/commandline/./script/interference_2pan_plot_results.py:288: MatplotlibDeprecationWarning: The 'labels' parameter of boxplot() has been renamed 'tick_labels' since Matplotlib 3.9; support for the old name will be dropped in 3.11.
  plt.boxplot(plot_data, labels=plot_labels)
/home/arimoto/opt/scensim_env/scenargie_simulator/2.2/scenarios_linux/srm_interference/commandline/./script/interference_2pan_plot_results.py:343: MatplotlibDeprecationWarning: The 'labels' parameter of boxplot() has been renamed 'tick_labels' since Matplotlib 3.9; support for the old name will be dropped in 3.11.
  plt.boxplot([bin_data_list[i] for i in plot_indices],
/home/arimoto/opt/scensim_env/scenargie_simulator/2.2/scenarios_linux/srm_interference/commandline/./script/interference_2pan_plot_results.py:288: MatplotlibDeprecationWarning: The 'labels' parameter of boxplot() has been renamed 'tick_labels' since Matplotlib 3.9; support for the old name will be dropped in 3.11.
  plt.boxplot(plot_data, labels=plot_labels)
/home/arimoto/opt/scensim_env/scenargie_simulator/2.2/scenarios_linux/srm_interference/commandline/./script/interference_2pan_plot_results.py:343: MatplotlibDeprecationWarning: The 'labels' parameter of boxplot() has been renamed 'tick_labels' since Matplotlib 3.9; support for the old name will be dropped in 3.11.
  plt.boxplot([bin_data_list[i] for i in plot_indices],
/home/arimoto/opt/scensim_env/scenargie_simulator/2.2/scenarios_linux/srm_interference/commandline/./script/interference_2pan_plot_results.py:288: MatplotlibDeprecationWarning: The 'labels' parameter of boxplot() has been renamed 'tick_labels' since Matplotlib 3.9; support for the old name will be dropped in 3.11.
  plt.boxplot(plot_data, labels=plot_labels)
/home/arimoto/opt/scensim_env/scenargie_simulator/2.2/scenarios_linux/srm_interference/commandline/./script/interference_2pan_plot_results.py:343: MatplotlibDeprecationWarning: The 'labels' parameter of boxplot() has been renamed 'tick_labels' since Matplotlib 3.9; support for the old name will be dropped in 3.11.
  plt.boxplot([bin_data_list[i] for i in plot_indices],
/home/arimoto/opt/scensim_env/scenargie_simulator/2.2/scenarios_linux/srm_interference/commandline/./script/interference_2pan_plot_results.py:288: MatplotlibDeprecationWarning: The 'labels' parameter of boxplot() has been renamed 'tick_labels' since Matplotlib 3.9; support for the old name will be dropped in 3.11.
  plt.boxplot(plot_data, labels=plot_labels)
/home/arimoto/opt/scensim_env/scenargie_simulator/2.2/scenarios_linux/srm_interference/commandline/./script/interference_2pan_plot_results.py:343: MatplotlibDeprecationWarning: The 'labels' parameter of boxplot() has been renamed 'tick_labels' since Matplotlib 3.9; support for the old name will be dropped in 3.11.
  plt.boxplot([bin_data_list[i] for i in plot_indices],
/home/arimoto/opt/scensim_env/scenargie_simulator/2.2/scenarios_linux/srm_interference/commandline/./script/interference_2pan_plot_results.py:288: MatplotlibDeprecationWarning: The 'labels' parameter of boxplot() has been renamed 'tick_labels' since Matplotlib 3.9; support for the old name will be dropped in 3.11.
  plt.boxplot(plot_data, labels=plot_labels)
/home/arimoto/opt/scensim_env/scenargie_simulator/2.2/scenarios_linux/srm_interference/commandline/./script/interference_2pan_plot_results.py:343: MatplotlibDeprecationWarning: The 'labels' parameter of boxplot() has been renamed 'tick_labels' since Matplotlib 3.9; support for the old name will be dropped in 3.11.
  plt.boxplot([bin_data_list[i] for i in plot_indices],
/home/arimoto/opt/scensim_env/scenargie_simulator/2.2/scenarios_linux/srm_interference/commandline/./script/interference_2pan_plot_results.py:288: MatplotlibDeprecationWarning: The 'labels' parameter of boxplot() has been renamed 'tick_labels' since Matplotlib 3.9; support for the old name will be dropped in 3.11.
  plt.boxplot(plot_data, labels=plot_labels)
/home/arimoto/opt/scensim_env/scenargie_simulator/2.2/scenarios_linux/srm_interference/commandline/./script/interference_2pan_plot_results.py:343: MatplotlibDeprecationWarning: The 'labels' parameter of boxplot() has been renamed 'tick_labels' since Matplotlib 3.9; support for the old name will be dropped in 3.11.
  plt.boxplot([bin_data_list[i] for i in plot_indices],
/home/arimoto/opt/scensim_env/scenargie_simulator/2.2/scenarios_linux/srm_interference/commandline/./script/interference_2pan_plot_results.py:288: MatplotlibDeprecationWarning: The 'labels' parameter of boxplot() has been renamed 'tick_labels' since Matplotlib 3.9; support for the old name will be dropped in 3.11.
  plt.boxplot(plot_data, labels=plot_labels)
/home/arimoto/opt/scensim_env/scenargie_simulator/2.2/scenarios_linux/srm_interference/commandline/./script/interference_2pan_plot_results.py:343: MatplotlibDeprecationWarning: The 'labels' parameter of boxplot() has been renamed 'tick_labels' since Matplotlib 3.9; support for the old name will be dropped in 3.11.
  plt.boxplot([bin_data_list[i] for i in plot_indices],
/home/arimoto/opt/scensim_env/scenargie_simulator/2.2/scenarios_linux/srm_interference/commandline/./script/interference_2pan_plot_results.py:288: MatplotlibDeprecationWarning: The 'labels' parameter of boxplot() has been renamed 'tick_labels' since Matplotlib 3.9; support for the old name will be dropped in 3.11.
  plt.boxplot(plot_data, labels=plot_labels)
/home/arimoto/opt/scensim_env/scenargie_simulator/2.2/scenarios_linux/srm_interference/commandline/./script/interference_2pan_plot_results.py:343: MatplotlibDeprecationWarning: The 'labels' parameter of boxplot() has been renamed 'tick_labels' since Matplotlib 3.9; support for the old name will be dropped in 3.11.
  plt.boxplot([bin_data_list[i] for i in plot_indices],
/home/arimoto/opt/scensim_env/scenargie_simulator/2.2/scenarios_linux/srm_interference/commandline/./script/interference_2pan_plot_results.py:288: MatplotlibDeprecationWarning: The 'labels' parameter of boxplot() has been renamed 'tick_labels' since Matplotlib 3.9; support for the old name will be dropped in 3.11.
  plt.boxplot(plot_data, labels=plot_labels)
/home/arimoto/opt/scensim_env/scenargie_simulator/2.2/scenarios_linux/srm_interference/commandline/./script/interference_2pan_plot_results.py:343: MatplotlibDeprecationWarning: The 'labels' parameter of boxplot() has been renamed 'tick_labels' since Matplotlib 3.9; support for the old name will be dropped in 3.11.
  plt.boxplot([bin_data_list[i] for i in plot_indices],
/home/arimoto/opt/scensim_env/scenargie_simulator/2.2/scenarios_linux/srm_interference/commandline/./script/interference_2pan_plot_results.py:288: MatplotlibDeprecationWarning: The 'labels' parameter of boxplot() has been renamed 'tick_labels' since Matplotlib 3.9; support for the old name will be dropped in 3.11.
  plt.boxplot(plot_data, labels=plot_labels)
/home/arimoto/opt/scensim_env/scenargie_simulator/2.2/scenarios_linux/srm_interference/commandline/./script/interference_2pan_plot_results.py:343: MatplotlibDeprecationWarning: The 'labels' parameter of boxplot() has been renamed 'tick_labels' since Matplotlib 3.9; support for the old name will be dropped in 3.11.
  plt.boxplot([bin_data_list[i] for i in plot_indices],
/home/arimoto/opt/scensim_env/scenargie_simulator/2.2/scenarios_linux/srm_interference/commandline/./script/interference_2pan_plot_results.py:288: MatplotlibDeprecationWarning: The 'labels' parameter of boxplot() has been renamed 'tick_labels' since Matplotlib 3.9; support for the old name will be dropped in 3.11.
  plt.boxplot(plot_data, labels=plot_labels)
/home/arimoto/opt/scensim_env/scenargie_simulator/2.2/scenarios_linux/srm_interference/commandline/./script/interference_2pan_plot_results.py:343: MatplotlibDeprecationWarning: The 'labels' parameter of boxplot() has been renamed 'tick_labels' since Matplotlib 3.9; support for the old name will be dropped in 3.11.
  plt.boxplot([bin_data_list[i] for i in plot_indices],
/home/arimoto/opt/scensim_env/scenargie_simulator/2.2/scenarios_linux/srm_interference/commandline/./script/interference_2pan_plot_results.py:288: MatplotlibDeprecationWarning: The 'labels' parameter of boxplot() has been renamed 'tick_labels' since Matplotlib 3.9; support for the old name will be dropped in 3.11.
  plt.boxplot(plot_data, labels=plot_labels)
/home/arimoto/opt/scensim_env/scenargie_simulator/2.2/scenarios_linux/srm_interference/commandline/./script/interference_2pan_plot_results.py:343: MatplotlibDeprecationWarning: The 'labels' parameter of boxplot() has been renamed 'tick_labels' since Matplotlib 3.9; support for the old name will be dropped in 3.11.
  plt.boxplot([bin_data_list[i] for i in plot_indices],
/home/arimoto/opt/scensim_env/scenargie_simulator/2.2/scenarios_linux/srm_interference/commandline/./script/interference_2pan_plot_results.py:288: MatplotlibDeprecationWarning: The 'labels' parameter of boxplot() has been renamed 'tick_labels' since Matplotlib 3.9; support for the old name will be dropped in 3.11.
  plt.boxplot(plot_data, labels=plot_labels)
/home/arimoto/opt/scensim_env/scenargie_simulator/2.2/scenarios_linux/srm_interference/commandline/./script/interference_2pan_plot_results.py:343: MatplotlibDeprecationWarning: The 'labels' parameter of boxplot() has been renamed 'tick_labels' since Matplotlib 3.9; support for the old name will be dropped in 3.11.
  plt.boxplot([bin_data_list[i] for i in plot_indices],
/home/arimoto/opt/scensim_env/scenargie_simulator/2.2/scenarios_linux/srm_interference/commandline/./script/interference_2pan_plot_results.py:288: MatplotlibDeprecationWarning: The 'labels' parameter of boxplot() has been renamed 'tick_labels' since Matplotlib 3.9; support for the old name will be dropped in 3.11.
  plt.boxplot(plot_data, labels=plot_labels)

--- 0.01devices ---
Load 10%: TP=100, FP=100, FN=0, TN=0, Precision=0.500, Recall=1.000, FPR=1.000, F1=0.667
Load 20%: TP=100, FP=100, FN=0, TN=0, Precision=0.500, Recall=1.000, FPR=1.000, F1=0.667
Load 30%: TP=100, FP=100, FN=0, TN=0, Precision=0.500, Recall=1.000, FPR=1.000, F1=0.667
Load 40%: TP=100, FP=100, FN=0, TN=0, Precision=0.500, Recall=1.000, FPR=1.000, F1=0.667
Load 50%: TP=100, FP=100, FN=0, TN=0, Precision=0.500, Recall=1.000, FPR=1.000, F1=0.667
Load 60%: TP=100, FP=100, FN=0, TN=0, Precision=0.500, Recall=1.000, FPR=1.000, F1=0.667
Load 70%: TP=100, FP=100, FN=0, TN=0, Precision=0.500, Recall=1.000, FPR=1.000, F1=0.667
Load 80%: TP=100, FP=96, FN=0, TN=4, Precision=0.510, Recall=1.000, FPR=0.960, F1=0.676
Load 90%: TP=100, FP=95, FN=0, TN=5, Precision=0.513, Recall=1.000, FPR=0.950, F1=0.678
Load 100%: TP=100, FP=90, FN=0, TN=10, Precision=0.526, Recall=1.000, FPR=0.900, F1=0.690

--- 0.02devices ---
Load 10%: TP=100, FP=100, FN=0, TN=0, Precision=0.500, Recall=1.000, FPR=1.000, F1=0.667
Load 20%: TP=100, FP=100, FN=0, TN=0, Precision=0.500, Recall=1.000, FPR=1.000, F1=0.667
Load 30%: TP=100, FP=100, FN=0, TN=0, Precision=0.500, Recall=1.000, FPR=1.000, F1=0.667
Load 40%: TP=100, FP=100, FN=0, TN=0, Precision=0.500, Recall=1.000, FPR=1.000, F1=0.667
Load 50%: TP=100, FP=99, FN=0, TN=1, Precision=0.503, Recall=1.000, FPR=0.990, F1=0.669
Load 60%: TP=100, FP=99, FN=0, TN=1, Precision=0.503, Recall=1.000, FPR=0.990, F1=0.669
Load 70%: TP=97, FP=77, FN=3, TN=23, Precision=0.557, Recall=0.970, FPR=0.770, F1=0.708
Load 80%: TP=93, FP=55, FN=7, TN=45, Precision=0.628, Recall=0.930, FPR=0.550, F1=0.750
Load 90%: TP=82, FP=50, FN=18, TN=50, Precision=0.621, Recall=0.820, FPR=0.500, F1=0.707
Load 100%: TP=69, FP=31, FN=31, TN=69, Precision=0.690, Recall=0.690, FPR=0.310, F1=0.690

--- 0.03devices ---
Load 10%: TP=100, FP=100, FN=0, TN=0, Precision=0.500, Recall=1.000, FPR=1.000, F1=0.667
Load 20%: TP=100, FP=100, FN=0, TN=0, Precision=0.500, Recall=1.000, FPR=1.000, F1=0.667
Load 30%: TP=100, FP=100, FN=0, TN=0, Precision=0.500, Recall=1.000, FPR=1.000, F1=0.667
Load 40%: TP=100, FP=83, FN=0, TN=17, Precision=0.546, Recall=1.000, FPR=0.830, F1=0.707
Load 50%: TP=100, FP=92, FN=0, TN=8, Precision=0.521, Recall=1.000, FPR=0.920, F1=0.685
Load 60%: TP=99, FP=87, FN=1, TN=13, Precision=0.532, Recall=0.990, FPR=0.870, F1=0.692
Load 70%: TP=80, FP=29, FN=20, TN=71, Precision=0.734, Recall=0.800, FPR=0.290, F1=0.766
Load 80%: TP=67, FP=25, FN=33, TN=75, Precision=0.728, Recall=0.670, FPR=0.250, F1=0.698
Load 90%: TP=36, FP=13, FN=64, TN=87, Precision=0.735, Recall=0.360, FPR=0.130, F1=0.483
Load 100%: TP=26, FP=10, FN=74, TN=90, Precision=0.722, Recall=0.260, FPR=0.100, F1=0.382

--- 0.04devices ---
Load 10%: TP=100, FP=100, FN=0, TN=0, Precision=0.500, Recall=1.000, FPR=1.000, F1=0.667
Load 20%: TP=100, FP=100, FN=0, TN=0, Precision=0.500, Recall=1.000, FPR=1.000, F1=0.667
Load 30%: TP=100, FP=100, FN=0, TN=0, Precision=0.500, Recall=1.000, FPR=1.000, F1=0.667
Load 40%: TP=100, FP=51, FN=0, TN=49, Precision=0.662, Recall=1.000, FPR=0.510, F1=0.797
Load 50%: TP=97, FP=62, FN=3, TN=38, Precision=0.610, Recall=0.970, FPR=0.620, F1=0.749
Load 60%: TP=86, FP=70, FN=14, TN=30, Precision=0.551, Recall=0.860, FPR=0.700, F1=0.672
Load 70%: TP=49, FP=9, FN=51, TN=91, Precision=0.845, Recall=0.490, FPR=0.090, F1=0.620
Load 80%: TP=37, FP=10, FN=63, TN=90, Precision=0.787, Recall=0.370, FPR=0.100, F1=0.503
Load 90%: TP=11, FP=2, FN=89, TN=98, Precision=0.846, Recall=0.110, FPR=0.020, F1=0.195
Load 100%: TP=5, FP=3, FN=95, TN=97, Precision=0.625, Recall=0.050, FPR=0.030, F1=0.093

--- 0.05devices ---
Load 10%: TP=100, FP=98, FN=0, TN=2, Precision=0.505, Recall=1.000, FPR=0.980, F1=0.671
Load 20%: TP=100, FP=99, FN=0, TN=1, Precision=0.503, Recall=1.000, FPR=0.990, F1=0.669
Load 30%: TP=100, FP=96, FN=0, TN=4, Precision=0.510, Recall=1.000, FPR=0.960, F1=0.676
Load 40%: TP=98, FP=22, FN=2, TN=78, Precision=0.817, Recall=0.980, FPR=0.220, F1=0.891
Load 50%: TP=84, FP=33, FN=16, TN=67, Precision=0.718, Recall=0.840, FPR=0.330, F1=0.774
Load 60%: TP=71, FP=42, FN=29, TN=58, Precision=0.628, Recall=0.710, FPR=0.420, F1=0.667
Load 70%: TP=22, FP=4, FN=78, TN=96, Precision=0.846, Recall=0.220, FPR=0.040, F1=0.349
Load 80%: TP=14, FP=5, FN=86, TN=95, Precision=0.737, Recall=0.140, FPR=0.050, F1=0.235
Load 90%: TP=3, FP=1, FN=97, TN=99, Precision=0.750, Recall=0.030, FPR=0.010, F1=0.058
Load 100%: TP=1, FP=0, FN=99, TN=100, Precision=1.000, Recall=0.010, FPR=0.000, F1=0.020

--- 0.06devices ---
Load 10%: TP=100, FP=91, FN=0, TN=9, Precision=0.524, Recall=1.000, FPR=0.910, F1=0.687
Load 20%: TP=100, FP=95, FN=0, TN=5, Precision=0.513, Recall=1.000, FPR=0.950, F1=0.678
Load 30%: TP=100, FP=84, FN=0, TN=16, Precision=0.543, Recall=1.000, FPR=0.840, F1=0.704
Load 40%: TP=93, FP=14, FN=7, TN=86, Precision=0.869, Recall=0.930, FPR=0.140, F1=0.899
Load 50%: TP=69, FP=18, FN=31, TN=82, Precision=0.793, Recall=0.690, FPR=0.180, F1=0.738
Load 60%: TP=54, FP=28, FN=46, TN=72, Precision=0.659, Recall=0.540, FPR=0.280, F1=0.593
Load 70%: TP=11, FP=1, FN=89, TN=99, Precision=0.917, Recall=0.110, FPR=0.010, F1=0.196
Load 80%: TP=6, FP=3, FN=94, TN=97, Precision=0.667, Recall=0.060, FPR=0.030, F1=0.110
Load 90%: TP=1, FP=0, FN=99, TN=100, Precision=1.000, Recall=0.010, FPR=0.000, F1=0.020
Load 100%: TP=0, FP=0, FN=100, TN=100, Precision=0.000, Recall=0.000, FPR=0.000, F1=0.000

--- 0.07devices ---
Load 10%: TP=100, FP=77, FN=0, TN=23, Precision=0.565, Recall=1.000, FPR=0.770, F1=0.722
Load 20%: TP=100, FP=86, FN=0, TN=14, Precision=0.538, Recall=1.000, FPR=0.860, F1=0.699
Load 30%: TP=97, FP=67, FN=3, TN=33, Precision=0.591, Recall=0.970, FPR=0.670, F1=0.735
Load 40%: TP=78, FP=8, FN=22, TN=92, Precision=0.907, Recall=0.780, FPR=0.080, F1=0.839
Load 50%: TP=45, FP=7, FN=55, TN=93, Precision=0.865, Recall=0.450, FPR=0.070, F1=0.592
Load 60%: TP=30, FP=10, FN=70, TN=90, Precision=0.750, Recall=0.300, FPR=0.100, F1=0.429
Load 70%: TP=7, FP=1, FN=93, TN=99, Precision=0.875, Recall=0.070, FPR=0.010, F1=0.130
Load 80%: TP=3, FP=2, FN=97, TN=98, Precision=0.600, Recall=0.030, FPR=0.020, F1=0.057
Load 90%: TP=0, FP=0, FN=100, TN=100, Precision=0.000, Recall=0.000, FPR=0.000, F1=0.000
Load 100%: TP=0, FP=0, FN=100, TN=100, Precision=0.000, Recall=0.000, FPR=0.000, F1=0.000

--- 0.08devices ---
Load 10%: TP=100, FP=67, FN=0, TN=33, Precision=0.599, Recall=1.000, FPR=0.670, F1=0.749
Load 20%: TP=100, FP=73, FN=0, TN=27, Precision=0.578, Recall=1.000, FPR=0.730, F1=0.733
Load 30%: TP=93, FP=42, FN=7, TN=58, Precision=0.689, Recall=0.930, FPR=0.420, F1=0.791
Load 40%: TP=63, FP=3, FN=37, TN=97, Precision=0.955, Recall=0.630, FPR=0.030, F1=0.759
Load 50%: TP=31, FP=4, FN=69, TN=96, Precision=0.886, Recall=0.310, FPR=0.040, F1=0.459
Load 60%: TP=15, FP=6, FN=85, TN=94, Precision=0.714, Recall=0.150, FPR=0.060, F1=0.248
Load 70%: TP=0, FP=0, FN=100, TN=100, Precision=0.000, Recall=0.000, FPR=0.000, F1=0.000
Load 80%: TP=2, FP=1, FN=98, TN=99, Precision=0.667, Recall=0.020, FPR=0.010, F1=0.039
Load 90%: TP=0, FP=0, FN=100, TN=100, Precision=0.000, Recall=0.000, FPR=0.000, F1=0.000
Load 100%: TP=0, FP=0, FN=100, TN=100, Precision=0.000, Recall=0.000, FPR=0.000, F1=0.000

--- 0.09devices ---
Load 10%: TP=100, FP=53, FN=0, TN=47, Precision=0.654, Recall=1.000, FPR=0.530, F1=0.791
Load 20%: TP=100, FP=58, FN=0, TN=42, Precision=0.633, Recall=1.000, FPR=0.580, F1=0.775
Load 30%: TP=85, FP=28, FN=15, TN=72, Precision=0.752, Recall=0.850, FPR=0.280, F1=0.798
Load 40%: TP=43, FP=1, FN=57, TN=99, Precision=0.977, Recall=0.430, FPR=0.010, F1=0.597
Load 50%: TP=18, FP=2, FN=82, TN=98, Precision=0.900, Recall=0.180, FPR=0.020, F1=0.300
Load 60%: TP=8, FP=1, FN=92, TN=99, Precision=0.889, Recall=0.080, FPR=0.010, F1=0.147
Load 70%: TP=0, FP=0, FN=100, TN=100, Precision=0.000, Recall=0.000, FPR=0.000, F1=0.000
Load 80%: TP=2, FP=1, FN=98, TN=99, Precision=0.667, Recall=0.020, FPR=0.010, F1=0.039
Load 90%: TP=0, FP=0, FN=100, TN=100, Precision=0.000, Recall=0.000, FPR=0.000, F1=0.000
Load 100%: TP=0, FP=0, FN=100, TN=100, Precision=0.000, Recall=0.000, FPR=0.000, F1=0.000

--- 0.1devices ---
Load 10%: TP=100, FP=33, FN=0, TN=67, Precision=0.752, Recall=1.000, FPR=0.330, F1=0.858
Load 20%: TP=97, FP=42, FN=3, TN=58, Precision=0.698, Recall=0.970, FPR=0.420, F1=0.812
Load 30%: TP=70, FP=18, FN=30, TN=82, Precision=0.795, Recall=0.700, FPR=0.180, F1=0.745
Load 40%: TP=30, FP=0, FN=70, TN=100, Precision=1.000, Recall=0.300, FPR=0.000, F1=0.462
Load 50%: TP=13, FP=1, FN=87, TN=99, Precision=0.929, Recall=0.130, FPR=0.010, F1=0.228
Load 60%: TP=5, FP=0, FN=95, TN=100, Precision=1.000, Recall=0.050, FPR=0.000, F1=0.095
Load 70%: TP=0, FP=0, FN=100, TN=100, Precision=0.000, Recall=0.000, FPR=0.000, F1=0.000
Load 80%: TP=2, FP=0, FN=98, TN=100, Precision=1.000, Recall=0.020, FPR=0.000, F1=0.039
Load 90%: TP=0, FP=0, FN=100, TN=100, Precision=0.000, Recall=0.000, FPR=0.000, F1=0.000
Load 100%: TP=0, FP=0, FN=100, TN=100, Precision=0.000, Recall=0.000, FPR=0.000, F1=0.000

--- 0.11devices ---
Load 10%: TP=100, FP=26, FN=0, TN=74, Precision=0.794, Recall=1.000, FPR=0.260, F1=0.885
Load 20%: TP=96, FP=32, FN=4, TN=68, Precision=0.750, Recall=0.960, FPR=0.320, F1=0.842
Load 30%: TP=62, FP=12, FN=38, TN=88, Precision=0.838, Recall=0.620, FPR=0.120, F1=0.713
Load 40%: TP=13, FP=0, FN=87, TN=100, Precision=1.000, Recall=0.130, FPR=0.000, F1=0.230
Load 50%: TP=5, FP=0, FN=95, TN=100, Precision=1.000, Recall=0.050, FPR=0.000, F1=0.095
Load 60%: TP=2, FP=0, FN=98, TN=100, Precision=1.000, Recall=0.020, FPR=0.000, F1=0.039
Load 70%: TP=0, FP=0, FN=100, TN=100, Precision=0.000, Recall=0.000, FPR=0.000, F1=0.000
Load 80%: TP=2, FP=0, FN=98, TN=100, Precision=1.000, Recall=0.020, FPR=0.000, F1=0.039
Load 90%: TP=0, FP=0, FN=100, TN=100, Precision=0.000, Recall=0.000, FPR=0.000, F1=0.000
Load 100%: TP=0, FP=0, FN=100, TN=100, Precision=0.000, Recall=0.000, FPR=0.000, F1=0.000

--- 0.12devices ---
Load 10%: TP=99, FP=19, FN=1, TN=81, Precision=0.839, Recall=0.990, FPR=0.190, F1=0.908
Load 20%: TP=90, FP=18, FN=10, TN=82, Precision=0.833, Recall=0.900, FPR=0.180, F1=0.865
Load 30%: TP=45, FP=9, FN=55, TN=91, Precision=0.833, Recall=0.450, FPR=0.090, F1=0.584
Load 40%: TP=8, FP=0, FN=92, TN=100, Precision=1.000, Recall=0.080, FPR=0.000, F1=0.148
Load 50%: TP=2, FP=0, FN=98, TN=100, Precision=1.000, Recall=0.020, FPR=0.000, F1=0.039
Load 60%: TP=0, FP=0, FN=100, TN=100, Precision=0.000, Recall=0.000, FPR=0.000, F1=0.000
Load 70%: TP=0, FP=0, FN=100, TN=100, Precision=0.000, Recall=0.000, FPR=0.000, F1=0.000
Load 80%: TP=0, FP=0, FN=100, TN=100, Precision=0.000, Recall=0.000, FPR=0.000, F1=0.000
Load 90%: TP=0, FP=0, FN=100, TN=100, Precision=0.000, Recall=0.000, FPR=0.000, F1=0.000
Load 100%: TP=0, FP=0, FN=100, TN=100, Precision=0.000, Recall=0.000, FPR=0.000, F1=0.000

--- 0.13devices ---
Load 10%: TP=99, FP=15, FN=1, TN=85, Precision=0.868, Recall=0.990, FPR=0.150, F1=0.925
Load 20%: TP=84, FP=11, FN=16, TN=89, Precision=0.884, Recall=0.840, FPR=0.110, F1=0.862
Load 30%: TP=32, FP=5, FN=68, TN=95, Precision=0.865, Recall=0.320, FPR=0.050, F1=0.467
Load 40%: TP=5, FP=0, FN=95, TN=100, Precision=1.000, Recall=0.050, FPR=0.000, F1=0.095
Load 50%: TP=1, FP=0, FN=99, TN=100, Precision=1.000, Recall=0.010, FPR=0.000, F1=0.020
Load 60%: TP=0, FP=0, FN=100, TN=100, Precision=0.000, Recall=0.000, FPR=0.000, F1=0.000
Load 70%: TP=0, FP=0, FN=100, TN=100, Precision=0.000, Recall=0.000, FPR=0.000, F1=0.000
Load 80%: TP=0, FP=0, FN=100, TN=100, Precision=0.000, Recall=0.000, FPR=0.000, F1=0.000
Load 90%: TP=0, FP=0, FN=100, TN=100, Precision=0.000, Recall=0.000, FPR=0.000, F1=0.000
Load 100%: TP=0, FP=0, FN=100, TN=100, Precision=0.000, Recall=0.000, FPR=0.000, F1=0.000

--- 0.14devices ---
Load 10%: TP=96, FP=13, FN=4, TN=87, Precision=0.881, Recall=0.960, FPR=0.130, F1=0.919
Load 20%: TP=70, FP=6, FN=30, TN=94, Precision=0.921, Recall=0.700, FPR=0.060, F1=0.795
Load 30%: TP=17, FP=5, FN=83, TN=95, Precision=0.773, Recall=0.170, FPR=0.050, F1=0.279
Load 40%: TP=3, FP=0, FN=97, TN=100, Precision=1.000, Recall=0.030, FPR=0.000, F1=0.058
Load 50%: TP=0, FP=0, FN=100, TN=100, Precision=0.000, Recall=0.000, FPR=0.000, F1=0.000
Load 60%: TP=0, FP=0, FN=100, TN=100, Precision=0.000, Recall=0.000, FPR=0.000, F1=0.000
Load 70%: TP=0, FP=0, FN=100, TN=100, Precision=0.000, Recall=0.000, FPR=0.000, F1=0.000
Load 80%: TP=0, FP=0, FN=100, TN=100, Precision=0.000, Recall=0.000, FPR=0.000, F1=0.000
Load 90%: TP=0, FP=0, FN=100, TN=100, Precision=0.000, Recall=0.000, FPR=0.000, F1=0.000
Load 100%: TP=0, FP=0, FN=100, TN=100, Precision=0.000, Recall=0.000, FPR=0.000, F1=0.000

--- 0.15devices ---
Load 10%: TP=95, FP=6, FN=5, TN=94, Precision=0.941, Recall=0.950, FPR=0.060, F1=0.945
Load 20%: TP=56, FP=4, FN=44, TN=96, Precision=0.933, Recall=0.560, FPR=0.040, F1=0.700
Load 30%: TP=13, FP=4, FN=87, TN=96, Precision=0.765, Recall=0.130, FPR=0.040, F1=0.222
Load 40%: TP=2, FP=0, FN=98, TN=100, Precision=1.000, Recall=0.020, FPR=0.000, F1=0.039
Load 50%: TP=0, FP=0, FN=100, TN=100, Precision=0.000, Recall=0.000, FPR=0.000, F1=0.000
Load 60%: TP=0, FP=0, FN=100, TN=100, Precision=0.000, Recall=0.000, FPR=0.000, F1=0.000
Load 70%: TP=0, FP=0, FN=100, TN=100, Precision=0.000, Recall=0.000, FPR=0.000, F1=0.000
Load 80%: TP=0, FP=0, FN=100, TN=100, Precision=0.000, Recall=0.000, FPR=0.000, F1=0.000
Load 90%: TP=0, FP=0, FN=100, TN=100, Precision=0.000, Recall=0.000, FPR=0.000, F1=0.000
Load 100%: TP=0, FP=0, FN=100, TN=100, Precision=0.000, Recall=0.000, FPR=0.000, F1=0.000

--- 0.16devices ---
Load 10%: TP=94, FP=4, FN=6, TN=96, Precision=0.959, Recall=0.940, FPR=0.040, F1=0.949
Load 20%: TP=38, FP=2, FN=62, TN=98, Precision=0.950, Recall=0.380, FPR=0.020, F1=0.543
Load 30%: TP=10, FP=2, FN=90, TN=98, Precision=0.833, Recall=0.100, FPR=0.020, F1=0.179
Load 40%: TP=1, FP=0, FN=99, TN=100, Precision=1.000, Recall=0.010, FPR=0.000, F1=0.020
Load 50%: TP=0, FP=0, FN=100, TN=100, Precision=0.000, Recall=0.000, FPR=0.000, F1=0.000
Load 60%: TP=0, FP=0, FN=100, TN=100, Precision=0.000, Recall=0.000, FPR=0.000, F1=0.000
Load 70%: TP=0, FP=0, FN=100, TN=100, Precision=0.000, Recall=0.000, FPR=0.000, F1=0.000
Load 80%: TP=0, FP=0, FN=100, TN=100, Precision=0.000, Recall=0.000, FPR=0.000, F1=0.000
Load 90%: TP=0, FP=0, FN=100, TN=100, Precision=0.000, Recall=0.000, FPR=0.000, F1=0.000
Load 100%: TP=0, FP=0, FN=100, TN=100, Precision=0.000, Recall=0.000, FPR=0.000, F1=0.000

--- 0.17devices ---
Load 10%: TP=91, FP=3, FN=9, TN=97, Precision=0.968, Recall=0.910, FPR=0.030, F1=0.938
Load 20%: TP=28, FP=0, FN=72, TN=100, Precision=1.000, Recall=0.280, FPR=0.000, F1=0.438
Load 30%: TP=6, FP=0, FN=94, TN=100, Precision=1.000, Recall=0.060, FPR=0.000, F1=0.113
Load 40%: TP=0, FP=0, FN=100, TN=100, Precision=0.000, Recall=0.000, FPR=0.000, F1=0.000
Load 50%: TP=0, FP=0, FN=100, TN=100, Precision=0.000, Recall=0.000, FPR=0.000, F1=0.000
Load 60%: TP=0, FP=0, FN=100, TN=100, Precision=0.000, Recall=0.000, FPR=0.000, F1=0.000
Load 70%: TP=0, FP=0, FN=100, TN=100, Precision=0.000, Recall=0.000, FPR=0.000, F1=0.000
Load 80%: TP=0, FP=0, FN=100, TN=100, Precision=0.000, Recall=0.000, FPR=0.000, F1=0.000
Load 90%: TP=0, FP=0, FN=100, TN=100, Precision=0.000, Recall=0.000, FPR=0.000, F1=0.000
Load 100%: TP=0, FP=0, FN=100, TN=100, Precision=0.000, Recall=0.000, FPR=0.000, F1=0.000

--- 0.18devices ---
Load 10%: TP=88, FP=2, FN=12, TN=98, Precision=0.978, Recall=0.880, FPR=0.020, F1=0.926
Load 20%: TP=22, FP=0, FN=78, TN=100, Precision=1.000, Recall=0.220, FPR=0.000, F1=0.361
Load 30%: TP=5, FP=0, FN=95, TN=100, Precision=1.000, Recall=0.050, FPR=0.000, F1=0.095
Load 40%: TP=0, FP=0, FN=100, TN=100, Precision=0.000, Recall=0.000, FPR=0.000, F1=0.000
Load 50%: TP=0, FP=0, FN=100, TN=100, Precision=0.000, Recall=0.000, FPR=0.000, F1=0.000
Load 60%: TP=0, FP=0, FN=100, TN=100, Precision=0.000, Recall=0.000, FPR=0.000, F1=0.000
Load 70%: TP=0, FP=0, FN=100, TN=100, Precision=0.000, Recall=0.000, FPR=0.000, F1=0.000
Load 80%: TP=0, FP=0, FN=100, TN=100, Precision=0.000, Recall=0.000, FPR=0.000, F1=0.000
Load 90%: TP=0, FP=0, FN=100, TN=100, Precision=0.000, Recall=0.000, FPR=0.000, F1=0.000
Load 100%: TP=0, FP=0, FN=100, TN=100, Precision=0.000, Recall=0.000, FPR=0.000, F1=0.000

--- 0.19devices ---
Load 10%: TP=85, FP=0, FN=15, TN=100, Precision=1.000, Recall=0.850, FPR=0.000, F1=0.919
Load 20%: TP=16, FP=0, FN=84, TN=100, Precision=1.000, Recall=0.160, FPR=0.000, F1=0.276
Load 30%: TP=2, FP=0, FN=98, TN=100, Precision=1.000, Recall=0.020, FPR=0.000, F1=0.039
Load 40%: TP=0, FP=0, FN=100, TN=100, Precision=0.000, Recall=0.000, FPR=0.000, F1=0.000
Load 50%: TP=0, FP=0, FN=100, TN=100, Precision=0.000, Recall=0.000, FPR=0.000, F1=0.000
Load 60%: TP=0, FP=0, FN=100, TN=100, Precision=0.000, Recall=0.000, FPR=0.000, F1=0.000
Load 70%: TP=0, FP=0, FN=100, TN=100, Precision=0.000, Recall=0.000, FPR=0.000, F1=0.000
Load 80%: TP=0, FP=0, FN=100, TN=100, Precision=0.000, Recall=0.000, FPR=0.000, F1=0.000
Load 90%: TP=0, FP=0, FN=100, TN=100, Precision=0.000, Recall=0.000, FPR=0.000, F1=0.000
Load 100%: TP=0, FP=0, FN=100, TN=100, Precision=0.000, Recall=0.000, FPR=0.000, F1=0.000

--- 0.2devices ---
Load 10%: TP=83, FP=0, FN=17, TN=100, Precision=1.000, Recall=0.830, FPR=0.000, F1=0.907
Load 20%: TP=10, FP=0, FN=90, TN=100, Precision=1.000, Recall=0.100, FPR=0.000, F1=0.182
Load 30%: TP=2, FP=0, FN=98, TN=100, Precision=1.000, Recall=0.020, FPR=0.000, F1=0.039
Load 40%: TP=0, FP=0, FN=100, TN=100, Precision=0.000, Recall=0.000, FPR=0.000, F1=0.000
Load 50%: TP=0, FP=0, FN=100, TN=100, Precision=0.000, Recall=0.000, FPR=0.000, F1=0.000
Load 60%: TP=0, FP=0, FN=100, TN=100, Precision=0.000, Recall=0.000, FPR=0.000, F1=0.000
Load 70%: TP=0, FP=0, FN=100, TN=100, Precision=0.000, Recall=0.000, FPR=0.000, F1=0.000
Load 80%: TP=0, FP=0, FN=100, TN=100, Precision=0.000, Recall=0.000, FPR=0.000, F1=0.000
Load 90%: TP=0, FP=0, FN=100, TN=100, Precision=0.000, Recall=0.000, FPR=0.000, F1=0.000
Load 100%: TP=0, FP=0, FN=100, TN=100, Precision=0.000, Recall=0.000, FPR=0.000, F1=0.000

--- 0.21devices ---
Load 10%: TP=78, FP=0, FN=22, TN=100, Precision=1.000, Recall=0.780, FPR=0.000, F1=0.876
Load 20%: TP=6, FP=0, FN=94, TN=100, Precision=1.000, Recall=0.060, FPR=0.000, F1=0.113
Load 30%: TP=0, FP=0, FN=100, TN=100, Precision=0.000, Recall=0.000, FPR=0.000, F1=0.000
Load 40%: TP=0, FP=0, FN=100, TN=100, Precision=0.000, Recall=0.000, FPR=0.000, F1=0.000
Load 50%: TP=0, FP=0, FN=100, TN=100, Precision=0.000, Recall=0.000, FPR=0.000, F1=0.000
Load 60%: TP=0, FP=0, FN=100, TN=100, Precision=0.000, Recall=0.000, FPR=0.000, F1=0.000
Load 70%: TP=0, FP=0, FN=100, TN=100, Precision=0.000, Recall=0.000, FPR=0.000, F1=0.000
Load 80%: TP=0, FP=0, FN=100, TN=100, Precision=0.000, Recall=0.000, FPR=0.000, F1=0.000
Load 90%: TP=0, FP=0, FN=100, TN=100, Precision=0.000, Recall=0.000, FPR=0.000, F1=0.000
Load 100%: TP=0, FP=0, FN=100, TN=100, Precision=0.000, Recall=0.000, FPR=0.000, F1=0.000

--- 0.22devices ---
Load 10%: TP=75, FP=0, FN=25, TN=100, Precision=1.000, Recall=0.750, FPR=0.000, F1=0.857
Load 20%: TP=4, FP=0, FN=96, TN=100, Precision=1.000, Recall=0.040, FPR=0.000, F1=0.077
Load 30%: TP=0, FP=0, FN=100, TN=100, Precision=0.000, Recall=0.000, FPR=0.000, F1=0.000
Load 40%: TP=0, FP=0, FN=100, TN=100, Precision=0.000, Recall=0.000, FPR=0.000, F1=0.000
Load 50%: TP=0, FP=0, FN=100, TN=100, Precision=0.000, Recall=0.000, FPR=0.000, F1=0.000
Load 60%: TP=0, FP=0, FN=100, TN=100, Precision=0.000, Recall=0.000, FPR=0.000, F1=0.000
Load 70%: TP=0, FP=0, FN=100, TN=100, Precision=0.000, Recall=0.000, FPR=0.000, F1=0.000
Load 80%: TP=0, FP=0, FN=100, TN=100, Precision=0.000, Recall=0.000, FPR=0.000, F1=0.000
Load 90%: TP=0, FP=0, FN=100, TN=100, Precision=0.000, Recall=0.000, FPR=0.000, F1=0.000
Load 100%: TP=0, FP=0, FN=100, TN=100, Precision=0.000, Recall=0.000, FPR=0.000, F1=0.000
