scope,alpha,bandwidth,distance,pan,own_kbps,own_offload,other_offload,sigma2_het,tau,n_h0_test,n_h1,fp,tp,fpr,fpr_lo,fpr_hi,tpr,tpr_lo,tpr_hi,n_undecidable_h0,n_undecidable_h1
global,0.01,100vs100,1300,PAN1,100,100,100,0.01276187,3.24356,50,100,0,32,0.0,0.0,0.0714,0.32,0.2367,0.4166,0,0
global,0.05,100vs100,1300,PAN1,100,100,100,0.01276187,2.14737,50,100,1,65,0.02,0.0035,0.105,0.65,0.5525,0.7364,0,0
global,0.1,100vs100,1300,PAN1,100,100,100,0.01276187,1.74608,50,100,4,76,0.08,0.0315,0.1884,0.76,0.6677,0.8331,0,0
global,0.01,100vs100,1300,PAN2,100,100,100,0.01276187,3.24356,50,98,0,41,0.0,0.0,0.0714,0.4184,0.3256,0.5173,0,0
global,0.05,100vs100,1300,PAN2,100,100,100,0.01276187,2.14737,50,98,0,72,0.0,0.0,0.0714,0.7347,0.6396,0.812,0,0
global,0.1,100vs100,1300,PAN2,100,100,100,0.01276187,1.74608,50,98,5,80,0.1,0.0435,0.2136,0.8163,0.7282,0.8805,0,0
global,0.01,100vs100,1300,PAN1,100,100,120,0.01276187,3.24356,50,100,0,39,0.0,0.0,0.0714,0.39,0.3002,0.488,0,0
global,0.05,100vs100,1300,PAN1,100,100,120,0.01276187,2.14737,50,100,1,66,0.02,0.0035,0.105,0.66,0.5628,0.7454,0,0
global,0.1,100vs100,1300,PAN1,100,100,120,0.01276187,1.74608,50,100,4,77,0.08,0.0315,0.1884,0.77,0.6785,0.8416,0,0
global,0.01,100vs100,1300,PAN2,100,120,100,0.01276187,3.24356,50,100,0,45,0.0,0.0,0.0714,0.45,0.3561,0.5476,0,0
global,0.05,100vs100,1300,PAN2,100,120,100,0.01276187,2.14737,50,100,1,63,0.02,0.0035,0.105,0.63,0.5322,0.7182,0,0
global,0.1,100vs100,1300,PAN2,100,120,100,0.01276187,1.74608,50,100,2,73,0.04,0.011,0.1346,0.73,0.6357,0.8073,0,0
global,0.01,100vs100,1300,PAN1,100,100,140,0.01276187,3.24356,50,100,0,36,0.0,0.0,0.0714,0.36,0.2727,0.4576,0,0
global,0.05,100vs100,1300,PAN1,100,100,140,0.01276187,2.14737,50,100,1,64,0.02,0.0035,0.105,0.64,0.5424,0.7273,0,0
global,0.1,100vs100,1300,PAN1,100,100,140,0.01276187,1.74608,50,100,4,72,0.08,0.0315,0.1884,0.72,0.6251,0.7986,0,0
global,0.01,100vs100,1300,PAN2,100,140,100,0.01276187,3.24356,50,100,0,32,0.0,0.0,0.0714,0.32,0.2367,0.4166,0,0
global,0.05,100vs100,1300,PAN2,100,140,100,0.01276187,2.14737,50,100,2,63,0.04,0.011,0.1346,0.63,0.5322,0.7182,0,0
global,0.1,100vs100,1300,PAN2,100,140,100,0.01276187,1.74608,50,100,7,78,0.14,0.0695,0.2619,0.78,0.6893,0.85,0,0
global,0.01,100vs100,1300,PAN1,100,100,160,0.01276187,3.24356,50,100,0,35,0.0,0.0,0.0714,0.35,0.2636,0.4475,0,0
global,0.05,100vs100,1300,PAN1,100,100,160,0.01276187,2.14737,50,100,1,68,0.02,0.0035,0.105,0.68,0.5834,0.7633,0,0
global,0.1,100vs100,1300,PAN1,100,100,160,0.01276187,1.74608,50,100,4,77,0.08,0.0315,0.1884,0.77,0.6785,0.8416,0,0
global,0.01,100vs100,1300,PAN2,100,160,100,0.01276187,3.24356,50,99,0,26,0.0,0.0,0.0714,0.2626,0.186,0.357,0,0
global,0.05,100vs100,1300,PAN2,100,160,100,0.01276187,2.14737,50,99,3,56,0.06,0.0206,0.1622,0.5657,0.4674,0.659,0,0
global,0.1,100vs100,1300,PAN2,100,160,100,0.01276187,1.74608,50,99,8,72,0.16,0.0834,0.2851,0.7273,0.6323,0.8053,0,0
global,0.01,100vs100,1300,PAN1,100,100,180,0.01276187,3.24356,50,100,0,42,0.0,0.0,0.0714,0.42,0.328,0.5179,0,0
global,0.05,100vs100,1300,PAN1,100,100,180,0.01276187,2.14737,50,100,1,65,0.02,0.0035,0.105,0.65,0.5525,0.7364,0,0
global,0.1,100vs100,1300,PAN1,100,100,180,0.01276187,1.74608,50,100,4,78,0.08,0.0315,0.1884,0.78,0.6893,0.85,0,0
global,0.01,100vs100,1300,PAN2,100,180,100,0.01276187,3.24356,50,100,1,23,0.02,0.0035,0.105,0.23,0.1584,0.3215,0,0
global,0.05,100vs100,1300,PAN2,100,180,100,0.01276187,2.14737,50,100,2,55,0.04,0.011,0.1346,0.55,0.4524,0.6439,0,0
global,0.1,100vs100,1300,PAN2,100,180,100,0.01276187,1.74608,50,100,4,74,0.08,0.0315,0.1884,0.74,0.6463,0.816,0,0
global,0.01,100vs100,1300,PAN1,100,100,20,0.01276187,3.24356,50,100,0,0,0.0,0.0,0.0714,0.0,0.0,0.037,0,0
global,0.05,100vs100,1300,PAN1,100,100,20,0.01276187,2.14737,50,100,1,5,0.02,0.0035,0.105,0.05,0.0215,0.1118,0,0
global,0.1,100vs100,1300,PAN1,100,100,20,0.01276187,1.74608,50,100,4,9,0.08,0.0315,0.1884,0.09,0.0481,0.1623,0,0
global,0.01,100vs100,1300,PAN2,100,20,100,0.01276187,3.24356,50,100,0,49,0.0,0.0,0.0714,0.49,0.3942,0.5865,0,0
global,0.05,100vs100,1300,PAN2,100,20,100,0.01276187,2.14737,50,100,0,84,0.0,0.0,0.0714,0.84,0.7558,0.899,0,0
global,0.1,100vs100,1300,PAN2,100,20,100,0.01276187,1.74608,50,100,0,91,0.0,0.0,0.0714,0.91,0.8377,0.9519,0,0
global,0.01,100vs100,1300,PAN1,100,100,200,0.01276187,3.24356,50,99,0,38,0.0,0.0,0.0714,0.3838,0.2941,0.4823,0,0
global,0.05,100vs100,1300,PAN1,100,100,200,0.01276187,2.14737,50,99,1,66,0.02,0.0035,0.105,0.6667,0.5691,0.7518,0,0
global,0.1,100vs100,1300,PAN1,100,100,200,0.01276187,1.74608,50,99,4,78,0.08,0.0315,0.1884,0.7879,0.6974,0.8569,0,0
global,0.01,100vs100,1300,PAN2,100,200,100,0.01276187,3.24356,50,100,0,17,0.0,0.0,0.0714,0.17,0.1089,0.2555,0,0
global,0.05,100vs100,1300,PAN2,100,200,100,0.01276187,2.14737,50,100,3,44,0.06,0.0206,0.1622,0.44,0.3467,0.5377,0,0
global,0.1,100vs100,1300,PAN2,100,200,100,0.01276187,1.74608,50,100,7,60,0.14,0.0695,0.2619,0.6,0.502,0.6906,0,0
global,0.01,100vs100,1300,PAN1,100,100,40,0.01276187,3.24356,50,100,0,2,0.0,0.0,0.0714,0.02,0.0055,0.07,0,0
global,0.05,100vs100,1300,PAN1,100,100,40,0.01276187,2.14737,50,100,1,13,0.02,0.0035,0.105,0.13,0.0776,0.2098,0,0
global,0.1,100vs100,1300,PAN1,100,100,40,0.01276187,1.74608,50,100,4,21,0.08,0.0315,0.1884,0.21,0.1417,0.2998,0,0
global,0.01,100vs100,1300,PAN2,100,40,100,0.01276187,3.24356,50,100,0,54,0.0,0.0,0.0714,0.54,0.4426,0.6344,0,0
global,0.05,100vs100,1300,PAN2,100,40,100,0.01276187,2.14737,50,100,0,84,0.0,0.0,0.0714,0.84,0.7558,0.899,0,0
global,0.1,100vs100,1300,PAN2,100,40,100,0.01276187,1.74608,50,100,0,95,0.0,0.0,0.0714,0.95,0.8882,0.9785,0,0
global,0.01,100vs100,1300,PAN1,100,100,60,0.01276187,3.24356,50,100,0,13,0.0,0.0,0.0714,0.13,0.0776,0.2098,0,0
global,0.05,100vs100,1300,PAN1,100,100,60,0.01276187,2.14737,50,100,1,29,0.02,0.0035,0.105,0.29,0.2101,0.3854,0,0
global,0.1,100vs100,1300,PAN1,100,100,60,0.01276187,1.74608,50,100,4,46,0.08,0.0315,0.1884,0.46,0.3656,0.5574,0,0
global,0.01,100vs100,1300,PAN2,100,60,100,0.01276187,3.24356,50,100,0,46,0.0,0.0,0.0714,0.46,0.3656,0.5574,0,0
global,0.05,100vs100,1300,PAN2,100,60,100,0.01276187,2.14737,50,100,2,73,0.04,0.011,0.1346,0.73,0.6357,0.8073,0,0
global,0.1,100vs100,1300,PAN2,100,60,100,0.01276187,1.74608,50,100,5,83,0.1,0.0435,0.2136,0.83,0.7445,0.8911,0,0
global,0.01,100vs100,1300,PAN1,100,100,80,0.01276187,3.24356,50,100,0,49,0.0,0.0,0.0714,0.49,0.3942,0.5865,0,0
global,0.05,100vs100,1300,PAN1,100,100,80,0.01276187,2.14737,50,100,1,74,0.02,0.0035,0.105,0.74,0.6463,0.816,0,0
global,0.1,100vs100,1300,PAN1,100,100,80,0.01276187,1.74608,50,100,4,82,0.08,0.0315,0.1884,0.82,0.7333,0.883,0,0
global,0.01,100vs100,1300,PAN2,100,80,100,0.01276187,3.24356,50,100,0,50,0.0,0.0,0.0714,0.5,0.4038,0.5962,0,0
global,0.05,100vs100,1300,PAN2,100,80,100,0.01276187,2.14737,50,100,2,83,0.04,0.011,0.1346,0.83,0.7445,0.8911,0,0
global,0.1,100vs100,1300,PAN2,100,80,100,0.01276187,1.74608,50,100,3,90,0.06,0.0206,0.1622,0.9,0.8256,0.9448,0,0
global,0.01,100vs100,1300,PAN1,100,120,100,0.01276187,3.24356,50,100,0,34,0.0,0.0,0.0714,0.34,0.2546,0.4372,0,0
global,0.05,100vs100,1300,PAN1,100,120,100,0.01276187,2.14737,50,100,2,61,0.04,0.011,0.1346,0.61,0.512,0.6998,0,0
global,0.1,100vs100,1300,PAN1,100,120,100,0.01276187,1.74608,50,100,3,77,0.06,0.0206,0.1622,0.77,0.6785,0.8416,0,0
global,0.01,100vs100,1300,PAN2,100,100,120,0.01276187,3.24356,50,100,0,41,0.0,0.0,0.0714,0.41,0.3187,0.508,0,0
global,0.05,100vs100,1300,PAN2,100,100,120,0.01276187,2.14737,50,100,0,71,0.0,0.0,0.0714,0.71,0.6146,0.7899,0,0
global,0.1,100vs100,1300,PAN2,100,100,120,0.01276187,1.74608,50,100,5,82,0.1,0.0435,0.2136,0.82,0.7333,0.883,0,0
global,0.01,100vs100,1300,PAN1,100,120,120,0.01276187,3.24356,50,100,0,37,0.0,0.0,0.0714,0.37,0.2818,0.4678,0,0
global,0.05,100vs100,1300,PAN1,100,120,120,0.01276187,2.14737,50,100,2,55,0.04,0.011,0.1346,0.55,0.4524,0.6439,0,0
global,0.1,100vs100,1300,PAN1,100,120,120,0.01276187,1.74608,50,100,3,65,0.06,0.0206,0.1622,0.65,0.5525,0.7364,0,0
global,0.01,100vs100,1300,PAN2,100,120,120,0.01276187,3.24356,50,100,0,39,0.0,0.0,0.0714,0.39,0.3002,0.488,0,0
global,0.05,100vs100,1300,PAN2,100,120,120,0.01276187,2.14737,50,100,1,69,0.02,0.0035,0.105,0.69,0.5937,0.7722,0,0
global,0.1,100vs100,1300,PAN2,100,120,120,0.01276187,1.74608,50,100,2,84,0.04,0.011,0.1346,0.84,0.7558,0.899,0,0
global,0.01,100vs100,1300,PAN1,100,120,140,0.01276187,3.24356,50,100,0,37,0.0,0.0,0.0714,0.37,0.2818,0.4678,0,0
global,0.05,100vs100,1300,PAN1,100,120,140,0.01276187,2.14737,50,100,2,64,0.04,0.011,0.1346,0.64,0.5424,0.7273,0,0
global,0.1,100vs100,1300,PAN1,100,120,140,0.01276187,1.74608,50,100,3,74,0.06,0.0206,0.1622,0.74,0.6463,0.816,0,0
global,0.01,100vs100,1300,PAN2,100,140,120,0.01276187,3.24356,50,99,0,39,0.0,0.0,0.0714,0.3939,0.3034,0.4924,0,0
global,0.05,100vs100,1300,PAN2,100,140,120,0.01276187,2.14737,50,99,2,64,0.04,0.011,0.1346,0.6465,0.5484,0.7336,0,0
global,0.1,100vs100,1300,PAN2,100,140,120,0.01276187,1.74608,50,99,7,78,0.14,0.0695,0.2619,0.7879,0.6974,0.8569,0,0
global,0.01,100vs100,1300,PAN1,100,120,160,0.01276187,3.24356,50,100,0,26,0.0,0.0,0.0714,0.26,0.184,0.3537,0,0
global,0.05,100vs100,1300,PAN1,100,120,160,0.01276187,2.14737,50,100,2,57,0.04,0.011,0.1346,0.57,0.4722,0.6627,0,0
global,0.1,100vs100,1300,PAN1,100,120,160,0.01276187,1.74608,50,100,3,74,0.06,0.0206,0.1622,0.74,0.6463,0.816,0,0
global,0.01,100vs100,1300,PAN2,100,160,120,0.01276187,3.24356,50,100,0,26,0.0,0.0,0.0714,0.26,0.184,0.3537,0,0
global,0.05,100vs100,1300,PAN2,100,160,120,0.01276187,2.14737,50,100,3,61,0.06,0.0206,0.1622,0.61,0.512,0.6998,0,0
global,0.1,100vs100,1300,PAN2,100,160,120,0.01276187,1.74608,50,100,8,73,0.16,0.0834,0.2851,0.73,0.6357,0.8073,0,0
global,0.01,100vs100,1300,PAN1,100,120,180,0.01276187,3.24356,50,100,0,31,0.0,0.0,0.0714,0.31,0.2278,0.4063,0,0
global,0.05,100vs100,1300,PAN1,100,120,180,0.01276187,2.14737,50,100,2,61,0.04,0.011,0.1346,0.61,0.512,0.6998,0,0
global,0.1,100vs100,1300,PAN1,100,120,180,0.01276187,1.74608,50,100,3,71,0.06,0.0206,0.1622,0.71,0.6146,0.7899,0,0
global,0.01,100vs100,1300,PAN2,100,180,120,0.01276187,3.24356,50,100,1,30,0.02,0.0035,0.105,0.3,0.2189,0.3959,0,0
global,0.05,100vs100,1300,PAN2,100,180,120,0.01276187,2.14737,50,100,2,62,0.04,0.011,0.1346,0.62,0.5221,0.709,0,0
global,0.1,100vs100,1300,PAN2,100,180,120,0.01276187,1.74608,50,100,4,75,0.08,0.0315,0.1884,0.75,0.657,0.8245,0,0
global,0.01,100vs100,1300,PAN1,100,120,20,0.01276187,3.24356,50,100,0,0,0.0,0.0,0.0714,0.0,0.0,0.037,0,0
global,0.05,100vs100,1300,PAN1,100,120,20,0.01276187,2.14737,50,100,2,1,0.04,0.011,0.1346,0.01,0.0018,0.0545,0,0
global,0.1,100vs100,1300,PAN1,100,120,20,0.01276187,1.74608,50,100,3,5,0.06,0.0206,0.1622,0.05,0.0215,0.1118,0,0
global,0.01,100vs100,1300,PAN2,100,20,120,0.01276187,3.24356,50,100,0,48,0.0,0.0,0.0714,0.48,0.3846,0.5768,0,0
global,0.05,100vs100,1300,PAN2,100,20,120,0.01276187,2.14737,50,100,0,79,0.0,0.0,0.0714,0.79,0.7002,0.8583,0,0
global,0.1,100vs100,1300,PAN2,100,20,120,0.01276187,1.74608,50,100,0,89,0.0,0.0,0.0714,0.89,0.8137,0.9375,0,0
global,0.01,100vs100,1300,PAN1,100,120,200,0.01276187,3.24356,50,100,0,32,0.0,0.0,0.0714,0.32,0.2367,0.4166,0,0
global,0.05,100vs100,1300,PAN1,100,120,200,0.01276187,2.14737,50,100,2,59,0.04,0.011,0.1346,0.59,0.492,0.6813,0,0
global,0.1,100vs100,1300,PAN1,100,120,200,0.01276187,1.74608,50,100,3,69,0.06,0.0206,0.1622,0.69,0.5937,0.7722,0,0
global,0.01,100vs100,1300,PAN2,100,200,120,0.01276187,3.24356,50,100,0,22,0.0,0.0,0.0714,0.22,0.15,0.3107,0,0
global,0.05,100vs100,1300,PAN2,100,200,120,0.01276187,2.14737,50,100,3,51,0.06,0.0206,0.1622,0.51,0.4135,0.6058,0,0
global,0.1,100vs100,1300,PAN2,100,200,120,0.01276187,1.74608,50,100,7,64,0.14,0.0695,0.2619,0.64,0.5424,0.7273,0,0
global,0.01,100vs100,1300,PAN1,100,120,40,0.01276187,3.24356,50,100,0,0,0.0,0.0,0.0714,0.0,0.0,0.037,0,0
global,0.05,100vs100,1300,PAN1,100,120,40,0.01276187,2.14737,50,100,2,8,0.04,0.011,0.1346,0.08,0.0411,0.15,0,0
global,0.1,100vs100,1300,PAN1,100,120,40,0.01276187,1.74608,50,100,3,17,0.06,0.0206,0.1622,0.17,0.1089,0.2555,0,0
global,0.01,100vs100,1300,PAN2,100,40,120,0.01276187,3.24356,50,100,0,51,0.0,0.0,0.0714,0.51,0.4135,0.6058,0,0
global,0.05,100vs100,1300,PAN2,100,40,120,0.01276187,2.14737,50,100,0,82,0.0,0.0,0.0714,0.82,0.7333,0.883,0,0
global,0.1,100vs100,1300,PAN2,100,40,120,0.01276187,1.74608,50,100,0,96,0.0,0.0,0.0714,0.96,0.9016,0.9843,0,0
global,0.01,100vs100,1300,PAN1,100,120,60,0.01276187,3.24356,50,100,0,11,0.0,0.0,0.0714,0.11,0.0625,0.1863,0,0
global,0.05,100vs100,1300,PAN1,100,120,60,0.01276187,2.14737,50,100,2,35,0.04,0.011,0.1346,0.35,0.2636,0.4475,0,0
global,0.1,100vs100,1300,PAN1,100,120,60,0.01276187,1.74608,50,100,3,50,0.06,0.0206,0.1622,0.5,0.4038,0.5962,0,0
global,0.01,100vs100,1300,PAN2,100,60,120,0.01276187,3.24356,50,100,0,43,0.0,0.0,0.0714,0.43,0.3373,0.5278,0,0
global,0.05,100vs100,1300,PAN2,100,60,120,0.01276187,2.14737,50,100,2,79,0.04,0.011,0.1346,0.79,0.7002,0.8583,0,0
global,0.1,100vs100,1300,PAN2,100,60,120,0.01276187,1.74608,50,100,5,86,0.1,0.0435,0.2136,0.86,0.7786,0.9147,0,0
global,0.01,100vs100,1300,PAN1,100,120,80,0.01276187,3.24356,50,100,0,40,0.0,0.0,0.0714,0.4,0.3094,0.498,0,0
global,0.05,100vs100,1300,PAN1,100,120,80,0.01276187,2.14737,50,100,2,64,0.04,0.011,0.1346,0.64,0.5424,0.7273,0,0
global,0.1,100vs100,1300,PAN1,100,120,80,0.01276187,1.74608,50,100,3,74,0.06,0.0206,0.1622,0.74,0.6463,0.816,0,0
global,0.01,100vs100,1300,PAN2,100,80,120,0.01276187,3.24356,50,100,0,45,0.0,0.0,0.0714,0.45,0.3561,0.5476,0,0
global,0.05,100vs100,1300,PAN2,100,80,120,0.01276187,2.14737,50,100,2,79,0.04,0.011,0.1346,0.79,0.7002,0.8583,0,0
global,0.1,100vs100,1300,PAN2,100,80,120,0.01276187,1.74608,50,100,3,83,0.06,0.0206,0.1622,0.83,0.7445,0.8911,0,0
global,0.01,100vs100,1300,PAN1,100,140,100,0.01276187,3.24356,50,100,0,31,0.0,0.0,0.0714,0.31,0.2278,0.4063,0,0
global,0.05,100vs100,1300,PAN1,100,140,100,0.01276187,2.14737,50,100,2,56,0.04,0.011,0.1346,0.56,0.4623,0.6533,0,0
global,0.1,100vs100,1300,PAN1,100,140,100,0.01276187,1.74608,50,100,4,75,0.08,0.0315,0.1884,0.75,0.657,0.8245,0,0
global,0.01,100vs100,1300,PAN2,100,100,140,0.01276187,3.24356,50,100,0,44,0.0,0.0,0.0714,0.44,0.3467,0.5377,0,0
global,0.05,100vs100,1300,PAN2,100,100,140,0.01276187,2.14737,50,100,0,68,0.0,0.0,0.0714,0.68,0.5834,0.7633,0,0
global,0.1,100vs100,1300,PAN2,100,100,140,0.01276187,1.74608,50,100,5,81,0.1,0.0435,0.2136,0.81,0.7222,0.8749,0,0
global,0.01,100vs100,1300,PAN1,100,140,120,0.01276187,3.24356,50,100,0,27,0.0,0.0,0.0714,0.27,0.1927,0.3643,0,0
global,0.05,100vs100,1300,PAN1,100,140,120,0.01276187,2.14737,50,100,2,59,0.04,0.011,0.1346,0.59,0.492,0.6813,0,0
global,0.1,100vs100,1300,PAN1,100,140,120,0.01276187,1.74608,50,100,4,71,0.08,0.0315,0.1884,0.71,0.6146,0.7899,0,0
global,0.01,100vs100,1300,PAN2,100,120,140,0.01276187,3.24356,50,100,0,40,0.0,0.0,0.0714,0.4,0.3094,0.498,0,0
global,0.05,100vs100,1300,PAN2,100,120,140,0.01276187,2.14737,50,100,1,67,0.02,0.0035,0.105,0.67,0.5731,0.7544,0,0
global,0.1,100vs100,1300,PAN2,100,120,140,0.01276187,1.74608,50,100,2,77,0.04,0.011,0.1346,0.77,0.6785,0.8416,0,0
global,0.01,100vs100,1300,PAN1,100,140,140,0.01276187,3.24356,50,100,0,32,0.0,0.0,0.0714,0.32,0.2367,0.4166,0,0
global,0.05,100vs100,1300,PAN1,100,140,140,0.01276187,2.14737,50,100,2,56,0.04,0.011,0.1346,0.56,0.4623,0.6533,0,0
global,0.1,100vs100,1300,PAN1,100,140,140,0.01276187,1.74608,50,100,4,74,0.08,0.0315,0.1884,0.74,0.6463,0.816,0,0
global,0.01,100vs100,1300,PAN2,100,140,140,0.01276187,3.24356,50,100,0,33,0.0,0.0,0.0714,0.33,0.2456,0.4269,0,0
global,0.05,100vs100,1300,PAN2,100,140,140,0.01276187,2.14737,50,100,2,65,0.04,0.011,0.1346,0.65,0.5525,0.7364,0,0
global,0.1,100vs100,1300,PAN2,100,140,140,0.01276187,1.74608,50,100,7,79,0.14,0.0695,0.2619,0.79,0.7002,0.8583,0,0
global,0.01,100vs100,1300,PAN1,100,140,160,0.01276187,3.24356,50,100,0,32,0.0,0.0,0.0714,0.32,0.2367,0.4166,0,0
global,0.05,100vs100,1300,PAN1,100,140,160,0.01276187,2.14737,50,100,2,56,0.04,0.011,0.1346,0.56,0.4623,0.6533,0,0
global,0.1,100vs100,1300,PAN1,100,140,160,0.01276187,1.74608,50,100,4,80,0.08,0.0315,0.1884,0.8,0.7112,0.8666,0,0
global,0.01,100vs100,1300,PAN2,100,160,140,0.01276187,3.24356,50,100,0,23,0.0,0.0,0.0714,0.23,0.1584,0.3215,0,0
global,0.05,100vs100,1300,PAN2,100,160,140,0.01276187,2.14737,50,100,3,54,0.06,0.0206,0.1622,0.54,0.4426,0.6344,0,0
global,0.1,100vs100,1300,PAN2,100,160,140,0.01276187,1.74608,50,100,8,68,0.16,0.0834,0.2851,0.68,0.5834,0.7633,0,0
global,0.01,100vs100,1300,PAN1,100,140,180,0.01276187,3.24356,50,100,0,34,0.0,0.0,0.0714,0.34,0.2546,0.4372,0,0
global,0.05,100vs100,1300,PAN1,100,140,180,0.01276187,2.14737,50,100,2,61,0.04,0.011,0.1346,0.61,0.512,0.6998,0,0
global,0.1,100vs100,1300,PAN1,100,140,180,0.01276187,1.74608,50,100,4,74,0.08,0.0315,0.1884,0.74,0.6463,0.816,0,0
global,0.01,100vs100,1300,PAN2,100,180,140,0.01276187,3.24356,50,100,1,24,0.02,0.0035,0.105,0.24,0.1669,0.3323,0,0
global,0.05,100vs100,1300,PAN2,100,180,140,0.01276187,2.14737,50,100,2,59,0.04,0.011,0.1346,0.59,0.492,0.6813,0,0
global,0.1,100vs100,1300,PAN2,100,180,140,0.01276187,1.74608,50,100,4,72,0.08,0.0315,0.1884,0.72,0.6251,0.7986,0,0
global,0.01,100vs100,1300,PAN1,100,140,20,0.01276187,3.24356,50,100,0,2,0.0,0.0,0.0714,0.02,0.0055,0.07,0,0
global,0.05,100vs100,1300,PAN1,100,140,20,0.01276187,2.14737,50,100,2,6,0.04,0.011,0.1346,0.06,0.0278,0.1248,0,0
global,0.1,100vs100,1300,PAN1,100,140,20,0.01276187,1.74608,50,100,4,9,0.08,0.0315,0.1884,0.09,0.0481,0.1623,0,0
global,0.01,100vs100,1300,PAN2,100,20,140,0.01276187,3.24356,50,100,0,38,0.0,0.0,0.0714,0.38,0.291,0.4779,0,0
global,0.05,100vs100,1300,PAN2,100,20,140,0.01276187,2.14737,50,100,0,73,0.0,0.0,0.0714,0.73,0.6357,0.8073,0,0
global,0.1,100vs100,1300,PAN2,100,20,140,0.01276187,1.74608,50,100,0,88,0.0,0.0,0.0714,0.88,0.8019,0.93,0,0
global,0.01,100vs100,1300,PAN1,100,140,200,0.01276187,3.24356,50,100,0,29,0.0,0.0,0.0714,0.29,0.2101,0.3854,0,0
global,0.05,100vs100,1300,PAN1,100,140,200,0.01276187,2.14737,50,100,2,55,0.04,0.011,0.1346,0.55,0.4524,0.6439,0,0
global,0.1,100vs100,1300,PAN1,100,140,200,0.01276187,1.74608,50,100,4,68,0.08,0.0315,0.1884,0.68,0.5834,0.7633,0,0
global,0.01,100vs100,1300,PAN2,100,200,140,0.01276187,3.24356,50,99,0,22,0.0,0.0,0.0714,0.2222,0.1516,0.3136,0,0
global,0.05,100vs100,1300,PAN2,100,200,140,0.01276187,2.14737,50,99,3,48,0.06,0.0206,0.1622,0.4848,0.3888,0.582,0,0
global,0.1,100vs100,1300,PAN2,100,200,140,0.01276187,1.74608,50,99,7,65,0.14,0.0695,0.2619,0.6566,0.5588,0.7427,0,0
global,0.01,100vs100,1300,PAN1,100,140,40,0.01276187,3.24356,50,99,0,0,0.0,0.0,0.0714,0.0,0.0,0.0374,0,0
global,0.05,100vs100,1300,PAN1,100,140,40,0.01276187,2.14737,50,99,2,5,0.04,0.011,0.1346,0.0505,0.0218,0.1128,0,0
global,0.1,100vs100,1300,PAN1,100,140,40,0.01276187,1.74608,50,99,4,16,0.08,0.0315,0.1884,0.1616,0.102,0.2465,0,0
global,0.01,100vs100,1300,PAN2,100,40,140,0.01276187,3.24356,50,100,0,51,0.0,0.0,0.0714,0.51,0.4135,0.6058,0,0
global,0.05,100vs100,1300,PAN2,100,40,140,0.01276187,2.14737,50,100,0,81,0.0,0.0,0.0714,0.81,0.7222,0.8749,0,0
global,0.1,100vs100,1300,PAN2,100,40,140,0.01276187,1.74608,50,100,0,88,0.0,0.0,0.0714,0.88,0.8019,0.93,0,0
global,0.01,100vs100,1300,PAN1,100,140,60,0.01276187,3.24356,50,99,0,10,0.0,0.0,0.0714,0.101,0.0558,0.176,0,0
global,0.05,100vs100,1300,PAN1,100,140,60,0.01276187,2.14737,50,99,2,18,0.04,0.011,0.1346,0.1818,0.1182,0.2692,0,0
global,0.1,100vs100,1300,PAN1,100,140,60,0.01276187,1.74608,50,99,4,33,0.08,0.0315,0.1884,0.3333,0.2482,0.4309,0,0
global,0.01,100vs100,1300,PAN2,100,60,140,0.01276187,3.24356,50,100,0,42,0.0,0.0,0.0714,0.42,0.328,0.5179,0,0
global,0.05,100vs100,1300,PAN2,100,60,140,0.01276187,2.14737,50,100,2,76,0.04,0.011,0.1346,0.76,0.6677,0.8331,0,0
global,0.1,100vs100,1300,PAN2,100,60,140,0.01276187,1.74608,50,100,5,85,0.1,0.0435,0.2136,0.85,0.7672,0.9069,0,0
global,0.01,100vs100,1300,PAN1,100,140,80,0.01276187,3.24356,50,99,0,34,0.0,0.0,0.0714,0.3434,0.2573,0.4412,0,0
global,0.05,100vs100,1300,PAN1,100,140,80,0.01276187,2.14737,50,99,2,65,0.04,0.011,0.1346,0.6566,0.5588,0.7427,0,0
global,0.1,100vs100,1300,PAN1,100,140,80,0.01276187,1.74608,50,99,4,77,0.08,0.0315,0.1884,0.7778,0.6864,0.8484,0,0
global,0.01,100vs100,1300,PAN2,100,80,140,0.01276187,3.24356,50,100,0,41,0.0,0.0,0.0714,0.41,0.3187,0.508,0,0
global,0.05,100vs100,1300,PAN2,100,80,140,0.01276187,2.14737,50,100,2,72,0.04,0.011,0.1346,0.72,0.6251,0.7986,0,0
global,0.1,100vs100,1300,PAN2,100,80,140,0.01276187,1.74608,50,100,3,82,0.06,0.0206,0.1622,0.82,0.7333,0.883,0,0
global,0.01,100vs100,1300,PAN1,100,160,100,0.01276187,3.24356,50,99,0,26,0.0,0.0,0.0714,0.2626,0.186,0.357,0,0
global,0.05,100vs100,1300,PAN1,100,160,100,0.01276187,2.14737,50,99,2,52,0.04,0.011,0.1346,0.5253,0.4278,0.6208,0,0
global,0.1,100vs100,1300,PAN1,100,160,100,0.01276187,1.74608,50,99,5,69,0.1,0.0435,0.2136,0.697,0.6005,0.7787,0,0
global,0.01,100vs100,1300,PAN2,100,100,160,0.01276187,3.24356,50,100,0,40,0.0,0.0,0.0714,0.4,0.3094,0.498,0,0
global,0.05,100vs100,1300,PAN2,100,100,160,0.01276187,2.14737,50,100,0,74,0.0,0.0,0.0714,0.74,0.6463,0.816,0,0
global,0.1,100vs100,1300,PAN2,100,100,160,0.01276187,1.74608,50,100,5,85,0.1,0.0435,0.2136,0.85,0.7672,0.9069,0,0
global,0.01,100vs100,1300,PAN1,100,160,120,0.01276187,3.24356,50,99,0,26,0.0,0.0,0.0714,0.2626,0.186,0.357,0,0
global,0.05,100vs100,1300,PAN1,100,160,120,0.01276187,2.14737,50,99,2,60,0.04,0.011,0.1346,0.6061,0.5076,0.6966,0,0
global,0.1,100vs100,1300,PAN1,100,160,120,0.01276187,1.74608,50,99,5,72,0.1,0.0435,0.2136,0.7273,0.6323,0.8053,0,0
global,0.01,100vs100,1300,PAN2,100,120,160,0.01276187,3.24356,50,100,0,32,0.0,0.0,0.0714,0.32,0.2367,0.4166,0,0
global,0.05,100vs100,1300,PAN2,100,120,160,0.01276187,2.14737,50,100,1,68,0.02,0.0035,0.105,0.68,0.5834,0.7633,0,0
global,0.1,100vs100,1300,PAN2,100,120,160,0.01276187,1.74608,50,100,2,74,0.04,0.011,0.1346,0.74,0.6463,0.816,0,0
global,0.01,100vs100,1300,PAN1,100,160,140,0.01276187,3.24356,50,100,0,27,0.0,0.0,0.0714,0.27,0.1927,0.3643,0,0
global,0.05,100vs100,1300,PAN1,100,160,140,0.01276187,2.14737,50,100,2,55,0.04,0.011,0.1346,0.55,0.4524,0.6439,0,0
global,0.1,100vs100,1300,PAN1,100,160,140,0.01276187,1.74608,50,100,5,63,0.1,0.0435,0.2136,0.63,0.5322,0.7182,0,0
global,0.01,100vs100,1300,PAN2,100,140,160,0.01276187,3.24356,50,100,0,27,0.0,0.0,0.0714,0.27,0.1927,0.3643,0,0
global,0.05,100vs100,1300,PAN2,100,140,160,0.01276187,2.14737,50,100,2,56,0.04,0.011,0.1346,0.56,0.4623,0.6533,0,0
global,0.1,100vs100,1300,PAN2,100,140,160,0.01276187,1.74608,50,100,7,68,0.14,0.0695,0.2619,0.68,0.5834,0.7633,0,0
global,0.01,100vs100,1300,PAN1,100,160,160,0.01276187,3.24356,50,100,0,31,0.0,0.0,0.0714,0.31,0.2278,0.4063,0,0
global,0.05,100vs100,1300,PAN1,100,160,160,0.01276187,2.14737,50,100,2,59,0.04,0.011,0.1346,0.59,0.492,0.6813,0,0
global,0.1,100vs100,1300,PAN1,100,160,160,0.01276187,1.74608,50,100,5,66,0.1,0.0435,0.2136,0.66,0.5628,0.7454,0,0
global,0.01,100vs100,1300,PAN2,100,160,160,0.01276187,3.24356,50,100,0,30,0.0,0.0,0.0714,0.3,0.2189,0.3959,0,0
global,0.05,100vs100,1300,PAN2,100,160,160,0.01276187,2.14737,50,100,3,60,0.06,0.0206,0.1622,0.6,0.502,0.6906,0,0
global,0.1,100vs100,1300,PAN2,100,160,160,0.01276187,1.74608,50,100,8,73,0.16,0.0834,0.2851,0.73,0.6357,0.8073,0,0
global,0.01,100vs100,1300,PAN1,100,160,180,0.01276187,3.24356,50,100,0,30,0.0,0.0,0.0714,0.3,0.2189,0.3959,0,0
global,0.05,100vs100,1300,PAN1,100,160,180,0.01276187,2.14737,50,100,2,54,0.04,0.011,0.1346,0.54,0.4426,0.6344,0,0
global,0.1,100vs100,1300,PAN1,100,160,180,0.01276187,1.74608,50,100,5,65,0.1,0.0435,0.2136,0.65,0.5525,0.7364,0,0
global,0.01,100vs100,1300,PAN2,100,180,160,0.01276187,3.24356,50,100,1,28,0.02,0.0035,0.105,0.28,0.2014,0.3749,0,0
global,0.05,100vs100,1300,PAN2,100,180,160,0.01276187,2.14737,50,100,2,52,0.04,0.011,0.1346,0.52,0.4232,0.6154,0,0
global,0.1,100vs100,1300,PAN2,100,180,160,0.01276187,1.74608,50,100,4,66,0.08,0.0315,0.1884,0.66,0.5628,0.7454,0,0
global,0.01,100vs100,1300,PAN1,100,160,20,0.01276187,3.24356,50,100,0,0,0.0,0.0,0.0714,0.0,0.0,0.037,0,0
global,0.05,100vs100,1300,PAN1,100,160,20,0.01276187,2.14737,50,100,2,6,0.04,0.011,0.1346,0.06,0.0278,0.1248,0,0
global,0.1,100vs100,1300,PAN1,100,160,20,0.01276187,1.74608,50,100,5,13,0.1,0.0435,0.2136,0.13,0.0776,0.2098,0,0
global,0.01,100vs100,1300,PAN2,100,20,160,0.01276187,3.24356,50,100,0,39,0.0,0.0,0.0714,0.39,0.3002,0.488,0,0
global,0.05,100vs100,1300,PAN2,100,20,160,0.01276187,2.14737,50,100,0,75,0.0,0.0,0.0714,0.75,0.657,0.8245,0,0
global,0.1,100vs100,1300,PAN2,100,20,160,0.01276187,1.74608,50,100,0,85,0.0,0.0,0.0714,0.85,0.7672,0.9069,0,0
global,0.01,100vs100,1300,PAN1,100,160,200,0.01276187,3.24356,50,100,0,29,0.0,0.0,0.0714,0.29,0.2101,0.3854,0,0
global,0.05,100vs100,1300,PAN1,100,160,200,0.01276187,2.14737,50,100,2,61,0.04,0.011,0.1346,0.61,0.512,0.6998,0,0
global,0.1,100vs100,1300,PAN1,100,160,200,0.01276187,1.74608,50,100,5,72,0.1,0.0435,0.2136,0.72,0.6251,0.7986,0,0
global,0.01,100vs100,1300,PAN2,100,200,160,0.01276187,3.24356,50,100,0,23,0.0,0.0,0.0714,0.23,0.1584,0.3215,0,0
global,0.05,100vs100,1300,PAN2,100,200,160,0.01276187,2.14737,50,100,3,47,0.06,0.0206,0.1622,0.47,0.3751,0.5671,0,0
global,0.1,100vs100,1300,PAN2,100,200,160,0.01276187,1.74608,50,100,7,67,0.14,0.0695,0.2619,0.67,0.5731,0.7544,0,0
global,0.01,100vs100,1300,PAN1,100,160,40,0.01276187,3.24356,50,100,0,1,0.0,0.0,0.0714,0.01,0.0018,0.0545,0,0
global,0.05,100vs100,1300,PAN1,100,160,40,0.01276187,2.14737,50,100,2,4,0.04,0.011,0.1346,0.04,0.0157,0.0984,0,0
global,0.1,100vs100,1300,PAN1,100,160,40,0.01276187,1.74608,50,100,5,10,0.1,0.0435,0.2136,0.1,0.0552,0.1744,0,0
global,0.01,100vs100,1300,PAN2,100,40,160,0.01276187,3.24356,50,100,0,47,0.0,0.0,0.0714,0.47,0.3751,0.5671,0,0
global,0.05,100vs100,1300,PAN2,100,40,160,0.01276187,2.14737,50,100,0,79,0.0,0.0,0.0714,0.79,0.7002,0.8583,0,0
global,0.1,100vs100,1300,PAN2,100,40,160,0.01276187,1.74608,50,100,0,90,0.0,0.0,0.0714,0.9,0.8256,0.9448,0,0
global,0.01,100vs100,1300,PAN1,100,160,60,0.01276187,3.24356,50,100,0,6,0.0,0.0,0.0714,0.06,0.0278,0.1248,0,0
global,0.05,100vs100,1300,PAN1,100,160,60,0.01276187,2.14737,50,100,2,23,0.04,0.011,0.1346,0.23,0.1584,0.3215,0,0
global,0.1,100vs100,1300,PAN1,100,160,60,0.01276187,1.74608,50,100,5,36,0.1,0.0435,0.2136,0.36,0.2727,0.4576,0,0
global,0.01,100vs100,1300,PAN2,100,60,160,0.01276187,3.24356,50,100,0,37,0.0,0.0,0.0714,0.37,0.2818,0.4678,0,0
global,0.05,100vs100,1300,PAN2,100,60,160,0.01276187,2.14737,50,100,2,64,0.04,0.011,0.1346,0.64,0.5424,0.7273,0,0
global,0.1,100vs100,1300,PAN2,100,60,160,0.01276187,1.74608,50,100,5,76,0.1,0.0435,0.2136,0.76,0.6677,0.8331,0,0
global,0.01,100vs100,1300,PAN1,100,160,80,0.01276187,3.24356,50,100,0,30,0.0,0.0,0.0714,0.3,0.2189,0.3959,0,0
global,0.05,100vs100,1300,PAN1,100,160,80,0.01276187,2.14737,50,100,2,58,0.04,0.011,0.1346,0.58,0.4821,0.672,0,0
global,0.1,100vs100,1300,PAN1,100,160,80,0.01276187,1.74608,50,100,5,74,0.1,0.0435,0.2136,0.74,0.6463,0.816,0,0
global,0.01,100vs100,1300,PAN2,100,80,160,0.01276187,3.24356,50,100,0,44,0.0,0.0,0.0714,0.44,0.3467,0.5377,0,0
global,0.05,100vs100,1300,PAN2,100,80,160,0.01276187,2.14737,50,100,2,75,0.04,0.011,0.1346,0.75,0.657,0.8245,0,0
global,0.1,100vs100,1300,PAN2,100,80,160,0.01276187,1.74608,50,100,3,84,0.06,0.0206,0.1622,0.84,0.7558,0.899,0,0
global,0.01,100vs100,1300,PAN1,100,180,100,0.01276187,3.24356,50,100,0,26,0.0,0.0,0.0714,0.26,0.184,0.3537,0,0
global,0.05,100vs100,1300,PAN1,100,180,100,0.01276187,2.14737,50,100,5,56,0.1,0.0435,0.2136,0.56,0.4623,0.6533,0,0
global,0.1,100vs100,1300,PAN1,100,180,100,0.01276187,1.74608,50,100,12,72,0.24,0.143,0.3741,0.72,0.6251,0.7986,0,0
global,0.01,100vs100,1300,PAN2,100,100,180,0.01276187,3.24356,50,100,0,39,0.0,0.0,0.0714,0.39,0.3002,0.488,0,0
global,0.05,100vs100,1300,PAN2,100,100,180,0.01276187,2.14737,50,100,0,69,0.0,0.0,0.0714,0.69,0.5937,0.7722,0,0
global,0.1,100vs100,1300,PAN2,100,100,180,0.01276187,1.74608,50,100,5,81,0.1,0.0435,0.2136,0.81,0.7222,0.8749,0,0
global,0.01,100vs100,1300,PAN1,100,180,120,0.01276187,3.24356,50,100,0,25,0.0,0.0,0.0714,0.25,0.1755,0.343,0,0
global,0.05,100vs100,1300,PAN1,100,180,120,0.01276187,2.14737,50,100,5,54,0.1,0.0435,0.2136,0.54,0.4426,0.6344,0,0
global,0.1,100vs100,1300,PAN1,100,180,120,0.01276187,1.74608,50,100,12,70,0.24,0.143,0.3741,0.7,0.6041,0.7811,0,0
global,0.01,100vs100,1300,PAN2,100,120,180,0.01276187,3.24356,50,100,0,31,0.0,0.0,0.0714,0.31,0.2278,0.4063,0,0
global,0.05,100vs100,1300,PAN2,100,120,180,0.01276187,2.14737,50,100,1,60,0.02,0.0035,0.105,0.6,0.502,0.6906,0,0
global,0.1,100vs100,1300,PAN2,100,120,180,0.01276187,1.74608,50,100,2,74,0.04,0.011,0.1346,0.74,0.6463,0.816,0,0
global,0.01,100vs100,1300,PAN1,100,180,140,0.01276187,3.24356,50,100,0,21,0.0,0.0,0.0714,0.21,0.1417,0.2998,0,0
global,0.05,100vs100,1300,PAN1,100,180,140,0.01276187,2.14737,50,100,5,46,0.1,0.0435,0.2136,0.46,0.3656,0.5574,0,0
global,0.1,100vs100,1300,PAN1,100,180,140,0.01276187,1.74608,50,100,12,56,0.24,0.143,0.3741,0.56,0.4623,0.6533,0,0
global,0.01,100vs100,1300,PAN2,100,140,180,0.01276187,3.24356,50,100,0,31,0.0,0.0,0.0714,0.31,0.2278,0.4063,0,0
global,0.05,100vs100,1300,PAN2,100,140,180,0.01276187,2.14737,50,100,2,60,0.04,0.011,0.1346,0.6,0.502,0.6906,0,0
global,0.1,100vs100,1300,PAN2,100,140,180,0.01276187,1.74608,50,100,7,68,0.14,0.0695,0.2619,0.68,0.5834,0.7633,0,0
global,0.01,100vs100,1300,PAN1,100,180,160,0.01276187,3.24356,50,100,0,28,0.0,0.0,0.0714,0.28,0.2014,0.3749,0,0
global,0.05,100vs100,1300,PAN1,100,180,160,0.01276187,2.14737,50,100,5,54,0.1,0.0435,0.2136,0.54,0.4426,0.6344,0,0
global,0.1,100vs100,1300,PAN1,100,180,160,0.01276187,1.74608,50,100,12,65,0.24,0.143,0.3741,0.65,0.5525,0.7364,0,0
global,0.01,100vs100,1300,PAN2,100,160,180,0.01276187,3.24356,50,100,0,23,0.0,0.0,0.0714,0.23,0.1584,0.3215,0,0
global,0.05,100vs100,1300,PAN2,100,160,180,0.01276187,2.14737,50,100,3,64,0.06,0.0206,0.1622,0.64,0.5424,0.7273,0,0
global,0.1,100vs100,1300,PAN2,100,160,180,0.01276187,1.74608,50,100,8,74,0.16,0.0834,0.2851,0.74,0.6463,0.816,0,0
global,0.01,100vs100,1300,PAN1,100,180,180,0.01276187,3.24356,50,100,0,30,0.0,0.0,0.0714,0.3,0.2189,0.3959,0,0
global,0.05,100vs100,1300,PAN1,100,180,180,0.01276187,2.14737,50,100,5,60,0.1,0.0435,0.2136,0.6,0.502,0.6906,0,0
global,0.1,100vs100,1300,PAN1,100,180,180,0.01276187,1.74608,50,100,12,68,0.24,0.143,0.3741,0.68,0.5834,0.7633,0,0
global,0.01,100vs100,1300,PAN2,100,180,180,0.01276187,3.24356,50,100,1,20,0.02,0.0035,0.105,0.2,0.1334,0.2888,0,0
global,0.05,100vs100,1300,PAN2,100,180,180,0.01276187,2.14737,50,100,2,51,0.04,0.011,0.1346,0.51,0.4135,0.6058,0,0
global,0.1,100vs100,1300,PAN2,100,180,180,0.01276187,1.74608,50,100,4,72,0.08,0.0315,0.1884,0.72,0.6251,0.7986,0,0
global,0.01,100vs100,1300,PAN1,100,180,20,0.01276187,3.24356,50,100,0,1,0.0,0.0,0.0714,0.01,0.0018,0.0545,0,0
global,0.05,100vs100,1300,PAN1,100,180,20,0.01276187,2.14737,50,100,5,7,0.1,0.0435,0.2136,0.07,0.0343,0.1375,0,0
global,0.1,100vs100,1300,PAN1,100,180,20,0.01276187,1.74608,50,100,12,7,0.24,0.143,0.3741,0.07,0.0343,0.1375,0,0
global,0.01,100vs100,1300,PAN2,100,20,180,0.01276187,3.24356,50,100,0,37,0.0,0.0,0.0714,0.37,0.2818,0.4678,0,0
global,0.05,100vs100,1300,PAN2,100,20,180,0.01276187,2.14737,50,100,0,73,0.0,0.0,0.0714,0.73,0.6357,0.8073,0,0
global,0.1,100vs100,1300,PAN2,100,20,180,0.01276187,1.74608,50,100,0,86,0.0,0.0,0.0714,0.86,0.7786,0.9147,0,0
global,0.01,100vs100,1300,PAN1,100,180,200,0.01276187,3.24356,50,100,0,23,0.0,0.0,0.0714,0.23,0.1584,0.3215,0,0
global,0.05,100vs100,1300,PAN1,100,180,200,0.01276187,2.14737,50,100,5,50,0.1,0.0435,0.2136,0.5,0.4038,0.5962,0,0
global,0.1,100vs100,1300,PAN1,100,180,200,0.01276187,1.74608,50,100,12,63,0.24,0.143,0.3741,0.63,0.5322,0.7182,0,0
global,0.01,100vs100,1300,PAN2,100,200,180,0.01276187,3.24356,50,99,0,22,0.0,0.0,0.0714,0.2222,0.1516,0.3136,0,0
global,0.05,100vs100,1300,PAN2,100,200,180,0.01276187,2.14737,50,99,3,50,0.06,0.0206,0.1622,0.5051,0.4082,0.6015,0,0
global,0.1,100vs100,1300,PAN2,100,200,180,0.01276187,1.74608,50,99,7,62,0.14,0.0695,0.2619,0.6263,0.5279,0.7152,0,0
global,0.01,100vs100,1300,PAN1,100,180,40,0.01276187,3.24356,50,100,0,1,0.0,0.0,0.0714,0.01,0.0018,0.0545,0,0
global,0.05,100vs100,1300,PAN1,100,180,40,0.01276187,2.14737,50,100,5,16,0.1,0.0435,0.2136,0.16,0.101,0.2442,0,0
global,0.1,100vs100,1300,PAN1,100,180,40,0.01276187,1.74608,50,100,12,23,0.24,0.143,0.3741,0.23,0.1584,0.3215,0,0
global,0.01,100vs100,1300,PAN2,100,40,180,0.01276187,3.24356,50,100,0,44,0.0,0.0,0.0714,0.44,0.3467,0.5377,0,0
global,0.05,100vs100,1300,PAN2,100,40,180,0.01276187,2.14737,50,100,0,80,0.0,0.0,0.0714,0.8,0.7112,0.8666,0,0
global,0.1,100vs100,1300,PAN2,100,40,180,0.01276187,1.74608,50,100,0,88,0.0,0.0,0.0714,0.88,0.8019,0.93,0,0
global,0.01,100vs100,1300,PAN1,100,180,60,0.01276187,3.24356,50,100,0,10,0.0,0.0,0.0714,0.1,0.0552,0.1744,0,0
global,0.05,100vs100,1300,PAN1,100,180,60,0.01276187,2.14737,50,100,5,22,0.1,0.0435,0.2136,0.22,0.15,0.3107,0,0
global,0.1,100vs100,1300,PAN1,100,180,60,0.01276187,1.74608,50,100,12,31,0.24,0.143,0.3741,0.31,0.2278,0.4063,0,0
global,0.01,100vs100,1300,PAN2,100,60,180,0.01276187,3.24356,50,100,0,34,0.0,0.0,0.0714,0.34,0.2546,0.4372,0,0
global,0.05,100vs100,1300,PAN2,100,60,180,0.01276187,2.14737,50,100,2,67,0.04,0.011,0.1346,0.67,0.5731,0.7544,0,0
global,0.1,100vs100,1300,PAN2,100,60,180,0.01276187,1.74608,50,100,5,80,0.1,0.0435,0.2136,0.8,0.7112,0.8666,0,0
global,0.01,100vs100,1300,PAN1,100,180,80,0.01276187,3.24356,50,100,0,24,0.0,0.0,0.0714,0.24,0.1669,0.3323,0,0
global,0.05,100vs100,1300,PAN1,100,180,80,0.01276187,2.14737,50,100,5,53,0.1,0.0435,0.2136,0.53,0.4329,0.6249,0,0
global,0.1,100vs100,1300,PAN1,100,180,80,0.01276187,1.74608,50,100,12,66,0.24,0.143,0.3741,0.66,0.5628,0.7454,0,0
global,0.01,100vs100,1300,PAN2,100,80,180,0.01276187,3.24356,50,99,0,41,0.0,0.0,0.0714,0.4141,0.3221,0.5126,0,0
global,0.05,100vs100,1300,PAN2,100,80,180,0.01276187,2.14737,50,99,2,65,0.04,0.011,0.1346,0.6566,0.5588,0.7427,0,0
global,0.1,100vs100,1300,PAN2,100,80,180,0.01276187,1.74608,50,99,3,75,0.06,0.0206,0.1622,0.7576,0.6646,0.8313,0,0
global,0.01,100vs100,1300,PAN1,100,20,100,0.01276187,3.24356,50,100,0,40,0.0,0.0,0.0714,0.4,0.3094,0.498,0,0
global,0.05,100vs100,1300,PAN1,100,20,100,0.01276187,2.14737,50,100,0,79,0.0,0.0,0.0714,0.79,0.7002,0.8583,0,0
global,0.1,100vs100,1300,PAN1,100,20,100,0.01276187,1.74608,50,100,0,87,0.0,0.0,0.0714,0.87,0.7902,0.9224,0,0
global,0.01,100vs100,1300,PAN2,100,100,20,0.01276187,3.24356,50,100,0,0,0.0,0.0,0.0714,0.0,0.0,0.037,0,0
global,0.05,100vs100,1300,PAN2,100,100,20,0.01276187,2.14737,50,100,0,6,0.0,0.0,0.0714,0.06,0.0278,0.1248,0,0
global,0.1,100vs100,1300,PAN2,100,100,20,0.01276187,1.74608,50,100,5,10,0.1,0.0435,0.2136,0.1,0.0552,0.1744,0,0
global,0.01,100vs100,1300,PAN1,100,20,120,0.01276187,3.24356,50,100,0,39,0.0,0.0,0.0714,0.39,0.3002,0.488,0,0
global,0.05,100vs100,1300,PAN1,100,20,120,0.01276187,2.14737,50,100,0,72,0.0,0.0,0.0714,0.72,0.6251,0.7986,0,0
global,0.1,100vs100,1300,PAN1,100,20,120,0.01276187,1.74608,50,100,0,86,0.0,0.0,0.0714,0.86,0.7786,0.9147,0,0
global,0.01,100vs100,1300,PAN2,100,120,20,0.01276187,3.24356,50,100,0,2,0.0,0.0,0.0714,0.02,0.0055,0.07,0,0
global,0.05,100vs100,1300,PAN2,100,120,20,0.01276187,2.14737,50,100,1,7,0.02,0.0035,0.105,0.07,0.0343,0.1375,0,0
global,0.1,100vs100,1300,PAN2,100,120,20,0.01276187,1.74608,50,100,2,12,0.04,0.011,0.1346,0.12,0.07,0.1981,0,0
global,0.01,100vs100,1300,PAN1,100,20,140,0.01276187,3.24356,50,100,0,32,0.0,0.0,0.0714,0.32,0.2367,0.4166,0,0
global,0.05,100vs100,1300,PAN1,100,20,140,0.01276187,2.14737,50,100,0,75,0.0,0.0,0.0714,0.75,0.657,0.8245,0,0
global,0.1,100vs100,1300,PAN1,100,20,140,0.01276187,1.74608,50,100,0,86,0.0,0.0,0.0714,0.86,0.7786,0.9147,0,0
global,0.01,100vs100,1300,PAN2,100,140,20,0.01276187,3.24356,50,99,0,2,0.0,0.0,0.0714,0.0202,0.0056,0.0707,0,0
global,0.05,100vs100,1300,PAN2,100,140,20,0.01276187,2.14737,50,99,2,5,0.04,0.011,0.1346,0.0505,0.0218,0.1128,0,0
global,0.1,100vs100,1300,PAN2,100,140,20,0.01276187,1.74608,50,99,7,11,0.14,0.0695,0.2619,0.1111,0.0632,0.1881,0,0
global,0.01,100vs100,1300,PAN1,100,20,160,0.01276187,3.24356,50,100,0,36,0.0,0.0,0.0714,0.36,0.2727,0.4576,0,0
global,0.05,100vs100,1300,PAN1,100,20,160,0.01276187,2.14737,50,100,0,72,0.0,0.0,0.0714,0.72,0.6251,0.7986,0,0
global,0.1,100vs100,1300,PAN1,100,20,160,0.01276187,1.74608,50,100,0,83,0.0,0.0,0.0714,0.83,0.7445,0.8911,0,0
global,0.01,100vs100,1300,PAN2,100,160,20,0.01276187,3.24356,50,100,0,2,0.0,0.0,0.0714,0.02,0.0055,0.07,0,0
global,0.05,100vs100,1300,PAN2,100,160,20,0.01276187,2.14737,50,100,3,5,0.06,0.0206,0.1622,0.05,0.0215,0.1118,0,0
global,0.1,100vs100,1300,PAN2,100,160,20,0.01276187,1.74608,50,100,8,18,0.16,0.0834,0.2851,0.18,0.117,0.2667,0,0
global,0.01,100vs100,1300,PAN1,100,20,180,0.01276187,3.24356,50,100,0,41,0.0,0.0,0.0714,0.41,0.3187,0.508,0,0
global,0.05,100vs100,1300,PAN1,100,20,180,0.01276187,2.14737,50,100,0,65,0.0,0.0,0.0714,0.65,0.5525,0.7364,0,0
global,0.1,100vs100,1300,PAN1,100,20,180,0.01276187,1.74608,50,100,0,83,0.0,0.0,0.0714,0.83,0.7445,0.8911,0,0
global,0.01,100vs100,1300,PAN2,100,180,20,0.01276187,3.24356,50,100,1,1,0.02,0.0035,0.105,0.01,0.0018,0.0545,0,0
global,0.05,100vs100,1300,PAN2,100,180,20,0.01276187,2.14737,50,100,2,7,0.04,0.011,0.1346,0.07,0.0343,0.1375,0,0
global,0.1,100vs100,1300,PAN2,100,180,20,0.01276187,1.74608,50,100,4,15,0.08,0.0315,0.1884,0.15,0.0931,0.2328,0,0
global,0.01,100vs100,1300,PAN1,100,20,20,0.01276187,3.24356,50,100,0,0,0.0,0.0,0.0714,0.0,0.0,0.037,0,0
global,0.05,100vs100,1300,PAN1,100,20,20,0.01276187,2.14737,50,100,0,1,0.0,0.0,0.0714,0.01,0.0018,0.0545,0,0
global,0.1,100vs100,1300,PAN1,100,20,20,0.01276187,1.74608,50,100,0,3,0.0,0.0,0.0714,0.03,0.0103,0.0845,0,0
global,0.01,100vs100,1300,PAN2,100,20,20,0.01276187,3.24356,50,100,0,1,0.0,0.0,0.0714,0.01,0.0018,0.0545,0,0
global,0.05,100vs100,1300,PAN2,100,20,20,0.01276187,2.14737,50,100,0,2,0.0,0.0,0.0714,0.02,0.0055,0.07,0,0
global,0.1,100vs100,1300,PAN2,100,20,20,0.01276187,1.74608,50,100,0,3,0.0,0.0,0.0714,0.03,0.0103,0.0845,0,0
global,0.01,100vs100,1300,PAN1,100,20,200,0.01276187,3.24356,50,100,0,31,0.0,0.0,0.0714,0.31,0.2278,0.4063,0,0
global,0.05,100vs100,1300,PAN1,100,20,200,0.01276187,2.14737,50,100,0,68,0.0,0.0,0.0714,0.68,0.5834,0.7633,0,0
global,0.1,100vs100,1300,PAN1,100,20,200,0.01276187,1.74608,50,100,0,80,0.0,0.0,0.0714,0.8,0.7112,0.8666,0,0
global,0.01,100vs100,1300,PAN2,100,200,20,0.01276187,3.24356,50,100,0,0,0.0,0.0,0.0714,0.0,0.0,0.037,0,0
global,0.05,100vs100,1300,PAN2,100,200,20,0.01276187,2.14737,50,100,3,3,0.06,0.0206,0.1622,0.03,0.0103,0.0845,0,0
global,0.1,100vs100,1300,PAN2,100,200,20,0.01276187,1.74608,50,100,7,10,0.14,0.0695,0.2619,0.1,0.0552,0.1744,0,0
global,0.01,100vs100,1300,PAN1,100,20,40,0.01276187,3.24356,50,100,0,2,0.0,0.0,0.0714,0.02,0.0055,0.07,0,0
global,0.05,100vs100,1300,PAN1,100,20,40,0.01276187,2.14737,50,100,0,16,0.0,0.0,0.0714,0.16,0.101,0.2442,0,0
global,0.1,100vs100,1300,PAN1,100,20,40,0.01276187,1.74608,50,100,0,33,0.0,0.0,0.0714,0.33,0.2456,0.4269,0,0
global,0.01,100vs100,1300,PAN2,100,40,20,0.01276187,3.24356,50,100,0,0,0.0,0.0,0.0714,0.0,0.0,0.037,0,0
global,0.05,100vs100,1300,PAN2,100,40,20,0.01276187,2.14737,50,100,0,1,0.0,0.0,0.0714,0.01,0.0018,0.0545,0,0
global,0.1,100vs100,1300,PAN2,100,40,20,0.01276187,1.74608,50,100,0,3,0.0,0.0,0.0714,0.03,0.0103,0.0845,0,0
global,0.01,100vs100,1300,PAN1,100,20,60,0.01276187,3.24356,50,100,0,34,0.0,0.0,0.0714,0.34,0.2546,0.4372,0,0
global,0.05,100vs100,1300,PAN1,100,20,60,0.01276187,2.14737,50,100,0,68,0.0,0.0,0.0714,0.68,0.5834,0.7633,0,0
global,0.1,100vs100,1300,PAN1,100,20,60,0.01276187,1.74608,50,100,0,79,0.0,0.0,0.0714,0.79,0.7002,0.8583,0,0
global,0.01,100vs100,1300,PAN2,100,60,20,0.01276187,3.24356,50,100,0,0,0.0,0.0,0.0714,0.0,0.0,0.037,0,0
global,0.05,100vs100,1300,PAN2,100,60,20,0.01276187,2.14737,50,100,2,0,0.04,0.011,0.1346,0.0,0.0,0.037,0,0
global,0.1,100vs100,1300,PAN2,100,60,20,0.01276187,1.74608,50,100,5,8,0.1,0.0435,0.2136,0.08,0.0411,0.15,0,0
global,0.01,100vs100,1300,PAN1,100,20,80,0.01276187,3.24356,50,100,0,42,0.0,0.0,0.0714,0.42,0.328,0.5179,0,0
global,0.05,100vs100,1300,PAN1,100,20,80,0.01276187,2.14737,50,100,0,69,0.0,0.0,0.0714,0.69,0.5937,0.7722,0,0
global,0.1,100vs100,1300,PAN1,100,20,80,0.01276187,1.74608,50,100,0,80,0.0,0.0,0.0714,0.8,0.7112,0.8666,0,0
global,0.01,100vs100,1300,PAN2,100,80,20,0.01276187,3.24356,50,100,0,1,0.0,0.0,0.0714,0.01,0.0018,0.0545,0,0
global,0.05,100vs100,1300,PAN2,100,80,20,0.01276187,2.14737,50,100,2,10,0.04,0.011,0.1346,0.1,0.0552,0.1744,0,0
global,0.1,100vs100,1300,PAN2,100,80,20,0.01276187,1.74608,50,100,3,15,0.06,0.0206,0.1622,0.15,0.0931,0.2328,0,0
global,0.01,100vs100,1300,PAN1,100,200,100,0.01276187,3.24356,50,100,1,23,0.02,0.0035,0.105,0.23,0.1584,0.3215,0,0
global,0.05,100vs100,1300,PAN1,100,200,100,0.01276187,2.14737,50,100,4,51,0.08,0.0315,0.1884,0.51,0.4135,0.6058,0,0
global,0.1,100vs100,1300,PAN1,100,200,100,0.01276187,1.74608,50,100,4,65,0.08,0.0315,0.1884,0.65,0.5525,0.7364,0,0
global,0.01,100vs100,1300,PAN2,100,100,200,0.01276187,3.24356,50,100,0,36,0.0,0.0,0.0714,0.36,0.2727,0.4576,0,0
global,0.05,100vs100,1300,PAN2,100,100,200,0.01276187,2.14737,50,100,0,73,0.0,0.0,0.0714,0.73,0.6357,0.8073,0,0
global,0.1,100vs100,1300,PAN2,100,100,200,0.01276187,1.74608,50,100,5,87,0.1,0.0435,0.2136,0.87,0.7902,0.9224,0,0
global,0.01,100vs100,1300,PAN1,100,200,120,0.01276187,3.24356,50,99,1,21,0.02,0.0035,0.105,0.2121,0.1431,0.3026,0,0
global,0.05,100vs100,1300,PAN1,100,200,120,0.01276187,2.14737,50,99,4,48,0.08,0.0315,0.1884,0.4848,0.3888,0.582,0,0
global,0.1,100vs100,1300,PAN1,100,200,120,0.01276187,1.74608,50,99,4,55,0.08,0.0315,0.1884,0.5556,0.4574,0.6495,0,0
global,0.01,100vs100,1300,PAN2,100,120,200,0.01276187,3.24356,50,100,0,42,0.0,0.0,0.0714,0.42,0.328,0.5179,0,0
global,0.05,100vs100,1300,PAN2,100,120,200,0.01276187,2.14737,50,100,1,65,0.02,0.0035,0.105,0.65,0.5525,0.7364,0,0
global,0.1,100vs100,1300,PAN2,100,120,200,0.01276187,1.74608,50,100,2,77,0.04,0.011,0.1346,0.77,0.6785,0.8416,0,0
global,0.01,100vs100,1300,PAN1,100,200,140,0.01276187,3.24356,50,100,1,23,0.02,0.0035,0.105,0.23,0.1584,0.3215,0,0
global,0.05,100vs100,1300,PAN1,100,200,140,0.01276187,2.14737,50,100,4,49,0.08,0.0315,0.1884,0.49,0.3942,0.5865,0,0
global,0.1,100vs100,1300,PAN1,100,200,140,0.01276187,1.74608,50,100,4,59,0.08,0.0315,0.1884,0.59,0.492,0.6813,0,0
global,0.01,100vs100,1300,PAN2,100,140,200,0.01276187,3.24356,50,99,0,32,0.0,0.0,0.0714,0.3232,0.2392,0.4205,0,0
global,0.05,100vs100,1300,PAN2,100,140,200,0.01276187,2.14737,50,99,2,55,0.04,0.011,0.1346,0.5556,0.4574,0.6495,0,0
global,0.1,100vs100,1300,PAN2,100,140,200,0.01276187,1.74608,50,99,7,69,0.14,0.0695,0.2619,0.697,0.6005,0.7787,0,0
global,0.01,100vs100,1300,PAN1,100,200,160,0.01276187,3.24356,50,100,1,20,0.02,0.0035,0.105,0.2,0.1334,0.2888,0,0
global,0.05,100vs100,1300,PAN1,100,200,160,0.01276187,2.14737,50,100,4,45,0.08,0.0315,0.1884,0.45,0.3561,0.5476,0,0
global,0.1,100vs100,1300,PAN1,100,200,160,0.01276187,1.74608,50,100,4,62,0.08,0.0315,0.1884,0.62,0.5221,0.709,0,0
global,0.01,100vs100,1300,PAN2,100,160,200,0.01276187,3.24356,50,99,0,29,0.0,0.0,0.0714,0.2929,0.2124,0.389,0,0
global,0.05,100vs100,1300,PAN2,100,160,200,0.01276187,2.14737,50,99,3,59,0.06,0.0206,0.1622,0.596,0.4975,0.6873,0,0
global,0.1,100vs100,1300,PAN2,100,160,200,0.01276187,1.74608,50,99,8,73,0.16,0.0834,0.2851,0.7374,0.643,0.814,0,0
global,0.01,100vs100,1300,PAN1,100,200,180,0.01276187,3.24356,50,100,1,27,0.02,0.0035,0.105,0.27,0.1927,0.3643,0,0
global,0.05,100vs100,1300,PAN1,100,200,180,0.01276187,2.14737,50,100,4,50,0.08,0.0315,0.1884,0.5,0.4038,0.5962,0,0
global,0.1,100vs100,1300,PAN1,100,200,180,0.01276187,1.74608,50,100,4,65,0.08,0.0315,0.1884,0.65,0.5525,0.7364,0,0
global,0.01,100vs100,1300,PAN2,100,180,200,0.01276187,3.24356,50,100,1,27,0.02,0.0035,0.105,0.27,0.1927,0.3643,0,0
global,0.05,100vs100,1300,PAN2,100,180,200,0.01276187,2.14737,50,100,2,51,0.04,0.011,0.1346,0.51,0.4135,0.6058,0,0
global,0.1,100vs100,1300,PAN2,100,180,200,0.01276187,1.74608,50,100,4,58,0.08,0.0315,0.1884,0.58,0.4821,0.672,0,0
global,0.01,100vs100,1300,PAN1,100,200,20,0.01276187,3.24356,50,100,1,2,0.02,0.0035,0.105,0.02,0.0055,0.07,0,0
global,0.05,100vs100,1300,PAN1,100,200,20,0.01276187,2.14737,50,100,4,6,0.08,0.0315,0.1884,0.06,0.0278,0.1248,0,0
global,0.1,100vs100,1300,PAN1,100,200,20,0.01276187,1.74608,50,100,4,10,0.08,0.0315,0.1884,0.1,0.0552,0.1744,0,0
global,0.01,100vs100,1300,PAN2,100,20,200,0.01276187,3.24356,50,100,0,38,0.0,0.0,0.0714,0.38,0.291,0.4779,0,0
global,0.05,100vs100,1300,PAN2,100,20,200,0.01276187,2.14737,50,100,0,72,0.0,0.0,0.0714,0.72,0.6251,0.7986,0,0
global,0.1,100vs100,1300,PAN2,100,20,200,0.01276187,1.74608,50,100,0,82,0.0,0.0,0.0714,0.82,0.7333,0.883,0,0
global,0.01,100vs100,1300,PAN1,100,200,200,0.01276187,3.24356,50,100,1,25,0.02,0.0035,0.105,0.25,0.1755,0.343,0,0
global,0.05,100vs100,1300,PAN1,100,200,200,0.01276187,2.14737,50,100,4,52,0.08,0.0315,0.1884,0.52,0.4232,0.6154,0,0
global,0.1,100vs100,1300,PAN1,100,200,200,0.01276187,1.74608,50,100,4,66,0.08,0.0315,0.1884,0.66,0.5628,0.7454,0,0
global,0.01,100vs100,1300,PAN2,100,200,200,0.01276187,3.24356,50,100,0,21,0.0,0.0,0.0714,0.21,0.1417,0.2998,0,0
global,0.05,100vs100,1300,PAN2,100,200,200,0.01276187,2.14737,50,100,3,50,0.06,0.0206,0.1622,0.5,0.4038,0.5962,0,0
global,0.1,100vs100,1300,PAN2,100,200,200,0.01276187,1.74608,50,100,7,67,0.14,0.0695,0.2619,0.67,0.5731,0.7544,0,0
global,0.01,100vs100,1300,PAN1,100,200,40,0.01276187,3.24356,50,100,1,2,0.02,0.0035,0.105,0.02,0.0055,0.07,0,0
global,0.05,100vs100,1300,PAN1,100,200,40,0.01276187,2.14737,50,100,4,9,0.08,0.0315,0.1884,0.09,0.0481,0.1623,0,0
global,0.1,100vs100,1300,PAN1,100,200,40,0.01276187,1.74608,50,100,4,17,0.08,0.0315,0.1884,0.17,0.1089,0.2555,0,0
global,0.01,100vs100,1300,PAN2,100,40,200,0.01276187,3.24356,50,100,0,43,0.0,0.0,0.0714,0.43,0.3373,0.5278,0,0
global,0.05,100vs100,1300,PAN2,100,40,200,0.01276187,2.14737,50,100,0,76,0.0,0.0,0.0714,0.76,0.6677,0.8331,0,0
global,0.1,100vs100,1300,PAN2,100,40,200,0.01276187,1.74608,50,100,0,87,0.0,0.0,0.0714,0.87,0.7902,0.9224,0,0
global,0.01,100vs100,1300,PAN1,100,200,60,0.01276187,3.24356,50,100,1,4,0.02,0.0035,0.105,0.04,0.0157,0.0984,0,0
global,0.05,100vs100,1300,PAN1,100,200,60,0.01276187,2.14737,50,100,4,19,0.08,0.0315,0.1884,0.19,0.1251,0.2778,0,0
global,0.1,100vs100,1300,PAN1,100,200,60,0.01276187,1.74608,50,100,4,29,0.08,0.0315,0.1884,0.29,0.2101,0.3854,0,0
global,0.01,100vs100,1300,PAN2,100,60,200,0.01276187,3.24356,50,99,0,39,0.0,0.0,0.0714,0.3939,0.3034,0.4924,0,0
global,0.05,100vs100,1300,PAN2,100,60,200,0.01276187,2.14737,50,99,2,72,0.04,0.011,0.1346,0.7273,0.6323,0.8053,0,0
global,0.1,100vs100,1300,PAN2,100,60,200,0.01276187,1.74608,50,99,5,80,0.1,0.0435,0.2136,0.8081,0.7196,0.8736,0,0
global,0.01,100vs100,1300,PAN1,100,200,80,0.01276187,3.24356,50,100,1,27,0.02,0.0035,0.105,0.27,0.1927,0.3643,0,0
global,0.05,100vs100,1300,PAN1,100,200,80,0.01276187,2.14737,50,100,4,49,0.08,0.0315,0.1884,0.49,0.3942,0.5865,0,0
global,0.1,100vs100,1300,PAN1,100,200,80,0.01276187,1.74608,50,100,4,65,0.08,0.0315,0.1884,0.65,0.5525,0.7364,0,0
global,0.01,100vs100,1300,PAN2,100,80,200,0.01276187,3.24356,50,100,0,40,0.0,0.0,0.0714,0.4,0.3094,0.498,0,0
global,0.05,100vs100,1300,PAN2,100,80,200,0.01276187,2.14737,50,100,2,69,0.04,0.011,0.1346,0.69,0.5937,0.7722,0,0
global,0.1,100vs100,1300,PAN2,100,80,200,0.01276187,1.74608,50,100,3,78,0.06,0.0206,0.1622,0.78,0.6893,0.85,0,0
global,0.01,100vs100,1300,PAN1,100,40,100,0.01276187,3.24356,50,100,0,50,0.0,0.0,0.0714,0.5,0.4038,0.5962,0,0
global,0.05,100vs100,1300,PAN1,100,40,100,0.01276187,2.14737,50,100,0,73,0.0,0.0,0.0714,0.73,0.6357,0.8073,0,0
global,0.1,100vs100,1300,PAN1,100,40,100,0.01276187,1.74608,50,100,0,89,0.0,0.0,0.0714,0.89,0.8137,0.9375,0,0
global,0.01,100vs100,1300,PAN2,100,100,40,0.01276187,3.24356,50,100,0,4,0.0,0.0,0.0714,0.04,0.0157,0.0984,0,0
global,0.05,100vs100,1300,PAN2,100,100,40,0.01276187,2.14737,50,100,0,18,0.0,0.0,0.0714,0.18,0.117,0.2667,0,0
global,0.1,100vs100,1300,PAN2,100,100,40,0.01276187,1.74608,50,100,5,27,0.1,0.0435,0.2136,0.27,0.1927,0.3643,0,0
global,0.01,100vs100,1300,PAN1,100,40,120,0.01276187,3.24356,50,100,0,52,0.0,0.0,0.0714,0.52,0.4232,0.6154,0,0
global,0.05,100vs100,1300,PAN1,100,40,120,0.01276187,2.14737,50,100,0,82,0.0,0.0,0.0714,0.82,0.7333,0.883,0,0
global,0.1,100vs100,1300,PAN1,100,40,120,0.01276187,1.74608,50,100,0,91,0.0,0.0,0.0714,0.91,0.8377,0.9519,0,0
global,0.01,100vs100,1300,PAN2,100,120,40,0.01276187,3.24356,50,100,0,2,0.0,0.0,0.0714,0.02,0.0055,0.07,0,0
global,0.05,100vs100,1300,PAN2,100,120,40,0.01276187,2.14737,50,100,1,10,0.02,0.0035,0.105,0.1,0.0552,0.1744,0,0
global,0.1,100vs100,1300,PAN2,100,120,40,0.01276187,1.74608,50,100,2,19,0.04,0.011,0.1346,0.19,0.1251,0.2778,0,0
global,0.01,100vs100,1300,PAN1,100,40,140,0.01276187,3.24356,50,100,0,42,0.0,0.0,0.0714,0.42,0.328,0.5179,0,0
global,0.05,100vs100,1300,PAN1,100,40,140,0.01276187,2.14737,50,100,0,75,0.0,0.0,0.0714,0.75,0.657,0.8245,0,0
global,0.1,100vs100,1300,PAN1,100,40,140,0.01276187,1.74608,50,100,0,88,0.0,0.0,0.0714,0.88,0.8019,0.93,0,0
global,0.01,100vs100,1300,PAN2,100,140,40,0.01276187,3.24356,50,100,0,2,0.0,0.0,0.0714,0.02,0.0055,0.07,0,0
global,0.05,100vs100,1300,PAN2,100,140,40,0.01276187,2.14737,50,100,2,12,0.04,0.011,0.1346,0.12,0.07,0.1981,0,0
global,0.1,100vs100,1300,PAN2,100,140,40,0.01276187,1.74608,50,100,7,25,0.14,0.0695,0.2619,0.25,0.1755,0.343,0,0
global,0.01,100vs100,1300,PAN1,100,40,160,0.01276187,3.24356,50,100,0,44,0.0,0.0,0.0714,0.44,0.3467,0.5377,0,0
global,0.05,100vs100,1300,PAN1,100,40,160,0.01276187,2.14737,50,100,0,80,0.0,0.0,0.0714,0.8,0.7112,0.8666,0,0
global,0.1,100vs100,1300,PAN1,100,40,160,0.01276187,1.74608,50,100,0,88,0.0,0.0,0.0714,0.88,0.8019,0.93,0,0
global,0.01,100vs100,1300,PAN2,100,160,40,0.01276187,3.24356,50,100,0,4,0.0,0.0,0.0714,0.04,0.0157,0.0984,0,0
global,0.05,100vs100,1300,PAN2,100,160,40,0.01276187,2.14737,50,100,3,9,0.06,0.0206,0.1622,0.09,0.0481,0.1623,0,0
global,0.1,100vs100,1300,PAN2,100,160,40,0.01276187,1.74608,50,100,8,19,0.16,0.0834,0.2851,0.19,0.1251,0.2778,0,0
global,0.01,100vs100,1300,PAN1,100,40,180,0.01276187,3.24356,50,100,0,49,0.0,0.0,0.0714,0.49,0.3942,0.5865,0,0
global,0.05,100vs100,1300,PAN1,100,40,180,0.01276187,2.14737,50,100,0,71,0.0,0.0,0.0714,0.71,0.6146,0.7899,0,0
global,0.1,100vs100,1300,PAN1,100,40,180,0.01276187,1.74608,50,100,0,79,0.0,0.0,0.0714,0.79,0.7002,0.8583,0,0
global,0.01,100vs100,1300,PAN2,100,180,40,0.01276187,3.24356,50,100,1,2,0.02,0.0035,0.105,0.02,0.0055,0.07,0,0
global,0.05,100vs100,1300,PAN2,100,180,40,0.01276187,2.14737,50,100,2,9,0.04,0.011,0.1346,0.09,0.0481,0.1623,0,0
global,0.1,100vs100,1300,PAN2,100,180,40,0.01276187,1.74608,50,100,4,17,0.08,0.0315,0.1884,0.17,0.1089,0.2555,0,0
global,0.01,100vs100,1300,PAN1,100,40,20,0.01276187,3.24356,50,100,0,0,0.0,0.0,0.0714,0.0,0.0,0.037,0,0
global,0.05,100vs100,1300,PAN1,100,40,20,0.01276187,2.14737,50,100,0,2,0.0,0.0,0.0714,0.02,0.0055,0.07,0,0
global,0.1,100vs100,1300,PAN1,100,40,20,0.01276187,1.74608,50,100,0,4,0.0,0.0,0.0714,0.04,0.0157,0.0984,0,0
global,0.01,100vs100,1300,PAN2,100,20,40,0.01276187,3.24356,50,100,0,3,0.0,0.0,0.0714,0.03,0.0103,0.0845,0,0
global,0.05,100vs100,1300,PAN2,100,20,40,0.01276187,2.14737,50,100,0,19,0.0,0.0,0.0714,0.19,0.1251,0.2778,0,0
global,0.1,100vs100,1300,PAN2,100,20,40,0.01276187,1.74608,50,100,0,32,0.0,0.0,0.0714,0.32,0.2367,0.4166,0,0
global,0.01,100vs100,1300,PAN1,100,40,200,0.01276187,3.24356,50,100,0,45,0.0,0.0,0.0714,0.45,0.3561,0.5476,0,0
global,0.05,100vs100,1300,PAN1,100,40,200,0.01276187,2.14737,50,100,0,73,0.0,0.0,0.0714,0.73,0.6357,0.8073,0,0
global,0.1,100vs100,1300,PAN1,100,40,200,0.01276187,1.74608,50,100,0,89,0.0,0.0,0.0714,0.89,0.8137,0.9375,0,0
global,0.01,100vs100,1300,PAN2,100,200,40,0.01276187,3.24356,50,100,0,1,0.0,0.0,0.0714,0.01,0.0018,0.0545,0,0
global,0.05,100vs100,1300,PAN2,100,200,40,0.01276187,2.14737,50,100,3,7,0.06,0.0206,0.1622,0.07,0.0343,0.1375,0,0
global,0.1,100vs100,1300,PAN2,100,200,40,0.01276187,1.74608,50,100,7,20,0.14,0.0695,0.2619,0.2,0.1334,0.2888,0,0
global,0.01,100vs100,1300,PAN1,100,40,40,0.01276187,3.24356,50,100,0,11,0.0,0.0,0.0714,0.11,0.0625,0.1863,0,0
global,0.05,100vs100,1300,PAN1,100,40,40,0.01276187,2.14737,50,100,0,36,0.0,0.0,0.0714,0.36,0.2727,0.4576,0,0
global,0.1,100vs100,1300,PAN1,100,40,40,0.01276187,1.74608,50,100,0,49,0.0,0.0,0.0714,0.49,0.3942,0.5865,0,0
global,0.01,100vs100,1300,PAN2,100,40,40,0.01276187,3.24356,50,100,0,7,0.0,0.0,0.0714,0.07,0.0343,0.1375,0,0
global,0.05,100vs100,1300,PAN2,100,40,40,0.01276187,2.14737,50,100,0,22,0.0,0.0,0.0714,0.22,0.15,0.3107,0,0
global,0.1,100vs100,1300,PAN2,100,40,40,0.01276187,1.74608,50,100,0,35,0.0,0.0,0.0714,0.35,0.2636,0.4475,0,0
global,0.01,100vs100,1300,PAN1,100,40,60,0.01276187,3.24356,50,100,0,43,0.0,0.0,0.0714,0.43,0.3373,0.5278,0,0
global,0.05,100vs100,1300,PAN1,100,40,60,0.01276187,2.14737,50,100,0,74,0.0,0.0,0.0714,0.74,0.6463,0.816,0,0
global,0.1,100vs100,1300,PAN1,100,40,60,0.01276187,1.74608,50,100,0,82,0.0,0.0,0.0714,0.82,0.7333,0.883,0,0
global,0.01,100vs100,1300,PAN2,100,60,40,0.01276187,3.24356,50,100,0,9,0.0,0.0,0.0714,0.09,0.0481,0.1623,0,0
global,0.05,100vs100,1300,PAN2,100,60,40,0.01276187,2.14737,50,100,2,30,0.04,0.011,0.1346,0.3,0.2189,0.3959,0,0
global,0.1,100vs100,1300,PAN2,100,60,40,0.01276187,1.74608,50,100,5,48,0.1,0.0435,0.2136,0.48,0.3846,0.5768,0,0
global,0.01,100vs100,1300,PAN1,100,40,80,0.01276187,3.24356,50,100,0,51,0.0,0.0,0.0714,0.51,0.4135,0.6058,0,0
global,0.05,100vs100,1300,PAN1,100,40,80,0.01276187,2.14737,50,100,0,78,0.0,0.0,0.0714,0.78,0.6893,0.85,0,0
global,0.1,100vs100,1300,PAN1,100,40,80,0.01276187,1.74608,50,100,0,91,0.0,0.0,0.0714,0.91,0.8377,0.9519,0,0
global,0.01,100vs100,1300,PAN2,100,80,40,0.01276187,3.24356,50,100,0,2,0.0,0.0,0.0714,0.02,0.0055,0.07,0,0
global,0.05,100vs100,1300,PAN2,100,80,40,0.01276187,2.14737,50,100,2,16,0.04,0.011,0.1346,0.16,0.101,0.2442,0,0
global,0.1,100vs100,1300,PAN2,100,80,40,0.01276187,1.74608,50,100,3,27,0.06,0.0206,0.1622,0.27,0.1927,0.3643,0,0
global,0.01,100vs100,1300,PAN1,100,60,100,0.01276187,3.24356,50,100,0,36,0.0,0.0,0.0714,0.36,0.2727,0.4576,0,0
global,0.05,100vs100,1300,PAN1,100,60,100,0.01276187,2.14737,50,100,0,71,0.0,0.0,0.0714,0.71,0.6146,0.7899,0,0
global,0.1,100vs100,1300,PAN1,100,60,100,0.01276187,1.74608,50,100,1,83,0.02,0.0035,0.105,0.83,0.7445,0.8911,0,0
global,0.01,100vs100,1300,PAN2,100,100,60,0.01276187,3.24356,50,100,0,9,0.0,0.0,0.0714,0.09,0.0481,0.1623,0,0
global,0.05,100vs100,1300,PAN2,100,100,60,0.01276187,2.14737,50,100,0,42,0.0,0.0,0.0714,0.42,0.328,0.5179,0,0
global,0.1,100vs100,1300,PAN2,100,100,60,0.01276187,1.74608,50,100,5,51,0.1,0.0435,0.2136,0.51,0.4135,0.6058,0,0
global,0.01,100vs100,1300,PAN1,100,60,120,0.01276187,3.24356,50,100,0,37,0.0,0.0,0.0714,0.37,0.2818,0.4678,0,0
global,0.05,100vs100,1300,PAN1,100,60,120,0.01276187,2.14737,50,100,0,69,0.0,0.0,0.0714,0.69,0.5937,0.7722,0,0
global,0.1,100vs100,1300,PAN1,100,60,120,0.01276187,1.74608,50,100,1,78,0.02,0.0035,0.105,0.78,0.6893,0.85,0,0
global,0.01,100vs100,1300,PAN2,100,120,60,0.01276187,3.24356,50,100,0,5,0.0,0.0,0.0714,0.05,0.0215,0.1118,0,0
global,0.05,100vs100,1300,PAN2,100,120,60,0.01276187,2.14737,50,100,1,24,0.02,0.0035,0.105,0.24,0.1669,0.3323,0,0
global,0.1,100vs100,1300,PAN2,100,120,60,0.01276187,1.74608,50,100,2,37,0.04,0.011,0.1346,0.37,0.2818,0.4678,0,0
global,0.01,100vs100,1300,PAN1,100,60,140,0.01276187,3.24356,50,100,0,38,0.0,0.0,0.0714,0.38,0.291,0.4779,0,0
global,0.05,100vs100,1300,PAN1,100,60,140,0.01276187,2.14737,50,100,0,67,0.0,0.0,0.0714,0.67,0.5731,0.7544,0,0
global,0.1,100vs100,1300,PAN1,100,60,140,0.01276187,1.74608,50,100,1,76,0.02,0.0035,0.105,0.76,0.6677,0.8331,0,0
global,0.01,100vs100,1300,PAN2,100,140,60,0.01276187,3.24356,50,100,0,10,0.0,0.0,0.0714,0.1,0.0552,0.1744,0,0
global,0.05,100vs100,1300,PAN2,100,140,60,0.01276187,2.14737,50,100,2,26,0.04,0.011,0.1346,0.26,0.184,0.3537,0,0
global,0.1,100vs100,1300,PAN2,100,140,60,0.01276187,1.74608,50,100,7,37,0.14,0.0695,0.2619,0.37,0.2818,0.4678,0,0
global,0.01,100vs100,1300,PAN1,100,60,160,0.01276187,3.24356,50,100,0,34,0.0,0.0,0.0714,0.34,0.2546,0.4372,0,0
global,0.05,100vs100,1300,PAN1,100,60,160,0.01276187,2.14737,50,100,0,71,0.0,0.0,0.0714,0.71,0.6146,0.7899,0,0
global,0.1,100vs100,1300,PAN1,100,60,160,0.01276187,1.74608,50,100,1,80,0.02,0.0035,0.105,0.8,0.7112,0.8666,0,0
global,0.01,100vs100,1300,PAN2,100,160,60,0.01276187,3.24356,50,100,0,4,0.0,0.0,0.0714,0.04,0.0157,0.0984,0,0
global,0.05,100vs100,1300,PAN2,100,160,60,0.01276187,2.14737,50,100,3,22,0.06,0.0206,0.1622,0.22,0.15,0.3107,0,0
global,0.1,100vs100,1300,PAN2,100,160,60,0.01276187,1.74608,50,100,8,36,0.16,0.0834,0.2851,0.36,0.2727,0.4576,0,0
global,0.01,100vs100,1300,PAN1,100,60,180,0.01276187,3.24356,50,100,0,37,0.0,0.0,0.0714,0.37,0.2818,0.4678,0,0
global,0.05,100vs100,1300,PAN1,100,60,180,0.01276187,2.14737,50,100,0,59,0.0,0.0,0.0714,0.59,0.492,0.6813,0,0
global,0.1,100vs100,1300,PAN1,100,60,180,0.01276187,1.74608,50,100,1,69,0.02,0.0035,0.105,0.69,0.5937,0.7722,0,0
global,0.01,100vs100,1300,PAN2,100,180,60,0.01276187,3.24356,50,100,1,3,0.02,0.0035,0.105,0.03,0.0103,0.0845,0,0
global,0.05,100vs100,1300,PAN2,100,180,60,0.01276187,2.14737,50,100,2,17,0.04,0.011,0.1346,0.17,0.1089,0.2555,0,0
global,0.1,100vs100,1300,PAN2,100,180,60,0.01276187,1.74608,50,100,4,28,0.08,0.0315,0.1884,0.28,0.2014,0.3749,0,0
global,0.01,100vs100,1300,PAN1,100,60,20,0.01276187,3.24356,50,100,0,0,0.0,0.0,0.0714,0.0,0.0,0.037,0,0
global,0.05,100vs100,1300,PAN1,100,60,20,0.01276187,2.14737,50,100,0,3,0.0,0.0,0.0714,0.03,0.0103,0.0845,0,0
global,0.1,100vs100,1300,PAN1,100,60,20,0.01276187,1.74608,50,100,1,7,0.02,0.0035,0.105,0.07,0.0343,0.1375,0,0
global,0.01,100vs100,1300,PAN2,100,20,60,0.01276187,3.24356,50,100,0,34,0.0,0.0,0.0714,0.34,0.2546,0.4372,0,0
global,0.05,100vs100,1300,PAN2,100,20,60,0.01276187,2.14737,50,100,0,69,0.0,0.0,0.0714,0.69,0.5937,0.7722,0,0
global,0.1,100vs100,1300,PAN2,100,20,60,0.01276187,1.74608,50,100,0,82,0.0,0.0,0.0714,0.82,0.7333,0.883,0,0
global,0.01,100vs100,1300,PAN1,100,60,200,0.01276187,3.24356,50,100,0,35,0.0,0.0,0.0714,0.35,0.2636,0.4475,0,0
global,0.05,100vs100,1300,PAN1,100,60,200,0.01276187,2.14737,50,100,0,60,0.0,0.0,0.0714,0.6,0.502,0.6906,0,0
global,0.1,100vs100,1300,PAN1,100,60,200,0.01276187,1.74608,50,100,1,72,0.02,0.0035,0.105,0.72,0.6251,0.7986,0,0
global,0.01,100vs100,1300,PAN2,100,200,60,0.01276187,3.24356,50,100,0,6,0.0,0.0,0.0714,0.06,0.0278,0.1248,0,0
global,0.05,100vs100,1300,PAN2,100,200,60,0.01276187,2.14737,50,100,3,22,0.06,0.0206,0.1622,0.22,0.15,0.3107,0,0
global,0.1,100vs100,1300,PAN2,100,200,60,0.01276187,1.74608,50,100,7,28,0.14,0.0695,0.2619,0.28,0.2014,0.3749,0,0
global,0.01,100vs100,1300,PAN1,100,60,40,0.01276187,3.24356,50,100,0,7,0.0,0.0,0.0714,0.07,0.0343,0.1375,0,0
global,0.05,100vs100,1300,PAN1,100,60,40,0.01276187,2.14737,50,100,0,28,0.0,0.0,0.0714,0.28,0.2014,0.3749,0,0
global,0.1,100vs100,1300,PAN1,100,60,40,0.01276187,1.74608,50,100,1,52,0.02,0.0035,0.105,0.52,0.4232,0.6154,0,0
global,0.01,100vs100,1300,PAN2,100,40,60,0.01276187,3.24356,50,100,0,48,0.0,0.0,0.0714,0.48,0.3846,0.5768,0,0
global,0.05,100vs100,1300,PAN2,100,40,60,0.01276187,2.14737,50,100,0,73,0.0,0.0,0.0714,0.73,0.6357,0.8073,0,0
global,0.1,100vs100,1300,PAN2,100,40,60,0.01276187,1.74608,50,100,0,83,0.0,0.0,0.0714,0.83,0.7445,0.8911,0,0
global,0.01,100vs100,1300,PAN1,100,60,60,0.01276187,3.24356,50,100,0,39,0.0,0.0,0.0714,0.39,0.3002,0.488,0,0
global,0.05,100vs100,1300,PAN1,100,60,60,0.01276187,2.14737,50,100,0,73,0.0,0.0,0.0714,0.73,0.6357,0.8073,0,0
global,0.1,100vs100,1300,PAN1,100,60,60,0.01276187,1.74608,50,100,1,82,0.02,0.0035,0.105,0.82,0.7333,0.883,0,0
global,0.01,100vs100,1300,PAN2,100,60,60,0.01276187,3.24356,50,100,0,42,0.0,0.0,0.0714,0.42,0.328,0.5179,0,0
global,0.05,100vs100,1300,PAN2,100,60,60,0.01276187,2.14737,50,100,2,73,0.04,0.011,0.1346,0.73,0.6357,0.8073,0,0
global,0.1,100vs100,1300,PAN2,100,60,60,0.01276187,1.74608,50,100,5,81,0.1,0.0435,0.2136,0.81,0.7222,0.8749,0,0
global,0.01,100vs100,1300,PAN1,100,60,80,0.01276187,3.24356,50,100,0,43,0.0,0.0,0.0714,0.43,0.3373,0.5278,0,0
global,0.05,100vs100,1300,PAN1,100,60,80,0.01276187,2.14737,50,100,0,72,0.0,0.0,0.0714,0.72,0.6251,0.7986,0,0
global,0.1,100vs100,1300,PAN1,100,60,80,0.01276187,1.74608,50,100,1,85,0.02,0.0035,0.105,0.85,0.7672,0.9069,0,0
global,0.01,100vs100,1300,PAN2,100,80,60,0.01276187,3.24356,50,100,0,15,0.0,0.0,0.0714,0.15,0.0931,0.2328,0,0
global,0.05,100vs100,1300,PAN2,100,80,60,0.01276187,2.14737,50,100,2,41,0.04,0.011,0.1346,0.41,0.3187,0.508,0,0
global,0.1,100vs100,1300,PAN2,100,80,60,0.01276187,1.74608,50,100,3,58,0.06,0.0206,0.1622,0.58,0.4821,0.672,0,0
global,0.01,100vs100,1300,PAN1,100,80,100,0.01276187,3.24356,50,100,0,45,0.0,0.0,0.0714,0.45,0.3561,0.5476,0,0
global,0.05,100vs100,1300,PAN1,100,80,100,0.01276187,2.14737,50,100,5,71,0.1,0.0435,0.2136,0.71,0.6146,0.7899,0,0
global,0.1,100vs100,1300,PAN1,100,80,100,0.01276187,1.74608,50,100,8,87,0.16,0.0834,0.2851,0.87,0.7902,0.9224,0,0
global,0.01,100vs100,1300,PAN2,100,100,80,0.01276187,3.24356,50,100,0,41,0.0,0.0,0.0714,0.41,0.3187,0.508,0,0
global,0.05,100vs100,1300,PAN2,100,100,80,0.01276187,2.14737,50,100,0,73,0.0,0.0,0.0714,0.73,0.6357,0.8073,0,0
global,0.1,100vs100,1300,PAN2,100,100,80,0.01276187,1.74608,50,100,5,86,0.1,0.0435,0.2136,0.86,0.7786,0.9147,0,0
global,0.01,100vs100,1300,PAN1,100,80,120,0.01276187,3.24356,50,100,0,44,0.0,0.0,0.0714,0.44,0.3467,0.5377,0,0
global,0.05,100vs100,1300,PAN1,100,80,120,0.01276187,2.14737,50,100,5,71,0.1,0.0435,0.2136,0.71,0.6146,0.7899,0,0
global,0.1,100vs100,1300,PAN1,100,80,120,0.01276187,1.74608,50,100,8,80,0.16,0.0834,0.2851,0.8,0.7112,0.8666,0,0
global,0.01,100vs100,1300,PAN2,100,120,80,0.01276187,3.24356,50,100,0,38,0.0,0.0,0.0714,0.38,0.291,0.4779,0,0
global,0.05,100vs100,1300,PAN2,100,120,80,0.01276187,2.14737,50,100,1,59,0.02,0.0035,0.105,0.59,0.492,0.6813,0,0
global,0.1,100vs100,1300,PAN2,100,120,80,0.01276187,1.74608,50,100,2,73,0.04,0.011,0.1346,0.73,0.6357,0.8073,0,0
global,0.01,100vs100,1300,PAN1,100,80,140,0.01276187,3.24356,50,100,0,42,0.0,0.0,0.0714,0.42,0.328,0.5179,0,0
global,0.05,100vs100,1300,PAN1,100,80,140,0.01276187,2.14737,50,100,5,67,0.1,0.0435,0.2136,0.67,0.5731,0.7544,0,0
global,0.1,100vs100,1300,PAN1,100,80,140,0.01276187,1.74608,50,100,8,73,0.16,0.0834,0.2851,0.73,0.6357,0.8073,0,0
global,0.01,100vs100,1300,PAN2,100,140,80,0.01276187,3.24356,50,100,0,34,0.0,0.0,0.0714,0.34,0.2546,0.4372,0,0
global,0.05,100vs100,1300,PAN2,100,140,80,0.01276187,2.14737,50,100,2,61,0.04,0.011,0.1346,0.61,0.512,0.6998,0,0
global,0.1,100vs100,1300,PAN2,100,140,80,0.01276187,1.74608,50,100,7,76,0.14,0.0695,0.2619,0.76,0.6677,0.8331,0,0
global,0.01,100vs100,1300,PAN1,100,80,160,0.01276187,3.24356,50,99,0,46,0.0,0.0,0.0714,0.4646,0.3696,0.5624,0,0
global,0.05,100vs100,1300,PAN1,100,80,160,0.01276187,2.14737,50,99,5,66,0.1,0.0435,0.2136,0.6667,0.5691,0.7518,0,0
global,0.1,100vs100,1300,PAN1,100,80,160,0.01276187,1.74608,50,99,8,74,0.16,0.0834,0.2851,0.7475,0.6538,0.8227,0,0
global,0.01,100vs100,1300,PAN2,100,160,80,0.01276187,3.24356,50,99,0,23,0.0,0.0,0.0714,0.2323,0.1601,0.3246,0,0
global,0.05,100vs100,1300,PAN2,100,160,80,0.01276187,2.14737,50,99,3,58,0.06,0.0206,0.1622,0.5859,0.4874,0.6779,0,0
global,0.1,100vs100,1300,PAN2,100,160,80,0.01276187,1.74608,50,99,8,75,0.16,0.0834,0.2851,0.7576,0.6646,0.8313,0,0
global,0.01,100vs100,1300,PAN1,100,80,180,0.01276187,3.24356,50,100,0,43,0.0,0.0,0.0714,0.43,0.3373,0.5278,0,0
global,0.05,100vs100,1300,PAN1,100,80,180,0.01276187,2.14737,50,100,5,65,0.1,0.0435,0.2136,0.65,0.5525,0.7364,0,0
global,0.1,100vs100,1300,PAN1,100,80,180,0.01276187,1.74608,50,100,8,77,0.16,0.0834,0.2851,0.77,0.6785,0.8416,0,0
global,0.01,100vs100,1300,PAN2,100,180,80,0.01276187,3.24356,50,100,1,28,0.02,0.0035,0.105,0.28,0.2014,0.3749,0,0
global,0.05,100vs100,1300,PAN2,100,180,80,0.01276187,2.14737,50,100,2,57,0.04,0.011,0.1346,0.57,0.4722,0.6627,0,0
global,0.1,100vs100,1300,PAN2,100,180,80,0.01276187,1.74608,50,100,4,72,0.08,0.0315,0.1884,0.72,0.6251,0.7986,0,0
global,0.01,100vs100,1300,PAN1,100,80,20,0.01276187,3.24356,50,100,0,3,0.0,0.0,0.0714,0.03,0.0103,0.0845,0,0
global,0.05,100vs100,1300,PAN1,100,80,20,0.01276187,2.14737,50,100,5,8,0.1,0.0435,0.2136,0.08,0.0411,0.15,0,0
global,0.1,100vs100,1300,PAN1,100,80,20,0.01276187,1.74608,50,100,8,16,0.16,0.0834,0.2851,0.16,0.101,0.2442,0,0
global,0.01,100vs100,1300,PAN2,100,20,80,0.01276187,3.24356,50,100,0,56,0.0,0.0,0.0714,0.56,0.4623,0.6533,0,0
global,0.05,100vs100,1300,PAN2,100,20,80,0.01276187,2.14737,50,100,0,81,0.0,0.0,0.0714,0.81,0.7222,0.8749,0,0
global,0.1,100vs100,1300,PAN2,100,20,80,0.01276187,1.74608,50,100,0,92,0.0,0.0,0.0714,0.92,0.85,0.9589,0,0
global,0.01,100vs100,1300,PAN1,100,80,200,0.01276187,3.24356,50,100,0,34,0.0,0.0,0.0714,0.34,0.2546,0.4372,0,0
global,0.05,100vs100,1300,PAN1,100,80,200,0.01276187,2.14737,50,100,5,61,0.1,0.0435,0.2136,0.61,0.512,0.6998,0,0
global,0.1,100vs100,1300,PAN1,100,80,200,0.01276187,1.74608,50,100,8,73,0.16,0.0834,0.2851,0.73,0.6357,0.8073,0,0
global,0.01,100vs100,1300,PAN2,100,200,80,0.01276187,3.24356,50,99,0,21,0.0,0.0,0.0714,0.2121,0.1431,0.3026,0,0
global,0.05,100vs100,1300,PAN2,100,200,80,0.01276187,2.14737,50,99,3,51,0.06,0.0206,0.1622,0.5152,0.418,0.6112,0,0
global,0.1,100vs100,1300,PAN2,100,200,80,0.01276187,1.74608,50,99,7,65,0.14,0.0695,0.2619,0.6566,0.5588,0.7427,0,0
global,0.01,100vs100,1300,PAN1,100,80,40,0.01276187,3.24356,50,100,0,2,0.0,0.0,0.0714,0.02,0.0055,0.07,0,0
global,0.05,100vs100,1300,PAN1,100,80,40,0.01276187,2.14737,50,100,5,13,0.1,0.0435,0.2136,0.13,0.0776,0.2098,0,0
global,0.1,100vs100,1300,PAN1,100,80,40,0.01276187,1.74608,50,100,8,21,0.16,0.0834,0.2851,0.21,0.1417,0.2998,0,0
global,0.01,100vs100,1300,PAN2,100,40,80,0.01276187,3.24356,50,100,0,53,0.0,0.0,0.0714,0.53,0.4329,0.6249,0,0
global,0.05,100vs100,1300,PAN2,100,40,80,0.01276187,2.14737,50,100,0,86,0.0,0.0,0.0714,0.86,0.7786,0.9147,0,0
global,0.1,100vs100,1300,PAN2,100,40,80,0.01276187,1.74608,50,100,0,92,0.0,0.0,0.0714,0.92,0.85,0.9589,0,0
global,0.01,100vs100,1300,PAN1,100,80,60,0.01276187,3.24356,50,99,0,21,0.0,0.0,0.0714,0.2121,0.1431,0.3026,0,0
global,0.05,100vs100,1300,PAN1,100,80,60,0.01276187,2.14737,50,99,5,43,0.1,0.0435,0.2136,0.4343,0.341,0.5326,0,0
global,0.1,100vs100,1300,PAN1,100,80,60,0.01276187,1.74608,50,99,8,59,0.16,0.0834,0.2851,0.596,0.4975,0.6873,0,0
global,0.01,100vs100,1300,PAN2,100,60,80,0.01276187,3.24356,50,100,0,48,0.0,0.0,0.0714,0.48,0.3846,0.5768,0,0
global,0.05,100vs100,1300,PAN2,100,60,80,0.01276187,2.14737,50,100,2,74,0.04,0.011,0.1346,0.74,0.6463,0.816,0,0
global,0.1,100vs100,1300,PAN2,100,60,80,0.01276187,1.74608,50,100,5,85,0.1,0.0435,0.2136,0.85,0.7672,0.9069,0,0
global,0.01,100vs100,1300,PAN1,100,80,80,0.01276187,3.24356,50,100,0,52,0.0,0.0,0.0714,0.52,0.4232,0.6154,0,0
global,0.05,100vs100,1300,PAN1,100,80,80,0.01276187,2.14737,50,100,5,75,0.1,0.0435,0.2136,0.75,0.657,0.8245,0,0
global,0.1,100vs100,1300,PAN1,100,80,80,0.01276187,1.74608,50,100,8,88,0.16,0.0834,0.2851,0.88,0.8019,0.93,0,0
global,0.01,100vs100,1300,PAN2,100,80,80,0.01276187,3.24356,50,100,0,52,0.0,0.0,0.0714,0.52,0.4232,0.6154,0,0
global,0.05,100vs100,1300,PAN2,100,80,80,0.01276187,2.14737,50,100,2,78,0.04,0.011,0.1346,0.78,0.6893,0.85,0,0
global,0.1,100vs100,1300,PAN2,100,80,80,0.01276187,1.74608,50,100,3,86,0.06,0.0206,0.1622,0.86,0.7786,0.9147,0,0
global,0.01,100vs200,1300,PAN1,100,100,100,0.01276187,3.24356,50,100,0,33,0.0,0.0,0.0714,0.33,0.2456,0.4269,0,0
global,0.05,100vs200,1300,PAN1,100,100,100,0.01276187,2.14737,50,100,1,57,0.02,0.0035,0.105,0.57,0.4722,0.6627,0,0
global,0.1,100vs200,1300,PAN1,100,100,100,0.01276187,1.74608,50,100,4,74,0.08,0.0315,0.1884,0.74,0.6463,0.816,0,0
global,0.01,100vs200,1300,PAN2,200,100,100,0.01276187,3.24356,50,100,1,21,0.02,0.0035,0.105,0.21,0.1417,0.2998,0,0
global,0.05,100vs200,1300,PAN2,200,100,100,0.01276187,2.14737,50,100,2,60,0.04,0.011,0.1346,0.6,0.502,0.6906,0,0
global,0.1,100vs200,1300,PAN2,200,100,100,0.01276187,1.74608,50,100,2,72,0.04,0.011,0.1346,0.72,0.6251,0.7986,0,0
global,0.01,100vs200,1300,PAN1,100,100,120,0.01276187,3.24356,50,100,0,34,0.0,0.0,0.0714,0.34,0.2546,0.4372,0,0
global,0.05,100vs200,1300,PAN1,100,100,120,0.01276187,2.14737,50,100,1,60,0.02,0.0035,0.105,0.6,0.502,0.6906,0,0
global,0.1,100vs200,1300,PAN1,100,100,120,0.01276187,1.74608,50,100,4,66,0.08,0.0315,0.1884,0.66,0.5628,0.7454,0,0
global,0.01,100vs200,1300,PAN2,200,120,100,0.01276187,3.24356,50,100,1,13,0.02,0.0035,0.105,0.13,0.0776,0.2098,0,0
global,0.05,100vs200,1300,PAN2,200,120,100,0.01276187,2.14737,50,100,1,45,0.02,0.0035,0.105,0.45,0.3561,0.5476,0,0
global,0.1,100vs200,1300,PAN2,200,120,100,0.01276187,1.74608,50,100,1,59,0.02,0.0035,0.105,0.59,0.492,0.6813,0,0
global,0.01,100vs200,1300,PAN1,100,100,140,0.01276187,3.24356,50,100,0,32,0.0,0.0,0.0714,0.32,0.2367,0.4166,0,0
global,0.05,100vs200,1300,PAN1,100,100,140,0.01276187,2.14737,50,100,1,63,0.02,0.0035,0.105,0.63,0.5322,0.7182,0,0
global,0.1,100vs200,1300,PAN1,100,100,140,0.01276187,1.74608,50,100,4,76,0.08,0.0315,0.1884,0.76,0.6677,0.8331,0,0
global,0.01,100vs200,1300,PAN2,200,140,100,0.01276187,3.24356,50,100,1,13,0.02,0.0035,0.105,0.13,0.0776,0.2098,0,0
global,0.05,100vs200,1300,PAN2,200,140,100,0.01276187,2.14737,50,100,2,42,0.04,0.011,0.1346,0.42,0.328,0.5179,0,0
global,0.1,100vs200,1300,PAN2,200,140,100,0.01276187,1.74608,50,100,3,61,0.06,0.0206,0.1622,0.61,0.512,0.6998,0,0
global,0.01,100vs200,1300,PAN1,100,100,160,0.01276187,3.24356,50,100,0,33,0.0,0.0,0.0714,0.33,0.2456,0.4269,0,0
global,0.05,100vs200,1300,PAN1,100,100,160,0.01276187,2.14737,50,100,1,55,0.02,0.0035,0.105,0.55,0.4524,0.6439,0,0
global,0.1,100vs200,1300,PAN1,100,100,160,0.01276187,1.74608,50,100,4,71,0.08,0.0315,0.1884,0.71,0.6146,0.7899,0,0
global,0.01,100vs200,1300,PAN2,200,160,100,0.01276187,3.24356,50,100,0,14,0.0,0.0,0.0714,0.14,0.0853,0.2214,0,0
global,0.05,100vs200,1300,PAN2,200,160,100,0.01276187,2.14737,50,100,2,37,0.04,0.011,0.1346,0.37,0.2818,0.4678,0,0
global,0.1,100vs200,1300,PAN2,200,160,100,0.01276187,1.74608,50,100,4,56,0.08,0.0315,0.1884,0.56,0.4623,0.6533,0,0
global,0.01,100vs200,1300,PAN1,100,100,180,0.01276187,3.24356,50,100,0,33,0.0,0.0,0.0714,0.33,0.2456,0.4269,0,0
global,0.05,100vs200,1300,PAN1,100,100,180,0.01276187,2.14737,50,100,1,57,0.02,0.0035,0.105,0.57,0.4722,0.6627,0,0
global,0.1,100vs200,1300,PAN1,100,100,180,0.01276187,1.74608,50,100,4,66,0.08,0.0315,0.1884,0.66,0.5628,0.7454,0,0
global,0.01,100vs200,1300,PAN2,200,180,100,0.01276187,3.24356,50,100,1,8,0.02,0.0035,0.105,0.08,0.0411,0.15,0,0
global,0.05,100vs200,1300,PAN2,200,180,100,0.01276187,2.14737,50,100,3,31,0.06,0.0206,0.1622,0.31,0.2278,0.4063,0,0
global,0.1,100vs200,1300,PAN2,200,180,100,0.01276187,1.74608,50,100,4,44,0.08,0.0315,0.1884,0.44,0.3467,0.5377,0,0
global,0.01,100vs200,1300,PAN1,100,100,20,0.01276187,3.24356,50,100,0,0,0.0,0.0,0.0714,0.0,0.0,0.037,0,0
global,0.05,100vs200,1300,PAN1,100,100,20,0.01276187,2.14737,50,100,1,4,0.02,0.0035,0.105,0.04,0.0157,0.0984,0,0
global,0.1,100vs200,1300,PAN1,100,100,20,0.01276187,1.74608,50,100,4,12,0.08,0.0315,0.1884,0.12,0.07,0.1981,0,0
global,0.01,100vs200,1300,PAN2,200,20,100,0.01276187,3.24356,50,100,0,19,0.0,0.0,0.0714,0.19,0.1251,0.2778,0,0
global,0.05,100vs200,1300,PAN2,200,20,100,0.01276187,2.14737,50,100,0,51,0.0,0.0,0.0714,0.51,0.4135,0.6058,0,0
global,0.1,100vs200,1300,PAN2,200,20,100,0.01276187,1.74608,50,100,0,65,0.0,0.0,0.0714,0.65,0.5525,0.7364,0,0
global,0.01,100vs200,1300,PAN1,100,100,200,0.01276187,3.24356,50,100,0,27,0.0,0.0,0.0714,0.27,0.1927,0.3643,0,0
global,0.05,100vs200,1300,PAN1,100,100,200,0.01276187,2.14737,50,100,1,62,0.02,0.0035,0.105,0.62,0.5221,0.709,0,0
global,0.1,100vs200,1300,PAN1,100,100,200,0.01276187,1.74608,50,100,4,72,0.08,0.0315,0.1884,0.72,0.6251,0.7986,0,0
global,0.01,100vs200,1300,PAN2,200,200,100,0.01276187,3.24356,50,100,1,10,0.02,0.0035,0.105,0.1,0.0552,0.1744,0,0
global,0.05,100vs200,1300,PAN2,200,200,100,0.01276187,2.14737,50,100,4,32,0.08,0.0315,0.1884,0.32,0.2367,0.4166,0,0
global,0.1,100vs200,1300,PAN2,200,200,100,0.01276187,1.74608,50,100,5,49,0.1,0.0435,0.2136,0.49,0.3942,0.5865,0,0
global,0.01,100vs200,1300,PAN1,100,100,40,0.01276187,3.24356,50,100,0,2,0.0,0.0,0.0714,0.02,0.0055,0.07,0,0
global,0.05,100vs200,1300,PAN1,100,100,40,0.01276187,2.14737,50,100,1,9,0.02,0.0035,0.105,0.09,0.0481,0.1623,0,0
global,0.1,100vs200,1300,PAN1,100,100,40,0.01276187,1.74608,50,100,4,26,0.08,0.0315,0.1884,0.26,0.184,0.3537,0,0
global,0.01,100vs200,1300,PAN2,200,40,100,0.01276187,3.24356,50,100,0,29,0.0,0.0,0.0714,0.29,0.2101,0.3854,0,0
global,0.05,100vs200,1300,PAN2,200,40,100,0.01276187,2.14737,50,100,0,55,0.0,0.0,0.0714,0.55,0.4524,0.6439,0,0
global,0.1,100vs200,1300,PAN2,200,40,100,0.01276187,1.74608,50,100,0,73,0.0,0.0,0.0714,0.73,0.6357,0.8073,0,0
global,0.01,100vs200,1300,PAN1,100,100,60,0.01276187,3.24356,50,100,0,10,0.0,0.0,0.0714,0.1,0.0552,0.1744,0,0
global,0.05,100vs200,1300,PAN1,100,100,60,0.01276187,2.14737,50,100,1,32,0.02,0.0035,0.105,0.32,0.2367,0.4166,0,0
global,0.1,100vs200,1300,PAN1,100,100,60,0.01276187,1.74608,50,100,4,46,0.08,0.0315,0.1884,0.46,0.3656,0.5574,0,0
global,0.01,100vs200,1300,PAN2,200,60,100,0.01276187,3.24356,50,100,0,19,0.0,0.0,0.0714,0.19,0.1251,0.2778,0,0
global,0.05,100vs200,1300,PAN2,200,60,100,0.01276187,2.14737,50,100,0,57,0.0,0.0,0.0714,0.57,0.4722,0.6627,0,0
global,0.1,100vs200,1300,PAN2,200,60,100,0.01276187,1.74608,50,100,1,75,0.02,0.0035,0.105,0.75,0.657,0.8245,0,0
global,0.01,100vs200,1300,PAN1,100,100,80,0.01276187,3.24356,50,100,0,37,0.0,0.0,0.0714,0.37,0.2818,0.4678,0,0
global,0.05,100vs200,1300,PAN1,100,100,80,0.01276187,2.14737,50,100,1,65,0.02,0.0035,0.105,0.65,0.5525,0.7364,0,0
global,0.1,100vs200,1300,PAN1,100,100,80,0.01276187,1.74608,50,100,4,78,0.08,0.0315,0.1884,0.78,0.6893,0.85,0,0
global,0.01,100vs200,1300,PAN2,200,80,100,0.01276187,3.24356,50,100,0,27,0.0,0.0,0.0714,0.27,0.1927,0.3643,0,0
global,0.05,100vs200,1300,PAN2,200,80,100,0.01276187,2.14737,50,100,0,64,0.0,0.0,0.0714,0.64,0.5424,0.7273,0,0
global,0.1,100vs200,1300,PAN2,200,80,100,0.01276187,1.74608,50,100,2,77,0.04,0.011,0.1346,0.77,0.6785,0.8416,0,0
global,0.01,100vs200,1300,PAN1,100,120,100,0.01276187,3.24356,50,100,0,34,0.0,0.0,0.0714,0.34,0.2546,0.4372,0,0
global,0.05,100vs200,1300,PAN1,100,120,100,0.01276187,2.14737,50,100,2,59,0.04,0.011,0.1346,0.59,0.492,0.6813,0,0
global,0.1,100vs200,1300,PAN1,100,120,100,0.01276187,1.74608,50,100,3,71,0.06,0.0206,0.1622,0.71,0.6146,0.7899,0,0
global,0.01,100vs200,1300,PAN2,200,100,120,0.01276187,3.24356,50,100,1,18,0.02,0.0035,0.105,0.18,0.117,0.2667,0,0
global,0.05,100vs200,1300,PAN2,200,100,120,0.01276187,2.14737,50,100,2,51,0.04,0.011,0.1346,0.51,0.4135,0.6058,0,0
global,0.1,100vs200,1300,PAN2,200,100,120,0.01276187,1.74608,50,100,2,69,0.04,0.011,0.1346,0.69,0.5937,0.7722,0,0
global,0.01,100vs200,1300,PAN1,100,120,120,0.01276187,3.24356,50,99,0,31,0.0,0.0,0.0714,0.3131,0.2302,0.41,0,0
global,0.05,100vs200,1300,PAN1,100,120,120,0.01276187,2.14737,50,99,2,53,0.04,0.011,0.1346,0.5354,0.4376,0.6304,0,0
global,0.1,100vs200,1300,PAN1,100,120,120,0.01276187,1.74608,50,99,3,70,0.06,0.0206,0.1622,0.7071,0.611,0.7876,0,0
global,0.01,100vs200,1300,PAN2,200,120,120,0.01276187,3.24356,50,100,1,14,0.02,0.0035,0.105,0.14,0.0853,0.2214,0,0
global,0.05,100vs200,1300,PAN2,200,120,120,0.01276187,2.14737,50,100,1,48,0.02,0.0035,0.105,0.48,0.3846,0.5768,0,0
global,0.1,100vs200,1300,PAN2,200,120,120,0.01276187,1.74608,50,100,1,67,0.02,0.0035,0.105,0.67,0.5731,0.7544,0,0
global,0.01,100vs200,1300,PAN1,100,120,140,0.01276187,3.24356,50,100,0,31,0.0,0.0,0.0714,0.31,0.2278,0.4063,0,0
global,0.05,100vs200,1300,PAN1,100,120,140,0.01276187,2.14737,50,100,2,56,0.04,0.011,0.1346,0.56,0.4623,0.6533,0,0
global,0.1,100vs200,1300,PAN1,100,120,140,0.01276187,1.74608,50,100,3,68,0.06,0.0206,0.1622,0.68,0.5834,0.7633,0,0
global,0.01,100vs200,1300,PAN2,200,140,120,0.01276187,3.24356,50,100,1,13,0.02,0.0035,0.105,0.13,0.0776,0.2098,0,0
global,0.05,100vs200,1300,PAN2,200,140,120,0.01276187,2.14737,50,100,2,43,0.04,0.011,0.1346,0.43,0.3373,0.5278,0,0
global,0.1,100vs200,1300,PAN2,200,140,120,0.01276187,1.74608,50,100,3,60,0.06,0.0206,0.1622,0.6,0.502,0.6906,0,0
global,0.01,100vs200,1300,PAN1,100,120,160,0.01276187,3.24356,50,99,0,31,0.0,0.0,0.0714,0.3131,0.2302,0.41,0,0
global,0.05,100vs200,1300,PAN1,100,120,160,0.01276187,2.14737,50,99,2,62,0.04,0.011,0.1346,0.6263,0.5279,0.7152,0,0
global,0.1,100vs200,1300,PAN1,100,120,160,0.01276187,1.74608,50,99,3,74,0.06,0.0206,0.1622,0.7475,0.6538,0.8227,0,0
global,0.01,100vs200,1300,PAN2,200,160,120,0.01276187,3.24356,50,100,0,7,0.0,0.0,0.0714,0.07,0.0343,0.1375,0,0
global,0.05,100vs200,1300,PAN2,200,160,120,0.01276187,2.14737,50,100,2,37,0.04,0.011,0.1346,0.37,0.2818,0.4678,0,0
global,0.1,100vs200,1300,PAN2,200,160,120,0.01276187,1.74608,50,100,4,58,0.08,0.0315,0.1884,0.58,0.4821,0.672,0,0
global,0.01,100vs200,1300,PAN1,100,120,180,0.01276187,3.24356,50,100,0,33,0.0,0.0,0.0714,0.33,0.2456,0.4269,0,0
global,0.05,100vs200,1300,PAN1,100,120,180,0.01276187,2.14737,50,100,2,57,0.04,0.011,0.1346,0.57,0.4722,0.6627,0,0
global,0.1,100vs200,1300,PAN1,100,120,180,0.01276187,1.74608,50,100,3,66,0.06,0.0206,0.1622,0.66,0.5628,0.7454,0,0
global,0.01,100vs200,1300,PAN2,200,180,120,0.01276187,3.24356,50,100,1,6,0.02,0.0035,0.105,0.06,0.0278,0.1248,0,0
global,0.05,100vs200,1300,PAN2,200,180,120,0.01276187,2.14737,50,100,3,29,0.06,0.0206,0.1622,0.29,0.2101,0.3854,0,0
global,0.1,100vs200,1300,PAN2,200,180,120,0.01276187,1.74608,50,100,4,48,0.08,0.0315,0.1884,0.48,0.3846,0.5768,0,0
global,0.01,100vs200,1300,PAN1,100,120,20,0.01276187,3.24356,50,100,0,0,0.0,0.0,0.0714,0.0,0.0,0.037,0,0
global,0.05,100vs200,1300,PAN1,100,120,20,0.01276187,2.14737,50,100,2,4,0.04,0.011,0.1346,0.04,0.0157,0.0984,0,0
global,0.1,100vs200,1300,PAN1,100,120,20,0.01276187,1.74608,50,100,3,9,0.06,0.0206,0.1622,0.09,0.0481,0.1623,0,0
global,0.01,100vs200,1300,PAN2,200,20,120,0.01276187,3.24356,50,100,0,22,0.0,0.0,0.0714,0.22,0.15,0.3107,0,0
global,0.05,100vs200,1300,PAN2,200,20,120,0.01276187,2.14737,50,100,0,49,0.0,0.0,0.0714,0.49,0.3942,0.5865,0,0
global,0.1,100vs200,1300,PAN2,200,20,120,0.01276187,1.74608,50,100,0,70,0.0,0.0,0.0714,0.7,0.6041,0.7811,0,0
global,0.01,100vs200,1300,PAN1,100,120,200,0.01276187,3.24356,50,100,0,28,0.0,0.0,0.0714,0.28,0.2014,0.3749,0,0
global,0.05,100vs200,1300,PAN1,100,120,200,0.01276187,2.14737,50,100,2,57,0.04,0.011,0.1346,0.57,0.4722,0.6627,0,0
global,0.1,100vs200,1300,PAN1,100,120,200,0.01276187,1.74608,50,100,3,70,0.06,0.0206,0.1622,0.7,0.6041,0.7811,0,0
global,0.01,100vs200,1300,PAN2,200,200,120,0.01276187,3.24356,50,100,1,6,0.02,0.0035,0.105,0.06,0.0278,0.1248,0,0
global,0.05,100vs200,1300,PAN2,200,200,120,0.01276187,2.14737,50,100,4,33,0.08,0.0315,0.1884,0.33,0.2456,0.4269,0,0
global,0.1,100vs200,1300,PAN2,200,200,120,0.01276187,1.74608,50,100,5,52,0.1,0.0435,0.2136,0.52,0.4232,0.6154,0,0
global,0.01,100vs200,1300,PAN1,100,120,40,0.01276187,3.24356,50,100,0,0,0.0,0.0,0.0714,0.0,0.0,0.037,0,0
global,0.05,100vs200,1300,PAN1,100,120,40,0.01276187,2.14737,50,100,2,6,0.04,0.011,0.1346,0.06,0.0278,0.1248,0,0
global,0.1,100vs200,1300,PAN1,100,120,40,0.01276187,1.74608,50,100,3,17,0.06,0.0206,0.1622,0.17,0.1089,0.2555,0,0
global,0.01,100vs200,1300,PAN2,200,40,120,0.01276187,3.24356,50,100,0,27,0.0,0.0,0.0714,0.27,0.1927,0.3643,0,0
global,0.05,100vs200,1300,PAN2,200,40,120,0.01276187,2.14737,50,100,0,61,0.0,0.0,0.0714,0.61,0.512,0.6998,0,0
global,0.1,100vs200,1300,PAN2,200,40,120,0.01276187,1.74608,50,100,0,69,0.0,0.0,0.0714,0.69,0.5937,0.7722,0,0
global,0.01,100vs200,1300,PAN1,100,120,60,0.01276187,3.24356,50,100,0,4,0.0,0.0,0.0714,0.04,0.0157,0.0984,0,0
global,0.05,100vs200,1300,PAN1,100,120,60,0.01276187,2.14737,50,100,2,22,0.04,0.011,0.1346,0.22,0.15,0.3107,0,0
global,0.1,100vs200,1300,PAN1,100,120,60,0.01276187,1.74608,50,100,3,32,0.06,0.0206,0.1622,0.32,0.2367,0.4166,0,0
global,0.01,100vs200,1300,PAN2,200,60,120,0.01276187,3.24356,50,100,0,25,0.0,0.0,0.0714,0.25,0.1755,0.343,0,0
global,0.05,100vs200,1300,PAN2,200,60,120,0.01276187,2.14737,50,100,0,57,0.0,0.0,0.0714,0.57,0.4722,0.6627,0,0
global,0.1,100vs200,1300,PAN2,200,60,120,0.01276187,1.74608,50,100,1,76,0.02,0.0035,0.105,0.76,0.6677,0.8331,0,0
global,0.01,100vs200,1300,PAN1,100,120,80,0.01276187,3.24356,50,99,0,35,0.0,0.0,0.0714,0.3535,0.2664,0.4516,0,0
global,0.05,100vs200,1300,PAN1,100,120,80,0.01276187,2.14737,50,99,2,55,0.04,0.011,0.1346,0.5556,0.4574,0.6495,0,0
global,0.1,100vs200,1300,PAN1,100,120,80,0.01276187,1.74608,50,99,3,67,0.06,0.0206,0.1622,0.6768,0.5795,0.7608,0,0
global,0.01,100vs200,1300,PAN2,200,80,120,0.01276187,3.24356,50,100,0,24,0.0,0.0,0.0714,0.24,0.1669,0.3323,0,0
global,0.05,100vs200,1300,PAN2,200,80,120,0.01276187,2.14737,50,100,0,63,0.0,0.0,0.0714,0.63,0.5322,0.7182,0,0
global,0.1,100vs200,1300,PAN2,200,80,120,0.01276187,1.74608,50,100,2,81,0.04,0.011,0.1346,0.81,0.7222,0.8749,0,0
global,0.01,100vs200,1300,PAN1,100,140,100,0.01276187,3.24356,50,100,0,26,0.0,0.0,0.0714,0.26,0.184,0.3537,0,0
global,0.05,100vs200,1300,PAN1,100,140,100,0.01276187,2.14737,50,100,2,56,0.04,0.011,0.1346,0.56,0.4623,0.6533,0,0
global,0.1,100vs200,1300,PAN1,100,140,100,0.01276187,1.74608,50,100,4,69,0.08,0.0315,0.1884,0.69,0.5937,0.7722,0,0
global,0.01,100vs200,1300,PAN2,200,100,140,0.01276187,3.24356,50,100,1,13,0.02,0.0035,0.105,0.13,0.0776,0.2098,0,0
global,0.05,100vs200,1300,PAN2,200,100,140,0.01276187,2.14737,50,100,2,58,0.04,0.011,0.1346,0.58,0.4821,0.672,0,0
global,0.1,100vs200,1300,PAN2,200,100,140,0.01276187,1.74608,50,100,2,73,0.04,0.011,0.1346,0.73,0.6357,0.8073,0,0
global,0.01,100vs200,1300,PAN1,100,140,120,0.01276187,3.24356,50,100,0,23,0.0,0.0,0.0714,0.23,0.1584,0.3215,0,0
global,0.05,100vs200,1300,PAN1,100,140,120,0.01276187,2.14737,50,100,2,45,0.04,0.011,0.1346,0.45,0.3561,0.5476,0,0
global,0.1,100vs200,1300,PAN1,100,140,120,0.01276187,1.74608,50,100,4,56,0.08,0.0315,0.1884,0.56,0.4623,0.6533,0,0
global,0.01,100vs200,1300,PAN2,200,120,140,0.01276187,3.24356,50,100,1,13,0.02,0.0035,0.105,0.13,0.0776,0.2098,0,0
global,0.05,100vs200,1300,PAN2,200,120,140,0.01276187,2.14737,50,100,1,49,0.02,0.0035,0.105,0.49,0.3942,0.5865,0,0
global,0.1,100vs200,1300,PAN2,200,120,140,0.01276187,1.74608,50,100,1,65,0.02,0.0035,0.105,0.65,0.5525,0.7364,0,0
global,0.01,100vs200,1300,PAN1,100,140,140,0.01276187,3.24356,50,100,0,23,0.0,0.0,0.0714,0.23,0.1584,0.3215,0,0
global,0.05,100vs200,1300,PAN1,100,140,140,0.01276187,2.14737,50,100,2,51,0.04,0.011,0.1346,0.51,0.4135,0.6058,0,0
global,0.1,100vs200,1300,PAN1,100,140,140,0.01276187,1.74608,50,100,4,66,0.08,0.0315,0.1884,0.66,0.5628,0.7454,0,0
global,0.01,100vs200,1300,PAN2,200,140,140,0.01276187,3.24356,50,100,1,12,0.02,0.0035,0.105,0.12,0.07,0.1981,0,0
global,0.05,100vs200,1300,PAN2,200,140,140,0.01276187,2.14737,50,100,2,40,0.04,0.011,0.1346,0.4,0.3094,0.498,0,0
global,0.1,100vs200,1300,PAN2,200,140,140,0.01276187,1.74608,50,100,3,58,0.06,0.0206,0.1622,0.58,0.4821,0.672,0,0
global,0.01,100vs200,1300,PAN1,100,140,160,0.01276187,3.24356,50,100,0,29,0.0,0.0,0.0714,0.29,0.2101,0.3854,0,0
global,0.05,100vs200,1300,PAN1,100,140,160,0.01276187,2.14737,50,100,2,56,0.04,0.011,0.1346,0.56,0.4623,0.6533,0,0
global,0.1,100vs200,1300,PAN1,100,140,160,0.01276187,1.74608,50,100,4,65,0.08,0.0315,0.1884,0.65,0.5525,0.7364,0,0
global,0.01,100vs200,1300,PAN2,200,160,140,0.01276187,3.24356,50,100,0,9,0.0,0.0,0.0714,0.09,0.0481,0.1623,0,0
global,0.05,100vs200,1300,PAN2,200,160,140,0.01276187,2.14737,50,100,2,40,0.04,0.011,0.1346,0.4,0.3094,0.498,0,0
global,0.1,100vs200,1300,PAN2,200,160,140,0.01276187,1.74608,50,100,4,56,0.08,0.0315,0.1884,0.56,0.4623,0.6533,0,0
global,0.01,100vs200,1300,PAN1,100,140,180,0.01276187,3.24356,50,100,0,27,0.0,0.0,0.0714,0.27,0.1927,0.3643,0,0
global,0.05,100vs200,1300,PAN1,100,140,180,0.01276187,2.14737,50,100,2,60,0.04,0.011,0.1346,0.6,0.502,0.6906,0,0
global,0.1,100vs200,1300,PAN1,100,140,180,0.01276187,1.74608,50,100,4,68,0.08,0.0315,0.1884,0.68,0.5834,0.7633,0,0
global,0.01,100vs200,1300,PAN2,200,180,140,0.01276187,3.24356,50,100,1,10,0.02,0.0035,0.105,0.1,0.0552,0.1744,0,0
global,0.05,100vs200,1300,PAN2,200,180,140,0.01276187,2.14737,50,100,3,31,0.06,0.0206,0.1622,0.31,0.2278,0.4063,0,0
global,0.1,100vs200,1300,PAN2,200,180,140,0.01276187,1.74608,50,100,4,49,0.08,0.0315,0.1884,0.49,0.3942,0.5865,0,0
global,0.01,100vs200,1300,PAN1,100,140,20,0.01276187,3.24356,50,100,0,0,0.0,0.0,0.0714,0.0,0.0,0.037,0,0
global,0.05,100vs200,1300,PAN1,100,140,20,0.01276187,2.14737,50,100,2,5,0.04,0.011,0.1346,0.05,0.0215,0.1118,0,0
global,0.1,100vs200,1300,PAN1,100,140,20,0.01276187,1.74608,50,100,4,7,0.08,0.0315,0.1884,0.07,0.0343,0.1375,0,0
global,0.01,100vs200,1300,PAN2,200,20,140,0.01276187,3.24356,50,100,0,19,0.0,0.0,0.0714,0.19,0.1251,0.2778,0,0
global,0.05,100vs200,1300,PAN2,200,20,140,0.01276187,2.14737,50,100,0,51,0.0,0.0,0.0714,0.51,0.4135,0.6058,0,0
global,0.1,100vs200,1300,PAN2,200,20,140,0.01276187,1.74608,50,100,0,63,0.0,0.0,0.0714,0.63,0.5322,0.7182,0,0
global,0.01,100vs200,1300,PAN1,100,140,200,0.01276187,3.24356,50,100,0,30,0.0,0.0,0.0714,0.3,0.2189,0.3959,0,0
global,0.05,100vs200,1300,PAN1,100,140,200,0.01276187,2.14737,50,100,2,48,0.04,0.011,0.1346,0.48,0.3846,0.5768,0,0
global,0.1,100vs200,1300,PAN1,100,140,200,0.01276187,1.74608,50,100,4,64,0.08,0.0315,0.1884,0.64,0.5424,0.7273,0,0
global,0.01,100vs200,1300,PAN2,200,200,140,0.01276187,3.24356,50,100,1,9,0.02,0.0035,0.105,0.09,0.0481,0.1623,0,0
global,0.05,100vs200,1300,PAN2,200,200,140,0.01276187,2.14737,50,100,4,32,0.08,0.0315,0.1884,0.32,0.2367,0.4166,0,0
global,0.1,100vs200,1300,PAN2,200,200,140,0.01276187,1.74608,50,100,5,47,0.1,0.0435,0.2136,0.47,0.3751,0.5671,0,0
global,0.01,100vs200,1300,PAN1,100,140,40,0.01276187,3.24356,50,100,0,0,0.0,0.0,0.0714,0.0,0.0,0.037,0,0
global,0.05,100vs200,1300,PAN1,100,140,40,0.01276187,2.14737,50,100,2,9,0.04,0.011,0.1346,0.09,0.0481,0.1623,0,0
global,0.1,100vs200,1300,PAN1,100,140,40,0.01276187,1.74608,50,100,4,17,0.08,0.0315,0.1884,0.17,0.1089,0.2555,0,0
global,0.01,100vs200,1300,PAN2,200,40,140,0.01276187,3.24356,50,100,0,16,0.0,0.0,0.0714,0.16,0.101,0.2442,0,0
global,0.05,100vs200,1300,PAN2,200,40,140,0.01276187,2.14737,50,100,0,54,0.0,0.0,0.0714,0.54,0.4426,0.6344,0,0
global,0.1,100vs200,1300,PAN2,200,40,140,0.01276187,1.74608,50,100,0,72,0.0,0.0,0.0714,0.72,0.6251,0.7986,0,0
global,0.01,100vs200,1300,PAN1,100,140,60,0.01276187,3.24356,50,100,0,5,0.0,0.0,0.0714,0.05,0.0215,0.1118,0,0
global,0.05,100vs200,1300,PAN1,100,140,60,0.01276187,2.14737,50,100,2,23,0.04,0.011,0.1346,0.23,0.1584,0.3215,0,0
global,0.1,100vs200,1300,PAN1,100,140,60,0.01276187,1.74608,50,100,4,37,0.08,0.0315,0.1884,0.37,0.2818,0.4678,0,0
global,0.01,100vs200,1300,PAN2,200,60,140,0.01276187,3.24356,50,100,0,23,0.0,0.0,0.0714,0.23,0.1584,0.3215,0,0
global,0.05,100vs200,1300,PAN2,200,60,140,0.01276187,2.14737,50,100,0,54,0.0,0.0,0.0714,0.54,0.4426,0.6344,0,0
global,0.1,100vs200,1300,PAN2,200,60,140,0.01276187,1.74608,50,100,1,72,0.02,0.0035,0.105,0.72,0.6251,0.7986,0,0
global,0.01,100vs200,1300,PAN1,100,140,80,0.01276187,3.24356,50,100,0,28,0.0,0.0,0.0714,0.28,0.2014,0.3749,0,0
global,0.05,100vs200,1300,PAN1,100,140,80,0.01276187,2.14737,50,100,2,49,0.04,0.011,0.1346,0.49,0.3942,0.5865,0,0
global,0.1,100vs200,1300,PAN1,100,140,80,0.01276187,1.74608,50,100,4,69,0.08,0.0315,0.1884,0.69,0.5937,0.7722,0,0
global,0.01,100vs200,1300,PAN2,200,80,140,0.01276187,3.24356,50,100,0,28,0.0,0.0,0.0714,0.28,0.2014,0.3749,0,0
global,0.05,100vs200,1300,PAN2,200,80,140,0.01276187,2.14737,50,100,0,57,0.0,0.0,0.0714,0.57,0.4722,0.6627,0,0
global,0.1,100vs200,1300,PAN2,200,80,140,0.01276187,1.74608,50,100,2,75,0.04,0.011,0.1346,0.75,0.657,0.8245,0,0
global,0.01,100vs200,1300,PAN1,100,160,100,0.01276187,3.24356,50,100,0,22,0.0,0.0,0.0714,0.22,0.15,0.3107,0,0
global,0.05,100vs200,1300,PAN1,100,160,100,0.01276187,2.14737,50,100,2,48,0.04,0.011,0.1346,0.48,0.3846,0.5768,0,0
global,0.1,100vs200,1300,PAN1,100,160,100,0.01276187,1.74608,50,100,5,60,0.1,0.0435,0.2136,0.6,0.502,0.6906,0,0
global,0.01,100vs200,1300,PAN2,200,100,160,0.01276187,3.24356,50,100,1,19,0.02,0.0035,0.105,0.19,0.1251,0.2778,0,0
global,0.05,100vs200,1300,PAN2,200,100,160,0.01276187,2.14737,50,100,2,60,0.04,0.011,0.1346,0.6,0.502,0.6906,0,0
global,0.1,100vs200,1300,PAN2,200,100,160,0.01276187,1.74608,50,100,2,69,0.04,0.011,0.1346,0.69,0.5937,0.7722,0,0
global,0.01,100vs200,1300,PAN1,100,160,120,0.01276187,3.24356,50,100,0,25,0.0,0.0,0.0714,0.25,0.1755,0.343,0,0
global,0.05,100vs200,1300,PAN1,100,160,120,0.01276187,2.14737,50,100,2,51,0.04,0.011,0.1346,0.51,0.4135,0.6058,0,0
global,0.1,100vs200,1300,PAN1,100,160,120,0.01276187,1.74608,50,100,5,66,0.1,0.0435,0.2136,0.66,0.5628,0.7454,0,0
global,0.01,100vs200,1300,PAN2,200,120,160,0.01276187,3.24356,50,100,1,10,0.02,0.0035,0.105,0.1,0.0552,0.1744,0,0
global,0.05,100vs200,1300,PAN2,200,120,160,0.01276187,2.14737,50,100,1,44,0.02,0.0035,0.105,0.44,0.3467,0.5377,0,0
global,0.1,100vs200,1300,PAN2,200,120,160,0.01276187,1.74608,50,100,1,63,0.02,0.0035,0.105,0.63,0.5322,0.7182,0,0
global,0.01,100vs200,1300,PAN1,100,160,140,0.01276187,3.24356,50,100,0,19,0.0,0.0,0.0714,0.19,0.1251,0.2778,0,0
global,0.05,100vs200,1300,PAN1,100,160,140,0.01276187,2.14737,50,100,2,47,0.04,0.011,0.1346,0.47,0.3751,0.5671,0,0
global,0.1,100vs200,1300,PAN1,100,160,140,0.01276187,1.74608,50,100,5,61,0.1,0.0435,0.2136,0.61,0.512,0.6998,0,0
global,0.01,100vs200,1300,PAN2,200,140,160,0.01276187,3.24356,50,100,1,13,0.02,0.0035,0.105,0.13,0.0776,0.2098,0,0
global,0.05,100vs200,1300,PAN2,200,140,160,0.01276187,2.14737,50,100,2,39,0.04,0.011,0.1346,0.39,0.3002,0.488,0,0
global,0.1,100vs200,1300,PAN2,200,140,160,0.01276187,1.74608,50,100,3,59,0.06,0.0206,0.1622,0.59,0.492,0.6813,0,0
global,0.01,100vs200,1300,PAN1,100,160,160,0.01276187,3.24356,50,100,0,26,0.0,0.0,0.0714,0.26,0.184,0.3537,0,0
global,0.05,100vs200,1300,PAN1,100,160,160,0.01276187,2.14737,50,100,2,49,0.04,0.011,0.1346,0.49,0.3942,0.5865,0,0
global,0.1,100vs200,1300,PAN1,100,160,160,0.01276187,1.74608,50,100,5,61,0.1,0.0435,0.2136,0.61,0.512,0.6998,0,0
global,0.01,100vs200,1300,PAN2,200,160,160,0.01276187,3.24356,50,100,0,10,0.0,0.0,0.0714,0.1,0.0552,0.1744,0,0
global,0.05,100vs200,1300,PAN2,200,160,160,0.01276187,2.14737,50,100,2,32,0.04,0.011,0.1346,0.32,0.2367,0.4166,0,0
global,0.1,100vs200,1300,PAN2,200,160,160,0.01276187,1.74608,50,100,4,58,0.08,0.0315,0.1884,0.58,0.4821,0.672,0,0
global,0.01,100vs200,1300,PAN1,100,160,180,0.01276187,3.24356,50,99,0,23,0.0,0.0,0.0714,0.2323,0.1601,0.3246,0,0
global,0.05,100vs200,1300,PAN1,100,160,180,0.01276187,2.14737,50,99,2,52,0.04,0.011,0.1346,0.5253,0.4278,0.6208,0,0
global,0.1,100vs200,1300,PAN1,100,160,180,0.01276187,1.74608,50,99,5,64,0.1,0.0435,0.2136,0.6465,0.5484,0.7336,0,0
global,0.01,100vs200,1300,PAN2,200,180,160,0.01276187,3.24356,50,100,1,7,0.02,0.0035,0.105,0.07,0.0343,0.1375,0,0
global,0.05,100vs200,1300,PAN2,200,180,160,0.01276187,2.14737,50,100,3,32,0.06,0.0206,0.1622,0.32,0.2367,0.4166,0,0
global,0.1,100vs200,1300,PAN2,200,180,160,0.01276187,1.74608,50,100,4,48,0.08,0.0315,0.1884,0.48,0.3846,0.5768,0,0
global,0.01,100vs200,1300,PAN1,100,160,20,0.01276187,3.24356,50,100,0,2,0.0,0.0,0.0714,0.02,0.0055,0.07,0,0
global,0.05,100vs200,1300,PAN1,100,160,20,0.01276187,2.14737,50,100,2,7,0.04,0.011,0.1346,0.07,0.0343,0.1375,0,0
global,0.1,100vs200,1300,PAN1,100,160,20,0.01276187,1.74608,50,100,5,13,0.1,0.0435,0.2136,0.13,0.0776,0.2098,0,0
global,0.01,100vs200,1300,PAN2,200,20,160,0.01276187,3.24356,50,100,0,17,0.0,0.0,0.0714,0.17,0.1089,0.2555,0,0
global,0.05,100vs200,1300,PAN2,200,20,160,0.01276187,2.14737,50,100,0,46,0.0,0.0,0.0714,0.46,0.3656,0.5574,0,0
global,0.1,100vs200,1300,PAN2,200,20,160,0.01276187,1.74608,50,100,0,68,0.0,0.0,0.0714,0.68,0.5834,0.7633,0,0
global,0.01,100vs200,1300,PAN1,100,160,200,0.01276187,3.24356,50,100,0,22,0.0,0.0,0.0714,0.22,0.15,0.3107,0,0
global,0.05,100vs200,1300,PAN1,100,160,200,0.01276187,2.14737,50,100,2,53,0.04,0.011,0.1346,0.53,0.4329,0.6249,0,0
global,0.1,100vs200,1300,PAN1,100,160,200,0.01276187,1.74608,50,100,5,65,0.1,0.0435,0.2136,0.65,0.5525,0.7364,0,0
global,0.01,100vs200,1300,PAN2,200,200,160,0.01276187,3.24356,50,100,1,7,0.02,0.0035,0.105,0.07,0.0343,0.1375,0,0
global,0.05,100vs200,1300,PAN2,200,200,160,0.01276187,2.14737,50,100,4,29,0.08,0.0315,0.1884,0.29,0.2101,0.3854,0,0
global,0.1,100vs200,1300,PAN2,200,200,160,0.01276187,1.74608,50,100,5,46,0.1,0.0435,0.2136,0.46,0.3656,0.5574,0,0
global,0.01,100vs200,1300,PAN1,100,160,40,0.01276187,3.24356,50,100,0,1,0.0,0.0,0.0714,0.01,0.0018,0.0545,0,0
global,0.05,100vs200,1300,PAN1,100,160,40,0.01276187,2.14737,50,100,2,8,0.04,0.011,0.1346,0.08,0.0411,0.15,0,0
global,0.1,100vs200,1300,PAN1,100,160,40,0.01276187,1.74608,50,100,5,15,0.1,0.0435,0.2136,0.15,0.0931,0.2328,0,0
global,0.01,100vs200,1300,PAN2,200,40,160,0.01276187,3.24356,50,100,0,20,0.0,0.0,0.0714,0.2,0.1334,0.2888,0,0
global,0.05,100vs200,1300,PAN2,200,40,160,0.01276187,2.14737,50,100,0,59,0.0,0.0,0.0714,0.59,0.492,0.6813,0,0
global,0.1,100vs200,1300,PAN2,200,40,160,0.01276187,1.74608,50,100,0,76,0.0,0.0,0.0714,0.76,0.6677,0.8331,0,0
global,0.01,100vs200,1300,PAN1,100,160,60,0.01276187,3.24356,50,100,0,4,0.0,0.0,0.0714,0.04,0.0157,0.0984,0,0
global,0.05,100vs200,1300,PAN1,100,160,60,0.01276187,2.14737,50,100,2,18,0.04,0.011,0.1346,0.18,0.117,0.2667,0,0
global,0.1,100vs200,1300,PAN1,100,160,60,0.01276187,1.74608,50,100,5,33,0.1,0.0435,0.2136,0.33,0.2456,0.4269,0,0
global,0.01,100vs200,1300,PAN2,200,60,160,0.01276187,3.24356,50,100,0,18,0.0,0.0,0.0714,0.18,0.117,0.2667,0,0
global,0.05,100vs200,1300,PAN2,200,60,160,0.01276187,2.14737,50,100,0,50,0.0,0.0,0.0714,0.5,0.4038,0.5962,0,0
global,0.1,100vs200,1300,PAN2,200,60,160,0.01276187,1.74608,50,100,1,71,0.02,0.0035,0.105,0.71,0.6146,0.7899,0,0
global,0.01,100vs200,1300,PAN1,100,160,80,0.01276187,3.24356,50,100,0,20,0.0,0.0,0.0714,0.2,0.1334,0.2888,0,0
global,0.05,100vs200,1300,PAN1,100,160,80,0.01276187,2.14737,50,100,2,53,0.04,0.011,0.1346,0.53,0.4329,0.6249,0,0
global,0.1,100vs200,1300,PAN1,100,160,80,0.01276187,1.74608,50,100,5,60,0.1,0.0435,0.2136,0.6,0.502,0.6906,0,0
global,0.01,100vs200,1300,PAN2,200,80,160,0.01276187,3.24356,50,100,0,25,0.0,0.0,0.0714,0.25,0.1755,0.343,0,0
global,0.05,100vs200,1300,PAN2,200,80,160,0.01276187,2.14737,50,100,0,59,0.0,0.0,0.0714,0.59,0.492,0.6813,0,0
global,0.1,100vs200,1300,PAN2,200,80,160,0.01276187,1.74608,50,100,2,76,0.04,0.011,0.1346,0.76,0.6677,0.8331,0,0
global,0.01,100vs200,1300,PAN1,100,180,100,0.01276187,3.24356,50,100,0,16,0.0,0.0,0.0714,0.16,0.101,0.2442,0,0
global,0.05,100vs200,1300,PAN1,100,180,100,0.01276187,2.14737,50,100,5,45,0.1,0.0435,0.2136,0.45,0.3561,0.5476,0,0
global,0.1,100vs200,1300,PAN1,100,180,100,0.01276187,1.74608,50,100,12,55,0.24,0.143,0.3741,0.55,0.4524,0.6439,0,0
global,0.01,100vs200,1300,PAN2,200,100,180,0.01276187,3.24356,50,100,1,11,0.02,0.0035,0.105,0.11,0.0625,0.1863,0,0
global,0.05,100vs200,1300,PAN2,200,100,180,0.01276187,2.14737,50,100,2,48,0.04,0.011,0.1346,0.48,0.3846,0.5768,0,0
global,0.1,100vs200,1300,PAN2,200,100,180,0.01276187,1.74608,50,100,2,64,0.04,0.011,0.1346,0.64,0.5424,0.7273,0,0
global,0.01,100vs200,1300,PAN1,100,180,120,0.01276187,3.24356,50,100,0,20,0.0,0.0,0.0714,0.2,0.1334,0.2888,0,0
global,0.05,100vs200,1300,PAN1,100,180,120,0.01276187,2.14737,50,100,5,45,0.1,0.0435,0.2136,0.45,0.3561,0.5476,0,0
global,0.1,100vs200,1300,PAN1,100,180,120,0.01276187,1.74608,50,100,12,58,0.24,0.143,0.3741,0.58,0.4821,0.672,0,0
global,0.01,100vs200,1300,PAN2,200,120,180,0.01276187,3.24356,50,100,1,12,0.02,0.0035,0.105,0.12,0.07,0.1981,0,0
global,0.05,100vs200,1300,PAN2,200,120,180,0.01276187,2.14737,50,100,1,49,0.02,0.0035,0.105,0.49,0.3942,0.5865,0,0
global,0.1,100vs200,1300,PAN2,200,120,180,0.01276187,1.74608,50,100,1,65,0.02,0.0035,0.105,0.65,0.5525,0.7364,0,0
global,0.01,100vs200,1300,PAN1,100,180,140,0.01276187,3.24356,50,100,0,23,0.0,0.0,0.0714,0.23,0.1584,0.3215,0,0
global,0.05,100vs200,1300,PAN1,100,180,140,0.01276187,2.14737,50,100,5,48,0.1,0.0435,0.2136,0.48,0.3846,0.5768,0,0
global,0.1,100vs200,1300,PAN1,100,180,140,0.01276187,1.74608,50,100,12,63,0.24,0.143,0.3741,0.63,0.5322,0.7182,0,0
global,0.01,100vs200,1300,PAN2,200,140,180,0.01276187,3.24356,50,100,1,14,0.02,0.0035,0.105,0.14,0.0853,0.2214,0,0
global,0.05,100vs200,1300,PAN2,200,140,180,0.01276187,2.14737,50,100,2,38,0.04,0.011,0.1346,0.38,0.291,0.4779,0,0
global,0.1,100vs200,1300,PAN2,200,140,180,0.01276187,1.74608,50,100,3,58,0.06,0.0206,0.1622,0.58,0.4821,0.672,0,0
global,0.01,100vs200,1300,PAN1,100,180,160,0.01276187,3.24356,50,100,0,17,0.0,0.0,0.0714,0.17,0.1089,0.2555,0,0
global,0.05,100vs200,1300,PAN1,100,180,160,0.01276187,2.14737,50,100,5,43,0.1,0.0435,0.2136,0.43,0.3373,0.5278,0,0
global,0.1,100vs200,1300,PAN1,100,180,160,0.01276187,1.74608,50,100,12,58,0.24,0.143,0.3741,0.58,0.4821,0.672,0,0
global,0.01,100vs200,1300,PAN2,200,160,180,0.01276187,3.24356,50,100,0,8,0.0,0.0,0.0714,0.08,0.0411,0.15,0,0
global,0.05,100vs200,1300,PAN2,200,160,180,0.01276187,2.14737,50,100,2,34,0.04,0.011,0.1346,0.34,0.2546,0.4372,0,0
global,0.1,100vs200,1300,PAN2,200,160,180,0.01276187,1.74608,50,100,4,54,0.08,0.0315,0.1884,0.54,0.4426,0.6344,0,0
global,0.01,100vs200,1300,PAN1,100,180,180,0.01276187,3.24356,50,100,0,17,0.0,0.0,0.0714,0.17,0.1089,0.2555,0,0
global,0.05,100vs200,1300,PAN1,100,180,180,0.01276187,2.14737,50,100,5,53,0.1,0.0435,0.2136,0.53,0.4329,0.6249,0,0
global,0.1,100vs200,1300,PAN1,100,180,180,0.01276187,1.74608,50,100,12,65,0.24,0.143,0.3741,0.65,0.5525,0.7364,0,0
global,0.01,100vs200,1300,PAN2,200,180,180,0.01276187,3.24356,50,100,1,6,0.02,0.0035,0.105,0.06,0.0278,0.1248,0,0
global,0.05,100vs200,1300,PAN2,200,180,180,0.01276187,2.14737,50,100,3,28,0.06,0.0206,0.1622,0.28,0.2014,0.3749,0,0
global,0.1,100vs200,1300,PAN2,200,180,180,0.01276187,1.74608,50,100,4,48,0.08,0.0315,0.1884,0.48,0.3846,0.5768,0,0
global,0.01,100vs200,1300,PAN1,100,180,20,0.01276187,3.24356,50,100,0,0,0.0,0.0,0.0714,0.0,0.0,0.037,0,0
global,0.05,100vs200,1300,PAN1,100,180,20,0.01276187,2.14737,50,100,5,3,0.1,0.0435,0.2136,0.03,0.0103,0.0845,0,0
global,0.1,100vs200,1300,PAN1,100,180,20,0.01276187,1.74608,50,100,12,9,0.24,0.143,0.3741,0.09,0.0481,0.1623,0,0
global,0.01,100vs200,1300,PAN2,200,20,180,0.01276187,3.24356,50,100,0,22,0.0,0.0,0.0714,0.22,0.15,0.3107,0,0
global,0.05,100vs200,1300,PAN2,200,20,180,0.01276187,2.14737,50,100,0,48,0.0,0.0,0.0714,0.48,0.3846,0.5768,0,0
global,0.1,100vs200,1300,PAN2,200,20,180,0.01276187,1.74608,50,100,0,63,0.0,0.0,0.0714,0.63,0.5322,0.7182,0,0
global,0.01,100vs200,1300,PAN1,100,180,200,0.01276187,3.24356,50,100,0,23,0.0,0.0,0.0714,0.23,0.1584,0.3215,0,0
global,0.05,100vs200,1300,PAN1,100,180,200,0.01276187,2.14737,50,100,5,46,0.1,0.0435,0.2136,0.46,0.3656,0.5574,0,0
global,0.1,100vs200,1300,PAN1,100,180,200,0.01276187,1.74608,50,100,12,59,0.24,0.143,0.3741,0.59,0.492,0.6813,0,0
global,0.01,100vs200,1300,PAN2,200,200,180,0.01276187,3.24356,50,100,1,9,0.02,0.0035,0.105,0.09,0.0481,0.1623,0,0
global,0.05,100vs200,1300,PAN2,200,200,180,0.01276187,2.14737,50,100,4,30,0.08,0.0315,0.1884,0.3,0.2189,0.3959,0,0
global,0.1,100vs200,1300,PAN2,200,200,180,0.01276187,1.74608,50,100,5,48,0.1,0.0435,0.2136,0.48,0.3846,0.5768,0,0
global,0.01,100vs200,1300,PAN1,100,180,40,0.01276187,3.24356,50,100,0,2,0.0,0.0,0.0714,0.02,0.0055,0.07,0,0
global,0.05,100vs200,1300,PAN1,100,180,40,0.01276187,2.14737,50,100,5,5,0.1,0.0435,0.2136,0.05,0.0215,0.1118,0,0
global,0.1,100vs200,1300,PAN1,100,180,40,0.01276187,1.74608,50,100,12,9,0.24,0.143,0.3741,0.09,0.0481,0.1623,0,0
global,0.01,100vs200,1300,PAN2,200,40,180,0.01276187,3.24356,50,100,0,26,0.0,0.0,0.0714,0.26,0.184,0.3537,0,0
global,0.05,100vs200,1300,PAN2,200,40,180,0.01276187,2.14737,50,100,0,54,0.0,0.0,0.0714,0.54,0.4426,0.6344,0,0
global,0.1,100vs200,1300,PAN2,200,40,180,0.01276187,1.74608,50,100,0,70,0.0,0.0,0.0714,0.7,0.6041,0.7811,0,0
global,0.01,100vs200,1300,PAN1,100,180,60,0.01276187,3.24356,50,100,0,5,0.0,0.0,0.0714,0.05,0.0215,0.1118,0,0
global,0.05,100vs200,1300,PAN1,100,180,60,0.01276187,2.14737,50,100,5,17,0.1,0.0435,0.2136,0.17,0.1089,0.2555,0,0
global,0.1,100vs200,1300,PAN1,100,180,60,0.01276187,1.74608,50,100,12,30,0.24,0.143,0.3741,0.3,0.2189,0.3959,0,0
global,0.01,100vs200,1300,PAN2,200,60,180,0.01276187,3.24356,50,100,0,15,0.0,0.0,0.0714,0.15,0.0931,0.2328,0,0
global,0.05,100vs200,1300,PAN2,200,60,180,0.01276187,2.14737,50,100,0,47,0.0,0.0,0.0714,0.47,0.3751,0.5671,0,0
global,0.1,100vs200,1300,PAN2,200,60,180,0.01276187,1.74608,50,100,1,71,0.02,0.0035,0.105,0.71,0.6146,0.7899,0,0
global,0.01,100vs200,1300,PAN1,100,180,80,0.01276187,3.24356,50,100,0,22,0.0,0.0,0.0714,0.22,0.15,0.3107,0,0
global,0.05,100vs200,1300,PAN1,100,180,80,0.01276187,2.14737,50,100,5,50,0.1,0.0435,0.2136,0.5,0.4038,0.5962,0,0
global,0.1,100vs200,1300,PAN1,100,180,80,0.01276187,1.74608,50,100,12,62,0.24,0.143,0.3741,0.62,0.5221,0.709,0,0
global,0.01,100vs200,1300,PAN2,200,80,180,0.01276187,3.24356,50,99,0,21,0.0,0.0,0.0714,0.2121,0.1431,0.3026,0,0
global,0.05,100vs200,1300,PAN2,200,80,180,0.01276187,2.14737,50,99,0,54,0.0,0.0,0.0714,0.5455,0.4475,0.64,0,0
global,0.1,100vs200,1300,PAN2,200,80,180,0.01276187,1.74608,50,99,2,75,0.04,0.011,0.1346,0.7576,0.6646,0.8313,0,0
global,0.01,100vs200,1300,PAN1,100,20,100,0.01276187,3.24356,50,100,0,34,0.0,0.0,0.0714,0.34,0.2546,0.4372,0,0
global,0.05,100vs200,1300,PAN1,100,20,100,0.01276187,2.14737,50,100,0,71,0.0,0.0,0.0714,0.71,0.6146,0.7899,0,0
global,0.1,100vs200,1300,PAN1,100,20,100,0.01276187,1.74608,50,100,0,82,0.0,0.0,0.0714,0.82,0.7333,0.883,0,0
global,0.01,100vs200,1300,PAN2,200,100,20,0.01276187,3.24356,50,100,1,0,0.02,0.0035,0.105,0.0,0.0,0.037,0,0
global,0.05,100vs200,1300,PAN2,200,100,20,0.01276187,2.14737,50,100,2,3,0.04,0.011,0.1346,0.03,0.0103,0.0845,0,0
global,0.1,100vs200,1300,PAN2,200,100,20,0.01276187,1.74608,50,100,2,4,0.04,0.011,0.1346,0.04,0.0157,0.0984,0,0
global,0.01,100vs200,1300,PAN1,100,20,120,0.01276187,3.24356,50,100,0,36,0.0,0.0,0.0714,0.36,0.2727,0.4576,0,0
global,0.05,100vs200,1300,PAN1,100,20,120,0.01276187,2.14737,50,100,0,67,0.0,0.0,0.0714,0.67,0.5731,0.7544,0,0
global,0.1,100vs200,1300,PAN1,100,20,120,0.01276187,1.74608,50,100,0,82,0.0,0.0,0.0714,0.82,0.7333,0.883,0,0
global,0.01,100vs200,1300,PAN2,200,120,20,0.01276187,3.24356,50,100,1,0,0.02,0.0035,0.105,0.0,0.0,0.037,0,0
global,0.05,100vs200,1300,PAN2,200,120,20,0.01276187,2.14737,50,100,1,0,0.02,0.0035,0.105,0.0,0.0,0.037,0,0
global,0.1,100vs200,1300,PAN2,200,120,20,0.01276187,1.74608,50,100,1,2,0.02,0.0035,0.105,0.02,0.0055,0.07,0,0
global,0.01,100vs200,1300,PAN1,100,20,140,0.01276187,3.24356,50,100,0,40,0.0,0.0,0.0714,0.4,0.3094,0.498,0,0
global,0.05,100vs200,1300,PAN1,100,20,140,0.01276187,2.14737,50,100,0,66,0.0,0.0,0.0714,0.66,0.5628,0.7454,0,0
global,0.1,100vs200,1300,PAN1,100,20,140,0.01276187,1.74608,50,100,0,78,0.0,0.0,0.0714,0.78,0.6893,0.85,0,0
global,0.01,100vs200,1300,PAN2,200,140,20,0.01276187,3.24356,50,100,1,1,0.02,0.0035,0.105,0.01,0.0018,0.0545,0,0
global,0.05,100vs200,1300,PAN2,200,140,20,0.01276187,2.14737,50,100,2,1,0.04,0.011,0.1346,0.01,0.0018,0.0545,0,0
global,0.1,100vs200,1300,PAN2,200,140,20,0.01276187,1.74608,50,100,3,2,0.06,0.0206,0.1622,0.02,0.0055,0.07,0,0
global,0.01,100vs200,1300,PAN1,100,20,160,0.01276187,3.24356,50,100,0,42,0.0,0.0,0.0714,0.42,0.328,0.5179,0,0
global,0.05,100vs200,1300,PAN1,100,20,160,0.01276187,2.14737,50,100,0,71,0.0,0.0,0.0714,0.71,0.6146,0.7899,0,0
global,0.1,100vs200,1300,PAN1,100,20,160,0.01276187,1.74608,50,100,0,84,0.0,0.0,0.0714,0.84,0.7558,0.899,0,0
global,0.01,100vs200,1300,PAN2,200,160,20,0.01276187,3.24356,50,100,0,0,0.0,0.0,0.0714,0.0,0.0,0.037,0,0
global,0.05,100vs200,1300,PAN2,200,160,20,0.01276187,2.14737,50,100,2,2,0.04,0.011,0.1346,0.02,0.0055,0.07,0,0
global,0.1,100vs200,1300,PAN2,200,160,20,0.01276187,1.74608,50,100,4,7,0.08,0.0315,0.1884,0.07,0.0343,0.1375,0,0
global,0.01,100vs200,1300,PAN1,100,20,180,0.01276187,3.24356,50,100,0,38,0.0,0.0,0.0714,0.38,0.291,0.4779,0,0
global,0.05,100vs200,1300,PAN1,100,20,180,0.01276187,2.14737,50,100,0,69,0.0,0.0,0.0714,0.69,0.5937,0.7722,0,0
global,0.1,100vs200,1300,PAN1,100,20,180,0.01276187,1.74608,50,100,0,79,0.0,0.0,0.0714,0.79,0.7002,0.8583,0,0
global,0.01,100vs200,1300,PAN2,200,180,20,0.01276187,3.24356,50,100,1,3,0.02,0.0035,0.105,0.03,0.0103,0.0845,0,0
global,0.05,100vs200,1300,PAN2,200,180,20,0.01276187,2.14737,50,100,3,5,0.06,0.0206,0.1622,0.05,0.0215,0.1118,0,0
global,0.1,100vs200,1300,PAN2,200,180,20,0.01276187,1.74608,50,100,4,8,0.08,0.0315,0.1884,0.08,0.0411,0.15,0,0
global,0.01,100vs200,1300,PAN1,100,20,20,0.01276187,3.24356,50,100,0,0,0.0,0.0,0.0714,0.0,0.0,0.037,0,0
global,0.05,100vs200,1300,PAN1,100,20,20,0.01276187,2.14737,50,100,0,0,0.0,0.0,0.0714,0.0,0.0,0.037,0,0
global,0.1,100vs200,1300,PAN1,100,20,20,0.01276187,1.74608,50,100,0,0,0.0,0.0,0.0714,0.0,0.0,0.037,0,0
global,0.01,100vs200,1300,PAN2,200,20,20,0.01276187,3.24356,50,100,0,0,0.0,0.0,0.0714,0.0,0.0,0.037,0,0
global,0.05,100vs200,1300,PAN2,200,20,20,0.01276187,2.14737,50,100,0,0,0.0,0.0,0.0714,0.0,0.0,0.037,0,0
global,0.1,100vs200,1300,PAN2,200,20,20,0.01276187,1.74608,50,100,0,0,0.0,0.0,0.0714,0.0,0.0,0.037,0,0
global,0.01,100vs200,1300,PAN1,100,20,200,0.01276187,3.24356,50,100,0,42,0.0,0.0,0.0714,0.42,0.328,0.5179,0,0
global,0.05,100vs200,1300,PAN1,100,20,200,0.01276187,2.14737,50,100,0,76,0.0,0.0,0.0714,0.76,0.6677,0.8331,0,0
global,0.1,100vs200,1300,PAN1,100,20,200,0.01276187,1.74608,50,100,0,84,0.0,0.0,0.0714,0.84,0.7558,0.899,0,0
global,0.01,100vs200,1300,PAN2,200,200,20,0.01276187,3.24356,50,100,1,1,0.02,0.0035,0.105,0.01,0.0018,0.0545,0,0
global,0.05,100vs200,1300,PAN2,200,200,20,0.01276187,2.14737,50,100,4,6,0.08,0.0315,0.1884,0.06,0.0278,0.1248,0,0
global,0.1,100vs200,1300,PAN2,200,200,20,0.01276187,1.74608,50,100,5,15,0.1,0.0435,0.2136,0.15,0.0931,0.2328,0,0
global,0.01,100vs200,1300,PAN1,100,20,40,0.01276187,3.24356,50,100,0,0,0.0,0.0,0.0714,0.0,0.0,0.037,0,0
global,0.05,100vs200,1300,PAN1,100,20,40,0.01276187,2.14737,50,100,0,7,0.0,0.0,0.0714,0.07,0.0343,0.1375,0,0
global,0.1,100vs200,1300,PAN1,100,20,40,0.01276187,1.74608,50,100,0,18,0.0,0.0,0.0714,0.18,0.117,0.2667,0,0
global,0.01,100vs200,1300,PAN2,200,40,20,0.01276187,3.24356,50,100,0,0,0.0,0.0,0.0714,0.0,0.0,0.037,0,0
global,0.05,100vs200,1300,PAN2,200,40,20,0.01276187,2.14737,50,100,0,0,0.0,0.0,0.0714,0.0,0.0,0.037,0,0
global,0.1,100vs200,1300,PAN2,200,40,20,0.01276187,1.74608,50,100,0,0,0.0,0.0,0.0714,0.0,0.0,0.037,0,0
global,0.01,100vs200,1300,PAN1,100,20,60,0.01276187,3.24356,50,100,0,24,0.0,0.0,0.0714,0.24,0.1669,0.3323,0,0
global,0.05,100vs200,1300,PAN1,100,20,60,0.01276187,2.14737,50,100,0,55,0.0,0.0,0.0714,0.55,0.4524,0.6439,0,0
global,0.1,100vs200,1300,PAN1,100,20,60,0.01276187,1.74608,50,100,0,74,0.0,0.0,0.0714,0.74,0.6463,0.816,0,0
global,0.01,100vs200,1300,PAN2,200,60,20,0.01276187,3.24356,50,100,0,0,0.0,0.0,0.0714,0.0,0.0,0.037,0,0
global,0.05,100vs200,1300,PAN2,200,60,20,0.01276187,2.14737,50,100,0,1,0.0,0.0,0.0714,0.01,0.0018,0.0545,0,0
global,0.1,100vs200,1300,PAN2,200,60,20,0.01276187,1.74608,50,100,1,5,0.02,0.0035,0.105,0.05,0.0215,0.1118,0,0
global,0.01,100vs200,1300,PAN1,100,20,80,0.01276187,3.24356,50,100,0,33,0.0,0.0,0.0714,0.33,0.2456,0.4269,0,0
global,0.05,100vs200,1300,PAN1,100,20,80,0.01276187,2.14737,50,100,0,72,0.0,0.0,0.0714,0.72,0.6251,0.7986,0,0
global,0.1,100vs200,1300,PAN1,100,20,80,0.01276187,1.74608,50,100,0,83,0.0,0.0,0.0714,0.83,0.7445,0.8911,0,0
global,0.01,100vs200,1300,PAN2,200,80,20,0.01276187,3.24356,50,100,0,0,0.0,0.0,0.0714,0.0,0.0,0.037,0,0
global,0.05,100vs200,1300,PAN2,200,80,20,0.01276187,2.14737,50,100,0,0,0.0,0.0,0.0714,0.0,0.0,0.037,0,0
global,0.1,100vs200,1300,PAN2,200,80,20,0.01276187,1.74608,50,100,2,4,0.04,0.011,0.1346,0.04,0.0157,0.0984,0,0
global,0.01,100vs200,1300,PAN1,100,200,100,0.01276187,3.24356,50,100,1,20,0.02,0.0035,0.105,0.2,0.1334,0.2888,0,0
global,0.05,100vs200,1300,PAN1,100,200,100,0.01276187,2.14737,50,100,4,40,0.08,0.0315,0.1884,0.4,0.3094,0.498,0,0
global,0.1,100vs200,1300,PAN1,100,200,100,0.01276187,1.74608,50,100,4,56,0.08,0.0315,0.1884,0.56,0.4623,0.6533,0,0
global,0.01,100vs200,1300,PAN2,200,100,200,0.01276187,3.24356,50,100,1,13,0.02,0.0035,0.105,0.13,0.0776,0.2098,0,0
global,0.05,100vs200,1300,PAN2,200,100,200,0.01276187,2.14737,50,100,2,54,0.04,0.011,0.1346,0.54,0.4426,0.6344,0,0
global,0.1,100vs200,1300,PAN2,200,100,200,0.01276187,1.74608,50,100,2,68,0.04,0.011,0.1346,0.68,0.5834,0.7633,0,0
global,0.01,100vs200,1300,PAN1,100,200,120,0.01276187,3.24356,50,100,1,19,0.02,0.0035,0.105,0.19,0.1251,0.2778,0,0
global,0.05,100vs200,1300,PAN1,100,200,120,0.01276187,2.14737,50,100,4,39,0.08,0.0315,0.1884,0.39,0.3002,0.488,0,0
global,0.1,100vs200,1300,PAN1,100,200,120,0.01276187,1.74608,50,100,4,49,0.08,0.0315,0.1884,0.49,0.3942,0.5865,0,0
global,0.01,100vs200,1300,PAN2,200,120,200,0.01276187,3.24356,50,100,1,18,0.02,0.0035,0.105,0.18,0.117,0.2667,0,0
global,0.05,100vs200,1300,PAN2,200,120,200,0.01276187,2.14737,50,100,1,44,0.02,0.0035,0.105,0.44,0.3467,0.5377,0,0
global,0.1,100vs200,1300,PAN2,200,120,200,0.01276187,1.74608,50,100,1,62,0.02,0.0035,0.105,0.62,0.5221,0.709,0,0
global,0.01,100vs200,1300,PAN1,100,200,140,0.01276187,3.24356,50,100,1,15,0.02,0.0035,0.105,0.15,0.0931,0.2328,0,0
global,0.05,100vs200,1300,PAN1,100,200,140,0.01276187,2.14737,50,100,4,41,0.08,0.0315,0.1884,0.41,0.3187,0.508,0,0
global,0.1,100vs200,1300,PAN1,100,200,140,0.01276187,1.74608,50,100,4,52,0.08,0.0315,0.1884,0.52,0.4232,0.6154,0,0
global,0.01,100vs200,1300,PAN2,200,140,200,0.01276187,3.24356,50,100,1,8,0.02,0.0035,0.105,0.08,0.0411,0.15,0,0
global,0.05,100vs200,1300,PAN2,200,140,200,0.01276187,2.14737,50,100,2,40,0.04,0.011,0.1346,0.4,0.3094,0.498,0,0
global,0.1,100vs200,1300,PAN2,200,140,200,0.01276187,1.74608,50,100,3,58,0.06,0.0206,0.1622,0.58,0.4821,0.672,0,0
global,0.01,100vs200,1300,PAN1,100,200,160,0.01276187,3.24356,50,99,1,16,0.02,0.0035,0.105,0.1616,0.102,0.2465,0,0
global,0.05,100vs200,1300,PAN1,100,200,160,0.01276187,2.14737,50,99,4,41,0.08,0.0315,0.1884,0.4141,0.3221,0.5126,0,0
global,0.1,100vs200,1300,PAN1,100,200,160,0.01276187,1.74608,50,99,4,54,0.08,0.0315,0.1884,0.5455,0.4475,0.64,0,0
global,0.01,100vs200,1300,PAN2,200,160,200,0.01276187,3.24356,50,100,0,9,0.0,0.0,0.0714,0.09,0.0481,0.1623,0,0
global,0.05,100vs200,1300,PAN2,200,160,200,0.01276187,2.14737,50,100,2,33,0.04,0.011,0.1346,0.33,0.2456,0.4269,0,0
global,0.1,100vs200,1300,PAN2,200,160,200,0.01276187,1.74608,50,100,4,51,0.08,0.0315,0.1884,0.51,0.4135,0.6058,0,0
global,0.01,100vs200,1300,PAN1,100,200,180,0.01276187,3.24356,50,100,1,22,0.02,0.0035,0.105,0.22,0.15,0.3107,0,0
global,0.05,100vs200,1300,PAN1,100,200,180,0.01276187,2.14737,50,100,4,44,0.08,0.0315,0.1884,0.44,0.3467,0.5377,0,0
global,0.1,100vs200,1300,PAN1,100,200,180,0.01276187,1.74608,50,100,4,54,0.08,0.0315,0.1884,0.54,0.4426,0.6344,0,0
global,0.01,100vs200,1300,PAN2,200,180,200,0.01276187,3.24356,50,100,1,9,0.02,0.0035,0.105,0.09,0.0481,0.1623,0,0
global,0.05,100vs200,1300,PAN2,200,180,200,0.01276187,2.14737,50,100,3,28,0.06,0.0206,0.1622,0.28,0.2014,0.3749,0,0
global,0.1,100vs200,1300,PAN2,200,180,200,0.01276187,1.74608,50,100,4,48,0.08,0.0315,0.1884,0.48,0.3846,0.5768,0,0
global,0.01,100vs200,1300,PAN1,100,200,20,0.01276187,3.24356,50,100,1,3,0.02,0.0035,0.105,0.03,0.0103,0.0845,0,0
global,0.05,100vs200,1300,PAN1,100,200,20,0.01276187,2.14737,50,100,4,9,0.08,0.0315,0.1884,0.09,0.0481,0.1623,0,0
global,0.1,100vs200,1300,PAN1,100,200,20,0.01276187,1.74608,50,100,4,13,0.08,0.0315,0.1884,0.13,0.0776,0.2098,0,0
global,0.01,100vs200,1300,PAN2,200,20,200,0.01276187,3.24356,50,100,0,20,0.0,0.0,0.0714,0.2,0.1334,0.2888,0,0
global,0.05,100vs200,1300,PAN2,200,20,200,0.01276187,2.14737,50,100,0,55,0.0,0.0,0.0714,0.55,0.4524,0.6439,0,0
global,0.1,100vs200,1300,PAN2,200,20,200,0.01276187,1.74608,50,100,0,70,0.0,0.0,0.0714,0.7,0.6041,0.7811,0,0
global,0.01,100vs200,1300,PAN1,100,200,200,0.01276187,3.24356,50,100,1,20,0.02,0.0035,0.105,0.2,0.1334,0.2888,0,0
global,0.05,100vs200,1300,PAN1,100,200,200,0.01276187,2.14737,50,100,4,52,0.08,0.0315,0.1884,0.52,0.4232,0.6154,0,0
global,0.1,100vs200,1300,PAN1,100,200,200,0.01276187,1.74608,50,100,4,61,0.08,0.0315,0.1884,0.61,0.512,0.6998,0,0
global,0.01,100vs200,1300,PAN2,200,200,200,0.01276187,3.24356,50,100,1,9,0.02,0.0035,0.105,0.09,0.0481,0.1623,0,0
global,0.05,100vs200,1300,PAN2,200,200,200,0.01276187,2.14737,50,100,4,27,0.08,0.0315,0.1884,0.27,0.1927,0.3643,0,0
global,0.1,100vs200,1300,PAN2,200,200,200,0.01276187,1.74608,50,100,5,47,0.1,0.0435,0.2136,0.47,0.3751,0.5671,0,0
global,0.01,100vs200,1300,PAN1,100,200,40,0.01276187,3.24356,50,100,1,0,0.02,0.0035,0.105,0.0,0.0,0.037,0,0
global,0.05,100vs200,1300,PAN1,100,200,40,0.01276187,2.14737,50,100,4,4,0.08,0.0315,0.1884,0.04,0.0157,0.0984,0,0
global,0.1,100vs200,1300,PAN1,100,200,40,0.01276187,1.74608,50,100,4,12,0.08,0.0315,0.1884,0.12,0.07,0.1981,0,0
global,0.01,100vs200,1300,PAN2,200,40,200,0.01276187,3.24356,50,100,0,22,0.0,0.0,0.0714,0.22,0.15,0.3107,0,0
global,0.05,100vs200,1300,PAN2,200,40,200,0.01276187,2.14737,50,100,0,61,0.0,0.0,0.0714,0.61,0.512,0.6998,0,0
global,0.1,100vs200,1300,PAN2,200,40,200,0.01276187,1.74608,50,100,0,75,0.0,0.0,0.0714,0.75,0.657,0.8245,0,0
global,0.01,100vs200,1300,PAN1,100,200,60,0.01276187,3.24356,50,99,1,4,0.02,0.0035,0.105,0.0404,0.0158,0.0993,0,0
global,0.05,100vs200,1300,PAN1,100,200,60,0.01276187,2.14737,50,99,4,14,0.08,0.0315,0.1884,0.1414,0.0861,0.2235,0,0
global,0.1,100vs200,1300,PAN1,100,200,60,0.01276187,1.74608,50,99,4,25,0.08,0.0315,0.1884,0.2525,0.1773,0.3462,0,0
global,0.01,100vs200,1300,PAN2,200,60,200,0.01276187,3.24356,50,100,0,17,0.0,0.0,0.0714,0.17,0.1089,0.2555,0,0
global,0.05,100vs200,1300,PAN2,200,60,200,0.01276187,2.14737,50,100,0,57,0.0,0.0,0.0714,0.57,0.4722,0.6627,0,0
global,0.1,100vs200,1300,PAN2,200,60,200,0.01276187,1.74608,50,100,1,73,0.02,0.0035,0.105,0.73,0.6357,0.8073,0,0
global,0.01,100vs200,1300,PAN1,100,200,80,0.01276187,3.24356,50,100,1,17,0.02,0.0035,0.105,0.17,0.1089,0.2555,0,0
global,0.05,100vs200,1300,PAN1,100,200,80,0.01276187,2.14737,50,100,4,48,0.08,0.0315,0.1884,0.48,0.3846,0.5768,0,0
global,0.1,100vs200,1300,PAN1,100,200,80,0.01276187,1.74608,50,100,4,60,0.08,0.0315,0.1884,0.6,0.502,0.6906,0,0
global,0.01,100vs200,1300,PAN2,200,80,200,0.01276187,3.24356,50,100,0,24,0.0,0.0,0.0714,0.24,0.1669,0.3323,0,0
global,0.05,100vs200,1300,PAN2,200,80,200,0.01276187,2.14737,50,100,0,55,0.0,0.0,0.0714,0.55,0.4524,0.6439,0,0
global,0.1,100vs200,1300,PAN2,200,80,200,0.01276187,1.74608,50,100,2,79,0.04,0.011,0.1346,0.79,0.7002,0.8583,0,0
global,0.01,100vs200,1300,PAN1,100,40,100,0.01276187,3.24356,50,100,0,48,0.0,0.0,0.0714,0.48,0.3846,0.5768,0,0
global,0.05,100vs200,1300,PAN1,100,40,100,0.01276187,2.14737,50,100,0,82,0.0,0.0,0.0714,0.82,0.7333,0.883,0,0
global,0.1,100vs200,1300,PAN1,100,40,100,0.01276187,1.74608,50,100,0,88,0.0,0.0,0.0714,0.88,0.8019,0.93,0,0
global,0.01,100vs200,1300,PAN2,200,100,40,0.01276187,3.24356,50,100,1,0,0.02,0.0035,0.105,0.0,0.0,0.037,0,0
global,0.05,100vs200,1300,PAN2,200,100,40,0.01276187,2.14737,50,100,2,3,0.04,0.011,0.1346,0.03,0.0103,0.0845,0,0
global,0.1,100vs200,1300,PAN2,200,100,40,0.01276187,1.74608,50,100,2,3,0.04,0.011,0.1346,0.03,0.0103,0.0845,0,0
global,0.01,100vs200,1300,PAN1,100,40,120,0.01276187,3.24356,50,100,0,51,0.0,0.0,0.0714,0.51,0.4135,0.6058,0,0
global,0.05,100vs200,1300,PAN1,100,40,120,0.01276187,2.14737,50,100,0,73,0.0,0.0,0.0714,0.73,0.6357,0.8073,0,0
global,0.1,100vs200,1300,PAN1,100,40,120,0.01276187,1.74608,50,100,0,82,0.0,0.0,0.0714,0.82,0.7333,0.883,0,0
global,0.01,100vs200,1300,PAN2,200,120,40,0.01276187,3.24356,50,100,1,1,0.02,0.0035,0.105,0.01,0.0018,0.0545,0,0
global,0.05,100vs200,1300,PAN2,200,120,40,0.01276187,2.14737,50,100,1,3,0.02,0.0035,0.105,0.03,0.0103,0.0845,0,0
global,0.1,100vs200,1300,PAN2,200,120,40,0.01276187,1.74608,50,100,1,12,0.02,0.0035,0.105,0.12,0.07,0.1981,0,0
global,0.01,100vs200,1300,PAN1,100,40,140,0.01276187,3.24356,50,100,0,55,0.0,0.0,0.0714,0.55,0.4524,0.6439,0,0
global,0.05,100vs200,1300,PAN1,100,40,140,0.01276187,2.14737,50,100,0,74,0.0,0.0,0.0714,0.74,0.6463,0.816,0,0
global,0.1,100vs200,1300,PAN1,100,40,140,0.01276187,1.74608,50,100,0,82,0.0,0.0,0.0714,0.82,0.7333,0.883,0,0
global,0.01,100vs200,1300,PAN2,200,140,40,0.01276187,3.24356,50,100,1,1,0.02,0.0035,0.105,0.01,0.0018,0.0545,0,0
global,0.05,100vs200,1300,PAN2,200,140,40,0.01276187,2.14737,50,100,2,5,0.04,0.011,0.1346,0.05,0.0215,0.1118,0,0
global,0.1,100vs200,1300,PAN2,200,140,40,0.01276187,1.74608,50,100,3,11,0.06,0.0206,0.1622,0.11,0.0625,0.1863,0,0
global,0.01,100vs200,1300,PAN1,100,40,160,0.01276187,3.24356,50,100,0,55,0.0,0.0,0.0714,0.55,0.4524,0.6439,0,0
global,0.05,100vs200,1300,PAN1,100,40,160,0.01276187,2.14737,50,100,0,77,0.0,0.0,0.0714,0.77,0.6785,0.8416,0,0
global,0.1,100vs200,1300,PAN1,100,40,160,0.01276187,1.74608,50,100,0,90,0.0,0.0,0.0714,0.9,0.8256,0.9448,0,0
global,0.01,100vs200,1300,PAN2,200,160,40,0.01276187,3.24356,50,100,0,0,0.0,0.0,0.0714,0.0,0.0,0.037,0,0
global,0.05,100vs200,1300,PAN2,200,160,40,0.01276187,2.14737,50,100,2,5,0.04,0.011,0.1346,0.05,0.0215,0.1118,0,0
global,0.1,100vs200,1300,PAN2,200,160,40,0.01276187,1.74608,50,100,4,8,0.08,0.0315,0.1884,0.08,0.0411,0.15,0,0
global,0.01,100vs200,1300,PAN1,100,40,180,0.01276187,3.24356,50,100,0,52,0.0,0.0,0.0714,0.52,0.4232,0.6154,0,0
global,0.05,100vs200,1300,PAN1,100,40,180,0.01276187,2.14737,50,100,0,79,0.0,0.0,0.0714,0.79,0.7002,0.8583,0,0
global,0.1,100vs200,1300,PAN1,100,40,180,0.01276187,1.74608,50,100,0,86,0.0,0.0,0.0714,0.86,0.7786,0.9147,0,0
global,0.01,100vs200,1300,PAN2,200,180,40,0.01276187,3.24356,50,100,1,1,0.02,0.0035,0.105,0.01,0.0018,0.0545,0,0
global,0.05,100vs200,1300,PAN2,200,180,40,0.01276187,2.14737,50,100,3,4,0.06,0.0206,0.1622,0.04,0.0157,0.0984,0,0
global,0.1,100vs200,1300,PAN2,200,180,40,0.01276187,1.74608,50,100,4,12,0.08,0.0315,0.1884,0.12,0.07,0.1981,0,0
global,0.01,100vs200,1300,PAN1,100,40,20,0.01276187,3.24356,50,100,0,0,0.0,0.0,0.0714,0.0,0.0,0.037,0,0
global,0.05,100vs200,1300,PAN1,100,40,20,0.01276187,2.14737,50,100,0,0,0.0,0.0,0.0714,0.0,0.0,0.037,0,0
global,0.1,100vs200,1300,PAN1,100,40,20,0.01276187,1.74608,50,100,0,4,0.0,0.0,0.0714,0.04,0.0157,0.0984,0,0
global,0.01,100vs200,1300,PAN2,200,20,40,0.01276187,3.24356,50,100,0,1,0.0,0.0,0.0714,0.01,0.0018,0.0545,0,0
global,0.05,100vs200,1300,PAN2,200,20,40,0.01276187,2.14737,50,100,0,4,0.0,0.0,0.0714,0.04,0.0157,0.0984,0,0
global,0.1,100vs200,1300,PAN2,200,20,40,0.01276187,1.74608,50,100,0,9,0.0,0.0,0.0714,0.09,0.0481,0.1623,0,0
global,0.01,100vs200,1300,PAN1,100,40,200,0.01276187,3.24356,50,100,0,55,0.0,0.0,0.0714,0.55,0.4524,0.6439,0,0
global,0.05,100vs200,1300,PAN1,100,40,200,0.01276187,2.14737,50,100,0,82,0.0,0.0,0.0714,0.82,0.7333,0.883,0,0
global,0.1,100vs200,1300,PAN1,100,40,200,0.01276187,1.74608,50,100,0,93,0.0,0.0,0.0714,0.93,0.8625,0.9657,0,0
global,0.01,100vs200,1300,PAN2,200,200,40,0.01276187,3.24356,50,100,1,1,0.02,0.0035,0.105,0.01,0.0018,0.0545,0,0
global,0.05,100vs200,1300,PAN2,200,200,40,0.01276187,2.14737,50,100,4,4,0.08,0.0315,0.1884,0.04,0.0157,0.0984,0,0
global,0.1,100vs200,1300,PAN2,200,200,40,0.01276187,1.74608,50,100,5,10,0.1,0.0435,0.2136,0.1,0.0552,0.1744,0,0
global,0.01,100vs200,1300,PAN1,100,40,40,0.01276187,3.24356,50,100,0,2,0.0,0.0,0.0714,0.02,0.0055,0.07,0,0
global,0.05,100vs200,1300,PAN1,100,40,40,0.01276187,2.14737,50,100,0,21,0.0,0.0,0.0714,0.21,0.1417,0.2998,0,0
global,0.1,100vs200,1300,PAN1,100,40,40,0.01276187,1.74608,50,100,0,35,0.0,0.0,0.0714,0.35,0.2636,0.4475,0,0
global,0.01,100vs200,1300,PAN2,200,40,40,0.01276187,3.24356,50,100,0,0,0.0,0.0,0.0714,0.0,0.0,0.037,0,0
global,0.05,100vs200,1300,PAN2,200,40,40,0.01276187,2.14737,50,100,0,15,0.0,0.0,0.0714,0.15,0.0931,0.2328,0,0
global,0.1,100vs200,1300,PAN2,200,40,40,0.01276187,1.74608,50,100,0,23,0.0,0.0,0.0714,0.23,0.1584,0.3215,0,0
global,0.01,100vs200,1300,PAN1,100,40,60,0.01276187,3.24356,50,100,0,42,0.0,0.0,0.0714,0.42,0.328,0.5179,0,0
global,0.05,100vs200,1300,PAN1,100,40,60,0.01276187,2.14737,50,100,0,68,0.0,0.0,0.0714,0.68,0.5834,0.7633,0,0
global,0.1,100vs200,1300,PAN1,100,40,60,0.01276187,1.74608,50,100,0,78,0.0,0.0,0.0714,0.78,0.6893,0.85,0,0
global,0.01,100vs200,1300,PAN2,200,60,40,0.01276187,3.24356,50,100,0,5,0.0,0.0,0.0714,0.05,0.0215,0.1118,0,0
global,0.05,100vs200,1300,PAN2,200,60,40,0.01276187,2.14737,50,100,0,9,0.0,0.0,0.0714,0.09,0.0481,0.1623,0,0
global,0.1,100vs200,1300,PAN2,200,60,40,0.01276187,1.74608,50,100,1,17,0.02,0.0035,0.105,0.17,0.1089,0.2555,0,0
global,0.01,100vs200,1300,PAN1,100,40,80,0.01276187,3.24356,50,100,0,49,0.0,0.0,0.0714,0.49,0.3942,0.5865,0,0
global,0.05,100vs200,1300,PAN1,100,40,80,0.01276187,2.14737,50,100,0,73,0.0,0.0,0.0714,0.73,0.6357,0.8073,0,0
global,0.1,100vs200,1300,PAN1,100,40,80,0.01276187,1.74608,50,100,0,82,0.0,0.0,0.0714,0.82,0.7333,0.883,0,0
global,0.01,100vs200,1300,PAN2,200,80,40,0.01276187,3.24356,50,100,0,0,0.0,0.0,0.0714,0.0,0.0,0.037,0,0
global,0.05,100vs200,1300,PAN2,200,80,40,0.01276187,2.14737,50,100,0,6,0.0,0.0,0.0714,0.06,0.0278,0.1248,0,0
global,0.1,100vs200,1300,PAN2,200,80,40,0.01276187,1.74608,50,100,2,14,0.04,0.011,0.1346,0.14,0.0853,0.2214,0,0
global,0.01,100vs200,1300,PAN1,100,60,100,0.01276187,3.24356,50,100,0,34,0.0,0.0,0.0714,0.34,0.2546,0.4372,0,0
global,0.05,100vs200,1300,PAN1,100,60,100,0.01276187,2.14737,50,100,0,72,0.0,0.0,0.0714,0.72,0.6251,0.7986,0,0
global,0.1,100vs200,1300,PAN1,100,60,100,0.01276187,1.74608,50,100,1,83,0.02,0.0035,0.105,0.83,0.7445,0.8911,0,0
global,0.01,100vs200,1300,PAN2,200,100,60,0.01276187,3.24356,50,100,1,4,0.02,0.0035,0.105,0.04,0.0157,0.0984,0,0
global,0.05,100vs200,1300,PAN2,200,100,60,0.01276187,2.14737,50,100,2,14,0.04,0.011,0.1346,0.14,0.0853,0.2214,0,0
global,0.1,100vs200,1300,PAN2,200,100,60,0.01276187,1.74608,50,100,2,17,0.04,0.011,0.1346,0.17,0.1089,0.2555,0,0
global,0.01,100vs200,1300,PAN1,100,60,120,0.01276187,3.24356,50,100,0,36,0.0,0.0,0.0714,0.36,0.2727,0.4576,0,0
global,0.05,100vs200,1300,PAN1,100,60,120,0.01276187,2.14737,50,100,0,72,0.0,0.0,0.0714,0.72,0.6251,0.7986,0,0
global,0.1,100vs200,1300,PAN1,100,60,120,0.01276187,1.74608,50,100,1,80,0.02,0.0035,0.105,0.8,0.7112,0.8666,0,0
global,0.01,100vs200,1300,PAN2,200,120,60,0.01276187,3.24356,50,100,1,1,0.02,0.0035,0.105,0.01,0.0018,0.0545,0,0
global,0.05,100vs200,1300,PAN2,200,120,60,0.01276187,2.14737,50,100,1,10,0.02,0.0035,0.105,0.1,0.0552,0.1744,0,0
global,0.1,100vs200,1300,PAN2,200,120,60,0.01276187,1.74608,50,100,1,16,0.02,0.0035,0.105,0.16,0.101,0.2442,0,0
global,0.01,100vs200,1300,PAN1,100,60,140,0.01276187,3.24356,50,100,0,36,0.0,0.0,0.0714,0.36,0.2727,0.4576,0,0
global,0.05,100vs200,1300,PAN1,100,60,140,0.01276187,2.14737,50,100,0,68,0.0,0.0,0.0714,0.68,0.5834,0.7633,0,0
global,0.1,100vs200,1300,PAN1,100,60,140,0.01276187,1.74608,50,100,1,82,0.02,0.0035,0.105,0.82,0.7333,0.883,0,0
global,0.01,100vs200,1300,PAN2,200,140,60,0.01276187,3.24356,50,100,1,0,0.02,0.0035,0.105,0.0,0.0,0.037,0,0
global,0.05,100vs200,1300,PAN2,200,140,60,0.01276187,2.14737,50,100,2,8,0.04,0.011,0.1346,0.08,0.0411,0.15,0,0
global,0.1,100vs200,1300,PAN2,200,140,60,0.01276187,1.74608,50,100,3,14,0.06,0.0206,0.1622,0.14,0.0853,0.2214,0,0
global,0.01,100vs200,1300,PAN1,100,60,160,0.01276187,3.24356,50,100,0,37,0.0,0.0,0.0714,0.37,0.2818,0.4678,0,0
global,0.05,100vs200,1300,PAN1,100,60,160,0.01276187,2.14737,50,100,0,62,0.0,0.0,0.0714,0.62,0.5221,0.709,0,0
global,0.1,100vs200,1300,PAN1,100,60,160,0.01276187,1.74608,50,100,1,76,0.02,0.0035,0.105,0.76,0.6677,0.8331,0,0
global,0.01,100vs200,1300,PAN2,200,160,60,0.01276187,3.24356,50,100,0,2,0.0,0.0,0.0714,0.02,0.0055,0.07,0,0
global,0.05,100vs200,1300,PAN2,200,160,60,0.01276187,2.14737,50,100,2,9,0.04,0.011,0.1346,0.09,0.0481,0.1623,0,0
global,0.1,100vs200,1300,PAN2,200,160,60,0.01276187,1.74608,50,100,4,17,0.08,0.0315,0.1884,0.17,0.1089,0.2555,0,0
global,0.01,100vs200,1300,PAN1,100,60,180,0.01276187,3.24356,50,100,0,36,0.0,0.0,0.0714,0.36,0.2727,0.4576,0,0
global,0.05,100vs200,1300,PAN1,100,60,180,0.01276187,2.14737,50,100,0,70,0.0,0.0,0.0714,0.7,0.6041,0.7811,0,0
global,0.1,100vs200,1300,PAN1,100,60,180,0.01276187,1.74608,50,100,1,79,0.02,0.0035,0.105,0.79,0.7002,0.8583,0,0
global,0.01,100vs200,1300,PAN2,200,180,60,0.01276187,3.24356,50,100,1,1,0.02,0.0035,0.105,0.01,0.0018,0.0545,0,0
global,0.05,100vs200,1300,PAN2,200,180,60,0.01276187,2.14737,50,100,3,4,0.06,0.0206,0.1622,0.04,0.0157,0.0984,0,0
global,0.1,100vs200,1300,PAN2,200,180,60,0.01276187,1.74608,50,100,4,10,0.08,0.0315,0.1884,0.1,0.0552,0.1744,0,0
global,0.01,100vs200,1300,PAN1,100,60,20,0.01276187,3.24356,50,100,0,0,0.0,0.0,0.0714,0.0,0.0,0.037,0,0
global,0.05,100vs200,1300,PAN1,100,60,20,0.01276187,2.14737,50,100,0,4,0.0,0.0,0.0714,0.04,0.0157,0.0984,0,0
global,0.1,100vs200,1300,PAN1,100,60,20,0.01276187,1.74608,50,100,1,10,0.02,0.0035,0.105,0.1,0.0552,0.1744,0,0
global,0.01,100vs200,1300,PAN2,200,20,60,0.01276187,3.24356,50,100,0,12,0.0,0.0,0.0714,0.12,0.07,0.1981,0,0
global,0.05,100vs200,1300,PAN2,200,20,60,0.01276187,2.14737,50,100,0,34,0.0,0.0,0.0714,0.34,0.2546,0.4372,0,0
global,0.1,100vs200,1300,PAN2,200,20,60,0.01276187,1.74608,50,100,0,50,0.0,0.0,0.0714,0.5,0.4038,0.5962,0,0
global,0.01,100vs200,1300,PAN1,100,60,200,0.01276187,3.24356,50,100,0,45,0.0,0.0,0.0714,0.45,0.3561,0.5476,0,0
global,0.05,100vs200,1300,PAN1,100,60,200,0.01276187,2.14737,50,100,0,66,0.0,0.0,0.0714,0.66,0.5628,0.7454,0,0
global,0.1,100vs200,1300,PAN1,100,60,200,0.01276187,1.74608,50,100,1,75,0.02,0.0035,0.105,0.75,0.657,0.8245,0,0
global,0.01,100vs200,1300,PAN2,200,200,60,0.01276187,3.24356,50,100,1,2,0.02,0.0035,0.105,0.02,0.0055,0.07,0,0
global,0.05,100vs200,1300,PAN2,200,200,60,0.01276187,2.14737,50,100,4,9,0.08,0.0315,0.1884,0.09,0.0481,0.1623,0,0
global,0.1,100vs200,1300,PAN2,200,200,60,0.01276187,1.74608,50,100,5,15,0.1,0.0435,0.2136,0.15,0.0931,0.2328,0,0
global,0.01,100vs200,1300,PAN1,100,60,40,0.01276187,3.24356,50,100,0,4,0.0,0.0,0.0714,0.04,0.0157,0.0984,0,0
global,0.05,100vs200,1300,PAN1,100,60,40,0.01276187,2.14737,50,100,0,22,0.0,0.0,0.0714,0.22,0.15,0.3107,0,0
global,0.1,100vs200,1300,PAN1,100,60,40,0.01276187,1.74608,50,100,1,39,0.02,0.0035,0.105,0.39,0.3002,0.488,0,0
global,0.01,100vs200,1300,PAN2,200,40,60,0.01276187,3.24356,50,100,0,20,0.0,0.0,0.0714,0.2,0.1334,0.2888,0,0
global,0.05,100vs200,1300,PAN2,200,40,60,0.01276187,2.14737,50,100,0,44,0.0,0.0,0.0714,0.44,0.3467,0.5377,0,0
global,0.1,100vs200,1300,PAN2,200,40,60,0.01276187,1.74608,50,100,0,58,0.0,0.0,0.0714,0.58,0.4821,0.672,0,0
global,0.01,100vs200,1300,PAN1,100,60,60,0.01276187,3.24356,50,100,0,36,0.0,0.0,0.0714,0.36,0.2727,0.4576,0,0
global,0.05,100vs200,1300,PAN1,100,60,60,0.01276187,2.14737,50,100,0,67,0.0,0.0,0.0714,0.67,0.5731,0.7544,0,0
global,0.1,100vs200,1300,PAN1,100,60,60,0.01276187,1.74608,50,100,1,78,0.02,0.0035,0.105,0.78,0.6893,0.85,0,0
global,0.01,100vs200,1300,PAN2,200,60,60,0.01276187,3.24356,50,100,0,16,0.0,0.0,0.0714,0.16,0.101,0.2442,0,0
global,0.05,100vs200,1300,PAN2,200,60,60,0.01276187,2.14737,50,100,0,50,0.0,0.0,0.0714,0.5,0.4038,0.5962,0,0
global,0.1,100vs200,1300,PAN2,200,60,60,0.01276187,1.74608,50,100,1,63,0.02,0.0035,0.105,0.63,0.5322,0.7182,0,0
global,0.01,100vs200,1300,PAN1,100,60,80,0.01276187,3.24356,50,100,0,36,0.0,0.0,0.0714,0.36,0.2727,0.4576,0,0
global,0.05,100vs200,1300,PAN1,100,60,80,0.01276187,2.14737,50,100,0,68,0.0,0.0,0.0714,0.68,0.5834,0.7633,0,0
global,0.1,100vs200,1300,PAN1,100,60,80,0.01276187,1.74608,50,100,1,76,0.02,0.0035,0.105,0.76,0.6677,0.8331,0,0
global,0.01,100vs200,1300,PAN2,200,80,60,0.01276187,3.24356,50,100,0,5,0.0,0.0,0.0714,0.05,0.0215,0.1118,0,0
global,0.05,100vs200,1300,PAN2,200,80,60,0.01276187,2.14737,50,100,0,18,0.0,0.0,0.0714,0.18,0.117,0.2667,0,0
global,0.1,100vs200,1300,PAN2,200,80,60,0.01276187,1.74608,50,100,2,35,0.04,0.011,0.1346,0.35,0.2636,0.4475,0,0
global,0.01,100vs200,1300,PAN1,100,80,100,0.01276187,3.24356,50,100,0,34,0.0,0.0,0.0714,0.34,0.2546,0.4372,0,0
global,0.05,100vs200,1300,PAN1,100,80,100,0.01276187,2.14737,50,100,5,64,0.1,0.0435,0.2136,0.64,0.5424,0.7273,0,0
global,0.1,100vs200,1300,PAN1,100,80,100,0.01276187,1.74608,50,100,8,77,0.16,0.0834,0.2851,0.77,0.6785,0.8416,0,0
global,0.01,100vs200,1300,PAN2,200,100,80,0.01276187,3.24356,50,100,1,20,0.02,0.0035,0.105,0.2,0.1334,0.2888,0,0
global,0.05,100vs200,1300,PAN2,200,100,80,0.01276187,2.14737,50,100,2,56,0.04,0.011,0.1346,0.56,0.4623,0.6533,0,0
global,0.1,100vs200,1300,PAN2,200,100,80,0.01276187,1.74608,50,100,2,74,0.04,0.011,0.1346,0.74,0.6463,0.816,0,0
global,0.01,100vs200,1300,PAN1,100,80,120,0.01276187,3.24356,50,100,0,42,0.0,0.0,0.0714,0.42,0.328,0.5179,0,0
global,0.05,100vs200,1300,PAN1,100,80,120,0.01276187,2.14737,50,100,5,66,0.1,0.0435,0.2136,0.66,0.5628,0.7454,0,0
global,0.1,100vs200,1300,PAN1,100,80,120,0.01276187,1.74608,50,100,8,75,0.16,0.0834,0.2851,0.75,0.657,0.8245,0,0
global,0.01,100vs200,1300,PAN2,200,120,80,0.01276187,3.24356,50,100,1,21,0.02,0.0035,0.105,0.21,0.1417,0.2998,0,0
global,0.05,100vs200,1300,PAN2,200,120,80,0.01276187,2.14737,50,100,1,52,0.02,0.0035,0.105,0.52,0.4232,0.6154,0,0
global,0.1,100vs200,1300,PAN2,200,120,80,0.01276187,1.74608,50,100,1,65,0.02,0.0035,0.105,0.65,0.5525,0.7364,0,0
global,0.01,100vs200,1300,PAN1,100,80,140,0.01276187,3.24356,50,100,0,34,0.0,0.0,0.0714,0.34,0.2546,0.4372,0,0
global,0.05,100vs200,1300,PAN1,100,80,140,0.01276187,2.14737,50,100,5,63,0.1,0.0435,0.2136,0.63,0.5322,0.7182,0,0
global,0.1,100vs200,1300,PAN1,100,80,140,0.01276187,1.74608,50,100,8,74,0.16,0.0834,0.2851,0.74,0.6463,0.816,0,0
global,0.01,100vs200,1300,PAN2,200,140,80,0.01276187,3.24356,50,100,1,12,0.02,0.0035,0.105,0.12,0.07,0.1981,0,0
global,0.05,100vs200,1300,PAN2,200,140,80,0.01276187,2.14737,50,100,2,41,0.04,0.011,0.1346,0.41,0.3187,0.508,0,0
global,0.1,100vs200,1300,PAN2,200,140,80,0.01276187,1.74608,50,100,3,60,0.06,0.0206,0.1622,0.6,0.502,0.6906,0,0
global,0.01,100vs200,1300,PAN1,100,80,160,0.01276187,3.24356,50,99,0,33,0.0,0.0,0.0714,0.3333,0.2482,0.4309,0,0
global,0.05,100vs200,1300,PAN1,100,80,160,0.01276187,2.14737,50,99,5,57,0.1,0.0435,0.2136,0.5758,0.4774,0.6685,0,0
global,0.1,100vs200,1300,PAN1,100,80,160,0.01276187,1.74608,50,99,8,72,0.16,0.0834,0.2851,0.7273,0.6323,0.8053,0,0
global,0.01,100vs200,1300,PAN2,200,160,80,0.01276187,3.24356,50,100,0,12,0.0,0.0,0.0714,0.12,0.07,0.1981,0,0
global,0.05,100vs200,1300,PAN2,200,160,80,0.01276187,2.14737,50,100,2,35,0.04,0.011,0.1346,0.35,0.2636,0.4475,0,0
global,0.1,100vs200,1300,PAN2,200,160,80,0.01276187,1.74608,50,100,4,58,0.08,0.0315,0.1884,0.58,0.4821,0.672,0,0
global,0.01,100vs200,1300,PAN1,100,80,180,0.01276187,3.24356,50,99,0,38,0.0,0.0,0.0714,0.3838,0.2941,0.4823,0,0
global,0.05,100vs200,1300,PAN1,100,80,180,0.01276187,2.14737,50,99,5,67,0.1,0.0435,0.2136,0.6768,0.5795,0.7608,0,0
global,0.1,100vs200,1300,PAN1,100,80,180,0.01276187,1.74608,50,99,8,72,0.16,0.0834,0.2851,0.7273,0.6323,0.8053,0,0
global,0.01,100vs200,1300,PAN2,200,180,80,0.01276187,3.24356,50,100,1,10,0.02,0.0035,0.105,0.1,0.0552,0.1744,0,0
global,0.05,100vs200,1300,PAN2,200,180,80,0.01276187,2.14737,50,100,3,32,0.06,0.0206,0.1622,0.32,0.2367,0.4166,0,0
global,0.1,100vs200,1300,PAN2,200,180,80,0.01276187,1.74608,50,100,4,52,0.08,0.0315,0.1884,0.52,0.4232,0.6154,0,0
global,0.01,100vs200,1300,PAN1,100,80,20,0.01276187,3.24356,50,100,0,0,0.0,0.0,0.0714,0.0,0.0,0.037,0,0
global,0.05,100vs200,1300,PAN1,100,80,20,0.01276187,2.14737,50,100,5,2,0.1,0.0435,0.2136,0.02,0.0055,0.07,0,0
global,0.1,100vs200,1300,PAN1,100,80,20,0.01276187,1.74608,50,100,8,10,0.16,0.0834,0.2851,0.1,0.0552,0.1744,0,0
global,0.01,100vs200,1300,PAN2,200,20,80,0.01276187,3.24356,50,100,0,19,0.0,0.0,0.0714,0.19,0.1251,0.2778,0,0
global,0.05,100vs200,1300,PAN2,200,20,80,0.01276187,2.14737,50,100,0,53,0.0,0.0,0.0714,0.53,0.4329,0.6249,0,0
global,0.1,100vs200,1300,PAN2,200,20,80,0.01276187,1.74608,50,100,0,62,0.0,0.0,0.0714,0.62,0.5221,0.709,0,0
global,0.01,100vs200,1300,PAN1,100,80,200,0.01276187,3.24356,50,100,0,39,0.0,0.0,0.0714,0.39,0.3002,0.488,0,0
global,0.05,100vs200,1300,PAN1,100,80,200,0.01276187,2.14737,50,100,5,60,0.1,0.0435,0.2136,0.6,0.502,0.6906,0,0
global,0.1,100vs200,1300,PAN1,100,80,200,0.01276187,1.74608,50,100,8,67,0.16,0.0834,0.2851,0.67,0.5731,0.7544,0,0
global,0.01,100vs200,1300,PAN2,200,200,80,0.01276187,3.24356,50,100,1,6,0.02,0.0035,0.105,0.06,0.0278,0.1248,0,0
global,0.05,100vs200,1300,PAN2,200,200,80,0.01276187,2.14737,50,100,4,33,0.08,0.0315,0.1884,0.33,0.2456,0.4269,0,0
global,0.1,100vs200,1300,PAN2,200,200,80,0.01276187,1.74608,50,100,5,47,0.1,0.0435,0.2136,0.47,0.3751,0.5671,0,0
global,0.01,100vs200,1300,PAN1,100,80,40,0.01276187,3.24356,50,100,0,3,0.0,0.0,0.0714,0.03,0.0103,0.0845,0,0
global,0.05,100vs200,1300,PAN1,100,80,40,0.01276187,2.14737,50,100,5,22,0.1,0.0435,0.2136,0.22,0.15,0.3107,0,0
global,0.1,100vs200,1300,PAN1,100,80,40,0.01276187,1.74608,50,100,8,36,0.16,0.0834,0.2851,0.36,0.2727,0.4576,0,0
global,0.01,100vs200,1300,PAN2,200,40,80,0.01276187,3.24356,50,100,0,29,0.0,0.0,0.0714,0.29,0.2101,0.3854,0,0
global,0.05,100vs200,1300,PAN2,200,40,80,0.01276187,2.14737,50,100,0,57,0.0,0.0,0.0714,0.57,0.4722,0.6627,0,0
global,0.1,100vs200,1300,PAN2,200,40,80,0.01276187,1.74608,50,100,0,67,0.0,0.0,0.0714,0.67,0.5731,0.7544,0,0
global,0.01,100vs200,1300,PAN1,100,80,60,0.01276187,3.24356,50,100,0,23,0.0,0.0,0.0714,0.23,0.1584,0.3215,0,0
global,0.05,100vs200,1300,PAN1,100,80,60,0.01276187,2.14737,50,100,5,41,0.1,0.0435,0.2136,0.41,0.3187,0.508,0,0
global,0.1,100vs200,1300,PAN1,100,80,60,0.01276187,1.74608,50,100,8,56,0.16,0.0834,0.2851,0.56,0.4623,0.6533,0,0
global,0.01,100vs200,1300,PAN2,200,60,80,0.01276187,3.24356,50,100,0,23,0.0,0.0,0.0714,0.23,0.1584,0.3215,0,0
global,0.05,100vs200,1300,PAN2,200,60,80,0.01276187,2.14737,50,100,0,57,0.0,0.0,0.0714,0.57,0.4722,0.6627,0,0
global,0.1,100vs200,1300,PAN2,200,60,80,0.01276187,1.74608,50,100,1,69,0.02,0.0035,0.105,0.69,0.5937,0.7722,0,0
global,0.01,100vs200,1300,PAN1,100,80,80,0.01276187,3.24356,50,100,0,38,0.0,0.0,0.0714,0.38,0.291,0.4779,0,0
global,0.05,100vs200,1300,PAN1,100,80,80,0.01276187,2.14737,50,100,5,61,0.1,0.0435,0.2136,0.61,0.512,0.6998,0,0
global,0.1,100vs200,1300,PAN1,100,80,80,0.01276187,1.74608,50,100,8,73,0.16,0.0834,0.2851,0.73,0.6357,0.8073,0,0
global,0.01,100vs200,1300,PAN2,200,80,80,0.01276187,3.24356,50,100,0,28,0.0,0.0,0.0714,0.28,0.2014,0.3749,0,0
global,0.05,100vs200,1300,PAN2,200,80,80,0.01276187,2.14737,50,100,0,64,0.0,0.0,0.0714,0.64,0.5424,0.7273,0,0
global,0.1,100vs200,1300,PAN2,200,80,80,0.01276187,1.74608,50,100,2,76,0.04,0.011,0.1346,0.76,0.6677,0.8331,0,0
global,0.01,200vs200,1100,PAN1,200,100,100,0.01276187,3.24356,50,100,0,35,0.0,0.0,0.0714,0.35,0.2636,0.4475,0,0
global,0.05,200vs200,1100,PAN1,200,100,100,0.01276187,2.14737,50,100,0,72,0.0,0.0,0.0714,0.72,0.6251,0.7986,0,0
global,0.1,200vs200,1100,PAN1,200,100,100,0.01276187,1.74608,50,100,0,85,0.0,0.0,0.0714,0.85,0.7672,0.9069,0,0
global,0.01,200vs200,1100,PAN2,200,100,100,0.01276187,3.24356,50,100,1,43,0.02,0.0035,0.105,0.43,0.3373,0.5278,0,0
global,0.05,200vs200,1100,PAN2,200,100,100,0.01276187,2.14737,50,100,2,71,0.04,0.011,0.1346,0.71,0.6146,0.7899,0,0
global,0.1,200vs200,1100,PAN2,200,100,100,0.01276187,1.74608,50,100,2,85,0.04,0.011,0.1346,0.85,0.7672,0.9069,0,0
global,0.01,200vs200,1100,PAN1,200,100,120,0.01276187,3.24356,50,100,0,43,0.0,0.0,0.0714,0.43,0.3373,0.5278,0,0
global,0.05,200vs200,1100,PAN1,200,100,120,0.01276187,2.14737,50,100,0,72,0.0,0.0,0.0714,0.72,0.6251,0.7986,0,0
global,0.1,200vs200,1100,PAN1,200,100,120,0.01276187,1.74608,50,100,0,82,0.0,0.0,0.0714,0.82,0.7333,0.883,0,0
global,0.01,200vs200,1100,PAN2,200,120,100,0.01276187,3.24356,50,100,1,34,0.02,0.0035,0.105,0.34,0.2546,0.4372,0,0
global,0.05,200vs200,1100,PAN2,200,120,100,0.01276187,2.14737,50,100,1,69,0.02,0.0035,0.105,0.69,0.5937,0.7722,0,0
global,0.1,200vs200,1100,PAN2,200,120,100,0.01276187,1.74608,50,100,1,83,0.02,0.0035,0.105,0.83,0.7445,0.8911,0,0
global,0.01,200vs200,1100,PAN1,200,100,140,0.01276187,3.24356,50,100,0,43,0.0,0.0,0.0714,0.43,0.3373,0.5278,0,0
global,0.05,200vs200,1100,PAN1,200,100,140,0.01276187,2.14737,50,100,0,74,0.0,0.0,0.0714,0.74,0.6463,0.816,0,0
global,0.1,200vs200,1100,PAN1,200,100,140,0.01276187,1.74608,50,100,0,84,0.0,0.0,0.0714,0.84,0.7558,0.899,0,0
global,0.01,200vs200,1100,PAN2,200,140,100,0.01276187,3.24356,50,100,1,35,0.02,0.0035,0.105,0.35,0.2636,0.4475,0,0
global,0.05,200vs200,1100,PAN2,200,140,100,0.01276187,2.14737,50,100,2,71,0.04,0.011,0.1346,0.71,0.6146,0.7899,0,0
global,0.1,200vs200,1100,PAN2,200,140,100,0.01276187,1.74608,50,100,3,83,0.06,0.0206,0.1622,0.83,0.7445,0.8911,0,0
global,0.01,200vs200,1100,PAN1,200,100,160,0.01276187,3.24356,50,100,0,37,0.0,0.0,0.0714,0.37,0.2818,0.4678,0,0
global,0.05,200vs200,1100,PAN1,200,100,160,0.01276187,2.14737,50,100,0,68,0.0,0.0,0.0714,0.68,0.5834,0.7633,0,0
global,0.1,200vs200,1100,PAN1,200,100,160,0.01276187,1.74608,50,100,0,86,0.0,0.0,0.0714,0.86,0.7786,0.9147,0,0
global,0.01,200vs200,1100,PAN2,200,160,100,0.01276187,3.24356,50,100,0,36,0.0,0.0,0.0714,0.36,0.2727,0.4576,0,0
global,0.05,200vs200,1100,PAN2,200,160,100,0.01276187,2.14737,50,100,2,64,0.04,0.011,0.1346,0.64,0.5424,0.7273,0,0
global,0.1,200vs200,1100,PAN2,200,160,100,0.01276187,1.74608,50,100,4,78,0.08,0.0315,0.1884,0.78,0.6893,0.85,0,0
global,0.01,200vs200,1100,PAN1,200,100,180,0.01276187,3.24356,50,100,0,41,0.0,0.0,0.0714,0.41,0.3187,0.508,0,0
global,0.05,200vs200,1100,PAN1,200,100,180,0.01276187,2.14737,50,100,0,72,0.0,0.0,0.0714,0.72,0.6251,0.7986,0,0
global,0.1,200vs200,1100,PAN1,200,100,180,0.01276187,1.74608,50,100,0,83,0.0,0.0,0.0714,0.83,0.7445,0.8911,0,0
global,0.01,200vs200,1100,PAN2,200,180,100,0.01276187,3.24356,50,100,1,20,0.02,0.0035,0.105,0.2,0.1334,0.2888,0,0
global,0.05,200vs200,1100,PAN2,200,180,100,0.01276187,2.14737,50,100,3,56,0.06,0.0206,0.1622,0.56,0.4623,0.6533,0,0
global,0.1,200vs200,1100,PAN2,200,180,100,0.01276187,1.74608,50,100,4,71,0.08,0.0315,0.1884,0.71,0.6146,0.7899,0,0
global,0.01,200vs200,1100,PAN1,200,100,20,0.01276187,3.24356,50,100,0,0,0.0,0.0,0.0714,0.0,0.0,0.037,0,0
global,0.05,200vs200,1100,PAN1,200,100,20,0.01276187,2.14737,50,100,0,2,0.0,0.0,0.0714,0.02,0.0055,0.07,0,0
global,0.1,200vs200,1100,PAN1,200,100,20,0.01276187,1.74608,50,100,0,9,0.0,0.0,0.0714,0.09,0.0481,0.1623,0,0
global,0.01,200vs200,1100,PAN2,200,20,100,0.01276187,3.24356,50,100,0,51,0.0,0.0,0.0714,0.51,0.4135,0.6058,0,0
global,0.05,200vs200,1100,PAN2,200,20,100,0.01276187,2.14737,50,100,0,82,0.0,0.0,0.0714,0.82,0.7333,0.883,0,0
global,0.1,200vs200,1100,PAN2,200,20,100,0.01276187,1.74608,50,100,0,90,0.0,0.0,0.0714,0.9,0.8256,0.9448,0,0
global,0.01,200vs200,1100,PAN1,200,100,200,0.01276187,3.24356,50,100,0,48,0.0,0.0,0.0714,0.48,0.3846,0.5768,0,0
global,0.05,200vs200,1100,PAN1,200,100,200,0.01276187,2.14737,50,100,0,75,0.0,0.0,0.0714,0.75,0.657,0.8245,0,0
global,0.1,200vs200,1100,PAN1,200,100,200,0.01276187,1.74608,50,100,0,80,0.0,0.0,0.0714,0.8,0.7112,0.8666,0,0
global,0.01,200vs200,1100,PAN2,200,200,100,0.01276187,3.24356,50,100,1,21,0.02,0.0035,0.105,0.21,0.1417,0.2998,0,0
global,0.05,200vs200,1100,PAN2,200,200,100,0.01276187,2.14737,50,100,4,53,0.08,0.0315,0.1884,0.53,0.4329,0.6249,0,0
global,0.1,200vs200,1100,PAN2,200,200,100,0.01276187,1.74608,50,100,5,73,0.1,0.0435,0.2136,0.73,0.6357,0.8073,0,0
global,0.01,200vs200,1100,PAN1,200,100,40,0.01276187,3.24356,50,100,0,0,0.0,0.0,0.0714,0.0,0.0,0.037,0,0
global,0.05,200vs200,1100,PAN1,200,100,40,0.01276187,2.14737,50,100,0,8,0.0,0.0,0.0714,0.08,0.0411,0.15,0,0
global,0.1,200vs200,1100,PAN1,200,100,40,0.01276187,1.74608,50,100,0,15,0.0,0.0,0.0714,0.15,0.0931,0.2328,0,0
global,0.01,200vs200,1100,PAN2,200,40,100,0.01276187,3.24356,50,100,0,54,0.0,0.0,0.0714,0.54,0.4426,0.6344,0,0
global,0.05,200vs200,1100,PAN2,200,40,100,0.01276187,2.14737,50,100,0,83,0.0,0.0,0.0714,0.83,0.7445,0.8911,0,0
global,0.1,200vs200,1100,PAN2,200,40,100,0.01276187,1.74608,50,100,0,96,0.0,0.0,0.0714,0.96,0.9016,0.9843,0,0
global,0.01,200vs200,1100,PAN1,200,100,60,0.01276187,3.24356,50,100,0,19,0.0,0.0,0.0714,0.19,0.1251,0.2778,0,0
global,0.05,200vs200,1100,PAN1,200,100,60,0.01276187,2.14737,50,100,0,41,0.0,0.0,0.0714,0.41,0.3187,0.508,0,0
global,0.1,200vs200,1100,PAN1,200,100,60,0.01276187,1.74608,50,100,0,56,0.0,0.0,0.0714,0.56,0.4623,0.6533,0,0
global,0.01,200vs200,1100,PAN2,200,60,100,0.01276187,3.24356,50,100,0,50,0.0,0.0,0.0714,0.5,0.4038,0.5962,0,0
global,0.05,200vs200,1100,PAN2,200,60,100,0.01276187,2.14737,50,100,0,76,0.0,0.0,0.0714,0.76,0.6677,0.8331,0,0
global,0.1,200vs200,1100,PAN2,200,60,100,0.01276187,1.74608,50,100,1,89,0.02,0.0035,0.105,0.89,0.8137,0.9375,0,0
global,0.01,200vs200,1100,PAN1,200,100,80,0.01276187,3.24356,50,100,0,40,0.0,0.0,0.0714,0.4,0.3094,0.498,0,0
global,0.05,200vs200,1100,PAN1,200,100,80,0.01276187,2.14737,50,100,0,76,0.0,0.0,0.0714,0.76,0.6677,0.8331,0,0
global,0.1,200vs200,1100,PAN1,200,100,80,0.01276187,1.74608,50,100,0,87,0.0,0.0,0.0714,0.87,0.7902,0.9224,0,0
global,0.01,200vs200,1100,PAN2,200,80,100,0.01276187,3.24356,50,100,0,55,0.0,0.0,0.0714,0.55,0.4524,0.6439,0,0
global,0.05,200vs200,1100,PAN2,200,80,100,0.01276187,2.14737,50,100,0,84,0.0,0.0,0.0714,0.84,0.7558,0.899,0,0
global,0.1,200vs200,1100,PAN2,200,80,100,0.01276187,1.74608,50,100,2,91,0.04,0.011,0.1346,0.91,0.8377,0.9519,0,0
global,0.01,200vs200,1100,PAN1,200,120,100,0.01276187,3.24356,50,100,0,39,0.0,0.0,0.0714,0.39,0.3002,0.488,0,0
global,0.05,200vs200,1100,PAN1,200,120,100,0.01276187,2.14737,50,100,1,68,0.02,0.0035,0.105,0.68,0.5834,0.7633,0,0
global,0.1,200vs200,1100,PAN1,200,120,100,0.01276187,1.74608,50,100,1,82,0.02,0.0035,0.105,0.82,0.7333,0.883,0,0
global,0.01,200vs200,1100,PAN2,200,100,120,0.01276187,3.24356,50,100,1,48,0.02,0.0035,0.105,0.48,0.3846,0.5768,0,0
global,0.05,200vs200,1100,PAN2,200,100,120,0.01276187,2.14737,50,100,2,79,0.04,0.011,0.1346,0.79,0.7002,0.8583,0,0
global,0.1,200vs200,1100,PAN2,200,100,120,0.01276187,1.74608,50,100,2,86,0.04,0.011,0.1346,0.86,0.7786,0.9147,0,0
global,0.01,200vs200,1100,PAN1,200,120,120,0.01276187,3.24356,50,100,0,41,0.0,0.0,0.0714,0.41,0.3187,0.508,0,0
global,0.05,200vs200,1100,PAN1,200,120,120,0.01276187,2.14737,50,100,1,71,0.02,0.0035,0.105,0.71,0.6146,0.7899,0,0
global,0.1,200vs200,1100,PAN1,200,120,120,0.01276187,1.74608,50,100,1,85,0.02,0.0035,0.105,0.85,0.7672,0.9069,0,0
global,0.01,200vs200,1100,PAN2,200,120,120,0.01276187,3.24356,50,100,1,37,0.02,0.0035,0.105,0.37,0.2818,0.4678,0,0
global,0.05,200vs200,1100,PAN2,200,120,120,0.01276187,2.14737,50,100,1,72,0.02,0.0035,0.105,0.72,0.6251,0.7986,0,0
global,0.1,200vs200,1100,PAN2,200,120,120,0.01276187,1.74608,50,100,1,85,0.02,0.0035,0.105,0.85,0.7672,0.9069,0,0
global,0.01,200vs200,1100,PAN1,200,120,140,0.01276187,3.24356,50,100,0,35,0.0,0.0,0.0714,0.35,0.2636,0.4475,0,0
global,0.05,200vs200,1100,PAN1,200,120,140,0.01276187,2.14737,50,100,1,66,0.02,0.0035,0.105,0.66,0.5628,0.7454,0,0
global,0.1,200vs200,1100,PAN1,200,120,140,0.01276187,1.74608,50,100,1,82,0.02,0.0035,0.105,0.82,0.7333,0.883,0,0
global,0.01,200vs200,1100,PAN2,200,140,120,0.01276187,3.24356,50,100,1,38,0.02,0.0035,0.105,0.38,0.291,0.4779,0,0
global,0.05,200vs200,1100,PAN2,200,140,120,0.01276187,2.14737,50,100,2,71,0.04,0.011,0.1346,0.71,0.6146,0.7899,0,0
global,0.1,200vs200,1100,PAN2,200,140,120,0.01276187,1.74608,50,100,3,84,0.06,0.0206,0.1622,0.84,0.7558,0.899,0,0
global,0.01,200vs200,1100,PAN1,200,120,160,0.01276187,3.24356,50,100,0,41,0.0,0.0,0.0714,0.41,0.3187,0.508,0,0
global,0.05,200vs200,1100,PAN1,200,120,160,0.01276187,2.14737,50,100,1,67,0.02,0.0035,0.105,0.67,0.5731,0.7544,0,0
global,0.1,200vs200,1100,PAN1,200,120,160,0.01276187,1.74608,50,100,1,86,0.02,0.0035,0.105,0.86,0.7786,0.9147,0,0
global,0.01,200vs200,1100,PAN2,200,160,120,0.01276187,3.24356,50,100,0,25,0.0,0.0,0.0714,0.25,0.1755,0.343,0,0
global,0.05,200vs200,1100,PAN2,200,160,120,0.01276187,2.14737,50,100,2,62,0.04,0.011,0.1346,0.62,0.5221,0.709,0,0
global,0.1,200vs200,1100,PAN2,200,160,120,0.01276187,1.74608,50,100,4,79,0.08,0.0315,0.1884,0.79,0.7002,0.8583,0,0
global,0.01,200vs200,1100,PAN1,200,120,180,0.01276187,3.24356,50,100,0,41,0.0,0.0,0.0714,0.41,0.3187,0.508,0,0
global,0.05,200vs200,1100,PAN1,200,120,180,0.01276187,2.14737,50,100,1,66,0.02,0.0035,0.105,0.66,0.5628,0.7454,0,0
global,0.1,200vs200,1100,PAN1,200,120,180,0.01276187,1.74608,50,100,1,83,0.02,0.0035,0.105,0.83,0.7445,0.8911,0,0
global,0.01,200vs200,1100,PAN2,200,180,120,0.01276187,3.24356,50,100,1,24,0.02,0.0035,0.105,0.24,0.1669,0.3323,0,0
global,0.05,200vs200,1100,PAN2,200,180,120,0.01276187,2.14737,50,100,3,60,0.06,0.0206,0.1622,0.6,0.502,0.6906,0,0
global,0.1,200vs200,1100,PAN2,200,180,120,0.01276187,1.74608,50,100,4,69,0.08,0.0315,0.1884,0.69,0.5937,0.7722,0,0
global,0.01,200vs200,1100,PAN1,200,120,20,0.01276187,3.24356,50,100,0,1,0.0,0.0,0.0714,0.01,0.0018,0.0545,0,0
global,0.05,200vs200,1100,PAN1,200,120,20,0.01276187,2.14737,50,100,1,4,0.02,0.0035,0.105,0.04,0.0157,0.0984,0,0
global,0.1,200vs200,1100,PAN1,200,120,20,0.01276187,1.74608,50,100,1,10,0.02,0.0035,0.105,0.1,0.0552,0.1744,0,0
global,0.01,200vs200,1100,PAN2,200,20,120,0.01276187,3.24356,50,100,0,53,0.0,0.0,0.0714,0.53,0.4329,0.6249,0,0
global,0.05,200vs200,1100,PAN2,200,20,120,0.01276187,2.14737,50,100,0,79,0.0,0.0,0.0714,0.79,0.7002,0.8583,0,0
global,0.1,200vs200,1100,PAN2,200,20,120,0.01276187,1.74608,50,100,0,90,0.0,0.0,0.0714,0.9,0.8256,0.9448,0,0
global,0.01,200vs200,1100,PAN1,200,120,200,0.01276187,3.24356,50,100,0,40,0.0,0.0,0.0714,0.4,0.3094,0.498,0,0
global,0.05,200vs200,1100,PAN1,200,120,200,0.01276187,2.14737,50,100,1,74,0.02,0.0035,0.105,0.74,0.6463,0.816,0,0
global,0.1,200vs200,1100,PAN1,200,120,200,0.01276187,1.74608,50,100,1,85,0.02,0.0035,0.105,0.85,0.7672,0.9069,0,0
global,0.01,200vs200,1100,PAN2,200,200,120,0.01276187,3.24356,50,100,1,22,0.02,0.0035,0.105,0.22,0.15,0.3107,0,0
global,0.05,200vs200,1100,PAN2,200,200,120,0.01276187,2.14737,50,100,4,57,0.08,0.0315,0.1884,0.57,0.4722,0.6627,0,0
global,0.1,200vs200,1100,PAN2,200,200,120,0.01276187,1.74608,50,100,5,77,0.1,0.0435,0.2136,0.77,0.6785,0.8416,0,0
global,0.01,200vs200,1100,PAN1,200,120,40,0.01276187,3.24356,50,100,0,0,0.0,0.0,0.0714,0.0,0.0,0.037,0,0
global,0.05,200vs200,1100,PAN1,200,120,40,0.01276187,2.14737,50,100,1,6,0.02,0.0035,0.105,0.06,0.0278,0.1248,0,0
global,0.1,200vs200,1100,PAN1,200,120,40,0.01276187,1.74608,50,100,1,11,0.02,0.0035,0.105,0.11,0.0625,0.1863,0,0
global,0.01,200vs200,1100,PAN2,200,40,120,0.01276187,3.24356,50,100,0,53,0.0,0.0,0.0714,0.53,0.4329,0.6249,0,0
global,0.05,200vs200,1100,PAN2,200,40,120,0.01276187,2.14737,50,100,0,86,0.0,0.0,0.0714,0.86,0.7786,0.9147,0,0
global,0.1,200vs200,1100,PAN2,200,40,120,0.01276187,1.74608,50,100,0,94,0.0,0.0,0.0714,0.94,0.8752,0.9722,0,0
global,0.01,200vs200,1100,PAN1,200,120,60,0.01276187,3.24356,50,100,0,18,0.0,0.0,0.0714,0.18,0.117,0.2667,0,0
global,0.05,200vs200,1100,PAN1,200,120,60,0.01276187,2.14737,50,100,1,38,0.02,0.0035,0.105,0.38,0.291,0.4779,0,0
global,0.1,200vs200,1100,PAN1,200,120,60,0.01276187,1.74608,50,100,1,51,0.02,0.0035,0.105,0.51,0.4135,0.6058,0,0
global,0.01,200vs200,1100,PAN2,200,60,120,0.01276187,3.24356,50,100,0,51,0.0,0.0,0.0714,0.51,0.4135,0.6058,0,0
global,0.05,200vs200,1100,PAN2,200,60,120,0.01276187,2.14737,50,100,0,76,0.0,0.0,0.0714,0.76,0.6677,0.8331,0,0
global,0.1,200vs200,1100,PAN2,200,60,120,0.01276187,1.74608,50,100,1,90,0.02,0.0035,0.105,0.9,0.8256,0.9448,0,0
global,0.01,200vs200,1100,PAN1,200,120,80,0.01276187,3.24356,50,100,0,33,0.0,0.0,0.0714,0.33,0.2456,0.4269,0,0
global,0.05,200vs200,1100,PAN1,200,120,80,0.01276187,2.14737,50,100,1,69,0.02,0.0035,0.105,0.69,0.5937,0.7722,0,0
global,0.1,200vs200,1100,PAN1,200,120,80,0.01276187,1.74608,50,100,1,83,0.02,0.0035,0.105,0.83,0.7445,0.8911,0,0
global,0.01,200vs200,1100,PAN2,200,80,120,0.01276187,3.24356,50,100,0,58,0.0,0.0,0.0714,0.58,0.4821,0.672,0,0
global,0.05,200vs200,1100,PAN2,200,80,120,0.01276187,2.14737,50,100,0,84,0.0,0.0,0.0714,0.84,0.7558,0.899,0,0
global,0.1,200vs200,1100,PAN2,200,80,120,0.01276187,1.74608,50,100,2,93,0.04,0.011,0.1346,0.93,0.8625,0.9657,0,0
global,0.01,200vs200,1100,PAN1,200,140,100,0.01276187,3.24356,50,100,0,35,0.0,0.0,0.0714,0.35,0.2636,0.4475,0,0
global,0.05,200vs200,1100,PAN1,200,140,100,0.01276187,2.14737,50,100,1,63,0.02,0.0035,0.105,0.63,0.5322,0.7182,0,0
global,0.1,200vs200,1100,PAN1,200,140,100,0.01276187,1.74608,50,100,5,78,0.1,0.0435,0.2136,0.78,0.6893,0.85,0,0
global,0.01,200vs200,1100,PAN2,200,100,140,0.01276187,3.24356,50,100,1,51,0.02,0.0035,0.105,0.51,0.4135,0.6058,0,0
global,0.05,200vs200,1100,PAN2,200,100,140,0.01276187,2.14737,50,100,2,78,0.04,0.011,0.1346,0.78,0.6893,0.85,0,0
global,0.1,200vs200,1100,PAN2,200,100,140,0.01276187,1.74608,50,100,2,89,0.04,0.011,0.1346,0.89,0.8137,0.9375,0,0
global,0.01,200vs200,1100,PAN1,200,140,120,0.01276187,3.24356,50,100,0,30,0.0,0.0,0.0714,0.3,0.2189,0.3959,0,0
global,0.05,200vs200,1100,PAN1,200,140,120,0.01276187,2.14737,50,100,1,60,0.02,0.0035,0.105,0.6,0.502,0.6906,0,0
global,0.1,200vs200,1100,PAN1,200,140,120,0.01276187,1.74608,50,100,5,77,0.1,0.0435,0.2136,0.77,0.6785,0.8416,0,0
global,0.01,200vs200,1100,PAN2,200,120,140,0.01276187,3.24356,50,100,1,35,0.02,0.0035,0.105,0.35,0.2636,0.4475,0,0
global,0.05,200vs200,1100,PAN2,200,120,140,0.01276187,2.14737,50,100,1,72,0.02,0.0035,0.105,0.72,0.6251,0.7986,0,0
global,0.1,200vs200,1100,PAN2,200,120,140,0.01276187,1.74608,50,100,1,87,0.02,0.0035,0.105,0.87,0.7902,0.9224,0,0
global,0.01,200vs200,1100,PAN1,200,140,140,0.01276187,3.24356,50,100,0,28,0.0,0.0,0.0714,0.28,0.2014,0.3749,0,0
global,0.05,200vs200,1100,PAN1,200,140,140,0.01276187,2.14737,50,100,1,59,0.02,0.0035,0.105,0.59,0.492,0.6813,0,0
global,0.1,200vs200,1100,PAN1,200,140,140,0.01276187,1.74608,50,100,5,72,0.1,0.0435,0.2136,0.72,0.6251,0.7986,0,0
global,0.01,200vs200,1100,PAN2,200,140,140,0.01276187,3.24356,50,100,1,31,0.02,0.0035,0.105,0.31,0.2278,0.4063,0,0
global,0.05,200vs200,1100,PAN2,200,140,140,0.01276187,2.14737,50,100,2,71,0.04,0.011,0.1346,0.71,0.6146,0.7899,0,0
global,0.1,200vs200,1100,PAN2,200,140,140,0.01276187,1.74608,50,100,3,84,0.06,0.0206,0.1622,0.84,0.7558,0.899,0,0
global,0.01,200vs200,1100,PAN1,200,140,160,0.01276187,3.24356,50,100,0,30,0.0,0.0,0.0714,0.3,0.2189,0.3959,0,0
global,0.05,200vs200,1100,PAN1,200,140,160,0.01276187,2.14737,50,100,1,63,0.02,0.0035,0.105,0.63,0.5322,0.7182,0,0
global,0.1,200vs200,1100,PAN1,200,140,160,0.01276187,1.74608,50,100,5,78,0.1,0.0435,0.2136,0.78,0.6893,0.85,0,0
global,0.01,200vs200,1100,PAN2,200,160,140,0.01276187,3.24356,50,100,0,31,0.0,0.0,0.0714,0.31,0.2278,0.4063,0,0
global,0.05,200vs200,1100,PAN2,200,160,140,0.01276187,2.14737,50,100,2,65,0.04,0.011,0.1346,0.65,0.5525,0.7364,0,0
global,0.1,200vs200,1100,PAN2,200,160,140,0.01276187,1.74608,50,100,4,76,0.08,0.0315,0.1884,0.76,0.6677,0.8331,0,0
global,0.01,200vs200,1100,PAN1,200,140,180,0.01276187,3.24356,50,100,0,39,0.0,0.0,0.0714,0.39,0.3002,0.488,0,0
global,0.05,200vs200,1100,PAN1,200,140,180,0.01276187,2.14737,50,100,1,69,0.02,0.0035,0.105,0.69,0.5937,0.7722,0,0
global,0.1,200vs200,1100,PAN1,200,140,180,0.01276187,1.74608,50,100,5,77,0.1,0.0435,0.2136,0.77,0.6785,0.8416,0,0
global,0.01,200vs200,1100,PAN2,200,180,140,0.01276187,3.24356,50,100,1,27,0.02,0.0035,0.105,0.27,0.1927,0.3643,0,0
global,0.05,200vs200,1100,PAN2,200,180,140,0.01276187,2.14737,50,100,3,55,0.06,0.0206,0.1622,0.55,0.4524,0.6439,0,0
global,0.1,200vs200,1100,PAN2,200,180,140,0.01276187,1.74608,50,100,4,71,0.08,0.0315,0.1884,0.71,0.6146,0.7899,0,0
global,0.01,200vs200,1100,PAN1,200,140,20,0.01276187,3.24356,50,100,0,0,0.0,0.0,0.0714,0.0,0.0,0.037,0,0
global,0.05,200vs200,1100,PAN1,200,140,20,0.01276187,2.14737,50,100,1,6,0.02,0.0035,0.105,0.06,0.0278,0.1248,0,0
global,0.1,200vs200,1100,PAN1,200,140,20,0.01276187,1.74608,50,100,5,8,0.1,0.0435,0.2136,0.08,0.0411,0.15,0,0
global,0.01,200vs200,1100,PAN2,200,20,140,0.01276187,3.24356,50,100,0,55,0.0,0.0,0.0714,0.55,0.4524,0.6439,0,0
global,0.05,200vs200,1100,PAN2,200,20,140,0.01276187,2.14737,50,100,0,79,0.0,0.0,0.0714,0.79,0.7002,0.8583,0,0
global,0.1,200vs200,1100,PAN2,200,20,140,0.01276187,1.74608,50,100,0,92,0.0,0.0,0.0714,0.92,0.85,0.9589,0,0
global,0.01,200vs200,1100,PAN1,200,140,200,0.01276187,3.24356,50,100,0,38,0.0,0.0,0.0714,0.38,0.291,0.4779,0,0
global,0.05,200vs200,1100,PAN1,200,140,200,0.01276187,2.14737,50,100,1,65,0.02,0.0035,0.105,0.65,0.5525,0.7364,0,0
global,0.1,200vs200,1100,PAN1,200,140,200,0.01276187,1.74608,50,100,5,76,0.1,0.0435,0.2136,0.76,0.6677,0.8331,0,0
global,0.01,200vs200,1100,PAN2,200,200,140,0.01276187,3.24356,50,100,1,30,0.02,0.0035,0.105,0.3,0.2189,0.3959,0,0
global,0.05,200vs200,1100,PAN2,200,200,140,0.01276187,2.14737,50,100,4,60,0.08,0.0315,0.1884,0.6,0.502,0.6906,0,0
global,0.1,200vs200,1100,PAN2,200,200,140,0.01276187,1.74608,50,100,5,72,0.1,0.0435,0.2136,0.72,0.6251,0.7986,0,0
global,0.01,200vs200,1100,PAN1,200,140,40,0.01276187,3.24356,50,100,0,3,0.0,0.0,0.0714,0.03,0.0103,0.0845,0,0
global,0.05,200vs200,1100,PAN1,200,140,40,0.01276187,2.14737,50,100,1,10,0.02,0.0035,0.105,0.1,0.0552,0.1744,0,0
global,0.1,200vs200,1100,PAN1,200,140,40,0.01276187,1.74608,50,100,5,15,0.1,0.0435,0.2136,0.15,0.0931,0.2328,0,0
global,0.01,200vs200,1100,PAN2,200,40,140,0.01276187,3.24356,50,100,0,56,0.0,0.0,0.0714,0.56,0.4623,0.6533,0,0
global,0.05,200vs200,1100,PAN2,200,40,140,0.01276187,2.14737,50,100,0,82,0.0,0.0,0.0714,0.82,0.7333,0.883,0,0
global,0.1,200vs200,1100,PAN2,200,40,140,0.01276187,1.74608,50,100,0,92,0.0,0.0,0.0714,0.92,0.85,0.9589,0,0
global,0.01,200vs200,1100,PAN1,200,140,60,0.01276187,3.24356,50,100,0,15,0.0,0.0,0.0714,0.15,0.0931,0.2328,0,0
global,0.05,200vs200,1100,PAN1,200,140,60,0.01276187,2.14737,50,100,1,33,0.02,0.0035,0.105,0.33,0.2456,0.4269,0,0
global,0.1,200vs200,1100,PAN1,200,140,60,0.01276187,1.74608,50,100,5,48,0.1,0.0435,0.2136,0.48,0.3846,0.5768,0,0
global,0.01,200vs200,1100,PAN2,200,60,140,0.01276187,3.24356,50,100,0,50,0.0,0.0,0.0714,0.5,0.4038,0.5962,0,0
global,0.05,200vs200,1100,PAN2,200,60,140,0.01276187,2.14737,50,100,0,84,0.0,0.0,0.0714,0.84,0.7558,0.899,0,0
global,0.1,200vs200,1100,PAN2,200,60,140,0.01276187,1.74608,50,100,1,90,0.02,0.0035,0.105,0.9,0.8256,0.9448,0,0
global,0.01,200vs200,1100,PAN1,200,140,80,0.01276187,3.24356,50,100,0,28,0.0,0.0,0.0714,0.28,0.2014,0.3749,0,0
global,0.05,200vs200,1100,PAN1,200,140,80,0.01276187,2.14737,50,100,1,61,0.02,0.0035,0.105,0.61,0.512,0.6998,0,0
global,0.1,200vs200,1100,PAN1,200,140,80,0.01276187,1.74608,50,100,5,77,0.1,0.0435,0.2136,0.77,0.6785,0.8416,0,0
global,0.01,200vs200,1100,PAN2,200,80,140,0.01276187,3.24356,50,100,0,53,0.0,0.0,0.0714,0.53,0.4329,0.6249,0,0
global,0.05,200vs200,1100,PAN2,200,80,140,0.01276187,2.14737,50,100,0,84,0.0,0.0,0.0714,0.84,0.7558,0.899,0,0
global,0.1,200vs200,1100,PAN2,200,80,140,0.01276187,1.74608,50,100,2,92,0.04,0.011,0.1346,0.92,0.85,0.9589,0,0
global,0.01,200vs200,1100,PAN1,200,160,100,0.01276187,3.24356,50,100,0,26,0.0,0.0,0.0714,0.26,0.184,0.3537,0,0
global,0.05,200vs200,1100,PAN1,200,160,100,0.01276187,2.14737,50,100,0,60,0.0,0.0,0.0714,0.6,0.502,0.6906,0,0
global,0.1,200vs200,1100,PAN1,200,160,100,0.01276187,1.74608,50,100,2,76,0.04,0.011,0.1346,0.76,0.6677,0.8331,0,0
global,0.01,200vs200,1100,PAN2,200,100,160,0.01276187,3.24356,50,100,1,44,0.02,0.0035,0.105,0.44,0.3467,0.5377,0,0
global,0.05,200vs200,1100,PAN2,200,100,160,0.01276187,2.14737,50,100,2,74,0.04,0.011,0.1346,0.74,0.6463,0.816,0,0
global,0.1,200vs200,1100,PAN2,200,100,160,0.01276187,1.74608,50,100,2,85,0.04,0.011,0.1346,0.85,0.7672,0.9069,0,0
global,0.01,200vs200,1100,PAN1,200,160,120,0.01276187,3.24356,50,100,0,27,0.0,0.0,0.0714,0.27,0.1927,0.3643,0,0
global,0.05,200vs200,1100,PAN1,200,160,120,0.01276187,2.14737,50,100,0,55,0.0,0.0,0.0714,0.55,0.4524,0.6439,0,0
global,0.1,200vs200,1100,PAN1,200,160,120,0.01276187,1.74608,50,100,2,69,0.04,0.011,0.1346,0.69,0.5937,0.7722,0,0
global,0.01,200vs200,1100,PAN2,200,120,160,0.01276187,3.24356,50,100,1,40,0.02,0.0035,0.105,0.4,0.3094,0.498,0,0
global,0.05,200vs200,1100,PAN2,200,120,160,0.01276187,2.14737,50,100,1,71,0.02,0.0035,0.105,0.71,0.6146,0.7899,0,0
global,0.1,200vs200,1100,PAN2,200,120,160,0.01276187,1.74608,50,100,1,83,0.02,0.0035,0.105,0.83,0.7445,0.8911,0,0
global,0.01,200vs200,1100,PAN1,200,160,140,0.01276187,3.24356,50,100,0,28,0.0,0.0,0.0714,0.28,0.2014,0.3749,0,0
global,0.05,200vs200,1100,PAN1,200,160,140,0.01276187,2.14737,50,100,0,59,0.0,0.0,0.0714,0.59,0.492,0.6813,0,0
global,0.1,200vs200,1100,PAN1,200,160,140,0.01276187,1.74608,50,100,2,70,0.04,0.011,0.1346,0.7,0.6041,0.7811,0,0
global,0.01,200vs200,1100,PAN2,200,140,160,0.01276187,3.24356,50,100,1,29,0.02,0.0035,0.105,0.29,0.2101,0.3854,0,0
global,0.05,200vs200,1100,PAN2,200,140,160,0.01276187,2.14737,50,100,2,67,0.04,0.011,0.1346,0.67,0.5731,0.7544,0,0
global,0.1,200vs200,1100,PAN2,200,140,160,0.01276187,1.74608,50,100,3,79,0.06,0.0206,0.1622,0.79,0.7002,0.8583,0,0
global,0.01,200vs200,1100,PAN1,200,160,160,0.01276187,3.24356,50,100,0,30,0.0,0.0,0.0714,0.3,0.2189,0.3959,0,0
global,0.05,200vs200,1100,PAN1,200,160,160,0.01276187,2.14737,50,100,0,58,0.0,0.0,0.0714,0.58,0.4821,0.672,0,0
global,0.1,200vs200,1100,PAN1,200,160,160,0.01276187,1.74608,50,100,2,71,0.04,0.011,0.1346,0.71,0.6146,0.7899,0,0
global,0.01,200vs200,1100,PAN2,200,160,160,0.01276187,3.24356,50,100,0,27,0.0,0.0,0.0714,0.27,0.1927,0.3643,0,0
global,0.05,200vs200,1100,PAN2,200,160,160,0.01276187,2.14737,50,100,2,65,0.04,0.011,0.1346,0.65,0.5525,0.7364,0,0
global,0.1,200vs200,1100,PAN2,200,160,160,0.01276187,1.74608,50,100,4,81,0.08,0.0315,0.1884,0.81,0.7222,0.8749,0,0
global,0.01,200vs200,1100,PAN1,200,160,180,0.01276187,3.24356,50,100,0,27,0.0,0.0,0.0714,0.27,0.1927,0.3643,0,0
global,0.05,200vs200,1100,PAN1,200,160,180,0.01276187,2.14737,50,100,0,53,0.0,0.0,0.0714,0.53,0.4329,0.6249,0,0
global,0.1,200vs200,1100,PAN1,200,160,180,0.01276187,1.74608,50,100,2,71,0.04,0.011,0.1346,0.71,0.6146,0.7899,0,0
global,0.01,200vs200,1100,PAN2,200,180,160,0.01276187,3.24356,50,100,1,24,0.02,0.0035,0.105,0.24,0.1669,0.3323,0,0
global,0.05,200vs200,1100,PAN2,200,180,160,0.01276187,2.14737,50,100,3,55,0.06,0.0206,0.1622,0.55,0.4524,0.6439,0,0
global,0.1,200vs200,1100,PAN2,200,180,160,0.01276187,1.74608,50,100,4,75,0.08,0.0315,0.1884,0.75,0.657,0.8245,0,0
global,0.01,200vs200,1100,PAN1,200,160,20,0.01276187,3.24356,50,100,0,1,0.0,0.0,0.0714,0.01,0.0018,0.0545,0,0
global,0.05,200vs200,1100,PAN1,200,160,20,0.01276187,2.14737,50,100,0,5,0.0,0.0,0.0714,0.05,0.0215,0.1118,0,0
global,0.1,200vs200,1100,PAN1,200,160,20,0.01276187,1.74608,50,100,2,11,0.04,0.011,0.1346,0.11,0.0625,0.1863,0,0
global,0.01,200vs200,1100,PAN2,200,20,160,0.01276187,3.24356,50,100,0,50,0.0,0.0,0.0714,0.5,0.4038,0.5962,0,0
global,0.05,200vs200,1100,PAN2,200,20,160,0.01276187,2.14737,50,100,0,81,0.0,0.0,0.0714,0.81,0.7222,0.8749,0,0
global,0.1,200vs200,1100,PAN2,200,20,160,0.01276187,1.74608,50,100,0,94,0.0,0.0,0.0714,0.94,0.8752,0.9722,0,0
global,0.01,200vs200,1100,PAN1,200,160,200,0.01276187,3.24356,50,100,0,30,0.0,0.0,0.0714,0.3,0.2189,0.3959,0,0
global,0.05,200vs200,1100,PAN1,200,160,200,0.01276187,2.14737,50,100,0,57,0.0,0.0,0.0714,0.57,0.4722,0.6627,0,0
global,0.1,200vs200,1100,PAN1,200,160,200,0.01276187,1.74608,50,100,2,72,0.04,0.011,0.1346,0.72,0.6251,0.7986,0,0
global,0.01,200vs200,1100,PAN2,200,200,160,0.01276187,3.24356,50,100,1,25,0.02,0.0035,0.105,0.25,0.1755,0.343,0,0
global,0.05,200vs200,1100,PAN2,200,200,160,0.01276187,2.14737,50,100,4,52,0.08,0.0315,0.1884,0.52,0.4232,0.6154,0,0
global,0.1,200vs200,1100,PAN2,200,200,160,0.01276187,1.74608,50,100,5,73,0.1,0.0435,0.2136,0.73,0.6357,0.8073,0,0
global,0.01,200vs200,1100,PAN1,200,160,40,0.01276187,3.24356,50,100,0,1,0.0,0.0,0.0714,0.01,0.0018,0.0545,0,0
global,0.05,200vs200,1100,PAN1,200,160,40,0.01276187,2.14737,50,100,0,7,0.0,0.0,0.0714,0.07,0.0343,0.1375,0,0
global,0.1,200vs200,1100,PAN1,200,160,40,0.01276187,1.74608,50,100,2,12,0.04,0.011,0.1346,0.12,0.07,0.1981,0,0
global,0.01,200vs200,1100,PAN2,200,40,160,0.01276187,3.24356,50,100,0,55,0.0,0.0,0.0714,0.55,0.4524,0.6439,0,0
global,0.05,200vs200,1100,PAN2,200,40,160,0.01276187,2.14737,50,100,0,87,0.0,0.0,0.0714,0.87,0.7902,0.9224,0,0
global,0.1,200vs200,1100,PAN2,200,40,160,0.01276187,1.74608,50,100,0,92,0.0,0.0,0.0714,0.92,0.85,0.9589,0,0
global,0.01,200vs200,1100,PAN1,200,160,60,0.01276187,3.24356,50,100,0,9,0.0,0.0,0.0714,0.09,0.0481,0.1623,0,0
global,0.05,200vs200,1100,PAN1,200,160,60,0.01276187,2.14737,50,100,0,32,0.0,0.0,0.0714,0.32,0.2367,0.4166,0,0
global,0.1,200vs200,1100,PAN1,200,160,60,0.01276187,1.74608,50,100,2,49,0.04,0.011,0.1346,0.49,0.3942,0.5865,0,0
global,0.01,200vs200,1100,PAN2,200,60,160,0.01276187,3.24356,50,100,0,43,0.0,0.0,0.0714,0.43,0.3373,0.5278,0,0
global,0.05,200vs200,1100,PAN2,200,60,160,0.01276187,2.14737,50,100,0,82,0.0,0.0,0.0714,0.82,0.7333,0.883,0,0
global,0.1,200vs200,1100,PAN2,200,60,160,0.01276187,1.74608,50,100,1,90,0.02,0.0035,0.105,0.9,0.8256,0.9448,0,0
global,0.01,200vs200,1100,PAN1,200,160,80,0.01276187,3.24356,50,100,0,25,0.0,0.0,0.0714,0.25,0.1755,0.343,0,0
global,0.05,200vs200,1100,PAN1,200,160,80,0.01276187,2.14737,50,100,0,59,0.0,0.0,0.0714,0.59,0.492,0.6813,0,0
global,0.1,200vs200,1100,PAN1,200,160,80,0.01276187,1.74608,50,100,2,68,0.04,0.011,0.1346,0.68,0.5834,0.7633,0,0
global,0.01,200vs200,1100,PAN2,200,80,160,0.01276187,3.24356,50,100,0,51,0.0,0.0,0.0714,0.51,0.4135,0.6058,0,0
global,0.05,200vs200,1100,PAN2,200,80,160,0.01276187,2.14737,50,100,0,82,0.0,0.0,0.0714,0.82,0.7333,0.883,0,0
global,0.1,200vs200,1100,PAN2,200,80,160,0.01276187,1.74608,50,100,2,87,0.04,0.011,0.1346,0.87,0.7902,0.9224,0,0
global,0.01,200vs200,1100,PAN1,200,180,100,0.01276187,3.24356,50,100,0,22,0.0,0.0,0.0714,0.22,0.15,0.3107,0,0
global,0.05,200vs200,1100,PAN1,200,180,100,0.01276187,2.14737,50,100,1,55,0.02,0.0035,0.105,0.55,0.4524,0.6439,0,0
global,0.1,200vs200,1100,PAN1,200,180,100,0.01276187,1.74608,50,100,2,72,0.04,0.011,0.1346,0.72,0.6251,0.7986,0,0
global,0.01,200vs200,1100,PAN2,200,100,180,0.01276187,3.24356,50,100,1,45,0.02,0.0035,0.105,0.45,0.3561,0.5476,0,0
global,0.05,200vs200,1100,PAN2,200,100,180,0.01276187,2.14737,50,100,2,78,0.04,0.011,0.1346,0.78,0.6893,0.85,0,0
global,0.1,200vs200,1100,PAN2,200,100,180,0.01276187,1.74608,50,100,2,89,0.04,0.011,0.1346,0.89,0.8137,0.9375,0,0
global,0.01,200vs200,1100,PAN1,200,180,120,0.01276187,3.24356,50,100,0,31,0.0,0.0,0.0714,0.31,0.2278,0.4063,0,0
global,0.05,200vs200,1100,PAN1,200,180,120,0.01276187,2.14737,50,100,1,55,0.02,0.0035,0.105,0.55,0.4524,0.6439,0,0
global,0.1,200vs200,1100,PAN1,200,180,120,0.01276187,1.74608,50,100,2,73,0.04,0.011,0.1346,0.73,0.6357,0.8073,0,0
global,0.01,200vs200,1100,PAN2,200,120,180,0.01276187,3.24356,50,100,1,36,0.02,0.0035,0.105,0.36,0.2727,0.4576,0,0
global,0.05,200vs200,1100,PAN2,200,120,180,0.01276187,2.14737,50,100,1,70,0.02,0.0035,0.105,0.7,0.6041,0.7811,0,0
global,0.1,200vs200,1100,PAN2,200,120,180,0.01276187,1.74608,50,100,1,87,0.02,0.0035,0.105,0.87,0.7902,0.9224,0,0
global,0.01,200vs200,1100,PAN1,200,180,140,0.01276187,3.24356,50,100,0,29,0.0,0.0,0.0714,0.29,0.2101,0.3854,0,0
global,0.05,200vs200,1100,PAN1,200,180,140,0.01276187,2.14737,50,100,1,63,0.02,0.0035,0.105,0.63,0.5322,0.7182,0,0
global,0.1,200vs200,1100,PAN1,200,180,140,0.01276187,1.74608,50,100,2,74,0.04,0.011,0.1346,0.74,0.6463,0.816,0,0
global,0.01,200vs200,1100,PAN2,200,140,180,0.01276187,3.24356,50,100,1,31,0.02,0.0035,0.105,0.31,0.2278,0.4063,0,0
global,0.05,200vs200,1100,PAN2,200,140,180,0.01276187,2.14737,50,100,2,66,0.04,0.011,0.1346,0.66,0.5628,0.7454,0,0
global,0.1,200vs200,1100,PAN2,200,140,180,0.01276187,1.74608,50,100,3,79,0.06,0.0206,0.1622,0.79,0.7002,0.8583,0,0
global,0.01,200vs200,1100,PAN1,200,180,160,0.01276187,3.24356,50,100,0,25,0.0,0.0,0.0714,0.25,0.1755,0.343,0,0
global,0.05,200vs200,1100,PAN1,200,180,160,0.01276187,2.14737,50,100,1,55,0.02,0.0035,0.105,0.55,0.4524,0.6439,0,0
global,0.1,200vs200,1100,PAN1,200,180,160,0.01276187,1.74608,50,100,2,71,0.04,0.011,0.1346,0.71,0.6146,0.7899,0,0
global,0.01,200vs200,1100,PAN2,200,160,180,0.01276187,3.24356,50,100,0,28,0.0,0.0,0.0714,0.28,0.2014,0.3749,0,0
global,0.05,200vs200,1100,PAN2,200,160,180,0.01276187,2.14737,50,100,2,66,0.04,0.011,0.1346,0.66,0.5628,0.7454,0,0
global,0.1,200vs200,1100,PAN2,200,160,180,0.01276187,1.74608,50,100,4,82,0.08,0.0315,0.1884,0.82,0.7333,0.883,0,0
global,0.01,200vs200,1100,PAN1,200,180,180,0.01276187,3.24356,50,100,0,31,0.0,0.0,0.0714,0.31,0.2278,0.4063,0,0
global,0.05,200vs200,1100,PAN1,200,180,180,0.01276187,2.14737,50,100,1,64,0.02,0.0035,0.105,0.64,0.5424,0.7273,0,0
global,0.1,200vs200,1100,PAN1,200,180,180,0.01276187,1.74608,50,100,2,76,0.04,0.011,0.1346,0.76,0.6677,0.8331,0,0
global,0.01,200vs200,1100,PAN2,200,180,180,0.01276187,3.24356,50,100,1,22,0.02,0.0035,0.105,0.22,0.15,0.3107,0,0
global,0.05,200vs200,1100,PAN2,200,180,180,0.01276187,2.14737,50,100,3,58,0.06,0.0206,0.1622,0.58,0.4821,0.672,0,0
global,0.1,200vs200,1100,PAN2,200,180,180,0.01276187,1.74608,50,100,4,77,0.08,0.0315,0.1884,0.77,0.6785,0.8416,0,0
global,0.01,200vs200,1100,PAN1,200,180,20,0.01276187,3.24356,50,100,0,1,0.0,0.0,0.0714,0.01,0.0018,0.0545,0,0
global,0.05,200vs200,1100,PAN1,200,180,20,0.01276187,2.14737,50,100,1,7,0.02,0.0035,0.105,0.07,0.0343,0.1375,0,0
global,0.1,200vs200,1100,PAN1,200,180,20,0.01276187,1.74608,50,100,2,10,0.04,0.011,0.1346,0.1,0.0552,0.1744,0,0
global,0.01,200vs200,1100,PAN2,200,20,180,0.01276187,3.24356,50,100,0,54,0.0,0.0,0.0714,0.54,0.4426,0.6344,0,0
global,0.05,200vs200,1100,PAN2,200,20,180,0.01276187,2.14737,50,100,0,82,0.0,0.0,0.0714,0.82,0.7333,0.883,0,0
global,0.1,200vs200,1100,PAN2,200,20,180,0.01276187,1.74608,50,100,0,96,0.0,0.0,0.0714,0.96,0.9016,0.9843,0,0
global,0.01,200vs200,1100,PAN1,200,180,200,0.01276187,3.24356,50,100,0,23,0.0,0.0,0.0714,0.23,0.1584,0.3215,0,0
global,0.05,200vs200,1100,PAN1,200,180,200,0.01276187,2.14737,50,100,1,55,0.02,0.0035,0.105,0.55,0.4524,0.6439,0,0
global,0.1,200vs200,1100,PAN1,200,180,200,0.01276187,1.74608,50,100,2,72,0.04,0.011,0.1346,0.72,0.6251,0.7986,0,0
global,0.01,200vs200,1100,PAN2,200,200,180,0.01276187,3.24356,50,100,1,20,0.02,0.0035,0.105,0.2,0.1334,0.2888,0,0
global,0.05,200vs200,1100,PAN2,200,200,180,0.01276187,2.14737,50,100,4,56,0.08,0.0315,0.1884,0.56,0.4623,0.6533,0,0
global,0.1,200vs200,1100,PAN2,200,200,180,0.01276187,1.74608,50,100,5,77,0.1,0.0435,0.2136,0.77,0.6785,0.8416,0,0
global,0.01,200vs200,1100,PAN1,200,180,40,0.01276187,3.24356,50,100,0,0,0.0,0.0,0.0714,0.0,0.0,0.037,0,0
global,0.05,200vs200,1100,PAN1,200,180,40,0.01276187,2.14737,50,100,1,8,0.02,0.0035,0.105,0.08,0.0411,0.15,0,0
global,0.1,200vs200,1100,PAN1,200,180,40,0.01276187,1.74608,50,100,2,18,0.04,0.011,0.1346,0.18,0.117,0.2667,0,0
global,0.01,200vs200,1100,PAN2,200,40,180,0.01276187,3.24356,50,100,0,52,0.0,0.0,0.0714,0.52,0.4232,0.6154,0,0
global,0.05,200vs200,1100,PAN2,200,40,180,0.01276187,2.14737,50,100,0,88,0.0,0.0,0.0714,0.88,0.8019,0.93,0,0
global,0.1,200vs200,1100,PAN2,200,40,180,0.01276187,1.74608,50,100,0,94,0.0,0.0,0.0714,0.94,0.8752,0.9722,0,0
global,0.01,200vs200,1100,PAN1,200,180,60,0.01276187,3.24356,50,100,0,14,0.0,0.0,0.0714,0.14,0.0853,0.2214,0,0
global,0.05,200vs200,1100,PAN1,200,180,60,0.01276187,2.14737,50,100,1,32,0.02,0.0035,0.105,0.32,0.2367,0.4166,0,0
global,0.1,200vs200,1100,PAN1,200,180,60,0.01276187,1.74608,50,100,2,48,0.04,0.011,0.1346,0.48,0.3846,0.5768,0,0
global,0.01,200vs200,1100,PAN2,200,60,180,0.01276187,3.24356,50,100,0,52,0.0,0.0,0.0714,0.52,0.4232,0.6154,0,0
global,0.05,200vs200,1100,PAN2,200,60,180,0.01276187,2.14737,50,100,0,80,0.0,0.0,0.0714,0.8,0.7112,0.8666,0,0
global,0.1,200vs200,1100,PAN2,200,60,180,0.01276187,1.74608,50,100,1,93,0.02,0.0035,0.105,0.93,0.8625,0.9657,0,0
global,0.01,200vs200,1100,PAN1,200,180,80,0.01276187,3.24356,50,100,0,25,0.0,0.0,0.0714,0.25,0.1755,0.343,0,0
global,0.05,200vs200,1100,PAN1,200,180,80,0.01276187,2.14737,50,100,1,63,0.02,0.0035,0.105,0.63,0.5322,0.7182,0,0
global,0.1,200vs200,1100,PAN1,200,180,80,0.01276187,1.74608,50,100,2,73,0.04,0.011,0.1346,0.73,0.6357,0.8073,0,0
global,0.01,200vs200,1100,PAN2,200,80,180,0.01276187,3.24356,50,100,0,49,0.0,0.0,0.0714,0.49,0.3942,0.5865,0,0
global,0.05,200vs200,1100,PAN2,200,80,180,0.01276187,2.14737,50,100,0,83,0.0,0.0,0.0714,0.83,0.7445,0.8911,0,0
global,0.1,200vs200,1100,PAN2,200,80,180,0.01276187,1.74608,50,100,2,90,0.04,0.011,0.1346,0.9,0.8256,0.9448,0,0
global,0.01,200vs200,1100,PAN1,200,20,100,0.01276187,3.24356,50,100,0,49,0.0,0.0,0.0714,0.49,0.3942,0.5865,0,0
global,0.05,200vs200,1100,PAN1,200,20,100,0.01276187,2.14737,50,100,0,78,0.0,0.0,0.0714,0.78,0.6893,0.85,0,0
global,0.1,200vs200,1100,PAN1,200,20,100,0.01276187,1.74608,50,100,0,89,0.0,0.0,0.0714,0.89,0.8137,0.9375,0,0
global,0.01,200vs200,1100,PAN2,200,100,20,0.01276187,3.24356,50,100,1,1,0.02,0.0035,0.105,0.01,0.0018,0.0545,0,0
global,0.05,200vs200,1100,PAN2,200,100,20,0.01276187,2.14737,50,100,2,4,0.04,0.011,0.1346,0.04,0.0157,0.0984,0,0
global,0.1,200vs200,1100,PAN2,200,100,20,0.01276187,1.74608,50,100,2,7,0.04,0.011,0.1346,0.07,0.0343,0.1375,0,0
global,0.01,200vs200,1100,PAN1,200,20,120,0.01276187,3.24356,50,100,0,50,0.0,0.0,0.0714,0.5,0.4038,0.5962,0,0
global,0.05,200vs200,1100,PAN1,200,20,120,0.01276187,2.14737,50,100,0,81,0.0,0.0,0.0714,0.81,0.7222,0.8749,0,0
global,0.1,200vs200,1100,PAN1,200,20,120,0.01276187,1.74608,50,100,0,89,0.0,0.0,0.0714,0.89,0.8137,0.9375,0,0
global,0.01,200vs200,1100,PAN2,200,120,20,0.01276187,3.24356,50,100,1,0,0.02,0.0035,0.105,0.0,0.0,0.037,0,0
global,0.05,200vs200,1100,PAN2,200,120,20,0.01276187,2.14737,50,100,1,1,0.02,0.0035,0.105,0.01,0.0018,0.0545,0,0
global,0.1,200vs200,1100,PAN2,200,120,20,0.01276187,1.74608,50,100,1,3,0.02,0.0035,0.105,0.03,0.0103,0.0845,0,0
global,0.01,200vs200,1100,PAN1,200,20,140,0.01276187,3.24356,50,100,0,51,0.0,0.0,0.0714,0.51,0.4135,0.6058,0,0
global,0.05,200vs200,1100,PAN1,200,20,140,0.01276187,2.14737,50,100,0,79,0.0,0.0,0.0714,0.79,0.7002,0.8583,0,0
global,0.1,200vs200,1100,PAN1,200,20,140,0.01276187,1.74608,50,100,0,88,0.0,0.0,0.0714,0.88,0.8019,0.93,0,0
global,0.01,200vs200,1100,PAN2,200,140,20,0.01276187,3.24356,50,100,1,0,0.02,0.0035,0.105,0.0,0.0,0.037,0,0
global,0.05,200vs200,1100,PAN2,200,140,20,0.01276187,2.14737,50,100,2,3,0.04,0.011,0.1346,0.03,0.0103,0.0845,0,0
global,0.1,200vs200,1100,PAN2,200,140,20,0.01276187,1.74608,50,100,3,5,0.06,0.0206,0.1622,0.05,0.0215,0.1118,0,0
global,0.01,200vs200,1100,PAN1,200,20,160,0.01276187,3.24356,50,100,0,53,0.0,0.0,0.0714,0.53,0.4329,0.6249,0,0
global,0.05,200vs200,1100,PAN1,200,20,160,0.01276187,2.14737,50,100,0,82,0.0,0.0,0.0714,0.82,0.7333,0.883,0,0
global,0.1,200vs200,1100,PAN1,200,20,160,0.01276187,1.74608,50,100,0,89,0.0,0.0,0.0714,0.89,0.8137,0.9375,0,0
global,0.01,200vs200,1100,PAN2,200,160,20,0.01276187,3.24356,50,100,0,1,0.0,0.0,0.0714,0.01,0.0018,0.0545,0,0
global,0.05,200vs200,1100,PAN2,200,160,20,0.01276187,2.14737,50,100,2,7,0.04,0.011,0.1346,0.07,0.0343,0.1375,0,0
global,0.1,200vs200,1100,PAN2,200,160,20,0.01276187,1.74608,50,100,4,9,0.08,0.0315,0.1884,0.09,0.0481,0.1623,0,0
global,0.01,200vs200,1100,PAN1,200,20,180,0.01276187,3.24356,50,100,0,53,0.0,0.0,0.0714,0.53,0.4329,0.6249,0,0
global,0.05,200vs200,1100,PAN1,200,20,180,0.01276187,2.14737,50,100,0,82,0.0,0.0,0.0714,0.82,0.7333,0.883,0,0
global,0.1,200vs200,1100,PAN1,200,20,180,0.01276187,1.74608,50,100,0,91,0.0,0.0,0.0714,0.91,0.8377,0.9519,0,0
global,0.01,200vs200,1100,PAN2,200,180,20,0.01276187,3.24356,50,100,1,2,0.02,0.0035,0.105,0.02,0.0055,0.07,0,0
global,0.05,200vs200,1100,PAN2,200,180,20,0.01276187,2.14737,50,100,3,7,0.06,0.0206,0.1622,0.07,0.0343,0.1375,0,0
global,0.1,200vs200,1100,PAN2,200,180,20,0.01276187,1.74608,50,100,4,12,0.08,0.0315,0.1884,0.12,0.07,0.1981,0,0
global,0.01,200vs200,1100,PAN1,200,20,20,0.01276187,3.24356,50,100,0,0,0.0,0.0,0.0714,0.0,0.0,0.037,0,0
global,0.05,200vs200,1100,PAN1,200,20,20,0.01276187,2.14737,50,100,0,0,0.0,0.0,0.0714,0.0,0.0,0.037,0,0
global,0.1,200vs200,1100,PAN1,200,20,20,0.01276187,1.74608,50,100,0,0,0.0,0.0,0.0714,0.0,0.0,0.037,0,0
global,0.01,200vs200,1100,PAN2,200,20,20,0.01276187,3.24356,50,100,0,0,0.0,0.0,0.0714,0.0,0.0,0.037,0,0
global,0.05,200vs200,1100,PAN2,200,20,20,0.01276187,2.14737,50,100,0,1,0.0,0.0,0.0714,0.01,0.0018,0.0545,0,0
global,0.1,200vs200,1100,PAN2,200,20,20,0.01276187,1.74608,50,100,0,1,0.0,0.0,0.0714,0.01,0.0018,0.0545,0,0
global,0.01,200vs200,1100,PAN1,200,20,200,0.01276187,3.24356,50,100,0,60,0.0,0.0,0.0714,0.6,0.502,0.6906,0,0
global,0.05,200vs200,1100,PAN1,200,20,200,0.01276187,2.14737,50,100,0,84,0.0,0.0,0.0714,0.84,0.7558,0.899,0,0
global,0.1,200vs200,1100,PAN1,200,20,200,0.01276187,1.74608,50,100,0,94,0.0,0.0,0.0714,0.94,0.8752,0.9722,0,0
global,0.01,200vs200,1100,PAN2,200,200,20,0.01276187,3.24356,50,100,1,1,0.02,0.0035,0.105,0.01,0.0018,0.0545,0,0
global,0.05,200vs200,1100,PAN2,200,200,20,0.01276187,2.14737,50,100,4,2,0.08,0.0315,0.1884,0.02,0.0055,0.07,0,0
global,0.1,200vs200,1100,PAN2,200,200,20,0.01276187,1.74608,50,100,5,11,0.1,0.0435,0.2136,0.11,0.0625,0.1863,0,0
global,0.01,200vs200,1100,PAN1,200,20,40,0.01276187,3.24356,50,100,0,5,0.0,0.0,0.0714,0.05,0.0215,0.1118,0,0
global,0.05,200vs200,1100,PAN1,200,20,40,0.01276187,2.14737,50,100,0,11,0.0,0.0,0.0714,0.11,0.0625,0.1863,0,0
global,0.1,200vs200,1100,PAN1,200,20,40,0.01276187,1.74608,50,100,0,27,0.0,0.0,0.0714,0.27,0.1927,0.3643,0,0
global,0.01,200vs200,1100,PAN2,200,40,20,0.01276187,3.24356,50,100,0,0,0.0,0.0,0.0714,0.0,0.0,0.037,0,0
global,0.05,200vs200,1100,PAN2,200,40,20,0.01276187,2.14737,50,100,0,1,0.0,0.0,0.0714,0.01,0.0018,0.0545,0,0
global,0.1,200vs200,1100,PAN2,200,40,20,0.01276187,1.74608,50,100,0,4,0.0,0.0,0.0714,0.04,0.0157,0.0984,0,0
global,0.01,200vs200,1100,PAN1,200,20,60,0.01276187,3.24356,50,100,0,48,0.0,0.0,0.0714,0.48,0.3846,0.5768,0,0
global,0.05,200vs200,1100,PAN1,200,20,60,0.01276187,2.14737,50,100,0,77,0.0,0.0,0.0714,0.77,0.6785,0.8416,0,0
global,0.1,200vs200,1100,PAN1,200,20,60,0.01276187,1.74608,50,100,0,91,0.0,0.0,0.0714,0.91,0.8377,0.9519,0,0
global,0.01,200vs200,1100,PAN2,200,60,20,0.01276187,3.24356,50,100,0,0,0.0,0.0,0.0714,0.0,0.0,0.037,0,0
global,0.05,200vs200,1100,PAN2,200,60,20,0.01276187,2.14737,50,100,0,4,0.0,0.0,0.0714,0.04,0.0157,0.0984,0,0
global,0.1,200vs200,1100,PAN2,200,60,20,0.01276187,1.74608,50,100,1,11,0.02,0.0035,0.105,0.11,0.0625,0.1863,0,0
global,0.01,200vs200,1100,PAN1,200,20,80,0.01276187,3.24356,50,100,0,51,0.0,0.0,0.0714,0.51,0.4135,0.6058,0,0
global,0.05,200vs200,1100,PAN1,200,20,80,0.01276187,2.14737,50,100,0,81,0.0,0.0,0.0714,0.81,0.7222,0.8749,0,0
global,0.1,200vs200,1100,PAN1,200,20,80,0.01276187,1.74608,50,100,0,92,0.0,0.0,0.0714,0.92,0.85,0.9589,0,0
global,0.01,200vs200,1100,PAN2,200,80,20,0.01276187,3.24356,50,100,0,2,0.0,0.0,0.0714,0.02,0.0055,0.07,0,0
global,0.05,200vs200,1100,PAN2,200,80,20,0.01276187,2.14737,50,100,0,4,0.0,0.0,0.0714,0.04,0.0157,0.0984,0,0
global,0.1,200vs200,1100,PAN2,200,80,20,0.01276187,1.74608,50,100,2,5,0.04,0.011,0.1346,0.05,0.0215,0.1118,0,0
global,0.01,200vs200,1100,PAN1,200,200,100,0.01276187,3.24356,50,100,0,22,0.0,0.0,0.0714,0.22,0.15,0.3107,0,0
global,0.05,200vs200,1100,PAN1,200,200,100,0.01276187,2.14737,50,100,1,49,0.02,0.0035,0.105,0.49,0.3942,0.5865,0,0
global,0.1,200vs200,1100,PAN1,200,200,100,0.01276187,1.74608,50,100,3,65,0.06,0.0206,0.1622,0.65,0.5525,0.7364,0,0
global,0.01,200vs200,1100,PAN2,200,100,200,0.01276187,3.24356,50,100,1,46,0.02,0.0035,0.105,0.46,0.3656,0.5574,0,0
global,0.05,200vs200,1100,PAN2,200,100,200,0.01276187,2.14737,50,100,2,77,0.04,0.011,0.1346,0.77,0.6785,0.8416,0,0
global,0.1,200vs200,1100,PAN2,200,100,200,0.01276187,1.74608,50,100,2,88,0.04,0.011,0.1346,0.88,0.8019,0.93,0,0
global,0.01,200vs200,1100,PAN1,200,200,120,0.01276187,3.24356,50,100,0,22,0.0,0.0,0.0714,0.22,0.15,0.3107,0,0
global,0.05,200vs200,1100,PAN1,200,200,120,0.01276187,2.14737,50,100,1,51,0.02,0.0035,0.105,0.51,0.4135,0.6058,0,0
global,0.1,200vs200,1100,PAN1,200,200,120,0.01276187,1.74608,50,100,3,66,0.06,0.0206,0.1622,0.66,0.5628,0.7454,0,0
global,0.01,200vs200,1100,PAN2,200,120,200,0.01276187,3.24356,50,100,1,36,0.02,0.0035,0.105,0.36,0.2727,0.4576,0,0
global,0.05,200vs200,1100,PAN2,200,120,200,0.01276187,2.14737,50,100,1,73,0.02,0.0035,0.105,0.73,0.6357,0.8073,0,0
global,0.1,200vs200,1100,PAN2,200,120,200,0.01276187,1.74608,50,100,1,85,0.02,0.0035,0.105,0.85,0.7672,0.9069,0,0
global,0.01,200vs200,1100,PAN1,200,200,140,0.01276187,3.24356,50,100,0,24,0.0,0.0,0.0714,0.24,0.1669,0.3323,0,0
global,0.05,200vs200,1100,PAN1,200,200,140,0.01276187,2.14737,50,100,1,48,0.02,0.0035,0.105,0.48,0.3846,0.5768,0,0
global,0.1,200vs200,1100,PAN1,200,200,140,0.01276187,1.74608,50,100,3,65,0.06,0.0206,0.1622,0.65,0.5525,0.7364,0,0
global,0.01,200vs200,1100,PAN2,200,140,200,0.01276187,3.24356,50,100,1,33,0.02,0.0035,0.105,0.33,0.2456,0.4269,0,0
global,0.05,200vs200,1100,PAN2,200,140,200,0.01276187,2.14737,50,100,2,73,0.04,0.011,0.1346,0.73,0.6357,0.8073,0,0
global,0.1,200vs200,1100,PAN2,200,140,200,0.01276187,1.74608,50,100,3,83,0.06,0.0206,0.1622,0.83,0.7445,0.8911,0,0
global,0.01,200vs200,1100,PAN1,200,200,160,0.01276187,3.24356,50,100,0,28,0.0,0.0,0.0714,0.28,0.2014,0.3749,0,0
global,0.05,200vs200,1100,PAN1,200,200,160,0.01276187,2.14737,50,100,1,51,0.02,0.0035,0.105,0.51,0.4135,0.6058,0,0
global,0.1,200vs200,1100,PAN1,200,200,160,0.01276187,1.74608,50,100,3,69,0.06,0.0206,0.1622,0.69,0.5937,0.7722,0,0
global,0.01,200vs200,1100,PAN2,200,160,200,0.01276187,3.24356,50,100,0,28,0.0,0.0,0.0714,0.28,0.2014,0.3749,0,0
global,0.05,200vs200,1100,PAN2,200,160,200,0.01276187,2.14737,50,100,2,66,0.04,0.011,0.1346,0.66,0.5628,0.7454,0,0
global,0.1,200vs200,1100,PAN2,200,160,200,0.01276187,1.74608,50,100,4,79,0.08,0.0315,0.1884,0.79,0.7002,0.8583,0,0
global,0.01,200vs200,1100,PAN1,200,200,180,0.01276187,3.24356,50,100,0,20,0.0,0.0,0.0714,0.2,0.1334,0.2888,0,0
global,0.05,200vs200,1100,PAN1,200,200,180,0.01276187,2.14737,50,100,1,57,0.02,0.0035,0.105,0.57,0.4722,0.6627,0,0
global,0.1,200vs200,1100,PAN1,200,200,180,0.01276187,1.74608,50,100,3,69,0.06,0.0206,0.1622,0.69,0.5937,0.7722,0,0
global,0.01,200vs200,1100,PAN2,200,180,200,0.01276187,3.24356,50,100,1,25,0.02,0.0035,0.105,0.25,0.1755,0.343,0,0
global,0.05,200vs200,1100,PAN2,200,180,200,0.01276187,2.14737,50,100,3,59,0.06,0.0206,0.1622,0.59,0.492,0.6813,0,0
global,0.1,200vs200,1100,PAN2,200,180,200,0.01276187,1.74608,50,100,4,76,0.08,0.0315,0.1884,0.76,0.6677,0.8331,0,0
global,0.01,200vs200,1100,PAN1,200,200,20,0.01276187,3.24356,50,100,0,2,0.0,0.0,0.0714,0.02,0.0055,0.07,0,0
global,0.05,200vs200,1100,PAN1,200,200,20,0.01276187,2.14737,50,100,1,2,0.02,0.0035,0.105,0.02,0.0055,0.07,0,0
global,0.1,200vs200,1100,PAN1,200,200,20,0.01276187,1.74608,50,100,3,8,0.06,0.0206,0.1622,0.08,0.0411,0.15,0,0
global,0.01,200vs200,1100,PAN2,200,20,200,0.01276187,3.24356,50,100,0,49,0.0,0.0,0.0714,0.49,0.3942,0.5865,0,0
global,0.05,200vs200,1100,PAN2,200,20,200,0.01276187,2.14737,50,100,0,85,0.0,0.0,0.0714,0.85,0.7672,0.9069,0,0
global,0.1,200vs200,1100,PAN2,200,20,200,0.01276187,1.74608,50,100,0,92,0.0,0.0,0.0714,0.92,0.85,0.9589,0,0
global,0.01,200vs200,1100,PAN1,200,200,200,0.01276187,3.24356,50,100,0,24,0.0,0.0,0.0714,0.24,0.1669,0.3323,0,0
global,0.05,200vs200,1100,PAN1,200,200,200,0.01276187,2.14737,50,100,1,54,0.02,0.0035,0.105,0.54,0.4426,0.6344,0,0
global,0.1,200vs200,1100,PAN1,200,200,200,0.01276187,1.74608,50,100,3,74,0.06,0.0206,0.1622,0.74,0.6463,0.816,0,0
global,0.01,200vs200,1100,PAN2,200,200,200,0.01276187,3.24356,50,100,1,24,0.02,0.0035,0.105,0.24,0.1669,0.3323,0,0
global,0.05,200vs200,1100,PAN2,200,200,200,0.01276187,2.14737,50,100,4,57,0.08,0.0315,0.1884,0.57,0.4722,0.6627,0,0
global,0.1,200vs200,1100,PAN2,200,200,200,0.01276187,1.74608,50,100,5,72,0.1,0.0435,0.2136,0.72,0.6251,0.7986,0,0
global,0.01,200vs200,1100,PAN1,200,200,40,0.01276187,3.24356,50,100,0,4,0.0,0.0,0.0714,0.04,0.0157,0.0984,0,0
global,0.05,200vs200,1100,PAN1,200,200,40,0.01276187,2.14737,50,100,1,8,0.02,0.0035,0.105,0.08,0.0411,0.15,0,0
global,0.1,200vs200,1100,PAN1,200,200,40,0.01276187,1.74608,50,100,3,12,0.06,0.0206,0.1622,0.12,0.07,0.1981,0,0
global,0.01,200vs200,1100,PAN2,200,40,200,0.01276187,3.24356,50,100,0,53,0.0,0.0,0.0714,0.53,0.4329,0.6249,0,0
global,0.05,200vs200,1100,PAN2,200,40,200,0.01276187,2.14737,50,100,0,85,0.0,0.0,0.0714,0.85,0.7672,0.9069,0,0
global,0.1,200vs200,1100,PAN2,200,40,200,0.01276187,1.74608,50,100,0,95,0.0,0.0,0.0714,0.95,0.8882,0.9785,0,0
global,0.01,200vs200,1100,PAN1,200,200,60,0.01276187,3.24356,50,100,0,9,0.0,0.0,0.0714,0.09,0.0481,0.1623,0,0
global,0.05,200vs200,1100,PAN1,200,200,60,0.01276187,2.14737,50,100,1,24,0.02,0.0035,0.105,0.24,0.1669,0.3323,0,0
global,0.1,200vs200,1100,PAN1,200,200,60,0.01276187,1.74608,50,100,3,41,0.06,0.0206,0.1622,0.41,0.3187,0.508,0,0
global,0.01,200vs200,1100,PAN2,200,60,200,0.01276187,3.24356,50,100,0,50,0.0,0.0,0.0714,0.5,0.4038,0.5962,0,0
global,0.05,200vs200,1100,PAN2,200,60,200,0.01276187,2.14737,50,100,0,84,0.0,0.0,0.0714,0.84,0.7558,0.899,0,0
global,0.1,200vs200,1100,PAN2,200,60,200,0.01276187,1.74608,50,100,1,93,0.02,0.0035,0.105,0.93,0.8625,0.9657,0,0
global,0.01,200vs200,1100,PAN1,200,200,80,0.01276187,3.24356,50,99,0,24,0.0,0.0,0.0714,0.2424,0.1687,0.3354,0,0
global,0.05,200vs200,1100,PAN1,200,200,80,0.01276187,2.14737,50,99,1,55,0.02,0.0035,0.105,0.5556,0.4574,0.6495,0,0
global,0.1,200vs200,1100,PAN1,200,200,80,0.01276187,1.74608,50,99,3,67,0.06,0.0206,0.1622,0.6768,0.5795,0.7608,0,0
global,0.01,200vs200,1100,PAN2,200,80,200,0.01276187,3.24356,50,100,0,55,0.0,0.0,0.0714,0.55,0.4524,0.6439,0,0
global,0.05,200vs200,1100,PAN2,200,80,200,0.01276187,2.14737,50,100,0,80,0.0,0.0,0.0714,0.8,0.7112,0.8666,0,0
global,0.1,200vs200,1100,PAN2,200,80,200,0.01276187,1.74608,50,100,2,92,0.04,0.011,0.1346,0.92,0.85,0.9589,0,0
global,0.01,200vs200,1100,PAN1,200,40,100,0.01276187,3.24356,50,100,0,55,0.0,0.0,0.0714,0.55,0.4524,0.6439,0,0
global,0.05,200vs200,1100,PAN1,200,40,100,0.01276187,2.14737,50,100,0,84,0.0,0.0,0.0714,0.84,0.7558,0.899,0,0
global,0.1,200vs200,1100,PAN1,200,40,100,0.01276187,1.74608,50,100,0,89,0.0,0.0,0.0714,0.89,0.8137,0.9375,0,0
global,0.01,200vs200,1100,PAN2,200,100,40,0.01276187,3.24356,50,100,1,1,0.02,0.0035,0.105,0.01,0.0018,0.0545,0,0
global,0.05,200vs200,1100,PAN2,200,100,40,0.01276187,2.14737,50,100,2,12,0.04,0.011,0.1346,0.12,0.07,0.1981,0,0
global,0.1,200vs200,1100,PAN2,200,100,40,0.01276187,1.74608,50,100,2,19,0.04,0.011,0.1346,0.19,0.1251,0.2778,0,0
global,0.01,200vs200,1100,PAN1,200,40,120,0.01276187,3.24356,50,100,0,49,0.0,0.0,0.0714,0.49,0.3942,0.5865,0,0
global,0.05,200vs200,1100,PAN1,200,40,120,0.01276187,2.14737,50,100,0,80,0.0,0.0,0.0714,0.8,0.7112,0.8666,0,0
global,0.1,200vs200,1100,PAN1,200,40,120,0.01276187,1.74608,50,100,0,94,0.0,0.0,0.0714,0.94,0.8752,0.9722,0,0
global,0.01,200vs200,1100,PAN2,200,120,40,0.01276187,3.24356,50,100,1,4,0.02,0.0035,0.105,0.04,0.0157,0.0984,0,0
global,0.05,200vs200,1100,PAN2,200,120,40,0.01276187,2.14737,50,100,1,10,0.02,0.0035,0.105,0.1,0.0552,0.1744,0,0
global,0.1,200vs200,1100,PAN2,200,120,40,0.01276187,1.74608,50,100,1,16,0.02,0.0035,0.105,0.16,0.101,0.2442,0,0
global,0.01,200vs200,1100,PAN1,200,40,140,0.01276187,3.24356,50,100,0,48,0.0,0.0,0.0714,0.48,0.3846,0.5768,0,0
global,0.05,200vs200,1100,PAN1,200,40,140,0.01276187,2.14737,50,100,0,83,0.0,0.0,0.0714,0.83,0.7445,0.8911,0,0
global,0.1,200vs200,1100,PAN1,200,40,140,0.01276187,1.74608,50,100,0,94,0.0,0.0,0.0714,0.94,0.8752,0.9722,0,0
global,0.01,200vs200,1100,PAN2,200,140,40,0.01276187,3.24356,50,100,1,5,0.02,0.0035,0.105,0.05,0.0215,0.1118,0,0
global,0.05,200vs200,1100,PAN2,200,140,40,0.01276187,2.14737,50,100,2,10,0.04,0.011,0.1346,0.1,0.0552,0.1744,0,0
global,0.1,200vs200,1100,PAN2,200,140,40,0.01276187,1.74608,50,100,3,17,0.06,0.0206,0.1622,0.17,0.1089,0.2555,0,0
global,0.01,200vs200,1100,PAN1,200,40,160,0.01276187,3.24356,50,100,0,52,0.0,0.0,0.0714,0.52,0.4232,0.6154,0,0
global,0.05,200vs200,1100,PAN1,200,40,160,0.01276187,2.14737,50,100,0,81,0.0,0.0,0.0714,0.81,0.7222,0.8749,0,0
global,0.1,200vs200,1100,PAN1,200,40,160,0.01276187,1.74608,50,100,0,92,0.0,0.0,0.0714,0.92,0.85,0.9589,0,0
global,0.01,200vs200,1100,PAN2,200,160,40,0.01276187,3.24356,50,100,0,3,0.0,0.0,0.0714,0.03,0.0103,0.0845,0,0
global,0.05,200vs200,1100,PAN2,200,160,40,0.01276187,2.14737,50,100,2,11,0.04,0.011,0.1346,0.11,0.0625,0.1863,0,0
global,0.1,200vs200,1100,PAN2,200,160,40,0.01276187,1.74608,50,100,4,17,0.08,0.0315,0.1884,0.17,0.1089,0.2555,0,0
global,0.01,200vs200,1100,PAN1,200,40,180,0.01276187,3.24356,50,100,0,56,0.0,0.0,0.0714,0.56,0.4623,0.6533,0,0
global,0.05,200vs200,1100,PAN1,200,40,180,0.01276187,2.14737,50,100,0,85,0.0,0.0,0.0714,0.85,0.7672,0.9069,0,0
global,0.1,200vs200,1100,PAN1,200,40,180,0.01276187,1.74608,50,100,0,95,0.0,0.0,0.0714,0.95,0.8882,0.9785,0,0
global,0.01,200vs200,1100,PAN2,200,180,40,0.01276187,3.24356,50,100,1,2,0.02,0.0035,0.105,0.02,0.0055,0.07,0,0
global,0.05,200vs200,1100,PAN2,200,180,40,0.01276187,2.14737,50,100,3,9,0.06,0.0206,0.1622,0.09,0.0481,0.1623,0,0
global,0.1,200vs200,1100,PAN2,200,180,40,0.01276187,1.74608,50,100,4,17,0.08,0.0315,0.1884,0.17,0.1089,0.2555,0,0
global,0.01,200vs200,1100,PAN1,200,40,20,0.01276187,3.24356,50,100,0,0,0.0,0.0,0.0714,0.0,0.0,0.037,0,0
global,0.05,200vs200,1100,PAN1,200,40,20,0.01276187,2.14737,50,100,0,0,0.0,0.0,0.0714,0.0,0.0,0.037,0,0
global,0.1,200vs200,1100,PAN1,200,40,20,0.01276187,1.74608,50,100,0,2,0.0,0.0,0.0714,0.02,0.0055,0.07,0,0
global,0.01,200vs200,1100,PAN2,200,20,40,0.01276187,3.24356,50,100,0,6,0.0,0.0,0.0714,0.06,0.0278,0.1248,0,0
global,0.05,200vs200,1100,PAN2,200,20,40,0.01276187,2.14737,50,100,0,20,0.0,0.0,0.0714,0.2,0.1334,0.2888,0,0
global,0.1,200vs200,1100,PAN2,200,20,40,0.01276187,1.74608,50,100,0,28,0.0,0.0,0.0714,0.28,0.2014,0.3749,0,0
global,0.01,200vs200,1100,PAN1,200,40,200,0.01276187,3.24356,50,100,0,55,0.0,0.0,0.0714,0.55,0.4524,0.6439,0,0
global,0.05,200vs200,1100,PAN1,200,40,200,0.01276187,2.14737,50,100,0,83,0.0,0.0,0.0714,0.83,0.7445,0.8911,0,0
global,0.1,200vs200,1100,PAN1,200,40,200,0.01276187,1.74608,50,100,0,90,0.0,0.0,0.0714,0.9,0.8256,0.9448,0,0
global,0.01,200vs200,1100,PAN2,200,200,40,0.01276187,3.24356,50,100,1,3,0.02,0.0035,0.105,0.03,0.0103,0.0845,0,0
global,0.05,200vs200,1100,PAN2,200,200,40,0.01276187,2.14737,50,100,4,10,0.08,0.0315,0.1884,0.1,0.0552,0.1744,0,0
global,0.1,200vs200,1100,PAN2,200,200,40,0.01276187,1.74608,50,100,5,15,0.1,0.0435,0.2136,0.15,0.0931,0.2328,0,0
global,0.01,200vs200,1100,PAN1,200,40,40,0.01276187,3.24356,50,100,0,5,0.0,0.0,0.0714,0.05,0.0215,0.1118,0,0
global,0.05,200vs200,1100,PAN1,200,40,40,0.01276187,2.14737,50,100,0,23,0.0,0.0,0.0714,0.23,0.1584,0.3215,0,0
global,0.1,200vs200,1100,PAN1,200,40,40,0.01276187,1.74608,50,100,0,44,0.0,0.0,0.0714,0.44,0.3467,0.5377,0,0
global,0.01,200vs200,1100,PAN2,200,40,40,0.01276187,3.24356,50,100,0,16,0.0,0.0,0.0714,0.16,0.101,0.2442,0,0
global,0.05,200vs200,1100,PAN2,200,40,40,0.01276187,2.14737,50,100,0,33,0.0,0.0,0.0714,0.33,0.2456,0.4269,0,0
global,0.1,200vs200,1100,PAN2,200,40,40,0.01276187,1.74608,50,100,0,58,0.0,0.0,0.0714,0.58,0.4821,0.672,0,0
global,0.01,200vs200,1100,PAN1,200,40,60,0.01276187,3.24356,50,100,0,57,0.0,0.0,0.0714,0.57,0.4722,0.6627,0,0
global,0.05,200vs200,1100,PAN1,200,40,60,0.01276187,2.14737,50,100,0,84,0.0,0.0,0.0714,0.84,0.7558,0.899,0,0
global,0.1,200vs200,1100,PAN1,200,40,60,0.01276187,1.74608,50,100,0,90,0.0,0.0,0.0714,0.9,0.8256,0.9448,0,0
global,0.01,200vs200,1100,PAN2,200,60,40,0.01276187,3.24356,50,100,0,9,0.0,0.0,0.0714,0.09,0.0481,0.1623,0,0
global,0.05,200vs200,1100,PAN2,200,60,40,0.01276187,2.14737,50,100,0,27,0.0,0.0,0.0714,0.27,0.1927,0.3643,0,0
global,0.1,200vs200,1100,PAN2,200,60,40,0.01276187,1.74608,50,100,1,43,0.02,0.0035,0.105,0.43,0.3373,0.5278,0,0
global,0.01,200vs200,1100,PAN1,200,40,80,0.01276187,3.24356,50,100,0,56,0.0,0.0,0.0714,0.56,0.4623,0.6533,0,0
global,0.05,200vs200,1100,PAN1,200,40,80,0.01276187,2.14737,50,100,0,82,0.0,0.0,0.0714,0.82,0.7333,0.883,0,0
global,0.1,200vs200,1100,PAN1,200,40,80,0.01276187,1.74608,50,100,0,90,0.0,0.0,0.0714,0.9,0.8256,0.9448,0,0
global,0.01,200vs200,1100,PAN2,200,80,40,0.01276187,3.24356,50,100,0,3,0.0,0.0,0.0714,0.03,0.0103,0.0845,0,0
global,0.05,200vs200,1100,PAN2,200,80,40,0.01276187,2.14737,50,100,0,13,0.0,0.0,0.0714,0.13,0.0776,0.2098,0,0
global,0.1,200vs200,1100,PAN2,200,80,40,0.01276187,1.74608,50,100,2,26,0.04,0.011,0.1346,0.26,0.184,0.3537,0,0
global,0.01,200vs200,1100,PAN1,200,60,100,0.01276187,3.24356,50,100,0,50,0.0,0.0,0.0714,0.5,0.4038,0.5962,0,0
global,0.05,200vs200,1100,PAN1,200,60,100,0.01276187,2.14737,50,100,0,77,0.0,0.0,0.0714,0.77,0.6785,0.8416,0,0
global,0.1,200vs200,1100,PAN1,200,60,100,0.01276187,1.74608,50,100,1,90,0.02,0.0035,0.105,0.9,0.8256,0.9448,0,0
global,0.01,200vs200,1100,PAN2,200,100,60,0.01276187,3.24356,50,100,1,20,0.02,0.0035,0.105,0.2,0.1334,0.2888,0,0
global,0.05,200vs200,1100,PAN2,200,100,60,0.01276187,2.14737,50,100,2,43,0.04,0.011,0.1346,0.43,0.3373,0.5278,0,0
global,0.1,200vs200,1100,PAN2,200,100,60,0.01276187,1.74608,50,100,2,62,0.04,0.011,0.1346,0.62,0.5221,0.709,0,0
global,0.01,200vs200,1100,PAN1,200,60,120,0.01276187,3.24356,50,100,0,45,0.0,0.0,0.0714,0.45,0.3561,0.5476,0,0
global,0.05,200vs200,1100,PAN1,200,60,120,0.01276187,2.14737,50,100,0,75,0.0,0.0,0.0714,0.75,0.657,0.8245,0,0
global,0.1,200vs200,1100,PAN1,200,60,120,0.01276187,1.74608,50,100,1,89,0.02,0.0035,0.105,0.89,0.8137,0.9375,0,0
global,0.01,200vs200,1100,PAN2,200,120,60,0.01276187,3.24356,50,100,1,18,0.02,0.0035,0.105,0.18,0.117,0.2667,0,0
global,0.05,200vs200,1100,PAN2,200,120,60,0.01276187,2.14737,50,100,1,42,0.02,0.0035,0.105,0.42,0.328,0.5179,0,0
global,0.1,200vs200,1100,PAN2,200,120,60,0.01276187,1.74608,50,100,1,60,0.02,0.0035,0.105,0.6,0.502,0.6906,0,0
global,0.01,200vs200,1100,PAN1,200,60,140,0.01276187,3.24356,50,100,0,48,0.0,0.0,0.0714,0.48,0.3846,0.5768,0,0
global,0.05,200vs200,1100,PAN1,200,60,140,0.01276187,2.14737,50,100,0,75,0.0,0.0,0.0714,0.75,0.657,0.8245,0,0
global,0.1,200vs200,1100,PAN1,200,60,140,0.01276187,1.74608,50,100,1,88,0.02,0.0035,0.105,0.88,0.8019,0.93,0,0
global,0.01,200vs200,1100,PAN2,200,140,60,0.01276187,3.24356,50,100,1,18,0.02,0.0035,0.105,0.18,0.117,0.2667,0,0
global,0.05,200vs200,1100,PAN2,200,140,60,0.01276187,2.14737,50,100,2,33,0.04,0.011,0.1346,0.33,0.2456,0.4269,0,0
global,0.1,200vs200,1100,PAN2,200,140,60,0.01276187,1.74608,50,100,3,56,0.06,0.0206,0.1622,0.56,0.4623,0.6533,0,0
global,0.01,200vs200,1100,PAN1,200,60,160,0.01276187,3.24356,50,100,0,49,0.0,0.0,0.0714,0.49,0.3942,0.5865,0,0
global,0.05,200vs200,1100,PAN1,200,60,160,0.01276187,2.14737,50,100,0,79,0.0,0.0,0.0714,0.79,0.7002,0.8583,0,0
global,0.1,200vs200,1100,PAN1,200,60,160,0.01276187,1.74608,50,100,1,91,0.02,0.0035,0.105,0.91,0.8377,0.9519,0,0
global,0.01,200vs200,1100,PAN2,200,160,60,0.01276187,3.24356,50,100,0,14,0.0,0.0,0.0714,0.14,0.0853,0.2214,0,0
global,0.05,200vs200,1100,PAN2,200,160,60,0.01276187,2.14737,50,100,2,31,0.04,0.011,0.1346,0.31,0.2278,0.4063,0,0
global,0.1,200vs200,1100,PAN2,200,160,60,0.01276187,1.74608,50,100,4,45,0.08,0.0315,0.1884,0.45,0.3561,0.5476,0,0
global,0.01,200vs200,1100,PAN1,200,60,180,0.01276187,3.24356,50,100,0,51,0.0,0.0,0.0714,0.51,0.4135,0.6058,0,0
global,0.05,200vs200,1100,PAN1,200,60,180,0.01276187,2.14737,50,100,0,80,0.0,0.0,0.0714,0.8,0.7112,0.8666,0,0
global,0.1,200vs200,1100,PAN1,200,60,180,0.01276187,1.74608,50,100,1,90,0.02,0.0035,0.105,0.9,0.8256,0.9448,0,0
global,0.01,200vs200,1100,PAN2,200,180,60,0.01276187,3.24356,50,100,1,11,0.02,0.0035,0.105,0.11,0.0625,0.1863,0,0
global,0.05,200vs200,1100,PAN2,200,180,60,0.01276187,2.14737,50,100,3,31,0.06,0.0206,0.1622,0.31,0.2278,0.4063,0,0
global,0.1,200vs200,1100,PAN2,200,180,60,0.01276187,1.74608,50,100,4,44,0.08,0.0315,0.1884,0.44,0.3467,0.5377,0,0
global,0.01,200vs200,1100,PAN1,200,60,20,0.01276187,3.24356,50,100,0,0,0.0,0.0,0.0714,0.0,0.0,0.037,0,0
global,0.05,200vs200,1100,PAN1,200,60,20,0.01276187,2.14737,50,100,0,3,0.0,0.0,0.0714,0.03,0.0103,0.0845,0,0
global,0.1,200vs200,1100,PAN1,200,60,20,0.01276187,1.74608,50,100,1,6,0.02,0.0035,0.105,0.06,0.0278,0.1248,0,0
global,0.01,200vs200,1100,PAN2,200,20,60,0.01276187,3.24356,50,100,0,43,0.0,0.0,0.0714,0.43,0.3373,0.5278,0,0
global,0.05,200vs200,1100,PAN2,200,20,60,0.01276187,2.14737,50,100,0,71,0.0,0.0,0.0714,0.71,0.6146,0.7899,0,0
global,0.1,200vs200,1100,PAN2,200,20,60,0.01276187,1.74608,50,100,0,81,0.0,0.0,0.0714,0.81,0.7222,0.8749,0,0
global,0.01,200vs200,1100,PAN1,200,60,200,0.01276187,3.24356,50,100,0,49,0.0,0.0,0.0714,0.49,0.3942,0.5865,0,0
global,0.05,200vs200,1100,PAN1,200,60,200,0.01276187,2.14737,50,100,0,78,0.0,0.0,0.0714,0.78,0.6893,0.85,0,0
global,0.1,200vs200,1100,PAN1,200,60,200,0.01276187,1.74608,50,100,1,90,0.02,0.0035,0.105,0.9,0.8256,0.9448,0,0
global,0.01,200vs200,1100,PAN2,200,200,60,0.01276187,3.24356,50,100,1,12,0.02,0.0035,0.105,0.12,0.07,0.1981,0,0
global,0.05,200vs200,1100,PAN2,200,200,60,0.01276187,2.14737,50,100,4,28,0.08,0.0315,0.1884,0.28,0.2014,0.3749,0,0
global,0.1,200vs200,1100,PAN2,200,200,60,0.01276187,1.74608,50,100,5,37,0.1,0.0435,0.2136,0.37,0.2818,0.4678,0,0
global,0.01,200vs200,1100,PAN1,200,60,40,0.01276187,3.24356,50,100,0,4,0.0,0.0,0.0714,0.04,0.0157,0.0984,0,0
global,0.05,200vs200,1100,PAN1,200,60,40,0.01276187,2.14737,50,100,0,20,0.0,0.0,0.0714,0.2,0.1334,0.2888,0,0
global,0.1,200vs200,1100,PAN1,200,60,40,0.01276187,1.74608,50,100,1,37,0.02,0.0035,0.105,0.37,0.2818,0.4678,0,0
global,0.01,200vs200,1100,PAN2,200,40,60,0.01276187,3.24356,50,100,0,56,0.0,0.0,0.0714,0.56,0.4623,0.6533,0,0
global,0.05,200vs200,1100,PAN2,200,40,60,0.01276187,2.14737,50,100,0,83,0.0,0.0,0.0714,0.83,0.7445,0.8911,0,0
global,0.1,200vs200,1100,PAN2,200,40,60,0.01276187,1.74608,50,100,0,92,0.0,0.0,0.0714,0.92,0.85,0.9589,0,0
global,0.01,200vs200,1100,PAN1,200,60,60,0.01276187,3.24356,50,100,0,43,0.0,0.0,0.0714,0.43,0.3373,0.5278,0,0
global,0.05,200vs200,1100,PAN1,200,60,60,0.01276187,2.14737,50,100,0,72,0.0,0.0,0.0714,0.72,0.6251,0.7986,0,0
global,0.1,200vs200,1100,PAN1,200,60,60,0.01276187,1.74608,50,100,1,89,0.02,0.0035,0.105,0.89,0.8137,0.9375,0,0
global,0.01,200vs200,1100,PAN2,200,60,60,0.01276187,3.24356,50,100,0,50,0.0,0.0,0.0714,0.5,0.4038,0.5962,0,0
global,0.05,200vs200,1100,PAN2,200,60,60,0.01276187,2.14737,50,100,0,75,0.0,0.0,0.0714,0.75,0.657,0.8245,0,0
global,0.1,200vs200,1100,PAN2,200,60,60,0.01276187,1.74608,50,100,1,85,0.02,0.0035,0.105,0.85,0.7672,0.9069,0,0
global,0.01,200vs200,1100,PAN1,200,60,80,0.01276187,3.24356,50,100,0,45,0.0,0.0,0.0714,0.45,0.3561,0.5476,0,0
global,0.05,200vs200,1100,PAN1,200,60,80,0.01276187,2.14737,50,100,0,85,0.0,0.0,0.0714,0.85,0.7672,0.9069,0,0
global,0.1,200vs200,1100,PAN1,200,60,80,0.01276187,1.74608,50,100,1,90,0.02,0.0035,0.105,0.9,0.8256,0.9448,0,0
global,0.01,200vs200,1100,PAN2,200,80,60,0.01276187,3.24356,50,100,0,26,0.0,0.0,0.0714,0.26,0.184,0.3537,0,0
global,0.05,200vs200,1100,PAN2,200,80,60,0.01276187,2.14737,50,100,0,52,0.0,0.0,0.0714,0.52,0.4232,0.6154,0,0
global,0.1,200vs200,1100,PAN2,200,80,60,0.01276187,1.74608,50,100,2,72,0.04,0.011,0.1346,0.72,0.6251,0.7986,0,0
global,0.01,200vs200,1100,PAN1,200,80,100,0.01276187,3.24356,50,100,0,45,0.0,0.0,0.0714,0.45,0.3561,0.5476,0,0
global,0.05,200vs200,1100,PAN1,200,80,100,0.01276187,2.14737,50,100,0,82,0.0,0.0,0.0714,0.82,0.7333,0.883,0,0
global,0.1,200vs200,1100,PAN1,200,80,100,0.01276187,1.74608,50,100,3,89,0.06,0.0206,0.1622,0.89,0.8137,0.9375,0,0
global,0.01,200vs200,1100,PAN2,200,100,80,0.01276187,3.24356,50,100,1,49,0.02,0.0035,0.105,0.49,0.3942,0.5865,0,0
global,0.05,200vs200,1100,PAN2,200,100,80,0.01276187,2.14737,50,100,2,84,0.04,0.011,0.1346,0.84,0.7558,0.899,0,0
global,0.1,200vs200,1100,PAN2,200,100,80,0.01276187,1.74608,50,100,2,92,0.04,0.011,0.1346,0.92,0.85,0.9589,0,0
global,0.01,200vs200,1100,PAN1,200,80,120,0.01276187,3.24356,50,100,0,46,0.0,0.0,0.0714,0.46,0.3656,0.5574,0,0
global,0.05,200vs200,1100,PAN1,200,80,120,0.01276187,2.14737,50,100,0,81,0.0,0.0,0.0714,0.81,0.7222,0.8749,0,0
global,0.1,200vs200,1100,PAN1,200,80,120,0.01276187,1.74608,50,100,3,88,0.06,0.0206,0.1622,0.88,0.8019,0.93,0,0
global,0.01,200vs200,1100,PAN2,200,120,80,0.01276187,3.24356,50,100,1,40,0.02,0.0035,0.105,0.4,0.3094,0.498,0,0
global,0.05,200vs200,1100,PAN2,200,120,80,0.01276187,2.14737,50,100,1,73,0.02,0.0035,0.105,0.73,0.6357,0.8073,0,0
global,0.1,200vs200,1100,PAN2,200,120,80,0.01276187,1.74608,50,100,1,85,0.02,0.0035,0.105,0.85,0.7672,0.9069,0,0
global,0.01,200vs200,1100,PAN1,200,80,140,0.01276187,3.24356,50,100,0,50,0.0,0.0,0.0714,0.5,0.4038,0.5962,0,0
global,0.05,200vs200,1100,PAN1,200,80,140,0.01276187,2.14737,50,100,0,74,0.0,0.0,0.0714,0.74,0.6463,0.816,0,0
global,0.1,200vs200,1100,PAN1,200,80,140,0.01276187,1.74608,50,100,3,85,0.06,0.0206,0.1622,0.85,0.7672,0.9069,0,0
global,0.01,200vs200,1100,PAN2,200,140,80,0.01276187,3.24356,50,100,1,35,0.02,0.0035,0.105,0.35,0.2636,0.4475,0,0
global,0.05,200vs200,1100,PAN2,200,140,80,0.01276187,2.14737,50,100,2,67,0.04,0.011,0.1346,0.67,0.5731,0.7544,0,0
global,0.1,200vs200,1100,PAN2,200,140,80,0.01276187,1.74608,50,100,3,78,0.06,0.0206,0.1622,0.78,0.6893,0.85,0,0
global,0.01,200vs200,1100,PAN1,200,80,160,0.01276187,3.24356,50,100,0,48,0.0,0.0,0.0714,0.48,0.3846,0.5768,0,0
global,0.05,200vs200,1100,PAN1,200,80,160,0.01276187,2.14737,50,100,0,75,0.0,0.0,0.0714,0.75,0.657,0.8245,0,0
global,0.1,200vs200,1100,PAN1,200,80,160,0.01276187,1.74608,50,100,3,90,0.06,0.0206,0.1622,0.9,0.8256,0.9448,0,0
global,0.01,200vs200,1100,PAN2,200,160,80,0.01276187,3.24356,50,100,0,30,0.0,0.0,0.0714,0.3,0.2189,0.3959,0,0
global,0.05,200vs200,1100,PAN2,200,160,80,0.01276187,2.14737,50,100,2,67,0.04,0.011,0.1346,0.67,0.5731,0.7544,0,0
global,0.1,200vs200,1100,PAN2,200,160,80,0.01276187,1.74608,50,100,4,80,0.08,0.0315,0.1884,0.8,0.7112,0.8666,0,0
global,0.01,200vs200,1100,PAN1,200,80,180,0.01276187,3.24356,50,100,0,50,0.0,0.0,0.0714,0.5,0.4038,0.5962,0,0
global,0.05,200vs200,1100,PAN1,200,80,180,0.01276187,2.14737,50,100,0,75,0.0,0.0,0.0714,0.75,0.657,0.8245,0,0
global,0.1,200vs200,1100,PAN1,200,80,180,0.01276187,1.74608,50,100,3,83,0.06,0.0206,0.1622,0.83,0.7445,0.8911,0,0
global,0.01,200vs200,1100,PAN2,200,180,80,0.01276187,3.24356,50,100,1,23,0.02,0.0035,0.105,0.23,0.1584,0.3215,0,0
global,0.05,200vs200,1100,PAN2,200,180,80,0.01276187,2.14737,50,100,3,57,0.06,0.0206,0.1622,0.57,0.4722,0.6627,0,0
global,0.1,200vs200,1100,PAN2,200,180,80,0.01276187,1.74608,50,100,4,77,0.08,0.0315,0.1884,0.77,0.6785,0.8416,0,0
global,0.01,200vs200,1100,PAN1,200,80,20,0.01276187,3.24356,50,100,0,0,0.0,0.0,0.0714,0.0,0.0,0.037,0,0
global,0.05,200vs200,1100,PAN1,200,80,20,0.01276187,2.14737,50,100,0,0,0.0,0.0,0.0714,0.0,0.0,0.037,0,0
global,0.1,200vs200,1100,PAN1,200,80,20,0.01276187,1.74608,50,100,3,4,0.06,0.0206,0.1622,0.04,0.0157,0.0984,0,0
global,0.01,200vs200,1100,PAN2,200,20,80,0.01276187,3.24356,50,100,0,52,0.0,0.0,0.0714,0.52,0.4232,0.6154,0,0
global,0.05,200vs200,1100,PAN2,200,20,80,0.01276187,2.14737,50,100,0,78,0.0,0.0,0.0714,0.78,0.6893,0.85,0,0
global,0.1,200vs200,1100,PAN2,200,20,80,0.01276187,1.74608,50,100,0,86,0.0,0.0,0.0714,0.86,0.7786,0.9147,0,0
global,0.01,200vs200,1100,PAN1,200,80,200,0.01276187,3.24356,50,100,0,51,0.0,0.0,0.0714,0.51,0.4135,0.6058,0,0
global,0.05,200vs200,1100,PAN1,200,80,200,0.01276187,2.14737,50,100,0,76,0.0,0.0,0.0714,0.76,0.6677,0.8331,0,0
global,0.1,200vs200,1100,PAN1,200,80,200,0.01276187,1.74608,50,100,3,85,0.06,0.0206,0.1622,0.85,0.7672,0.9069,0,0
global,0.01,200vs200,1100,PAN2,200,200,80,0.01276187,3.24356,50,100,1,21,0.02,0.0035,0.105,0.21,0.1417,0.2998,0,0
global,0.05,200vs200,1100,PAN2,200,200,80,0.01276187,2.14737,50,100,4,60,0.08,0.0315,0.1884,0.6,0.502,0.6906,0,0
global,0.1,200vs200,1100,PAN2,200,200,80,0.01276187,1.74608,50,100,5,75,0.1,0.0435,0.2136,0.75,0.657,0.8245,0,0
global,0.01,200vs200,1100,PAN1,200,80,40,0.01276187,3.24356,50,100,0,1,0.0,0.0,0.0714,0.01,0.0018,0.0545,0,0
global,0.05,200vs200,1100,PAN1,200,80,40,0.01276187,2.14737,50,100,0,10,0.0,0.0,0.0714,0.1,0.0552,0.1744,0,0
global,0.1,200vs200,1100,PAN1,200,80,40,0.01276187,1.74608,50,100,3,16,0.06,0.0206,0.1622,0.16,0.101,0.2442,0,0
global,0.01,200vs200,1100,PAN2,200,40,80,0.01276187,3.24356,50,100,0,57,0.0,0.0,0.0714,0.57,0.4722,0.6627,0,0
global,0.05,200vs200,1100,PAN2,200,40,80,0.01276187,2.14737,50,100,0,80,0.0,0.0,0.0714,0.8,0.7112,0.8666,0,0
global,0.1,200vs200,1100,PAN2,200,40,80,0.01276187,1.74608,50,100,0,93,0.0,0.0,0.0714,0.93,0.8625,0.9657,0,0
global,0.01,200vs200,1100,PAN1,200,80,60,0.01276187,3.24356,50,100,0,27,0.0,0.0,0.0714,0.27,0.1927,0.3643,0,0
global,0.05,200vs200,1100,PAN1,200,80,60,0.01276187,2.14737,50,100,0,46,0.0,0.0,0.0714,0.46,0.3656,0.5574,0,0
global,0.1,200vs200,1100,PAN1,200,80,60,0.01276187,1.74608,50,100,3,63,0.06,0.0206,0.1622,0.63,0.5322,0.7182,0,0
global,0.01,200vs200,1100,PAN2,200,60,80,0.01276187,3.24356,50,100,0,49,0.0,0.0,0.0714,0.49,0.3942,0.5865,0,0
global,0.05,200vs200,1100,PAN2,200,60,80,0.01276187,2.14737,50,100,0,79,0.0,0.0,0.0714,0.79,0.7002,0.8583,0,0
global,0.1,200vs200,1100,PAN2,200,60,80,0.01276187,1.74608,50,100,1,88,0.02,0.0035,0.105,0.88,0.8019,0.93,0,0
global,0.01,200vs200,1100,PAN1,200,80,80,0.01276187,3.24356,50,100,0,50,0.0,0.0,0.0714,0.5,0.4038,0.5962,0,0
global,0.05,200vs200,1100,PAN1,200,80,80,0.01276187,2.14737,50,100,0,80,0.0,0.0,0.0714,0.8,0.7112,0.8666,0,0
global,0.1,200vs200,1100,PAN1,200,80,80,0.01276187,1.74608,50,100,3,91,0.06,0.0206,0.1622,0.91,0.8377,0.9519,0,0
global,0.01,200vs200,1100,PAN2,200,80,80,0.01276187,3.24356,50,100,0,52,0.0,0.0,0.0714,0.52,0.4232,0.6154,0,0
global,0.05,200vs200,1100,PAN2,200,80,80,0.01276187,2.14737,50,100,0,83,0.0,0.0,0.0714,0.83,0.7445,0.8911,0,0
global,0.1,200vs200,1100,PAN2,200,80,80,0.01276187,1.74608,50,100,2,95,0.04,0.011,0.1346,0.95,0.8882,0.9785,0,0
global,0.01,50vs100,1500,PAN1,50,100,100,0.01276187,3.24356,50,100,0,24,0.0,0.0,0.0714,0.24,0.1669,0.3323,0,0
global,0.05,50vs100,1500,PAN1,50,100,100,0.01276187,2.14737,50,100,5,44,0.1,0.0435,0.2136,0.44,0.3467,0.5377,0,0
global,0.1,50vs100,1500,PAN1,50,100,100,0.01276187,1.74608,50,100,10,54,0.2,0.1124,0.3304,0.54,0.4426,0.6344,0,0
global,0.01,50vs100,1500,PAN2,100,100,100,0.01276187,3.24356,50,100,0,19,0.0,0.0,0.0714,0.19,0.1251,0.2778,0,0
global,0.05,50vs100,1500,PAN2,100,100,100,0.01276187,2.14737,50,100,0,50,0.0,0.0,0.0714,0.5,0.4038,0.5962,0,0
global,0.1,50vs100,1500,PAN2,100,100,100,0.01276187,1.74608,50,100,5,70,0.1,0.0435,0.2136,0.7,0.6041,0.7811,0,0
global,0.01,50vs100,1500,PAN1,50,100,120,0.01276187,3.24356,50,100,0,25,0.0,0.0,0.0714,0.25,0.1755,0.343,0,0
global,0.05,50vs100,1500,PAN1,50,100,120,0.01276187,2.14737,50,100,5,45,0.1,0.0435,0.2136,0.45,0.3561,0.5476,0,0
global,0.1,50vs100,1500,PAN1,50,100,120,0.01276187,1.74608,50,100,10,59,0.2,0.1124,0.3304,0.59,0.492,0.6813,0,0
global,0.01,50vs100,1500,PAN2,100,120,100,0.01276187,3.24356,50,100,0,16,0.0,0.0,0.0714,0.16,0.101,0.2442,0,0
global,0.05,50vs100,1500,PAN2,100,120,100,0.01276187,2.14737,50,100,1,42,0.02,0.0035,0.105,0.42,0.328,0.5179,0,0
global,0.1,50vs100,1500,PAN2,100,120,100,0.01276187,1.74608,50,100,2,59,0.04,0.011,0.1346,0.59,0.492,0.6813,0,0
global,0.01,50vs100,1500,PAN1,50,100,140,0.01276187,3.24356,50,100,0,27,0.0,0.0,0.0714,0.27,0.1927,0.3643,0,0
global,0.05,50vs100,1500,PAN1,50,100,140,0.01276187,2.14737,50,100,5,45,0.1,0.0435,0.2136,0.45,0.3561,0.5476,0,0
global,0.1,50vs100,1500,PAN1,50,100,140,0.01276187,1.74608,50,100,10,53,0.2,0.1124,0.3304,0.53,0.4329,0.6249,0,0
global,0.01,50vs100,1500,PAN2,100,140,100,0.01276187,3.24356,50,100,0,14,0.0,0.0,0.0714,0.14,0.0853,0.2214,0,0
global,0.05,50vs100,1500,PAN2,100,140,100,0.01276187,2.14737,50,100,2,49,0.04,0.011,0.1346,0.49,0.3942,0.5865,0,0
global,0.1,50vs100,1500,PAN2,100,140,100,0.01276187,1.74608,50,100,7,56,0.14,0.0695,0.2619,0.56,0.4623,0.6533,0,0
global,0.01,50vs100,1500,PAN1,50,100,160,0.01276187,3.24356,50,100,0,28,0.0,0.0,0.0714,0.28,0.2014,0.3749,0,0
global,0.05,50vs100,1500,PAN1,50,100,160,0.01276187,2.14737,50,100,5,41,0.1,0.0435,0.2136,0.41,0.3187,0.508,0,0
global,0.1,50vs100,1500,PAN1,50,100,160,0.01276187,1.74608,50,100,10,57,0.2,0.1124,0.3304,0.57,0.4722,0.6627,0,0
global,0.01,50vs100,1500,PAN2,100,160,100,0.01276187,3.24356,50,100,0,18,0.0,0.0,0.0714,0.18,0.117,0.2667,0,0
global,0.05,50vs100,1500,PAN2,100,160,100,0.01276187,2.14737,50,100,3,39,0.06,0.0206,0.1622,0.39,0.3002,0.488,0,0
global,0.1,50vs100,1500,PAN2,100,160,100,0.01276187,1.74608,50,100,8,56,0.16,0.0834,0.2851,0.56,0.4623,0.6533,0,0
global,0.01,50vs100,1500,PAN1,50,100,180,0.01276187,3.24356,50,99,0,16,0.0,0.0,0.0714,0.1616,0.102,0.2465,0,0
global,0.05,50vs100,1500,PAN1,50,100,180,0.01276187,2.14737,50,99,5,41,0.1,0.0435,0.2136,0.4141,0.3221,0.5126,0,0
global,0.1,50vs100,1500,PAN1,50,100,180,0.01276187,1.74608,50,99,10,50,0.2,0.1124,0.3304,0.5051,0.4082,0.6015,0,0
global,0.01,50vs100,1500,PAN2,100,180,100,0.01276187,3.24356,50,100,1,10,0.02,0.0035,0.105,0.1,0.0552,0.1744,0,0
global,0.05,50vs100,1500,PAN2,100,180,100,0.01276187,2.14737,50,100,2,32,0.04,0.011,0.1346,0.32,0.2367,0.4166,0,0
global,0.1,50vs100,1500,PAN2,100,180,100,0.01276187,1.74608,50,100,4,46,0.08,0.0315,0.1884,0.46,0.3656,0.5574,0,0
global,0.01,50vs100,1500,PAN1,50,100,20,0.01276187,3.24356,50,100,0,2,0.0,0.0,0.0714,0.02,0.0055,0.07,0,0
global,0.05,50vs100,1500,PAN1,50,100,20,0.01276187,2.14737,50,100,5,7,0.1,0.0435,0.2136,0.07,0.0343,0.1375,0,0
global,0.1,50vs100,1500,PAN1,50,100,20,0.01276187,1.74608,50,100,10,18,0.2,0.1124,0.3304,0.18,0.117,0.2667,0,0
global,0.01,50vs100,1500,PAN2,100,20,100,0.01276187,3.24356,50,100,0,13,0.0,0.0,0.0714,0.13,0.0776,0.2098,0,0
global,0.05,50vs100,1500,PAN2,100,20,100,0.01276187,2.14737,50,100,0,41,0.0,0.0,0.0714,0.41,0.3187,0.508,0,0
global,0.1,50vs100,1500,PAN2,100,20,100,0.01276187,1.74608,50,100,0,50,0.0,0.0,0.0714,0.5,0.4038,0.5962,0,0
global,0.01,50vs100,1500,PAN1,50,100,200,0.01276187,3.24356,50,100,0,20,0.0,0.0,0.0714,0.2,0.1334,0.2888,0,0
global,0.05,50vs100,1500,PAN1,50,100,200,0.01276187,2.14737,50,100,5,37,0.1,0.0435,0.2136,0.37,0.2818,0.4678,0,0
global,0.1,50vs100,1500,PAN1,50,100,200,0.01276187,1.74608,50,100,10,49,0.2,0.1124,0.3304,0.49,0.3942,0.5865,0,0
global,0.01,50vs100,1500,PAN2,100,200,100,0.01276187,3.24356,50,100,0,6,0.0,0.0,0.0714,0.06,0.0278,0.1248,0,0
global,0.05,50vs100,1500,PAN2,100,200,100,0.01276187,2.14737,50,100,3,28,0.06,0.0206,0.1622,0.28,0.2014,0.3749,0,0
global,0.1,50vs100,1500,PAN2,100,200,100,0.01276187,1.74608,50,100,7,46,0.14,0.0695,0.2619,0.46,0.3656,0.5574,0,0
global,0.01,50vs100,1500,PAN1,50,100,40,0.01276187,3.24356,50,100,0,1,0.0,0.0,0.0714,0.01,0.0018,0.0545,0,0
global,0.05,50vs100,1500,PAN1,50,100,40,0.01276187,2.14737,50,100,5,14,0.1,0.0435,0.2136,0.14,0.0853,0.2214,0,0
global,0.1,50vs100,1500,PAN1,50,100,40,0.01276187,1.74608,50,100,10,23,0.2,0.1124,0.3304,0.23,0.1584,0.3215,0,0
global,0.01,50vs100,1500,PAN2,100,40,100,0.01276187,3.24356,50,100,0,26,0.0,0.0,0.0714,0.26,0.184,0.3537,0,0
global,0.05,50vs100,1500,PAN2,100,40,100,0.01276187,2.14737,50,100,0,53,0.0,0.0,0.0714,0.53,0.4329,0.6249,0,0
global,0.1,50vs100,1500,PAN2,100,40,100,0.01276187,1.74608,50,100,0,74,0.0,0.0,0.0714,0.74,0.6463,0.816,0,0
global,0.01,50vs100,1500,PAN1,50,100,60,0.01276187,3.24356,50,100,0,3,0.0,0.0,0.0714,0.03,0.0103,0.0845,0,0
global,0.05,50vs100,1500,PAN1,50,100,60,0.01276187,2.14737,50,100,5,24,0.1,0.0435,0.2136,0.24,0.1669,0.3323,0,0
global,0.1,50vs100,1500,PAN1,50,100,60,0.01276187,1.74608,50,100,10,38,0.2,0.1124,0.3304,0.38,0.291,0.4779,0,0
global,0.01,50vs100,1500,PAN2,100,60,100,0.01276187,3.24356,50,100,0,21,0.0,0.0,0.0714,0.21,0.1417,0.2998,0,0
global,0.05,50vs100,1500,PAN2,100,60,100,0.01276187,2.14737,50,100,2,52,0.04,0.011,0.1346,0.52,0.4232,0.6154,0,0
global,0.1,50vs100,1500,PAN2,100,60,100,0.01276187,1.74608,50,100,5,65,0.1,0.0435,0.2136,0.65,0.5525,0.7364,0,0
global,0.01,50vs100,1500,PAN1,50,100,80,0.01276187,3.24356,50,100,0,20,0.0,0.0,0.0714,0.2,0.1334,0.2888,0,0
global,0.05,50vs100,1500,PAN1,50,100,80,0.01276187,2.14737,50,100,5,41,0.1,0.0435,0.2136,0.41,0.3187,0.508,0,0
global,0.1,50vs100,1500,PAN1,50,100,80,0.01276187,1.74608,50,100,10,54,0.2,0.1124,0.3304,0.54,0.4426,0.6344,0,0
global,0.01,50vs100,1500,PAN2,100,80,100,0.01276187,3.24356,50,100,0,22,0.0,0.0,0.0714,0.22,0.15,0.3107,0,0
global,0.05,50vs100,1500,PAN2,100,80,100,0.01276187,2.14737,50,100,2,56,0.04,0.011,0.1346,0.56,0.4623,0.6533,0,0
global,0.1,50vs100,1500,PAN2,100,80,100,0.01276187,1.74608,50,100,3,67,0.06,0.0206,0.1622,0.67,0.5731,0.7544,0,0
global,0.01,50vs100,1500,PAN1,50,120,100,0.01276187,3.24356,50,100,1,19,0.02,0.0035,0.105,0.19,0.1251,0.2778,0,0
global,0.05,50vs100,1500,PAN1,50,120,100,0.01276187,2.14737,50,100,2,37,0.04,0.011,0.1346,0.37,0.2818,0.4678,0,0
global,0.1,50vs100,1500,PAN1,50,120,100,0.01276187,1.74608,50,100,4,43,0.08,0.0315,0.1884,0.43,0.3373,0.5278,0,0
global,0.01,50vs100,1500,PAN2,100,100,120,0.01276187,3.24356,50,100,0,14,0.0,0.0,0.0714,0.14,0.0853,0.2214,0,0
global,0.05,50vs100,1500,PAN2,100,100,120,0.01276187,2.14737,50,100,0,52,0.0,0.0,0.0714,0.52,0.4232,0.6154,0,0
global,0.1,50vs100,1500,PAN2,100,100,120,0.01276187,1.74608,50,100,5,69,0.1,0.0435,0.2136,0.69,0.5937,0.7722,0,0
global,0.01,50vs100,1500,PAN1,50,120,120,0.01276187,3.24356,50,100,1,17,0.02,0.0035,0.105,0.17,0.1089,0.2555,0,0
global,0.05,50vs100,1500,PAN1,50,120,120,0.01276187,2.14737,50,100,2,39,0.04,0.011,0.1346,0.39,0.3002,0.488,0,0
global,0.1,50vs100,1500,PAN1,50,120,120,0.01276187,1.74608,50,100,4,49,0.08,0.0315,0.1884,0.49,0.3942,0.5865,0,0
global,0.01,50vs100,1500,PAN2,100,120,120,0.01276187,3.24356,50,100,0,15,0.0,0.0,0.0714,0.15,0.0931,0.2328,0,0
global,0.05,50vs100,1500,PAN2,100,120,120,0.01276187,2.14737,50,100,1,49,0.02,0.0035,0.105,0.49,0.3942,0.5865,0,0
global,0.1,50vs100,1500,PAN2,100,120,120,0.01276187,1.74608,50,100,2,63,0.04,0.011,0.1346,0.63,0.5322,0.7182,0,0
global,0.01,50vs100,1500,PAN1,50,120,140,0.01276187,3.24356,50,100,1,19,0.02,0.0035,0.105,0.19,0.1251,0.2778,0,0
global,0.05,50vs100,1500,PAN1,50,120,140,0.01276187,2.14737,50,100,2,37,0.04,0.011,0.1346,0.37,0.2818,0.4678,0,0
global,0.1,50vs100,1500,PAN1,50,120,140,0.01276187,1.74608,50,100,4,54,0.08,0.0315,0.1884,0.54,0.4426,0.6344,0,0
global,0.01,50vs100,1500,PAN2,100,140,120,0.01276187,3.24356,50,100,0,15,0.0,0.0,0.0714,0.15,0.0931,0.2328,0,0
global,0.05,50vs100,1500,PAN2,100,140,120,0.01276187,2.14737,50,100,2,39,0.04,0.011,0.1346,0.39,0.3002,0.488,0,0
global,0.1,50vs100,1500,PAN2,100,140,120,0.01276187,1.74608,50,100,7,58,0.14,0.0695,0.2619,0.58,0.4821,0.672,0,0
global,0.01,50vs100,1500,PAN1,50,120,160,0.01276187,3.24356,50,100,1,19,0.02,0.0035,0.105,0.19,0.1251,0.2778,0,0
global,0.05,50vs100,1500,PAN1,50,120,160,0.01276187,2.14737,50,100,2,43,0.04,0.011,0.1346,0.43,0.3373,0.5278,0,0
global,0.1,50vs100,1500,PAN1,50,120,160,0.01276187,1.74608,50,100,4,49,0.08,0.0315,0.1884,0.49,0.3942,0.5865,0,0
global,0.01,50vs100,1500,PAN2,100,160,120,0.01276187,3.24356,50,100,0,14,0.0,0.0,0.0714,0.14,0.0853,0.2214,0,0
global,0.05,50vs100,1500,PAN2,100,160,120,0.01276187,2.14737,50,100,3,37,0.06,0.0206,0.1622,0.37,0.2818,0.4678,0,0
global,0.1,50vs100,1500,PAN2,100,160,120,0.01276187,1.74608,50,100,8,52,0.16,0.0834,0.2851,0.52,0.4232,0.6154,0,0
global,0.01,50vs100,1500,PAN1,50,120,180,0.01276187,3.24356,50,100,1,20,0.02,0.0035,0.105,0.2,0.1334,0.2888,0,0
global,0.05,50vs100,1500,PAN1,50,120,180,0.01276187,2.14737,50,100,2,43,0.04,0.011,0.1346,0.43,0.3373,0.5278,0,0
global,0.1,50vs100,1500,PAN1,50,120,180,0.01276187,1.74608,50,100,4,51,0.08,0.0315,0.1884,0.51,0.4135,0.6058,0,0
global,0.01,50vs100,1500,PAN2,100,180,120,0.01276187,3.24356,50,100,1,10,0.02,0.0035,0.105,0.1,0.0552,0.1744,0,0
global,0.05,50vs100,1500,PAN2,100,180,120,0.01276187,2.14737,50,100,2,32,0.04,0.011,0.1346,0.32,0.2367,0.4166,0,0
global,0.1,50vs100,1500,PAN2,100,180,120,0.01276187,1.74608,50,100,4,47,0.08,0.0315,0.1884,0.47,0.3751,0.5671,0,0
global,0.01,50vs100,1500,PAN1,50,120,20,0.01276187,3.24356,50,100,1,1,0.02,0.0035,0.105,0.01,0.0018,0.0545,0,0
global,0.05,50vs100,1500,PAN1,50,120,20,0.01276187,2.14737,50,100,2,9,0.04,0.011,0.1346,0.09,0.0481,0.1623,0,0
global,0.1,50vs100,1500,PAN1,50,120,20,0.01276187,1.74608,50,100,4,16,0.08,0.0315,0.1884,0.16,0.101,0.2442,0,0
global,0.01,50vs100,1500,PAN2,100,20,120,0.01276187,3.24356,50,100,0,9,0.0,0.0,0.0714,0.09,0.0481,0.1623,0,0
global,0.05,50vs100,1500,PAN2,100,20,120,0.01276187,2.14737,50,100,0,45,0.0,0.0,0.0714,0.45,0.3561,0.5476,0,0
global,0.1,50vs100,1500,PAN2,100,20,120,0.01276187,1.74608,50,100,0,64,0.0,0.0,0.0714,0.64,0.5424,0.7273,0,0
global,0.01,50vs100,1500,PAN1,50,120,200,0.01276187,3.24356,50,100,1,16,0.02,0.0035,0.105,0.16,0.101,0.2442,0,0
global,0.05,50vs100,1500,PAN1,50,120,200,0.01276187,2.14737,50,100,2,34,0.04,0.011,0.1346,0.34,0.2546,0.4372,0,0
global,0.1,50vs100,1500,PAN1,50,120,200,0.01276187,1.74608,50,100,4,42,0.08,0.0315,0.1884,0.42,0.328,0.5179,0,0
global,0.01,50vs100,1500,PAN2,100,200,120,0.01276187,3.24356,50,100,0,7,0.0,0.0,0.0714,0.07,0.0343,0.1375,0,0
global,0.05,50vs100,1500,PAN2,100,200,120,0.01276187,2.14737,50,100,3,28,0.06,0.0206,0.1622,0.28,0.2014,0.3749,0,0
global,0.1,50vs100,1500,PAN2,100,200,120,0.01276187,1.74608,50,100,7,42,0.14,0.0695,0.2619,0.42,0.328,0.5179,0,0
global,0.01,50vs100,1500,PAN1,50,120,40,0.01276187,3.24356,50,99,1,3,0.02,0.0035,0.105,0.0303,0.0104,0.0853,0,0
global,0.05,50vs100,1500,PAN1,50,120,40,0.01276187,2.14737,50,99,2,10,0.04,0.011,0.1346,0.101,0.0558,0.176,0,0
global,0.1,50vs100,1500,PAN1,50,120,40,0.01276187,1.74608,50,99,4,19,0.08,0.0315,0.1884,0.1919,0.1264,0.2804,0,0
global,0.01,50vs100,1500,PAN2,100,40,120,0.01276187,3.24356,50,100,0,21,0.0,0.0,0.0714,0.21,0.1417,0.2998,0,0
global,0.05,50vs100,1500,PAN2,100,40,120,0.01276187,2.14737,50,100,0,50,0.0,0.0,0.0714,0.5,0.4038,0.5962,0,0
global,0.1,50vs100,1500,PAN2,100,40,120,0.01276187,1.74608,50,100,0,66,0.0,0.0,0.0714,0.66,0.5628,0.7454,0,0
global,0.01,50vs100,1500,PAN1,50,120,60,0.01276187,3.24356,50,100,1,2,0.02,0.0035,0.105,0.02,0.0055,0.07,0,0
global,0.05,50vs100,1500,PAN1,50,120,60,0.01276187,2.14737,50,100,2,17,0.04,0.011,0.1346,0.17,0.1089,0.2555,0,0
global,0.1,50vs100,1500,PAN1,50,120,60,0.01276187,1.74608,50,100,4,31,0.08,0.0315,0.1884,0.31,0.2278,0.4063,0,0
global,0.01,50vs100,1500,PAN2,100,60,120,0.01276187,3.24356,50,100,0,21,0.0,0.0,0.0714,0.21,0.1417,0.2998,0,0
global,0.05,50vs100,1500,PAN2,100,60,120,0.01276187,2.14737,50,100,2,50,0.04,0.011,0.1346,0.5,0.4038,0.5962,0,0
global,0.1,50vs100,1500,PAN2,100,60,120,0.01276187,1.74608,50,100,5,62,0.1,0.0435,0.2136,0.62,0.5221,0.709,0,0
global,0.01,50vs100,1500,PAN1,50,120,80,0.01276187,3.24356,50,100,1,19,0.02,0.0035,0.105,0.19,0.1251,0.2778,0,0
global,0.05,50vs100,1500,PAN1,50,120,80,0.01276187,2.14737,50,100,2,41,0.04,0.011,0.1346,0.41,0.3187,0.508,0,0
global,0.1,50vs100,1500,PAN1,50,120,80,0.01276187,1.74608,50,100,4,49,0.08,0.0315,0.1884,0.49,0.3942,0.5865,0,0
global,0.01,50vs100,1500,PAN2,100,80,120,0.01276187,3.24356,50,100,0,19,0.0,0.0,0.0714,0.19,0.1251,0.2778,0,0
global,0.05,50vs100,1500,PAN2,100,80,120,0.01276187,2.14737,50,100,2,56,0.04,0.011,0.1346,0.56,0.4623,0.6533,0,0
global,0.1,50vs100,1500,PAN2,100,80,120,0.01276187,1.74608,50,100,3,72,0.06,0.0206,0.1622,0.72,0.6251,0.7986,0,0
global,0.01,50vs100,1500,PAN1,50,140,100,0.01276187,3.24356,50,100,0,18,0.0,0.0,0.0714,0.18,0.117,0.2667,0,0
global,0.05,50vs100,1500,PAN1,50,140,100,0.01276187,2.14737,50,100,0,49,0.0,0.0,0.0714,0.49,0.3942,0.5865,0,0
global,0.1,50vs100,1500,PAN1,50,140,100,0.01276187,1.74608,50,100,7,56,0.14,0.0695,0.2619,0.56,0.4623,0.6533,0,0
global,0.01,50vs100,1500,PAN2,100,100,140,0.01276187,3.24356,50,100,0,20,0.0,0.0,0.0714,0.2,0.1334,0.2888,0,0
global,0.05,50vs100,1500,PAN2,100,100,140,0.01276187,2.14737,50,100,0,50,0.0,0.0,0.0714,0.5,0.4038,0.5962,0,0
global,0.1,50vs100,1500,PAN2,100,100,140,0.01276187,1.74608,50,100,5,60,0.1,0.0435,0.2136,0.6,0.502,0.6906,0,0
global,0.01,50vs100,1500,PAN1,50,140,120,0.01276187,3.24356,50,100,0,18,0.0,0.0,0.0714,0.18,0.117,0.2667,0,0
global,0.05,50vs100,1500,PAN1,50,140,120,0.01276187,2.14737,50,100,0,36,0.0,0.0,0.0714,0.36,0.2727,0.4576,0,0
global,0.1,50vs100,1500,PAN1,50,140,120,0.01276187,1.74608,50,100,7,48,0.14,0.0695,0.2619,0.48,0.3846,0.5768,0,0
global,0.01,50vs100,1500,PAN2,100,120,140,0.01276187,3.24356,50,100,0,14,0.0,0.0,0.0714,0.14,0.0853,0.2214,0,0
global,0.05,50vs100,1500,PAN2,100,120,140,0.01276187,2.14737,50,100,1,41,0.02,0.0035,0.105,0.41,0.3187,0.508,0,0
global,0.1,50vs100,1500,PAN2,100,120,140,0.01276187,1.74608,50,100,2,51,0.04,0.011,0.1346,0.51,0.4135,0.6058,0,0
global,0.01,50vs100,1500,PAN1,50,140,140,0.01276187,3.24356,50,100,0,13,0.0,0.0,0.0714,0.13,0.0776,0.2098,0,0
global,0.05,50vs100,1500,PAN1,50,140,140,0.01276187,2.14737,50,100,0,38,0.0,0.0,0.0714,0.38,0.291,0.4779,0,0
global,0.1,50vs100,1500,PAN1,50,140,140,0.01276187,1.74608,50,100,7,47,0.14,0.0695,0.2619,0.47,0.3751,0.5671,0,0
global,0.01,50vs100,1500,PAN2,100,140,140,0.01276187,3.24356,50,100,0,18,0.0,0.0,0.0714,0.18,0.117,0.2667,0,0
global,0.05,50vs100,1500,PAN2,100,140,140,0.01276187,2.14737,50,100,2,42,0.04,0.011,0.1346,0.42,0.328,0.5179,0,0
global,0.1,50vs100,1500,PAN2,100,140,140,0.01276187,1.74608,50,100,7,52,0.14,0.0695,0.2619,0.52,0.4232,0.6154,0,0
global,0.01,50vs100,1500,PAN1,50,140,160,0.01276187,3.24356,50,100,0,15,0.0,0.0,0.0714,0.15,0.0931,0.2328,0,0
global,0.05,50vs100,1500,PAN1,50,140,160,0.01276187,2.14737,50,100,0,39,0.0,0.0,0.0714,0.39,0.3002,0.488,0,0
global,0.1,50vs100,1500,PAN1,50,140,160,0.01276187,1.74608,50,100,7,53,0.14,0.0695,0.2619,0.53,0.4329,0.6249,0,0
global,0.01,50vs100,1500,PAN2,100,160,140,0.01276187,3.24356,50,100,0,5,0.0,0.0,0.0714,0.05,0.0215,0.1118,0,0
global,0.05,50vs100,1500,PAN2,100,160,140,0.01276187,2.14737,50,100,3,35,0.06,0.0206,0.1622,0.35,0.2636,0.4475,0,0
global,0.1,50vs100,1500,PAN2,100,160,140,0.01276187,1.74608,50,100,8,53,0.16,0.0834,0.2851,0.53,0.4329,0.6249,0,0
global,0.01,50vs100,1500,PAN1,50,140,180,0.01276187,3.24356,50,99,0,22,0.0,0.0,0.0714,0.2222,0.1516,0.3136,0,0
global,0.05,50vs100,1500,PAN1,50,140,180,0.01276187,2.14737,50,99,0,42,0.0,0.0,0.0714,0.4242,0.3315,0.5226,0,0
global,0.1,50vs100,1500,PAN1,50,140,180,0.01276187,1.74608,50,99,7,55,0.14,0.0695,0.2619,0.5556,0.4574,0.6495,0,0
global,0.01,50vs100,1500,PAN2,100,180,140,0.01276187,3.24356,50,100,1,11,0.02,0.0035,0.105,0.11,0.0625,0.1863,0,0
global,0.05,50vs100,1500,PAN2,100,180,140,0.01276187,2.14737,50,100,2,32,0.04,0.011,0.1346,0.32,0.2367,0.4166,0,0
global,0.1,50vs100,1500,PAN2,100,180,140,0.01276187,1.74608,50,100,4,48,0.08,0.0315,0.1884,0.48,0.3846,0.5768,0,0
global,0.01,50vs100,1500,PAN1,50,140,20,0.01276187,3.24356,50,99,0,0,0.0,0.0,0.0714,0.0,0.0,0.0374,0,0
global,0.05,50vs100,1500,PAN1,50,140,20,0.01276187,2.14737,50,99,0,13,0.0,0.0,0.0714,0.1313,0.0784,0.2118,0,0
global,0.1,50vs100,1500,PAN1,50,140,20,0.01276187,1.74608,50,99,7,25,0.14,0.0695,0.2619,0.2525,0.1773,0.3462,0,0
global,0.01,50vs100,1500,PAN2,100,20,140,0.01276187,3.24356,50,100,0,12,0.0,0.0,0.0714,0.12,0.07,0.1981,0,0
global,0.05,50vs100,1500,PAN2,100,20,140,0.01276187,2.14737,50,100,0,44,0.0,0.0,0.0714,0.44,0.3467,0.5377,0,0
global,0.1,50vs100,1500,PAN2,100,20,140,0.01276187,1.74608,50,100,0,60,0.0,0.0,0.0714,0.6,0.502,0.6906,0,0
global,0.01,50vs100,1500,PAN1,50,140,200,0.01276187,3.24356,50,99,0,17,0.0,0.0,0.0714,0.1717,0.1101,0.2579,0,0
global,0.05,50vs100,1500,PAN1,50,140,200,0.01276187,2.14737,50,99,0,36,0.0,0.0,0.0714,0.3636,0.2756,0.4618,0,0
global,0.1,50vs100,1500,PAN1,50,140,200,0.01276187,1.74608,50,99,7,44,0.14,0.0695,0.2619,0.4444,0.3505,0.5426,0,0
global,0.01,50vs100,1500,PAN2,100,200,140,0.01276187,3.24356,50,100,0,9,0.0,0.0,0.0714,0.09,0.0481,0.1623,0,0
global,0.05,50vs100,1500,PAN2,100,200,140,0.01276187,2.14737,50,100,3,34,0.06,0.0206,0.1622,0.34,0.2546,0.4372,0,0
global,0.1,50vs100,1500,PAN2,100,200,140,0.01276187,1.74608,50,100,7,48,0.14,0.0695,0.2619,0.48,0.3846,0.5768,0,0
global,0.01,50vs100,1500,PAN1,50,140,40,0.01276187,3.24356,50,100,0,1,0.0,0.0,0.0714,0.01,0.0018,0.0545,0,0
global,0.05,50vs100,1500,PAN1,50,140,40,0.01276187,2.14737,50,100,0,9,0.0,0.0,0.0714,0.09,0.0481,0.1623,0,0
global,0.1,50vs100,1500,PAN1,50,140,40,0.01276187,1.74608,50,100,7,28,0.14,0.0695,0.2619,0.28,0.2014,0.3749,0,0
global,0.01,50vs100,1500,PAN2,100,40,140,0.01276187,3.24356,50,100,0,20,0.0,0.0,0.0714,0.2,0.1334,0.2888,0,0
global,0.05,50vs100,1500,PAN2,100,40,140,0.01276187,2.14737,50,100,0,52,0.0,0.0,0.0714,0.52,0.4232,0.6154,0,0
global,0.1,50vs100,1500,PAN2,100,40,140,0.01276187,1.74608,50,100,0,71,0.0,0.0,0.0714,0.71,0.6146,0.7899,0,0
global,0.01,50vs100,1500,PAN1,50,140,60,0.01276187,3.24356,50,100,0,6,0.0,0.0,0.0714,0.06,0.0278,0.1248,0,0
global,0.05,50vs100,1500,PAN1,50,140,60,0.01276187,2.14737,50,100,0,22,0.0,0.0,0.0714,0.22,0.15,0.3107,0,0
global,0.1,50vs100,1500,PAN1,50,140,60,0.01276187,1.74608,50,100,7,38,0.14,0.0695,0.2619,0.38,0.291,0.4779,0,0
global,0.01,50vs100,1500,PAN2,100,60,140,0.01276187,3.24356,50,100,0,14,0.0,0.0,0.0714,0.14,0.0853,0.2214,0,0
global,0.05,50vs100,1500,PAN2,100,60,140,0.01276187,2.14737,50,100,2,47,0.04,0.011,0.1346,0.47,0.3751,0.5671,0,0
global,0.1,50vs100,1500,PAN2,100,60,140,0.01276187,1.74608,50,100,5,66,0.1,0.0435,0.2136,0.66,0.5628,0.7454,0,0
global,0.01,50vs100,1500,PAN1,50,140,80,0.01276187,3.24356,50,100,0,19,0.0,0.0,0.0714,0.19,0.1251,0.2778,0,0
global,0.05,50vs100,1500,PAN1,50,140,80,0.01276187,2.14737,50,100,0,39,0.0,0.0,0.0714,0.39,0.3002,0.488,0,0
global,0.1,50vs100,1500,PAN1,50,140,80,0.01276187,1.74608,50,100,7,53,0.14,0.0695,0.2619,0.53,0.4329,0.6249,0,0
global,0.01,50vs100,1500,PAN2,100,80,140,0.01276187,3.24356,50,100,0,21,0.0,0.0,0.0714,0.21,0.1417,0.2998,0,0
global,0.05,50vs100,1500,PAN2,100,80,140,0.01276187,2.14737,50,100,2,52,0.04,0.011,0.1346,0.52,0.4232,0.6154,0,0
global,0.1,50vs100,1500,PAN2,100,80,140,0.01276187,1.74608,50,100,3,68,0.06,0.0206,0.1622,0.68,0.5834,0.7633,0,0
global,0.01,50vs100,1500,PAN1,50,160,100,0.01276187,3.24356,50,100,0,20,0.0,0.0,0.0714,0.2,0.1334,0.2888,0,0
global,0.05,50vs100,1500,PAN1,50,160,100,0.01276187,2.14737,50,100,6,40,0.12,0.0562,0.2381,0.4,0.3094,0.498,0,0
global,0.1,50vs100,1500,PAN1,50,160,100,0.01276187,1.74608,50,100,9,48,0.18,0.0977,0.308,0.48,0.3846,0.5768,0,0
global,0.01,50vs100,1500,PAN2,100,100,160,0.01276187,3.24356,50,100,0,18,0.0,0.0,0.0714,0.18,0.117,0.2667,0,0
global,0.05,50vs100,1500,PAN2,100,100,160,0.01276187,2.14737,50,100,0,43,0.0,0.0,0.0714,0.43,0.3373,0.5278,0,0
global,0.1,50vs100,1500,PAN2,100,100,160,0.01276187,1.74608,50,100,5,60,0.1,0.0435,0.2136,0.6,0.502,0.6906,0,0
global,0.01,50vs100,1500,PAN1,50,160,120,0.01276187,3.24356,50,100,0,12,0.0,0.0,0.0714,0.12,0.07,0.1981,0,0
global,0.05,50vs100,1500,PAN1,50,160,120,0.01276187,2.14737,50,100,6,31,0.12,0.0562,0.2381,0.31,0.2278,0.4063,0,0
global,0.1,50vs100,1500,PAN1,50,160,120,0.01276187,1.74608,50,100,9,45,0.18,0.0977,0.308,0.45,0.3561,0.5476,0,0
global,0.01,50vs100,1500,PAN2,100,120,160,0.01276187,3.24356,50,100,0,13,0.0,0.0,0.0714,0.13,0.0776,0.2098,0,0
global,0.05,50vs100,1500,PAN2,100,120,160,0.01276187,2.14737,50,100,1,40,0.02,0.0035,0.105,0.4,0.3094,0.498,0,0
global,0.1,50vs100,1500,PAN2,100,120,160,0.01276187,1.74608,50,100,2,51,0.04,0.011,0.1346,0.51,0.4135,0.6058,0,0
global,0.01,50vs100,1500,PAN1,50,160,140,0.01276187,3.24356,50,100,0,14,0.0,0.0,0.0714,0.14,0.0853,0.2214,0,0
global,0.05,50vs100,1500,PAN1,50,160,140,0.01276187,2.14737,50,100,6,30,0.12,0.0562,0.2381,0.3,0.2189,0.3959,0,0
global,0.1,50vs100,1500,PAN1,50,160,140,0.01276187,1.74608,50,100,9,42,0.18,0.0977,0.308,0.42,0.328,0.5179,0,0
global,0.01,50vs100,1500,PAN2,100,140,160,0.01276187,3.24356,50,100,0,12,0.0,0.0,0.0714,0.12,0.07,0.1981,0,0
global,0.05,50vs100,1500,PAN2,100,140,160,0.01276187,2.14737,50,100,2,38,0.04,0.011,0.1346,0.38,0.291,0.4779,0,0
global,0.1,50vs100,1500,PAN2,100,140,160,0.01276187,1.74608,50,100,7,56,0.14,0.0695,0.2619,0.56,0.4623,0.6533,0,0
global,0.01,50vs100,1500,PAN1,50,160,160,0.01276187,3.24356,50,99,0,14,0.0,0.0,0.0714,0.1414,0.0861,0.2235,0,0
global,0.05,50vs100,1500,PAN1,50,160,160,0.01276187,2.14737,50,99,6,29,0.12,0.0562,0.2381,0.2929,0.2124,0.389,0,0
global,0.1,50vs100,1500,PAN1,50,160,160,0.01276187,1.74608,50,99,9,44,0.18,0.0977,0.308,0.4444,0.3505,0.5426,0,0
global,0.01,50vs100,1500,PAN2,100,160,160,0.01276187,3.24356,50,100,0,12,0.0,0.0,0.0714,0.12,0.07,0.1981,0,0
global,0.05,50vs100,1500,PAN2,100,160,160,0.01276187,2.14737,50,100,3,41,0.06,0.0206,0.1622,0.41,0.3187,0.508,0,0
global,0.1,50vs100,1500,PAN2,100,160,160,0.01276187,1.74608,50,100,8,52,0.16,0.0834,0.2851,0.52,0.4232,0.6154,0,0
global,0.01,50vs100,1500,PAN1,50,160,180,0.01276187,3.24356,50,100,0,17,0.0,0.0,0.0714,0.17,0.1089,0.2555,0,0
global,0.05,50vs100,1500,PAN1,50,160,180,0.01276187,2.14737,50,100,6,37,0.12,0.0562,0.2381,0.37,0.2818,0.4678,0,0
global,0.1,50vs100,1500,PAN1,50,160,180,0.01276187,1.74608,50,100,9,49,0.18,0.0977,0.308,0.49,0.3942,0.5865,0,0
global,0.01,50vs100,1500,PAN2,100,180,160,0.01276187,3.24356,50,100,1,8,0.02,0.0035,0.105,0.08,0.0411,0.15,0,0
global,0.05,50vs100,1500,PAN2,100,180,160,0.01276187,2.14737,50,100,2,31,0.04,0.011,0.1346,0.31,0.2278,0.4063,0,0
global,0.1,50vs100,1500,PAN2,100,180,160,0.01276187,1.74608,50,100,4,45,0.08,0.0315,0.1884,0.45,0.3561,0.5476,0,0
global,0.01,50vs100,1500,PAN1,50,160,20,0.01276187,3.24356,50,100,0,1,0.0,0.0,0.0714,0.01,0.0018,0.0545,0,0
global,0.05,50vs100,1500,PAN1,50,160,20,0.01276187,2.14737,50,100,6,6,0.12,0.0562,0.2381,0.06,0.0278,0.1248,0,0
global,0.1,50vs100,1500,PAN1,50,160,20,0.01276187,1.74608,50,100,9,16,0.18,0.0977,0.308,0.16,0.101,0.2442,0,0
global,0.01,50vs100,1500,PAN2,100,20,160,0.01276187,3.24356,50,100,0,10,0.0,0.0,0.0714,0.1,0.0552,0.1744,0,0
global,0.05,50vs100,1500,PAN2,100,20,160,0.01276187,2.14737,50,100,0,46,0.0,0.0,0.0714,0.46,0.3656,0.5574,0,0
global,0.1,50vs100,1500,PAN2,100,20,160,0.01276187,1.74608,50,100,0,64,0.0,0.0,0.0714,0.64,0.5424,0.7273,0,0
global,0.01,50vs100,1500,PAN1,50,160,200,0.01276187,3.24356,50,99,0,22,0.0,0.0,0.0714,0.2222,0.1516,0.3136,0,0
global,0.05,50vs100,1500,PAN1,50,160,200,0.01276187,2.14737,50,99,6,41,0.12,0.0562,0.2381,0.4141,0.3221,0.5126,0,0
global,0.1,50vs100,1500,PAN1,50,160,200,0.01276187,1.74608,50,99,9,53,0.18,0.0977,0.308,0.5354,0.4376,0.6304,0,0
global,0.01,50vs100,1500,PAN2,100,200,160,0.01276187,3.24356,50,100,0,7,0.0,0.0,0.0714,0.07,0.0343,0.1375,0,0
global,0.05,50vs100,1500,PAN2,100,200,160,0.01276187,2.14737,50,100,3,28,0.06,0.0206,0.1622,0.28,0.2014,0.3749,0,0
global,0.1,50vs100,1500,PAN2,100,200,160,0.01276187,1.74608,50,100,7,43,0.14,0.0695,0.2619,0.43,0.3373,0.5278,0,0
global,0.01,50vs100,1500,PAN1,50,160,40,0.01276187,3.24356,50,99,0,0,0.0,0.0,0.0714,0.0,0.0,0.0374,0,0
global,0.05,50vs100,1500,PAN1,50,160,40,0.01276187,2.14737,50,99,6,8,0.12,0.0562,0.2381,0.0808,0.0415,0.1514,0,0
global,0.1,50vs100,1500,PAN1,50,160,40,0.01276187,1.74608,50,99,9,17,0.18,0.0977,0.308,0.1717,0.1101,0.2579,0,0
global,0.01,50vs100,1500,PAN2,100,40,160,0.01276187,3.24356,50,100,0,14,0.0,0.0,0.0714,0.14,0.0853,0.2214,0,0
global,0.05,50vs100,1500,PAN2,100,40,160,0.01276187,2.14737,50,100,0,44,0.0,0.0,0.0714,0.44,0.3467,0.5377,0,0
global,0.1,50vs100,1500,PAN2,100,40,160,0.01276187,1.74608,50,100,0,59,0.0,0.0,0.0714,0.59,0.492,0.6813,0,0
global,0.01,50vs100,1500,PAN1,50,160,60,0.01276187,3.24356,50,100,0,4,0.0,0.0,0.0714,0.04,0.0157,0.0984,0,0
global,0.05,50vs100,1500,PAN1,50,160,60,0.01276187,2.14737,50,100,6,14,0.12,0.0562,0.2381,0.14,0.0853,0.2214,0,0
global,0.1,50vs100,1500,PAN1,50,160,60,0.01276187,1.74608,50,100,9,24,0.18,0.0977,0.308,0.24,0.1669,0.3323,0,0
global,0.01,50vs100,1500,PAN2,100,60,160,0.01276187,3.24356,50,100,0,19,0.0,0.0,0.0714,0.19,0.1251,0.2778,0,0
global,0.05,50vs100,1500,PAN2,100,60,160,0.01276187,2.14737,50,100,2,46,0.04,0.011,0.1346,0.46,0.3656,0.5574,0,0
global,0.1,50vs100,1500,PAN2,100,60,160,0.01276187,1.74608,50,100,5,64,0.1,0.0435,0.2136,0.64,0.5424,0.7273,0,0
global,0.01,50vs100,1500,PAN1,50,160,80,0.01276187,3.24356,50,99,0,17,0.0,0.0,0.0714,0.1717,0.1101,0.2579,0,0
global,0.05,50vs100,1500,PAN1,50,160,80,0.01276187,2.14737,50,99,6,35,0.12,0.0562,0.2381,0.3535,0.2664,0.4516,0,0
global,0.1,50vs100,1500,PAN1,50,160,80,0.01276187,1.74608,50,99,9,51,0.18,0.0977,0.308,0.5152,0.418,0.6112,0,0
global,0.01,50vs100,1500,PAN2,100,80,160,0.01276187,3.24356,50,100,0,26,0.0,0.0,0.0714,0.26,0.184,0.3537,0,0
global,0.05,50vs100,1500,PAN2,100,80,160,0.01276187,2.14737,50,100,2,48,0.04,0.011,0.1346,0.48,0.3846,0.5768,0,0
global,0.1,50vs100,1500,PAN2,100,80,160,0.01276187,1.74608,50,100,3,62,0.06,0.0206,0.1622,0.62,0.5221,0.709,0,0
global,0.01,50vs100,1500,PAN1,50,180,100,0.01276187,3.24356,50,100,0,14,0.0,0.0,0.0714,0.14,0.0853,0.2214,0,0
global,0.05,50vs100,1500,PAN1,50,180,100,0.01276187,2.14737,50,100,3,32,0.06,0.0206,0.1622,0.32,0.2367,0.4166,0,0
global,0.1,50vs100,1500,PAN1,50,180,100,0.01276187,1.74608,50,100,5,44,0.1,0.0435,0.2136,0.44,0.3467,0.5377,0,0
global,0.01,50vs100,1500,PAN2,100,100,180,0.01276187,3.24356,50,100,0,20,0.0,0.0,0.0714,0.2,0.1334,0.2888,0,0
global,0.05,50vs100,1500,PAN2,100,100,180,0.01276187,2.14737,50,100,0,49,0.0,0.0,0.0714,0.49,0.3942,0.5865,0,0
global,0.1,50vs100,1500,PAN2,100,100,180,0.01276187,1.74608,50,100,5,59,0.1,0.0435,0.2136,0.59,0.492,0.6813,0,0
global,0.01,50vs100,1500,PAN1,50,180,120,0.01276187,3.24356,50,100,0,16,0.0,0.0,0.0714,0.16,0.101,0.2442,0,0
global,0.05,50vs100,1500,PAN1,50,180,120,0.01276187,2.14737,50,100,3,38,0.06,0.0206,0.1622,0.38,0.291,0.4779,0,0
global,0.1,50vs100,1500,PAN1,50,180,120,0.01276187,1.74608,50,100,5,46,0.1,0.0435,0.2136,0.46,0.3656,0.5574,0,0
global,0.01,50vs100,1500,PAN2,100,120,180,0.01276187,3.24356,50,100,0,11,0.0,0.0,0.0714,0.11,0.0625,0.1863,0,0
global,0.05,50vs100,1500,PAN2,100,120,180,0.01276187,2.14737,50,100,1,37,0.02,0.0035,0.105,0.37,0.2818,0.4678,0,0
global,0.1,50vs100,1500,PAN2,100,120,180,0.01276187,1.74608,50,100,2,61,0.04,0.011,0.1346,0.61,0.512,0.6998,0,0
global,0.01,50vs100,1500,PAN1,50,180,140,0.01276187,3.24356,50,100,0,17,0.0,0.0,0.0714,0.17,0.1089,0.2555,0,0
global,0.05,50vs100,1500,PAN1,50,180,140,0.01276187,2.14737,50,100,3,32,0.06,0.0206,0.1622,0.32,0.2367,0.4166,0,0
global,0.1,50vs100,1500,PAN1,50,180,140,0.01276187,1.74608,50,100,5,45,0.1,0.0435,0.2136,0.45,0.3561,0.5476,0,0
global,0.01,50vs100,1500,PAN2,100,140,180,0.01276187,3.24356,50,100,0,9,0.0,0.0,0.0714,0.09,0.0481,0.1623,0,0
global,0.05,50vs100,1500,PAN2,100,140,180,0.01276187,2.14737,50,100,2,41,0.04,0.011,0.1346,0.41,0.3187,0.508,0,0
global,0.1,50vs100,1500,PAN2,100,140,180,0.01276187,1.74608,50,100,7,55,0.14,0.0695,0.2619,0.55,0.4524,0.6439,0,0
global,0.01,50vs100,1500,PAN1,50,180,160,0.01276187,3.24356,50,100,0,16,0.0,0.0,0.0714,0.16,0.101,0.2442,0,0
global,0.05,50vs100,1500,PAN1,50,180,160,0.01276187,2.14737,50,100,3,33,0.06,0.0206,0.1622,0.33,0.2456,0.4269,0,0
global,0.1,50vs100,1500,PAN1,50,180,160,0.01276187,1.74608,50,100,5,43,0.1,0.0435,0.2136,0.43,0.3373,0.5278,0,0
global,0.01,50vs100,1500,PAN2,100,160,180,0.01276187,3.24356,50,100,0,14,0.0,0.0,0.0714,0.14,0.0853,0.2214,0,0
global,0.05,50vs100,1500,PAN2,100,160,180,0.01276187,2.14737,50,100,3,41,0.06,0.0206,0.1622,0.41,0.3187,0.508,0,0
global,0.1,50vs100,1500,PAN2,100,160,180,0.01276187,1.74608,50,100,8,57,0.16,0.0834,0.2851,0.57,0.4722,0.6627,0,0
global,0.01,50vs100,1500,PAN1,50,180,180,0.01276187,3.24356,50,100,0,19,0.0,0.0,0.0714,0.19,0.1251,0.2778,0,0
global,0.05,50vs100,1500,PAN1,50,180,180,0.01276187,2.14737,50,100,3,42,0.06,0.0206,0.1622,0.42,0.328,0.5179,0,0
global,0.1,50vs100,1500,PAN1,50,180,180,0.01276187,1.74608,50,100,5,54,0.1,0.0435,0.2136,0.54,0.4426,0.6344,0,0
global,0.01,50vs100,1500,PAN2,100,180,180,0.01276187,3.24356,50,100,1,12,0.02,0.0035,0.105,0.12,0.07,0.1981,0,0
global,0.05,50vs100,1500,PAN2,100,180,180,0.01276187,2.14737,50,100,2,34,0.04,0.011,0.1346,0.34,0.2546,0.4372,0,0
global,0.1,50vs100,1500,PAN2,100,180,180,0.01276187,1.74608,50,100,4,49,0.08,0.0315,0.1884,0.49,0.3942,0.5865,0,0
global,0.01,50vs100,1500,PAN1,50,180,20,0.01276187,3.24356,50,100,0,2,0.0,0.0,0.0714,0.02,0.0055,0.07,0,0
global,0.05,50vs100,1500,PAN1,50,180,20,0.01276187,2.14737,50,100,3,10,0.06,0.0206,0.1622,0.1,0.0552,0.1744,0,0
global,0.1,50vs100,1500,PAN1,50,180,20,0.01276187,1.74608,50,100,5,19,0.1,0.0435,0.2136,0.19,0.1251,0.2778,0,0
global,0.01,50vs100,1500,PAN2,100,20,180,0.01276187,3.24356,50,100,0,15,0.0,0.0,0.0714,0.15,0.0931,0.2328,0,0
global,0.05,50vs100,1500,PAN2,100,20,180,0.01276187,2.14737,50,100,0,45,0.0,0.0,0.0714,0.45,0.3561,0.5476,0,0
global,0.1,50vs100,1500,PAN2,100,20,180,0.01276187,1.74608,50,100,0,64,0.0,0.0,0.0714,0.64,0.5424,0.7273,0,0
global,0.01,50vs100,1500,PAN1,50,180,200,0.01276187,3.24356,50,100,0,15,0.0,0.0,0.0714,0.15,0.0931,0.2328,0,0
global,0.05,50vs100,1500,PAN1,50,180,200,0.01276187,2.14737,50,100,3,32,0.06,0.0206,0.1622,0.32,0.2367,0.4166,0,0
global,0.1,50vs100,1500,PAN1,50,180,200,0.01276187,1.74608,50,100,5,45,0.1,0.0435,0.2136,0.45,0.3561,0.5476,0,0
global,0.01,50vs100,1500,PAN2,100,200,180,0.01276187,3.24356,50,100,0,6,0.0,0.0,0.0714,0.06,0.0278,0.1248,0,0
global,0.05,50vs100,1500,PAN2,100,200,180,0.01276187,2.14737,50,100,3,28,0.06,0.0206,0.1622,0.28,0.2014,0.3749,0,0
global,0.1,50vs100,1500,PAN2,100,200,180,0.01276187,1.74608,50,100,7,47,0.14,0.0695,0.2619,0.47,0.3751,0.5671,0,0
global,0.01,50vs100,1500,PAN1,50,180,40,0.01276187,3.24356,50,100,0,2,0.0,0.0,0.0714,0.02,0.0055,0.07,0,0
global,0.05,50vs100,1500,PAN1,50,180,40,0.01276187,2.14737,50,100,3,16,0.06,0.0206,0.1622,0.16,0.101,0.2442,0,0
global,0.1,50vs100,1500,PAN1,50,180,40,0.01276187,1.74608,50,100,5,24,0.1,0.0435,0.2136,0.24,0.1669,0.3323,0,0
global,0.01,50vs100,1500,PAN2,100,40,180,0.01276187,3.24356,50,100,0,19,0.0,0.0,0.0714,0.19,0.1251,0.2778,0,0
global,0.05,50vs100,1500,PAN2,100,40,180,0.01276187,2.14737,50,100,0,50,0.0,0.0,0.0714,0.5,0.4038,0.5962,0,0
global,0.1,50vs100,1500,PAN2,100,40,180,0.01276187,1.74608,50,100,0,72,0.0,0.0,0.0714,0.72,0.6251,0.7986,0,0
global,0.01,50vs100,1500,PAN1,50,180,60,0.01276187,3.24356,50,100,0,5,0.0,0.0,0.0714,0.05,0.0215,0.1118,0,0
global,0.05,50vs100,1500,PAN1,50,180,60,0.01276187,2.14737,50,100,3,14,0.06,0.0206,0.1622,0.14,0.0853,0.2214,0,0
global,0.1,50vs100,1500,PAN1,50,180,60,0.01276187,1.74608,50,100,5,32,0.1,0.0435,0.2136,0.32,0.2367,0.4166,0,0
global,0.01,50vs100,1500,PAN2,100,60,180,0.01276187,3.24356,50,100,0,12,0.0,0.0,0.0714,0.12,0.07,0.1981,0,0
global,0.05,50vs100,1500,PAN2,100,60,180,0.01276187,2.14737,50,100,2,47,0.04,0.011,0.1346,0.47,0.3751,0.5671,0,0
global,0.1,50vs100,1500,PAN2,100,60,180,0.01276187,1.74608,50,100,5,60,0.1,0.0435,0.2136,0.6,0.502,0.6906,0,0
global,0.01,50vs100,1500,PAN1,50,180,80,0.01276187,3.24356,50,100,0,14,0.0,0.0,0.0714,0.14,0.0853,0.2214,0,0
global,0.05,50vs100,1500,PAN1,50,180,80,0.01276187,2.14737,50,100,3,34,0.06,0.0206,0.1622,0.34,0.2546,0.4372,0,0
global,0.1,50vs100,1500,PAN1,50,180,80,0.01276187,1.74608,50,100,5,44,0.1,0.0435,0.2136,0.44,0.3467,0.5377,0,0
global,0.01,50vs100,1500,PAN2,100,80,180,0.01276187,3.24356,50,100,0,20,0.0,0.0,0.0714,0.2,0.1334,0.2888,0,0
global,0.05,50vs100,1500,PAN2,100,80,180,0.01276187,2.14737,50,100,2,49,0.04,0.011,0.1346,0.49,0.3942,0.5865,0,0
global,0.1,50vs100,1500,PAN2,100,80,180,0.01276187,1.74608,50,100,3,68,0.06,0.0206,0.1622,0.68,0.5834,0.7633,0,0
global,0.01,50vs100,1500,PAN1,50,20,100,0.01276187,3.24356,50,100,0,26,0.0,0.0,0.0714,0.26,0.184,0.3537,0,0
global,0.05,50vs100,1500,PAN1,50,20,100,0.01276187,2.14737,50,100,0,58,0.0,0.0,0.0714,0.58,0.4821,0.672,0,0
global,0.1,50vs100,1500,PAN1,50,20,100,0.01276187,1.74608,50,100,0,70,0.0,0.0,0.0714,0.7,0.6041,0.7811,0,0
global,0.01,50vs100,1500,PAN2,100,100,20,0.01276187,3.24356,50,100,0,1,0.0,0.0,0.0714,0.01,0.0018,0.0545,0,0
global,0.05,50vs100,1500,PAN2,100,100,20,0.01276187,2.14737,50,100,0,5,0.0,0.0,0.0714,0.05,0.0215,0.1118,0,0
global,0.1,50vs100,1500,PAN2,100,100,20,0.01276187,1.74608,50,100,5,8,0.1,0.0435,0.2136,0.08,0.0411,0.15,0,0
global,0.01,50vs100,1500,PAN1,50,20,120,0.01276187,3.24356,50,100,0,18,0.0,0.0,0.0714,0.18,0.117,0.2667,0,0
global,0.05,50vs100,1500,PAN1,50,20,120,0.01276187,2.14737,50,100,0,53,0.0,0.0,0.0714,0.53,0.4329,0.6249,0,0
global,0.1,50vs100,1500,PAN1,50,20,120,0.01276187,1.74608,50,100,0,66,0.0,0.0,0.0714,0.66,0.5628,0.7454,0,0
global,0.01,50vs100,1500,PAN2,100,120,20,0.01276187,3.24356,50,100,0,1,0.0,0.0,0.0714,0.01,0.0018,0.0545,0,0
global,0.05,50vs100,1500,PAN2,100,120,20,0.01276187,2.14737,50,100,1,4,0.02,0.0035,0.105,0.04,0.0157,0.0984,0,0
global,0.1,50vs100,1500,PAN2,100,120,20,0.01276187,1.74608,50,100,2,11,0.04,0.011,0.1346,0.11,0.0625,0.1863,0,0
global,0.01,50vs100,1500,PAN1,50,20,140,0.01276187,3.24356,50,100,0,29,0.0,0.0,0.0714,0.29,0.2101,0.3854,0,0
global,0.05,50vs100,1500,PAN1,50,20,140,0.01276187,2.14737,50,100,0,51,0.0,0.0,0.0714,0.51,0.4135,0.6058,0,0
global,0.1,50vs100,1500,PAN1,50,20,140,0.01276187,1.74608,50,100,0,69,0.0,0.0,0.0714,0.69,0.5937,0.7722,0,0
global,0.01,50vs100,1500,PAN2,100,140,20,0.01276187,3.24356,50,100,0,0,0.0,0.0,0.0714,0.0,0.0,0.037,0,0
global,0.05,50vs100,1500,PAN2,100,140,20,0.01276187,2.14737,50,100,2,4,0.04,0.011,0.1346,0.04,0.0157,0.0984,0,0
global,0.1,50vs100,1500,PAN2,100,140,20,0.01276187,1.74608,50,100,7,10,0.14,0.0695,0.2619,0.1,0.0552,0.1744,0,0
global,0.01,50vs100,1500,PAN1,50,20,160,0.01276187,3.24356,50,100,0,27,0.0,0.0,0.0714,0.27,0.1927,0.3643,0,0
global,0.05,50vs100,1500,PAN1,50,20,160,0.01276187,2.14737,50,100,0,53,0.0,0.0,0.0714,0.53,0.4329,0.6249,0,0
global,0.1,50vs100,1500,PAN1,50,20,160,0.01276187,1.74608,50,100,0,67,0.0,0.0,0.0714,0.67,0.5731,0.7544,0,0
global,0.01,50vs100,1500,PAN2,100,160,20,0.01276187,3.24356,50,100,0,3,0.0,0.0,0.0714,0.03,0.0103,0.0845,0,0
global,0.05,50vs100,1500,PAN2,100,160,20,0.01276187,2.14737,50,100,3,8,0.06,0.0206,0.1622,0.08,0.0411,0.15,0,0
global,0.1,50vs100,1500,PAN2,100,160,20,0.01276187,1.74608,50,100,8,12,0.16,0.0834,0.2851,0.12,0.07,0.1981,0,0
global,0.01,50vs100,1500,PAN1,50,20,180,0.01276187,3.24356,50,100,0,28,0.0,0.0,0.0714,0.28,0.2014,0.3749,0,0
global,0.05,50vs100,1500,PAN1,50,20,180,0.01276187,2.14737,50,100,0,51,0.0,0.0,0.0714,0.51,0.4135,0.6058,0,0
global,0.1,50vs100,1500,PAN1,50,20,180,0.01276187,1.74608,50,100,0,70,0.0,0.0,0.0714,0.7,0.6041,0.7811,0,0
global,0.01,50vs100,1500,PAN2,100,180,20,0.01276187,3.24356,50,100,1,3,0.02,0.0035,0.105,0.03,0.0103,0.0845,0,0
global,0.05,50vs100,1500,PAN2,100,180,20,0.01276187,2.14737,50,100,2,7,0.04,0.011,0.1346,0.07,0.0343,0.1375,0,0
global,0.1,50vs100,1500,PAN2,100,180,20,0.01276187,1.74608,50,100,4,14,0.08,0.0315,0.1884,0.14,0.0853,0.2214,0,0
global,0.01,50vs100,1500,PAN1,50,20,20,0.01276187,3.24356,50,100,0,0,0.0,0.0,0.0714,0.0,0.0,0.037,0,0
global,0.05,50vs100,1500,PAN1,50,20,20,0.01276187,2.14737,50,100,0,0,0.0,0.0,0.0714,0.0,0.0,0.037,0,0
global,0.1,50vs100,1500,PAN1,50,20,20,0.01276187,1.74608,50,100,0,2,0.0,0.0,0.0714,0.02,0.0055,0.07,0,0
global,0.01,50vs100,1500,PAN2,100,20,20,0.01276187,3.24356,50,100,0,1,0.0,0.0,0.0714,0.01,0.0018,0.0545,0,0
global,0.05,50vs100,1500,PAN2,100,20,20,0.01276187,2.14737,50,100,0,1,0.0,0.0,0.0714,0.01,0.0018,0.0545,0,0
global,0.1,50vs100,1500,PAN2,100,20,20,0.01276187,1.74608,50,100,0,2,0.0,0.0,0.0714,0.02,0.0055,0.07,0,0
global,0.01,50vs100,1500,PAN1,50,20,200,0.01276187,3.24356,50,100,0,19,0.0,0.0,0.0714,0.19,0.1251,0.2778,0,0
global,0.05,50vs100,1500,PAN1,50,20,200,0.01276187,2.14737,50,100,0,58,0.0,0.0,0.0714,0.58,0.4821,0.672,0,0
global,0.1,50vs100,1500,PAN1,50,20,200,0.01276187,1.74608,50,100,0,75,0.0,0.0,0.0714,0.75,0.657,0.8245,0,0
global,0.01,50vs100,1500,PAN2,100,200,20,0.01276187,3.24356,50,100,0,3,0.0,0.0,0.0714,0.03,0.0103,0.0845,0,0
global,0.05,50vs100,1500,PAN2,100,200,20,0.01276187,2.14737,50,100,3,4,0.06,0.0206,0.1622,0.04,0.0157,0.0984,0,0
global,0.1,50vs100,1500,PAN2,100,200,20,0.01276187,1.74608,50,100,7,11,0.14,0.0695,0.2619,0.11,0.0625,0.1863,0,0
global,0.01,50vs100,1500,PAN1,50,20,40,0.01276187,3.24356,50,100,0,3,0.0,0.0,0.0714,0.03,0.0103,0.0845,0,0
global,0.05,50vs100,1500,PAN1,50,20,40,0.01276187,2.14737,50,100,0,12,0.0,0.0,0.0714,0.12,0.07,0.1981,0,0
global,0.1,50vs100,1500,PAN1,50,20,40,0.01276187,1.74608,50,100,0,25,0.0,0.0,0.0714,0.25,0.1755,0.343,0,0
global,0.01,50vs100,1500,PAN2,100,40,20,0.01276187,3.24356,50,100,0,0,0.0,0.0,0.0714,0.0,0.0,0.037,0,0
global,0.05,50vs100,1500,PAN2,100,40,20,0.01276187,2.14737,50,100,0,0,0.0,0.0,0.0714,0.0,0.0,0.037,0,0
global,0.1,50vs100,1500,PAN2,100,40,20,0.01276187,1.74608,50,100,0,2,0.0,0.0,0.0714,0.02,0.0055,0.07,0,0
global,0.01,50vs100,1500,PAN1,50,20,60,0.01276187,3.24356,50,100,0,13,0.0,0.0,0.0714,0.13,0.0776,0.2098,0,0
global,0.05,50vs100,1500,PAN1,50,20,60,0.01276187,2.14737,50,100,0,36,0.0,0.0,0.0714,0.36,0.2727,0.4576,0,0
global,0.1,50vs100,1500,PAN1,50,20,60,0.01276187,1.74608,50,100,0,59,0.0,0.0,0.0714,0.59,0.492,0.6813,0,0
global,0.01,50vs100,1500,PAN2,100,60,20,0.01276187,3.24356,50,100,0,0,0.0,0.0,0.0714,0.0,0.0,0.037,0,0
global,0.05,50vs100,1500,PAN2,100,60,20,0.01276187,2.14737,50,100,2,0,0.04,0.011,0.1346,0.0,0.0,0.037,0,0
global,0.1,50vs100,1500,PAN2,100,60,20,0.01276187,1.74608,50,100,5,4,0.1,0.0435,0.2136,0.04,0.0157,0.0984,0,0
global,0.01,50vs100,1500,PAN1,50,20,80,0.01276187,3.24356,50,100,0,23,0.0,0.0,0.0714,0.23,0.1584,0.3215,0,0
global,0.05,50vs100,1500,PAN1,50,20,80,0.01276187,2.14737,50,100,0,51,0.0,0.0,0.0714,0.51,0.4135,0.6058,0,0
global,0.1,50vs100,1500,PAN1,50,20,80,0.01276187,1.74608,50,100,0,66,0.0,0.0,0.0714,0.66,0.5628,0.7454,0,0
global,0.01,50vs100,1500,PAN2,100,80,20,0.01276187,3.24356,50,100,0,0,0.0,0.0,0.0714,0.0,0.0,0.037,0,0
global,0.05,50vs100,1500,PAN2,100,80,20,0.01276187,2.14737,50,100,2,5,0.04,0.011,0.1346,0.05,0.0215,0.1118,0,0
global,0.1,50vs100,1500,PAN2,100,80,20,0.01276187,1.74608,50,100,3,6,0.06,0.0206,0.1622,0.06,0.0278,0.1248,0,0
global,0.01,50vs100,1500,PAN1,50,200,100,0.01276187,3.24356,50,99,1,16,0.02,0.0035,0.105,0.1616,0.102,0.2465,0,0
global,0.05,50vs100,1500,PAN1,50,200,100,0.01276187,2.14737,50,99,3,35,0.06,0.0206,0.1622,0.3535,0.2664,0.4516,0,0
global,0.1,50vs100,1500,PAN1,50,200,100,0.01276187,1.74608,50,99,9,45,0.18,0.0977,0.308,0.4545,0.36,0.5525,0,0
global,0.01,50vs100,1500,PAN2,100,100,200,0.01276187,3.24356,50,100,0,17,0.0,0.0,0.0714,0.17,0.1089,0.2555,0,0
global,0.05,50vs100,1500,PAN2,100,100,200,0.01276187,2.14737,50,100,0,50,0.0,0.0,0.0714,0.5,0.4038,0.5962,0,0
global,0.1,50vs100,1500,PAN2,100,100,200,0.01276187,1.74608,50,100,5,62,0.1,0.0435,0.2136,0.62,0.5221,0.709,0,0
global,0.01,50vs100,1500,PAN1,50,200,120,0.01276187,3.24356,50,100,1,13,0.02,0.0035,0.105,0.13,0.0776,0.2098,0,0
global,0.05,50vs100,1500,PAN1,50,200,120,0.01276187,2.14737,50,100,3,31,0.06,0.0206,0.1622,0.31,0.2278,0.4063,0,0
global,0.1,50vs100,1500,PAN1,50,200,120,0.01276187,1.74608,50,100,9,42,0.18,0.0977,0.308,0.42,0.328,0.5179,0,0
global,0.01,50vs100,1500,PAN2,100,120,200,0.01276187,3.24356,50,100,0,14,0.0,0.0,0.0714,0.14,0.0853,0.2214,0,0
global,0.05,50vs100,1500,PAN2,100,120,200,0.01276187,2.14737,50,100,1,39,0.02,0.0035,0.105,0.39,0.3002,0.488,0,0
global,0.1,50vs100,1500,PAN2,100,120,200,0.01276187,1.74608,50,100,2,56,0.04,0.011,0.1346,0.56,0.4623,0.6533,0,0
global,0.01,50vs100,1500,PAN1,50,200,140,0.01276187,3.24356,50,99,1,12,0.02,0.0035,0.105,0.1212,0.0707,0.2,0,0
global,0.05,50vs100,1500,PAN1,50,200,140,0.01276187,2.14737,50,99,3,35,0.06,0.0206,0.1622,0.3535,0.2664,0.4516,0,0
global,0.1,50vs100,1500,PAN1,50,200,140,0.01276187,1.74608,50,99,9,48,0.18,0.0977,0.308,0.4848,0.3888,0.582,0,0
global,0.01,50vs100,1500,PAN2,100,140,200,0.01276187,3.24356,50,100,0,15,0.0,0.0,0.0714,0.15,0.0931,0.2328,0,0
global,0.05,50vs100,1500,PAN2,100,140,200,0.01276187,2.14737,50,100,2,40,0.04,0.011,0.1346,0.4,0.3094,0.498,0,0
global,0.1,50vs100,1500,PAN2,100,140,200,0.01276187,1.74608,50,100,7,52,0.14,0.0695,0.2619,0.52,0.4232,0.6154,0,0
global,0.01,50vs100,1500,PAN1,50,200,160,0.01276187,3.24356,50,99,1,13,0.02,0.0035,0.105,0.1313,0.0784,0.2118,0,0
global,0.05,50vs100,1500,PAN1,50,200,160,0.01276187,2.14737,50,99,3,35,0.06,0.0206,0.1622,0.3535,0.2664,0.4516,0,0
global,0.1,50vs100,1500,PAN1,50,200,160,0.01276187,1.74608,50,99,9,44,0.18,0.0977,0.308,0.4444,0.3505,0.5426,0,0
global,0.01,50vs100,1500,PAN2,100,160,200,0.01276187,3.24356,50,100,0,3,0.0,0.0,0.0714,0.03,0.0103,0.0845,0,0
global,0.05,50vs100,1500,PAN2,100,160,200,0.01276187,2.14737,50,100,3,36,0.06,0.0206,0.1622,0.36,0.2727,0.4576,0,0
global,0.1,50vs100,1500,PAN2,100,160,200,0.01276187,1.74608,50,100,8,51,0.16,0.0834,0.2851,0.51,0.4135,0.6058,0,0
global,0.01,50vs100,1500,PAN1,50,200,180,0.01276187,3.24356,50,100,1,14,0.02,0.0035,0.105,0.14,0.0853,0.2214,0,0
global,0.05,50vs100,1500,PAN1,50,200,180,0.01276187,2.14737,50,100,3,36,0.06,0.0206,0.1622,0.36,0.2727,0.4576,0,0
global,0.1,50vs100,1500,PAN1,50,200,180,0.01276187,1.74608,50,100,9,45,0.18,0.0977,0.308,0.45,0.3561,0.5476,0,0
global,0.01,50vs100,1500,PAN2,100,180,200,0.01276187,3.24356,50,100,1,15,0.02,0.0035,0.105,0.15,0.0931,0.2328,0,0
global,0.05,50vs100,1500,PAN2,100,180,200,0.01276187,2.14737,50,100,2,37,0.04,0.011,0.1346,0.37,0.2818,0.4678,0,0
global,0.1,50vs100,1500,PAN2,100,180,200,0.01276187,1.74608,50,100,4,54,0.08,0.0315,0.1884,0.54,0.4426,0.6344,0,0
global,0.01,50vs100,1500,PAN1,50,200,20,0.01276187,3.24356,50,99,1,0,0.02,0.0035,0.105,0.0,0.0,0.0374,0,0
global,0.05,50vs100,1500,PAN1,50,200,20,0.01276187,2.14737,50,99,3,8,0.06,0.0206,0.1622,0.0808,0.0415,0.1514,0,0
global,0.1,50vs100,1500,PAN1,50,200,20,0.01276187,1.74608,50,99,9,19,0.18,0.0977,0.308,0.1919,0.1264,0.2804,0,0
global,0.01,50vs100,1500,PAN2,100,20,200,0.01276187,3.24356,50,100,0,15,0.0,0.0,0.0714,0.15,0.0931,0.2328,0,0
global,0.05,50vs100,1500,PAN2,100,20,200,0.01276187,2.14737,50,100,0,45,0.0,0.0,0.0714,0.45,0.3561,0.5476,0,0
global,0.1,50vs100,1500,PAN2,100,20,200,0.01276187,1.74608,50,100,0,61,0.0,0.0,0.0714,0.61,0.512,0.6998,0,0
global,0.01,50vs100,1500,PAN1,50,200,200,0.01276187,3.24356,50,99,1,18,0.02,0.0035,0.105,0.1818,0.1182,0.2692,0,0
global,0.05,50vs100,1500,PAN1,50,200,200,0.01276187,2.14737,50,99,3,35,0.06,0.0206,0.1622,0.3535,0.2664,0.4516,0,0
global,0.1,50vs100,1500,PAN1,50,200,200,0.01276187,1.74608,50,99,9,46,0.18,0.0977,0.308,0.4646,0.3696,0.5624,0,0
global,0.01,50vs100,1500,PAN2,100,200,200,0.01276187,3.24356,50,100,0,10,0.0,0.0,0.0714,0.1,0.0552,0.1744,0,0
global,0.05,50vs100,1500,PAN2,100,200,200,0.01276187,2.14737,50,100,3,33,0.06,0.0206,0.1622,0.33,0.2456,0.4269,0,0
global,0.1,50vs100,1500,PAN2,100,200,200,0.01276187,1.74608,50,100,7,45,0.14,0.0695,0.2619,0.45,0.3561,0.5476,0,0
global,0.01,50vs100,1500,PAN1,50,200,40,0.01276187,3.24356,50,99,1,4,0.02,0.0035,0.105,0.0404,0.0158,0.0993,0,0
global,0.05,50vs100,1500,PAN1,50,200,40,0.01276187,2.14737,50,99,3,17,0.06,0.0206,0.1622,0.1717,0.1101,0.2579,0,0
global,0.1,50vs100,1500,PAN1,50,200,40,0.01276187,1.74608,50,99,9,23,0.18,0.0977,0.308,0.2323,0.1601,0.3246,0,0
global,0.01,50vs100,1500,PAN2,100,40,200,0.01276187,3.24356,50,100,0,16,0.0,0.0,0.0714,0.16,0.101,0.2442,0,0
global,0.05,50vs100,1500,PAN2,100,40,200,0.01276187,2.14737,50,100,0,53,0.0,0.0,0.0714,0.53,0.4329,0.6249,0,0
global,0.1,50vs100,1500,PAN2,100,40,200,0.01276187,1.74608,50,100,0,68,0.0,0.0,0.0714,0.68,0.5834,0.7633,0,0
global,0.01,50vs100,1500,PAN1,50,200,60,0.01276187,3.24356,50,99,1,3,0.02,0.0035,0.105,0.0303,0.0104,0.0853,0,0
global,0.05,50vs100,1500,PAN1,50,200,60,0.01276187,2.14737,50,99,3,16,0.06,0.0206,0.1622,0.1616,0.102,0.2465,0,0
global,0.1,50vs100,1500,PAN1,50,200,60,0.01276187,1.74608,50,99,9,32,0.18,0.0977,0.308,0.3232,0.2392,0.4205,0,0
global,0.01,50vs100,1500,PAN2,100,60,200,0.01276187,3.24356,50,100,0,14,0.0,0.0,0.0714,0.14,0.0853,0.2214,0,0
global,0.05,50vs100,1500,PAN2,100,60,200,0.01276187,2.14737,50,100,2,46,0.04,0.011,0.1346,0.46,0.3656,0.5574,0,0
global,0.1,50vs100,1500,PAN2,100,60,200,0.01276187,1.74608,50,100,5,60,0.1,0.0435,0.2136,0.6,0.502,0.6906,0,0
global,0.01,50vs100,1500,PAN1,50,200,80,0.01276187,3.24356,50,100,1,13,0.02,0.0035,0.105,0.13,0.0776,0.2098,0,0
global,0.05,50vs100,1500,PAN1,50,200,80,0.01276187,2.14737,50,100,3,30,0.06,0.0206,0.1622,0.3,0.2189,0.3959,0,0
global,0.1,50vs100,1500,PAN1,50,200,80,0.01276187,1.74608,50,100,9,36,0.18,0.0977,0.308,0.36,0.2727,0.4576,0,0
global,0.01,50vs100,1500,PAN2,100,80,200,0.01276187,3.24356,50,100,0,21,0.0,0.0,0.0714,0.21,0.1417,0.2998,0,0
global,0.05,50vs100,1500,PAN2,100,80,200,0.01276187,2.14737,50,100,2,50,0.04,0.011,0.1346,0.5,0.4038,0.5962,0,0
global,0.1,50vs100,1500,PAN2,100,80,200,0.01276187,1.74608,50,100,3,69,0.06,0.0206,0.1622,0.69,0.5937,0.7722,0,0
global,0.01,50vs100,1500,PAN1,50,40,100,0.01276187,3.24356,50,100,0,38,0.0,0.0,0.0714,0.38,0.291,0.4779,0,0
global,0.05,50vs100,1500,PAN1,50,40,100,0.01276187,2.14737,50,100,0,66,0.0,0.0,0.0714,0.66,0.5628,0.7454,0,0
global,0.1,50vs100,1500,PAN1,50,40,100,0.01276187,1.74608,50,100,0,76,0.0,0.0,0.0714,0.76,0.6677,0.8331,0,0
global,0.01,50vs100,1500,PAN2,100,100,40,0.01276187,3.24356,50,100,0,3,0.0,0.0,0.0714,0.03,0.0103,0.0845,0,0
global,0.05,50vs100,1500,PAN2,100,100,40,0.01276187,2.14737,50,100,0,10,0.0,0.0,0.0714,0.1,0.0552,0.1744,0,0
global,0.1,50vs100,1500,PAN2,100,100,40,0.01276187,1.74608,50,100,5,18,0.1,0.0435,0.2136,0.18,0.117,0.2667,0,0
global,0.01,50vs100,1500,PAN1,50,40,120,0.01276187,3.24356,50,100,0,36,0.0,0.0,0.0714,0.36,0.2727,0.4576,0,0
global,0.05,50vs100,1500,PAN1,50,40,120,0.01276187,2.14737,50,100,0,59,0.0,0.0,0.0714,0.59,0.492,0.6813,0,0
global,0.1,50vs100,1500,PAN1,50,40,120,0.01276187,1.74608,50,100,0,76,0.0,0.0,0.0714,0.76,0.6677,0.8331,0,0
global,0.01,50vs100,1500,PAN2,100,120,40,0.01276187,3.24356,50,100,0,2,0.0,0.0,0.0714,0.02,0.0055,0.07,0,0
global,0.05,50vs100,1500,PAN2,100,120,40,0.01276187,2.14737,50,100,1,4,0.02,0.0035,0.105,0.04,0.0157,0.0984,0,0
global,0.1,50vs100,1500,PAN2,100,120,40,0.01276187,1.74608,50,100,2,9,0.04,0.011,0.1346,0.09,0.0481,0.1623,0,0
global,0.01,50vs100,1500,PAN1,50,40,140,0.01276187,3.24356,50,100,0,31,0.0,0.0,0.0714,0.31,0.2278,0.4063,0,0
global,0.05,50vs100,1500,PAN1,50,40,140,0.01276187,2.14737,50,100,0,60,0.0,0.0,0.0714,0.6,0.502,0.6906,0,0
global,0.1,50vs100,1500,PAN1,50,40,140,0.01276187,1.74608,50,100,0,76,0.0,0.0,0.0714,0.76,0.6677,0.8331,0,0
global,0.01,50vs100,1500,PAN2,100,140,40,0.01276187,3.24356,50,100,0,0,0.0,0.0,0.0714,0.0,0.0,0.037,0,0
global,0.05,50vs100,1500,PAN2,100,140,40,0.01276187,2.14737,50,100,2,2,0.04,0.011,0.1346,0.02,0.0055,0.07,0,0
global,0.1,50vs100,1500,PAN2,100,140,40,0.01276187,1.74608,50,100,7,10,0.14,0.0695,0.2619,0.1,0.0552,0.1744,0,0
global,0.01,50vs100,1500,PAN1,50,40,160,0.01276187,3.24356,50,100,0,30,0.0,0.0,0.0714,0.3,0.2189,0.3959,0,0
global,0.05,50vs100,1500,PAN1,50,40,160,0.01276187,2.14737,50,100,0,58,0.0,0.0,0.0714,0.58,0.4821,0.672,0,0
global,0.1,50vs100,1500,PAN1,50,40,160,0.01276187,1.74608,50,100,0,69,0.0,0.0,0.0714,0.69,0.5937,0.7722,0,0
global,0.01,50vs100,1500,PAN2,100,160,40,0.01276187,3.24356,50,100,0,0,0.0,0.0,0.0714,0.0,0.0,0.037,0,0
global,0.05,50vs100,1500,PAN2,100,160,40,0.01276187,2.14737,50,100,3,4,0.06,0.0206,0.1622,0.04,0.0157,0.0984,0,0
global,0.1,50vs100,1500,PAN2,100,160,40,0.01276187,1.74608,50,100,8,11,0.16,0.0834,0.2851,0.11,0.0625,0.1863,0,0
global,0.01,50vs100,1500,PAN1,50,40,180,0.01276187,3.24356,50,100,0,33,0.0,0.0,0.0714,0.33,0.2456,0.4269,0,0
global,0.05,50vs100,1500,PAN1,50,40,180,0.01276187,2.14737,50,100,0,69,0.0,0.0,0.0714,0.69,0.5937,0.7722,0,0
global,0.1,50vs100,1500,PAN1,50,40,180,0.01276187,1.74608,50,100,0,81,0.0,0.0,0.0714,0.81,0.7222,0.8749,0,0
global,0.01,50vs100,1500,PAN2,100,180,40,0.01276187,3.24356,50,100,1,2,0.02,0.0035,0.105,0.02,0.0055,0.07,0,0
global,0.05,50vs100,1500,PAN2,100,180,40,0.01276187,2.14737,50,100,2,10,0.04,0.011,0.1346,0.1,0.0552,0.1744,0,0
global,0.1,50vs100,1500,PAN2,100,180,40,0.01276187,1.74608,50,100,4,18,0.08,0.0315,0.1884,0.18,0.117,0.2667,0,0
global,0.01,50vs100,1500,PAN1,50,40,20,0.01276187,3.24356,50,100,0,0,0.0,0.0,0.0714,0.0,0.0,0.037,0,0
global,0.05,50vs100,1500,PAN1,50,40,20,0.01276187,2.14737,50,100,0,2,0.0,0.0,0.0714,0.02,0.0055,0.07,0,0
global,0.1,50vs100,1500,PAN1,50,40,20,0.01276187,1.74608,50,100,0,7,0.0,0.0,0.0714,0.07,0.0343,0.1375,0,0
global,0.01,50vs100,1500,PAN2,100,20,40,0.01276187,3.24356,50,100,0,1,0.0,0.0,0.0714,0.01,0.0018,0.0545,0,0
global,0.05,50vs100,1500,PAN2,100,20,40,0.01276187,2.14737,50,100,0,7,0.0,0.0,0.0714,0.07,0.0343,0.1375,0,0
global,0.1,50vs100,1500,PAN2,100,20,40,0.01276187,1.74608,50,100,0,14,0.0,0.0,0.0714,0.14,0.0853,0.2214,0,0
global,0.01,50vs100,1500,PAN1,50,40,200,0.01276187,3.24356,50,100,0,30,0.0,0.0,0.0714,0.3,0.2189,0.3959,0,0
global,0.05,50vs100,1500,PAN1,50,40,200,0.01276187,2.14737,50,100,0,74,0.0,0.0,0.0714,0.74,0.6463,0.816,0,0
global,0.1,50vs100,1500,PAN1,50,40,200,0.01276187,1.74608,50,100,0,83,0.0,0.0,0.0714,0.83,0.7445,0.8911,0,0
global,0.01,50vs100,1500,PAN2,100,200,40,0.01276187,3.24356,50,100,0,2,0.0,0.0,0.0714,0.02,0.0055,0.07,0,0
global,0.05,50vs100,1500,PAN2,100,200,40,0.01276187,2.14737,50,100,3,6,0.06,0.0206,0.1622,0.06,0.0278,0.1248,0,0
global,0.1,50vs100,1500,PAN2,100,200,40,0.01276187,1.74608,50,100,7,15,0.14,0.0695,0.2619,0.15,0.0931,0.2328,0,0
global,0.01,50vs100,1500,PAN1,50,40,40,0.01276187,3.24356,50,100,0,2,0.0,0.0,0.0714,0.02,0.0055,0.07,0,0
global,0.05,50vs100,1500,PAN1,50,40,40,0.01276187,2.14737,50,100,0,18,0.0,0.0,0.0714,0.18,0.117,0.2667,0,0
global,0.1,50vs100,1500,PAN1,50,40,40,0.01276187,1.74608,50,100,0,35,0.0,0.0,0.0714,0.35,0.2636,0.4475,0,0
global,0.01,50vs100,1500,PAN2,100,40,40,0.01276187,3.24356,50,100,0,1,0.0,0.0,0.0714,0.01,0.0018,0.0545,0,0
global,0.05,50vs100,1500,PAN2,100,40,40,0.01276187,2.14737,50,100,0,6,0.0,0.0,0.0714,0.06,0.0278,0.1248,0,0
global,0.1,50vs100,1500,PAN2,100,40,40,0.01276187,1.74608,50,100,0,14,0.0,0.0,0.0714,0.14,0.0853,0.2214,0,0
global,0.01,50vs100,1500,PAN1,50,40,60,0.01276187,3.24356,50,100,0,22,0.0,0.0,0.0714,0.22,0.15,0.3107,0,0
global,0.05,50vs100,1500,PAN1,50,40,60,0.01276187,2.14737,50,100,0,60,0.0,0.0,0.0714,0.6,0.502,0.6906,0,0
global,0.1,50vs100,1500,PAN1,50,40,60,0.01276187,1.74608,50,100,0,70,0.0,0.0,0.0714,0.7,0.6041,0.7811,0,0
global,0.01,50vs100,1500,PAN2,100,60,40,0.01276187,3.24356,50,100,0,1,0.0,0.0,0.0714,0.01,0.0018,0.0545,0,0
global,0.05,50vs100,1500,PAN2,100,60,40,0.01276187,2.14737,50,100,2,14,0.04,0.011,0.1346,0.14,0.0853,0.2214,0,0
global,0.1,50vs100,1500,PAN2,100,60,40,0.01276187,1.74608,50,100,5,25,0.1,0.0435,0.2136,0.25,0.1755,0.343,0,0
global,0.01,50vs100,1500,PAN1,50,40,80,0.01276187,3.24356,50,100,0,31,0.0,0.0,0.0714,0.31,0.2278,0.4063,0,0
global,0.05,50vs100,1500,PAN1,50,40,80,0.01276187,2.14737,50,100,0,57,0.0,0.0,0.0714,0.57,0.4722,0.6627,0,0
global,0.1,50vs100,1500,PAN1,50,40,80,0.01276187,1.74608,50,100,0,70,0.0,0.0,0.0714,0.7,0.6041,0.7811,0,0
global,0.01,50vs100,1500,PAN2,100,80,40,0.01276187,3.24356,50,100,0,1,0.0,0.0,0.0714,0.01,0.0018,0.0545,0,0
global,0.05,50vs100,1500,PAN2,100,80,40,0.01276187,2.14737,50,100,2,10,0.04,0.011,0.1346,0.1,0.0552,0.1744,0,0
global,0.1,50vs100,1500,PAN2,100,80,40,0.01276187,1.74608,50,100,3,16,0.06,0.0206,0.1622,0.16,0.101,0.2442,0,0
global,0.01,50vs100,1500,PAN1,50,60,100,0.01276187,3.24356,50,100,0,28,0.0,0.0,0.0714,0.28,0.2014,0.3749,0,0
global,0.05,50vs100,1500,PAN1,50,60,100,0.01276187,2.14737,50,100,0,55,0.0,0.0,0.0714,0.55,0.4524,0.6439,0,0
global,0.1,50vs100,1500,PAN1,50,60,100,0.01276187,1.74608,50,100,2,65,0.04,0.011,0.1346,0.65,0.5525,0.7364,0,0
global,0.01,50vs100,1500,PAN2,100,100,60,0.01276187,3.24356,50,100,0,6,0.0,0.0,0.0714,0.06,0.0278,0.1248,0,0
global,0.05,50vs100,1500,PAN2,100,100,60,0.01276187,2.14737,50,100,0,14,0.0,0.0,0.0714,0.14,0.0853,0.2214,0,0
global,0.1,50vs100,1500,PAN2,100,100,60,0.01276187,1.74608,50,100,5,23,0.1,0.0435,0.2136,0.23,0.1584,0.3215,0,0
global,0.01,50vs100,1500,PAN1,50,60,120,0.01276187,3.24356,50,100,0,34,0.0,0.0,0.0714,0.34,0.2546,0.4372,0,0
global,0.05,50vs100,1500,PAN1,50,60,120,0.01276187,2.14737,50,100,0,57,0.0,0.0,0.0714,0.57,0.4722,0.6627,0,0
global,0.1,50vs100,1500,PAN1,50,60,120,0.01276187,1.74608,50,100,2,66,0.04,0.011,0.1346,0.66,0.5628,0.7454,0,0
global,0.01,50vs100,1500,PAN2,100,120,60,0.01276187,3.24356,50,100,0,1,0.0,0.0,0.0714,0.01,0.0018,0.0545,0,0
global,0.05,50vs100,1500,PAN2,100,120,60,0.01276187,2.14737,50,100,1,11,0.02,0.0035,0.105,0.11,0.0625,0.1863,0,0
global,0.1,50vs100,1500,PAN2,100,120,60,0.01276187,1.74608,50,100,2,20,0.04,0.011,0.1346,0.2,0.1334,0.2888,0,0
global,0.01,50vs100,1500,PAN1,50,60,140,0.01276187,3.24356,50,99,0,28,0.0,0.0,0.0714,0.2828,0.2035,0.3784,0,0
global,0.05,50vs100,1500,PAN1,50,60,140,0.01276187,2.14737,50,99,0,53,0.0,0.0,0.0714,0.5354,0.4376,0.6304,0,0
global,0.1,50vs100,1500,PAN1,50,60,140,0.01276187,1.74608,50,99,2,69,0.04,0.011,0.1346,0.697,0.6005,0.7787,0,0
global,0.01,50vs100,1500,PAN2,100,140,60,0.01276187,3.24356,50,100,0,3,0.0,0.0,0.0714,0.03,0.0103,0.0845,0,0
global,0.05,50vs100,1500,PAN2,100,140,60,0.01276187,2.14737,50,100,2,11,0.04,0.011,0.1346,0.11,0.0625,0.1863,0,0
global,0.1,50vs100,1500,PAN2,100,140,60,0.01276187,1.74608,50,100,7,20,0.14,0.0695,0.2619,0.2,0.1334,0.2888,0,0
global,0.01,50vs100,1500,PAN1,50,60,160,0.01276187,3.24356,50,100,0,28,0.0,0.0,0.0714,0.28,0.2014,0.3749,0,0
global,0.05,50vs100,1500,PAN1,50,60,160,0.01276187,2.14737,50,100,0,54,0.0,0.0,0.0714,0.54,0.4426,0.6344,0,0
global,0.1,50vs100,1500,PAN1,50,60,160,0.01276187,1.74608,50,100,2,67,0.04,0.011,0.1346,0.67,0.5731,0.7544,0,0
global,0.01,50vs100,1500,PAN2,100,160,60,0.01276187,3.24356,50,100,0,0,0.0,0.0,0.0714,0.0,0.0,0.037,0,0
global,0.05,50vs100,1500,PAN2,100,160,60,0.01276187,2.14737,50,100,3,11,0.06,0.0206,0.1622,0.11,0.0625,0.1863,0,0
global,0.1,50vs100,1500,PAN2,100,160,60,0.01276187,1.74608,50,100,8,20,0.16,0.0834,0.2851,0.2,0.1334,0.2888,0,0
global,0.01,50vs100,1500,PAN1,50,60,180,0.01276187,3.24356,50,100,0,28,0.0,0.0,0.0714,0.28,0.2014,0.3749,0,0
global,0.05,50vs100,1500,PAN1,50,60,180,0.01276187,2.14737,50,100,0,58,0.0,0.0,0.0714,0.58,0.4821,0.672,0,0
global,0.1,50vs100,1500,PAN1,50,60,180,0.01276187,1.74608,50,100,2,75,0.04,0.011,0.1346,0.75,0.657,0.8245,0,0
global,0.01,50vs100,1500,PAN2,100,180,60,0.01276187,3.24356,50,100,1,3,0.02,0.0035,0.105,0.03,0.0103,0.0845,0,0
global,0.05,50vs100,1500,PAN2,100,180,60,0.01276187,2.14737,50,100,2,10,0.04,0.011,0.1346,0.1,0.0552,0.1744,0,0
global,0.1,50vs100,1500,PAN2,100,180,60,0.01276187,1.74608,50,100,4,14,0.08,0.0315,0.1884,0.14,0.0853,0.2214,0,0
global,0.01,50vs100,1500,PAN1,50,60,20,0.01276187,3.24356,50,100,0,0,0.0,0.0,0.0714,0.0,0.0,0.037,0,0
global,0.05,50vs100,1500,PAN1,50,60,20,0.01276187,2.14737,50,100,0,3,0.0,0.0,0.0714,0.03,0.0103,0.0845,0,0
global,0.1,50vs100,1500,PAN1,50,60,20,0.01276187,1.74608,50,100,2,13,0.04,0.011,0.1346,0.13,0.0776,0.2098,0,0
global,0.01,50vs100,1500,PAN2,100,20,60,0.01276187,3.24356,50,100,0,6,0.0,0.0,0.0714,0.06,0.0278,0.1248,0,0
global,0.05,50vs100,1500,PAN2,100,20,60,0.01276187,2.14737,50,100,0,28,0.0,0.0,0.0714,0.28,0.2014,0.3749,0,0
global,0.1,50vs100,1500,PAN2,100,20,60,0.01276187,1.74608,50,100,0,45,0.0,0.0,0.0714,0.45,0.3561,0.5476,0,0
global,0.01,50vs100,1500,PAN1,50,60,200,0.01276187,3.24356,50,99,0,36,0.0,0.0,0.0714,0.3636,0.2756,0.4618,0,0
global,0.05,50vs100,1500,PAN1,50,60,200,0.01276187,2.14737,50,99,0,57,0.0,0.0,0.0714,0.5758,0.4774,0.6685,0,0
global,0.1,50vs100,1500,PAN1,50,60,200,0.01276187,1.74608,50,99,2,69,0.04,0.011,0.1346,0.697,0.6005,0.7787,0,0
global,0.01,50vs100,1500,PAN2,100,200,60,0.01276187,3.24356,50,100,0,2,0.0,0.0,0.0714,0.02,0.0055,0.07,0,0
global,0.05,50vs100,1500,PAN2,100,200,60,0.01276187,2.14737,50,100,3,6,0.06,0.0206,0.1622,0.06,0.0278,0.1248,0,0
global,0.1,50vs100,1500,PAN2,100,200,60,0.01276187,1.74608,50,100,7,16,0.14,0.0695,0.2619,0.16,0.101,0.2442,0,0
global,0.01,50vs100,1500,PAN1,50,60,40,0.01276187,3.24356,50,100,0,5,0.0,0.0,0.0714,0.05,0.0215,0.1118,0,0
global,0.05,50vs100,1500,PAN1,50,60,40,0.01276187,2.14737,50,100,0,23,0.0,0.0,0.0714,0.23,0.1584,0.3215,0,0
global,0.1,50vs100,1500,PAN1,50,60,40,0.01276187,1.74608,50,100,2,40,0.04,0.011,0.1346,0.4,0.3094,0.498,0,0
global,0.01,50vs100,1500,PAN2,100,40,60,0.01276187,3.24356,50,100,0,11,0.0,0.0,0.0714,0.11,0.0625,0.1863,0,0
global,0.05,50vs100,1500,PAN2,100,40,60,0.01276187,2.14737,50,100,0,36,0.0,0.0,0.0714,0.36,0.2727,0.4576,0,0
global,0.1,50vs100,1500,PAN2,100,40,60,0.01276187,1.74608,50,100,0,53,0.0,0.0,0.0714,0.53,0.4329,0.6249,0,0
global,0.01,50vs100,1500,PAN1,50,60,60,0.01276187,3.24356,50,100,0,30,0.0,0.0,0.0714,0.3,0.2189,0.3959,0,0
global,0.05,50vs100,1500,PAN1,50,60,60,0.01276187,2.14737,50,100,0,57,0.0,0.0,0.0714,0.57,0.4722,0.6627,0,0
global,0.1,50vs100,1500,PAN1,50,60,60,0.01276187,1.74608,50,100,2,74,0.04,0.011,0.1346,0.74,0.6463,0.816,0,0
global,0.01,50vs100,1500,PAN2,100,60,60,0.01276187,3.24356,50,100,0,15,0.0,0.0,0.0714,0.15,0.0931,0.2328,0,0
global,0.05,50vs100,1500,PAN2,100,60,60,0.01276187,2.14737,50,100,2,40,0.04,0.011,0.1346,0.4,0.3094,0.498,0,0
global,0.1,50vs100,1500,PAN2,100,60,60,0.01276187,1.74608,50,100,5,55,0.1,0.0435,0.2136,0.55,0.4524,0.6439,0,0
global,0.01,50vs100,1500,PAN1,50,60,80,0.01276187,3.24356,50,98,0,25,0.0,0.0,0.0714,0.2551,0.1792,0.3495,0,0
global,0.05,50vs100,1500,PAN1,50,60,80,0.01276187,2.14737,50,98,0,54,0.0,0.0,0.0714,0.551,0.4525,0.6457,0,0
global,0.1,50vs100,1500,PAN1,50,60,80,0.01276187,1.74608,50,98,2,64,0.04,0.011,0.1346,0.6531,0.5547,0.7399,0,0
global,0.01,50vs100,1500,PAN2,100,80,60,0.01276187,3.24356,50,100,0,5,0.0,0.0,0.0714,0.05,0.0215,0.1118,0,0
global,0.05,50vs100,1500,PAN2,100,80,60,0.01276187,2.14737,50,100,2,24,0.04,0.011,0.1346,0.24,0.1669,0.3323,0,0
global,0.1,50vs100,1500,PAN2,100,80,60,0.01276187,1.74608,50,100,3,38,0.06,0.0206,0.1622,0.38,0.291,0.4779,0,0
global,0.01,50vs100,1500,PAN1,50,80,100,0.01276187,3.24356,50,100,0,23,0.0,0.0,0.0714,0.23,0.1584,0.3215,0,0
global,0.05,50vs100,1500,PAN1,50,80,100,0.01276187,2.14737,50,100,3,47,0.06,0.0206,0.1622,0.47,0.3751,0.5671,0,0
global,0.1,50vs100,1500,PAN1,50,80,100,0.01276187,1.74608,50,100,11,60,0.22,0.1275,0.3524,0.6,0.502,0.6906,0,0
global,0.01,50vs100,1500,PAN2,100,100,80,0.01276187,3.24356,50,100,0,13,0.0,0.0,0.0714,0.13,0.0776,0.2098,0,0
global,0.05,50vs100,1500,PAN2,100,100,80,0.01276187,2.14737,50,100,0,41,0.0,0.0,0.0714,0.41,0.3187,0.508,0,0
global,0.1,50vs100,1500,PAN2,100,100,80,0.01276187,1.74608,50,100,5,55,0.1,0.0435,0.2136,0.55,0.4524,0.6439,0,0
global,0.01,50vs100,1500,PAN1,50,80,120,0.01276187,3.24356,50,100,0,24,0.0,0.0,0.0714,0.24,0.1669,0.3323,0,0
global,0.05,50vs100,1500,PAN1,50,80,120,0.01276187,2.14737,50,100,3,43,0.06,0.0206,0.1622,0.43,0.3373,0.5278,0,0
global,0.1,50vs100,1500,PAN1,50,80,120,0.01276187,1.74608,50,100,11,52,0.22,0.1275,0.3524,0.52,0.4232,0.6154,0,0
global,0.01,50vs100,1500,PAN2,100,120,80,0.01276187,3.24356,50,100,0,14,0.0,0.0,0.0714,0.14,0.0853,0.2214,0,0
global,0.05,50vs100,1500,PAN2,100,120,80,0.01276187,2.14737,50,100,1,33,0.02,0.0035,0.105,0.33,0.2456,0.4269,0,0
global,0.1,50vs100,1500,PAN2,100,120,80,0.01276187,1.74608,50,100,2,50,0.04,0.011,0.1346,0.5,0.4038,0.5962,0,0
global,0.01,50vs100,1500,PAN1,50,80,140,0.01276187,3.24356,50,100,0,25,0.0,0.0,0.0714,0.25,0.1755,0.343,0,0
global,0.05,50vs100,1500,PAN1,50,80,140,0.01276187,2.14737,50,100,3,47,0.06,0.0206,0.1622,0.47,0.3751,0.5671,0,0
global,0.1,50vs100,1500,PAN1,50,80,140,0.01276187,1.74608,50,100,11,53,0.22,0.1275,0.3524,0.53,0.4329,0.6249,0,0
global,0.01,50vs100,1500,PAN2,100,140,80,0.01276187,3.24356,50,100,0,8,0.0,0.0,0.0714,0.08,0.0411,0.15,0,0
global,0.05,50vs100,1500,PAN2,100,140,80,0.01276187,2.14737,50,100,2,26,0.04,0.011,0.1346,0.26,0.184,0.3537,0,0
global,0.1,50vs100,1500,PAN2,100,140,80,0.01276187,1.74608,50,100,7,43,0.14,0.0695,0.2619,0.43,0.3373,0.5278,0,0
global,0.01,50vs100,1500,PAN1,50,80,160,0.01276187,3.24356,50,99,0,26,0.0,0.0,0.0714,0.2626,0.186,0.357,0,0
global,0.05,50vs100,1500,PAN1,50,80,160,0.01276187,2.14737,50,99,3,40,0.06,0.0206,0.1622,0.404,0.3127,0.5025,0,0
global,0.1,50vs100,1500,PAN1,50,80,160,0.01276187,1.74608,50,99,11,52,0.22,0.1275,0.3524,0.5253,0.4278,0.6208,0,0
global,0.01,50vs100,1500,PAN2,100,160,80,0.01276187,3.24356,50,100,0,9,0.0,0.0,0.0714,0.09,0.0481,0.1623,0,0
global,0.05,50vs100,1500,PAN2,100,160,80,0.01276187,2.14737,50,100,3,24,0.06,0.0206,0.1622,0.24,0.1669,0.3323,0,0
global,0.1,50vs100,1500,PAN2,100,160,80,0.01276187,1.74608,50,100,8,39,0.16,0.0834,0.2851,0.39,0.3002,0.488,0,0
global,0.01,50vs100,1500,PAN1,50,80,180,0.01276187,3.24356,50,99,0,26,0.0,0.0,0.0714,0.2626,0.186,0.357,0,0
global,0.05,50vs100,1500,PAN1,50,80,180,0.01276187,2.14737,50,99,3,44,0.06,0.0206,0.1622,0.4444,0.3505,0.5426,0,0
global,0.1,50vs100,1500,PAN1,50,80,180,0.01276187,1.74608,50,99,11,59,0.22,0.1275,0.3524,0.596,0.4975,0.6873,0,0
global,0.01,50vs100,1500,PAN2,100,180,80,0.01276187,3.24356,50,100,1,6,0.02,0.0035,0.105,0.06,0.0278,0.1248,0,0
global,0.05,50vs100,1500,PAN2,100,180,80,0.01276187,2.14737,50,100,2,21,0.04,0.011,0.1346,0.21,0.1417,0.2998,0,0
global,0.1,50vs100,1500,PAN2,100,180,80,0.01276187,1.74608,50,100,4,41,0.08,0.0315,0.1884,0.41,0.3187,0.508,0,0
global,0.01,50vs100,1500,PAN1,50,80,20,0.01276187,3.24356,50,100,0,0,0.0,0.0,0.0714,0.0,0.0,0.037,0,0
global,0.05,50vs100,1500,PAN1,50,80,20,0.01276187,2.14737,50,100,3,5,0.06,0.0206,0.1622,0.05,0.0215,0.1118,0,0
global,0.1,50vs100,1500,PAN1,50,80,20,0.01276187,1.74608,50,100,11,10,0.22,0.1275,0.3524,0.1,0.0552,0.1744,0,0
global,0.01,50vs100,1500,PAN2,100,20,80,0.01276187,3.24356,50,100,0,15,0.0,0.0,0.0714,0.15,0.0931,0.2328,0,0
global,0.05,50vs100,1500,PAN2,100,20,80,0.01276187,2.14737,50,100,0,47,0.0,0.0,0.0714,0.47,0.3751,0.5671,0,0
global,0.1,50vs100,1500,PAN2,100,20,80,0.01276187,1.74608,50,100,0,60,0.0,0.0,0.0714,0.6,0.502,0.6906,0,0
global,0.01,50vs100,1500,PAN1,50,80,200,0.01276187,3.24356,50,100,0,28,0.0,0.0,0.0714,0.28,0.2014,0.3749,0,0
global,0.05,50vs100,1500,PAN1,50,80,200,0.01276187,2.14737,50,100,3,47,0.06,0.0206,0.1622,0.47,0.3751,0.5671,0,0
global,0.1,50vs100,1500,PAN1,50,80,200,0.01276187,1.74608,50,100,11,54,0.22,0.1275,0.3524,0.54,0.4426,0.6344,0,0
global,0.01,50vs100,1500,PAN2,100,200,80,0.01276187,3.24356,50,100,0,8,0.0,0.0,0.0714,0.08,0.0411,0.15,0,0
global,0.05,50vs100,1500,PAN2,100,200,80,0.01276187,2.14737,50,100,3,16,0.06,0.0206,0.1622,0.16,0.101,0.2442,0,0
global,0.1,50vs100,1500,PAN2,100,200,80,0.01276187,1.74608,50,100,7,32,0.14,0.0695,0.2619,0.32,0.2367,0.4166,0,0
global,0.01,50vs100,1500,PAN1,50,80,40,0.01276187,3.24356,50,100,0,5,0.0,0.0,0.0714,0.05,0.0215,0.1118,0,0
global,0.05,50vs100,1500,PAN1,50,80,40,0.01276187,2.14737,50,100,3,25,0.06,0.0206,0.1622,0.25,0.1755,0.343,0,0
global,0.1,50vs100,1500,PAN1,50,80,40,0.01276187,1.74608,50,100,11,39,0.22,0.1275,0.3524,0.39,0.3002,0.488,0,0
global,0.01,50vs100,1500,PAN2,100,40,80,0.01276187,3.24356,50,100,0,24,0.0,0.0,0.0714,0.24,0.1669,0.3323,0,0
global,0.05,50vs100,1500,PAN2,100,40,80,0.01276187,2.14737,50,100,0,53,0.0,0.0,0.0714,0.53,0.4329,0.6249,0,0
global,0.1,50vs100,1500,PAN2,100,40,80,0.01276187,1.74608,50,100,0,65,0.0,0.0,0.0714,0.65,0.5525,0.7364,0,0
global,0.01,50vs100,1500,PAN1,50,80,60,0.01276187,3.24356,50,100,0,16,0.0,0.0,0.0714,0.16,0.101,0.2442,0,0
global,0.05,50vs100,1500,PAN1,50,80,60,0.01276187,2.14737,50,100,3,36,0.06,0.0206,0.1622,0.36,0.2727,0.4576,0,0
global,0.1,50vs100,1500,PAN1,50,80,60,0.01276187,1.74608,50,100,11,50,0.22,0.1275,0.3524,0.5,0.4038,0.5962,0,0
global,0.01,50vs100,1500,PAN2,100,60,80,0.01276187,3.24356,50,100,0,24,0.0,0.0,0.0714,0.24,0.1669,0.3323,0,0
global,0.05,50vs100,1500,PAN2,100,60,80,0.01276187,2.14737,50,100,2,56,0.04,0.011,0.1346,0.56,0.4623,0.6533,0,0
global,0.1,50vs100,1500,PAN2,100,60,80,0.01276187,1.74608,50,100,5,69,0.1,0.0435,0.2136,0.69,0.5937,0.7722,0,0
global,0.01,50vs100,1500,PAN1,50,80,80,0.01276187,3.24356,50,100,0,24,0.0,0.0,0.0714,0.24,0.1669,0.3323,0,0
global,0.05,50vs100,1500,PAN1,50,80,80,0.01276187,2.14737,50,100,3,47,0.06,0.0206,0.1622,0.47,0.3751,0.5671,0,0
global,0.1,50vs100,1500,PAN1,50,80,80,0.01276187,1.74608,50,100,11,58,0.22,0.1275,0.3524,0.58,0.4821,0.672,0,0
global,0.01,50vs100,1500,PAN2,100,80,80,0.01276187,3.24356,50,100,0,17,0.0,0.0,0.0714,0.17,0.1089,0.2555,0,0
global,0.05,50vs100,1500,PAN2,100,80,80,0.01276187,2.14737,50,100,2,46,0.04,0.011,0.1346,0.46,0.3656,0.5574,0,0
global,0.1,50vs100,1500,PAN2,100,80,80,0.01276187,1.74608,50,100,3,57,0.06,0.0206,0.1622,0.57,0.4722,0.6627,0,0
global,0.01,50vs200,1500,PAN1,50,100,100,0.01276187,3.24356,50,100,0,21,0.0,0.0,0.0714,0.21,0.1417,0.2998,0,0
global,0.05,50vs200,1500,PAN1,50,100,100,0.01276187,2.14737,50,100,5,40,0.1,0.0435,0.2136,0.4,0.3094,0.498,0,0
global,0.1,50vs200,1500,PAN1,50,100,100,0.01276187,1.74608,50,100,10,53,0.2,0.1124,0.3304,0.53,0.4329,0.6249,0,0
global,0.01,50vs200,1500,PAN2,200,100,100,0.01276187,3.24356,50,100,1,6,0.02,0.0035,0.105,0.06,0.0278,0.1248,0,0
global,0.05,50vs200,1500,PAN2,200,100,100,0.01276187,2.14737,50,100,2,35,0.04,0.011,0.1346,0.35,0.2636,0.4475,0,0
global,0.1,50vs200,1500,PAN2,200,100,100,0.01276187,1.74608,50,100,2,50,0.04,0.011,0.1346,0.5,0.4038,0.5962,0,0
global,0.01,50vs200,1500,PAN1,50,100,120,0.01276187,3.24356,50,100,0,24,0.0,0.0,0.0714,0.24,0.1669,0.3323,0,0
global,0.05,50vs200,1500,PAN1,50,100,120,0.01276187,2.14737,50,100,5,43,0.1,0.0435,0.2136,0.43,0.3373,0.5278,0,0
global,0.1,50vs200,1500,PAN1,50,100,120,0.01276187,1.74608,50,100,10,55,0.2,0.1124,0.3304,0.55,0.4524,0.6439,0,0
global,0.01,50vs200,1500,PAN2,200,120,100,0.01276187,3.24356,50,100,1,9,0.02,0.0035,0.105,0.09,0.0481,0.1623,0,0
global,0.05,50vs200,1500,PAN2,200,120,100,0.01276187,2.14737,50,100,1,29,0.02,0.0035,0.105,0.29,0.2101,0.3854,0,0
global,0.1,50vs200,1500,PAN2,200,120,100,0.01276187,1.74608,50,100,1,43,0.02,0.0035,0.105,0.43,0.3373,0.5278,0,0
global,0.01,50vs200,1500,PAN1,50,100,140,0.01276187,3.24356,50,100,0,24,0.0,0.0,0.0714,0.24,0.1669,0.3323,0,0
global,0.05,50vs200,1500,PAN1,50,100,140,0.01276187,2.14737,50,100,5,52,0.1,0.0435,0.2136,0.52,0.4232,0.6154,0,0
global,0.1,50vs200,1500,PAN1,50,100,140,0.01276187,1.74608,50,100,10,60,0.2,0.1124,0.3304,0.6,0.502,0.6906,0,0
global,0.01,50vs200,1500,PAN2,200,140,100,0.01276187,3.24356,50,100,1,4,0.02,0.0035,0.105,0.04,0.0157,0.0984,0,0
global,0.05,50vs200,1500,PAN2,200,140,100,0.01276187,2.14737,50,100,2,26,0.04,0.011,0.1346,0.26,0.184,0.3537,0,0
global,0.1,50vs200,1500,PAN2,200,140,100,0.01276187,1.74608,50,100,3,38,0.06,0.0206,0.1622,0.38,0.291,0.4779,0,0
global,0.01,50vs200,1500,PAN1,50,100,160,0.01276187,3.24356,50,100,0,22,0.0,0.0,0.0714,0.22,0.15,0.3107,0,0
global,0.05,50vs200,1500,PAN1,50,100,160,0.01276187,2.14737,50,100,5,42,0.1,0.0435,0.2136,0.42,0.328,0.5179,0,0
global,0.1,50vs200,1500,PAN1,50,100,160,0.01276187,1.74608,50,100,10,50,0.2,0.1124,0.3304,0.5,0.4038,0.5962,0,0
global,0.01,50vs200,1500,PAN2,200,160,100,0.01276187,3.24356,50,100,0,2,0.0,0.0,0.0714,0.02,0.0055,0.07,0,0
global,0.05,50vs200,1500,PAN2,200,160,100,0.01276187,2.14737,50,100,2,23,0.04,0.011,0.1346,0.23,0.1584,0.3215,0,0
global,0.1,50vs200,1500,PAN2,200,160,100,0.01276187,1.74608,50,100,4,34,0.08,0.0315,0.1884,0.34,0.2546,0.4372,0,0
global,0.01,50vs200,1500,PAN1,50,100,180,0.01276187,3.24356,50,100,0,25,0.0,0.0,0.0714,0.25,0.1755,0.343,0,0
global,0.05,50vs200,1500,PAN1,50,100,180,0.01276187,2.14737,50,100,5,43,0.1,0.0435,0.2136,0.43,0.3373,0.5278,0,0
global,0.1,50vs200,1500,PAN1,50,100,180,0.01276187,1.74608,50,100,10,53,0.2,0.1124,0.3304,0.53,0.4329,0.6249,0,0
global,0.01,50vs200,1500,PAN2,200,180,100,0.01276187,3.24356,50,100,1,4,0.02,0.0035,0.105,0.04,0.0157,0.0984,0,0
global,0.05,50vs200,1500,PAN2,200,180,100,0.01276187,2.14737,50,100,3,23,0.06,0.0206,0.1622,0.23,0.1584,0.3215,0,0
global,0.1,50vs200,1500,PAN2,200,180,100,0.01276187,1.74608,50,100,4,33,0.08,0.0315,0.1884,0.33,0.2456,0.4269,0,0
global,0.01,50vs200,1500,PAN1,50,100,20,0.01276187,3.24356,50,100,0,0,0.0,0.0,0.0714,0.0,0.0,0.037,0,0
global,0.05,50vs200,1500,PAN1,50,100,20,0.01276187,2.14737,50,100,5,8,0.1,0.0435,0.2136,0.08,0.0411,0.15,0,0
global,0.1,50vs200,1500,PAN1,50,100,20,0.01276187,1.74608,50,100,10,20,0.2,0.1124,0.3304,0.2,0.1334,0.2888,0,0
global,0.01,50vs200,1500,PAN2,200,20,100,0.01276187,3.24356,50,100,0,8,0.0,0.0,0.0714,0.08,0.0411,0.15,0,0
global,0.05,50vs200,1500,PAN2,200,20,100,0.01276187,2.14737,50,100,0,24,0.0,0.0,0.0714,0.24,0.1669,0.3323,0,0
global,0.1,50vs200,1500,PAN2,200,20,100,0.01276187,1.74608,50,100,0,35,0.0,0.0,0.0714,0.35,0.2636,0.4475,0,0
global,0.01,50vs200,1500,PAN1,50,100,200,0.01276187,3.24356,50,100,0,30,0.0,0.0,0.0714,0.3,0.2189,0.3959,0,0
global,0.05,50vs200,1500,PAN1,50,100,200,0.01276187,2.14737,50,100,5,48,0.1,0.0435,0.2136,0.48,0.3846,0.5768,0,0
global,0.1,50vs200,1500,PAN1,50,100,200,0.01276187,1.74608,50,100,10,55,0.2,0.1124,0.3304,0.55,0.4524,0.6439,0,0
global,0.01,50vs200,1500,PAN2,200,200,100,0.01276187,3.24356,50,100,1,3,0.02,0.0035,0.105,0.03,0.0103,0.0845,0,0
global,0.05,50vs200,1500,PAN2,200,200,100,0.01276187,2.14737,50,100,4,19,0.08,0.0315,0.1884,0.19,0.1251,0.2778,0,0
global,0.1,50vs200,1500,PAN2,200,200,100,0.01276187,1.74608,50,100,5,32,0.1,0.0435,0.2136,0.32,0.2367,0.4166,0,0
global,0.01,50vs200,1500,PAN1,50,100,40,0.01276187,3.24356,50,100,0,1,0.0,0.0,0.0714,0.01,0.0018,0.0545,0,0
global,0.05,50vs200,1500,PAN1,50,100,40,0.01276187,2.14737,50,100,5,14,0.1,0.0435,0.2136,0.14,0.0853,0.2214,0,0
global,0.1,50vs200,1500,PAN1,50,100,40,0.01276187,1.74608,50,100,10,29,0.2,0.1124,0.3304,0.29,0.2101,0.3854,0,0
global,0.01,50vs200,1500,PAN2,200,40,100,0.01276187,3.24356,50,100,0,9,0.0,0.0,0.0714,0.09,0.0481,0.1623,0,0
global,0.05,50vs200,1500,PAN2,200,40,100,0.01276187,2.14737,50,100,0,30,0.0,0.0,0.0714,0.3,0.2189,0.3959,0,0
global,0.1,50vs200,1500,PAN2,200,40,100,0.01276187,1.74608,50,100,0,43,0.0,0.0,0.0714,0.43,0.3373,0.5278,0,0
global,0.01,50vs200,1500,PAN1,50,100,60,0.01276187,3.24356,50,100,0,4,0.0,0.0,0.0714,0.04,0.0157,0.0984,0,0
global,0.05,50vs200,1500,PAN1,50,100,60,0.01276187,2.14737,50,100,5,21,0.1,0.0435,0.2136,0.21,0.1417,0.2998,0,0
global,0.1,50vs200,1500,PAN1,50,100,60,0.01276187,1.74608,50,100,10,32,0.2,0.1124,0.3304,0.32,0.2367,0.4166,0,0
global,0.01,50vs200,1500,PAN2,200,60,100,0.01276187,3.24356,50,100,0,12,0.0,0.0,0.0714,0.12,0.07,0.1981,0,0
global,0.05,50vs200,1500,PAN2,200,60,100,0.01276187,2.14737,50,100,0,28,0.0,0.0,0.0714,0.28,0.2014,0.3749,0,0
global,0.1,50vs200,1500,PAN2,200,60,100,0.01276187,1.74608,50,100,1,44,0.02,0.0035,0.105,0.44,0.3467,0.5377,0,0
global,0.01,50vs200,1500,PAN1,50,100,80,0.01276187,3.24356,50,100,0,20,0.0,0.0,0.0714,0.2,0.1334,0.2888,0,0
global,0.05,50vs200,1500,PAN1,50,100,80,0.01276187,2.14737,50,100,5,35,0.1,0.0435,0.2136,0.35,0.2636,0.4475,0,0
global,0.1,50vs200,1500,PAN1,50,100,80,0.01276187,1.74608,50,100,10,46,0.2,0.1124,0.3304,0.46,0.3656,0.5574,0,0
global,0.01,50vs200,1500,PAN2,200,80,100,0.01276187,3.24356,50,100,0,13,0.0,0.0,0.0714,0.13,0.0776,0.2098,0,0
global,0.05,50vs200,1500,PAN2,200,80,100,0.01276187,2.14737,50,100,0,39,0.0,0.0,0.0714,0.39,0.3002,0.488,0,0
global,0.1,50vs200,1500,PAN2,200,80,100,0.01276187,1.74608,50,100,2,57,0.04,0.011,0.1346,0.57,0.4722,0.6627,0,0
global,0.01,50vs200,1500,PAN1,50,120,100,0.01276187,3.24356,50,99,1,15,0.02,0.0035,0.105,0.1515,0.094,0.235,0,0
global,0.05,50vs200,1500,PAN1,50,120,100,0.01276187,2.14737,50,99,2,33,0.04,0.011,0.1346,0.3333,0.2482,0.4309,0,0
global,0.1,50vs200,1500,PAN1,50,120,100,0.01276187,1.74608,50,99,4,50,0.08,0.0315,0.1884,0.5051,0.4082,0.6015,0,0
global,0.01,50vs200,1500,PAN2,200,100,120,0.01276187,3.24356,50,100,1,8,0.02,0.0035,0.105,0.08,0.0411,0.15,0,0
global,0.05,50vs200,1500,PAN2,200,100,120,0.01276187,2.14737,50,100,2,32,0.04,0.011,0.1346,0.32,0.2367,0.4166,0,0
global,0.1,50vs200,1500,PAN2,200,100,120,0.01276187,1.74608,50,100,2,49,0.04,0.011,0.1346,0.49,0.3942,0.5865,0,0
global,0.01,50vs200,1500,PAN1,50,120,120,0.01276187,3.24356,50,99,1,13,0.02,0.0035,0.105,0.1313,0.0784,0.2118,0,0
global,0.05,50vs200,1500,PAN1,50,120,120,0.01276187,2.14737,50,99,2,39,0.04,0.011,0.1346,0.3939,0.3034,0.4924,0,0
global,0.1,50vs200,1500,PAN1,50,120,120,0.01276187,1.74608,50,99,4,52,0.08,0.0315,0.1884,0.5253,0.4278,0.6208,0,0
global,0.01,50vs200,1500,PAN2,200,120,120,0.01276187,3.24356,50,100,1,5,0.02,0.0035,0.105,0.05,0.0215,0.1118,0,0
global,0.05,50vs200,1500,PAN2,200,120,120,0.01276187,2.14737,50,100,1,25,0.02,0.0035,0.105,0.25,0.1755,0.343,0,0
global,0.1,50vs200,1500,PAN2,200,120,120,0.01276187,1.74608,50,100,1,40,0.02,0.0035,0.105,0.4,0.3094,0.498,0,0
global,0.01,50vs200,1500,PAN1,50,120,140,0.01276187,3.24356,50,99,1,21,0.02,0.0035,0.105,0.2121,0.1431,0.3026,0,0
global,0.05,50vs200,1500,PAN1,50,120,140,0.01276187,2.14737,50,99,2,43,0.04,0.011,0.1346,0.4343,0.341,0.5326,0,0
global,0.1,50vs200,1500,PAN1,50,120,140,0.01276187,1.74608,50,99,4,57,0.08,0.0315,0.1884,0.5758,0.4774,0.6685,0,0
global,0.01,50vs200,1500,PAN2,200,140,120,0.01276187,3.24356,50,100,1,6,0.02,0.0035,0.105,0.06,0.0278,0.1248,0,0
global,0.05,50vs200,1500,PAN2,200,140,120,0.01276187,2.14737,50,100,2,19,0.04,0.011,0.1346,0.19,0.1251,0.2778,0,0
global,0.1,50vs200,1500,PAN2,200,140,120,0.01276187,1.74608,50,100,3,33,0.06,0.0206,0.1622,0.33,0.2456,0.4269,0,0
global,0.01,50vs200,1500,PAN1,50,120,160,0.01276187,3.24356,50,100,1,15,0.02,0.0035,0.105,0.15,0.0931,0.2328,0,0
global,0.05,50vs200,1500,PAN1,50,120,160,0.01276187,2.14737,50,100,2,33,0.04,0.011,0.1346,0.33,0.2456,0.4269,0,0
global,0.1,50vs200,1500,PAN1,50,120,160,0.01276187,1.74608,50,100,4,46,0.08,0.0315,0.1884,0.46,0.3656,0.5574,0,0
global,0.01,50vs200,1500,PAN2,200,160,120,0.01276187,3.24356,50,100,0,5,0.0,0.0,0.0714,0.05,0.0215,0.1118,0,0
global,0.05,50vs200,1500,PAN2,200,160,120,0.01276187,2.14737,50,100,2,23,0.04,0.011,0.1346,0.23,0.1584,0.3215,0,0
global,0.1,50vs200,1500,PAN2,200,160,120,0.01276187,1.74608,50,100,4,36,0.08,0.0315,0.1884,0.36,0.2727,0.4576,0,0
global,0.01,50vs200,1500,PAN1,50,120,180,0.01276187,3.24356,50,99,1,21,0.02,0.0035,0.105,0.2121,0.1431,0.3026,0,0
global,0.05,50vs200,1500,PAN1,50,120,180,0.01276187,2.14737,50,99,2,43,0.04,0.011,0.1346,0.4343,0.341,0.5326,0,0
global,0.1,50vs200,1500,PAN1,50,120,180,0.01276187,1.74608,50,99,4,47,0.08,0.0315,0.1884,0.4747,0.3792,0.5722,0,0
global,0.01,50vs200,1500,PAN2,200,180,120,0.01276187,3.24356,50,100,1,2,0.02,0.0035,0.105,0.02,0.0055,0.07,0,0
global,0.05,50vs200,1500,PAN2,200,180,120,0.01276187,2.14737,50,100,3,22,0.06,0.0206,0.1622,0.22,0.15,0.3107,0,0
global,0.1,50vs200,1500,PAN2,200,180,120,0.01276187,1.74608,50,100,4,31,0.08,0.0315,0.1884,0.31,0.2278,0.4063,0,0
global,0.01,50vs200,1500,PAN1,50,120,20,0.01276187,3.24356,50,100,1,0,0.02,0.0035,0.105,0.0,0.0,0.037,0,0
global,0.05,50vs200,1500,PAN1,50,120,20,0.01276187,2.14737,50,100,2,7,0.04,0.011,0.1346,0.07,0.0343,0.1375,0,0
global,0.1,50vs200,1500,PAN1,50,120,20,0.01276187,1.74608,50,100,4,17,0.08,0.0315,0.1884,0.17,0.1089,0.2555,0,0
global,0.01,50vs200,1500,PAN2,200,20,120,0.01276187,3.24356,50,100,0,8,0.0,0.0,0.0714,0.08,0.0411,0.15,0,0
global,0.05,50vs200,1500,PAN2,200,20,120,0.01276187,2.14737,50,100,0,25,0.0,0.0,0.0714,0.25,0.1755,0.343,0,0
global,0.1,50vs200,1500,PAN2,200,20,120,0.01276187,1.74608,50,100,0,39,0.0,0.0,0.0714,0.39,0.3002,0.488,0,0
global,0.01,50vs200,1500,PAN1,50,120,200,0.01276187,3.24356,50,100,1,19,0.02,0.0035,0.105,0.19,0.1251,0.2778,0,0
global,0.05,50vs200,1500,PAN1,50,120,200,0.01276187,2.14737,50,100,2,45,0.04,0.011,0.1346,0.45,0.3561,0.5476,0,0
global,0.1,50vs200,1500,PAN1,50,120,200,0.01276187,1.74608,50,100,4,60,0.08,0.0315,0.1884,0.6,0.502,0.6906,0,0
global,0.01,50vs200,1500,PAN2,200,200,120,0.01276187,3.24356,50,100,1,3,0.02,0.0035,0.105,0.03,0.0103,0.0845,0,0
global,0.05,50vs200,1500,PAN2,200,200,120,0.01276187,2.14737,50,100,4,15,0.08,0.0315,0.1884,0.15,0.0931,0.2328,0,0
global,0.1,50vs200,1500,PAN2,200,200,120,0.01276187,1.74608,50,100,5,29,0.1,0.0435,0.2136,0.29,0.2101,0.3854,0,0
global,0.01,50vs200,1500,PAN1,50,120,40,0.01276187,3.24356,50,100,1,5,0.02,0.0035,0.105,0.05,0.0215,0.1118,0,0
global,0.05,50vs200,1500,PAN1,50,120,40,0.01276187,2.14737,50,100,2,18,0.04,0.011,0.1346,0.18,0.117,0.2667,0,0
global,0.1,50vs200,1500,PAN1,50,120,40,0.01276187,1.74608,50,100,4,27,0.08,0.0315,0.1884,0.27,0.1927,0.3643,0,0
global,0.01,50vs200,1500,PAN2,200,40,120,0.01276187,3.24356,50,100,0,8,0.0,0.0,0.0714,0.08,0.0411,0.15,0,0
global,0.05,50vs200,1500,PAN2,200,40,120,0.01276187,2.14737,50,100,0,31,0.0,0.0,0.0714,0.31,0.2278,0.4063,0,0
global,0.1,50vs200,1500,PAN2,200,40,120,0.01276187,1.74608,50,100,0,45,0.0,0.0,0.0714,0.45,0.3561,0.5476,0,0
global,0.01,50vs200,1500,PAN1,50,120,60,0.01276187,3.24356,50,100,1,1,0.02,0.0035,0.105,0.01,0.0018,0.0545,0,0
global,0.05,50vs200,1500,PAN1,50,120,60,0.01276187,2.14737,50,100,2,18,0.04,0.011,0.1346,0.18,0.117,0.2667,0,0
global,0.1,50vs200,1500,PAN1,50,120,60,0.01276187,1.74608,50,100,4,33,0.08,0.0315,0.1884,0.33,0.2456,0.4269,0,0
global,0.01,50vs200,1500,PAN2,200,60,120,0.01276187,3.24356,50,100,0,7,0.0,0.0,0.0714,0.07,0.0343,0.1375,0,0
global,0.05,50vs200,1500,PAN2,200,60,120,0.01276187,2.14737,50,100,0,23,0.0,0.0,0.0714,0.23,0.1584,0.3215,0,0
global,0.1,50vs200,1500,PAN2,200,60,120,0.01276187,1.74608,50,100,1,42,0.02,0.0035,0.105,0.42,0.328,0.5179,0,0
global,0.01,50vs200,1500,PAN1,50,120,80,0.01276187,3.24356,50,100,1,19,0.02,0.0035,0.105,0.19,0.1251,0.2778,0,0
global,0.05,50vs200,1500,PAN1,50,120,80,0.01276187,2.14737,50,100,2,35,0.04,0.011,0.1346,0.35,0.2636,0.4475,0,0
global,0.1,50vs200,1500,PAN1,50,120,80,0.01276187,1.74608,50,100,4,46,0.08,0.0315,0.1884,0.46,0.3656,0.5574,0,0
global,0.01,50vs200,1500,PAN2,200,80,120,0.01276187,3.24356,50,100,0,10,0.0,0.0,0.0714,0.1,0.0552,0.1744,0,0
global,0.05,50vs200,1500,PAN2,200,80,120,0.01276187,2.14737,50,100,0,35,0.0,0.0,0.0714,0.35,0.2636,0.4475,0,0
global,0.1,50vs200,1500,PAN2,200,80,120,0.01276187,1.74608,50,100,2,55,0.04,0.011,0.1346,0.55,0.4524,0.6439,0,0
global,0.01,50vs200,1500,PAN1,50,140,100,0.01276187,3.24356,50,100,0,13,0.0,0.0,0.0714,0.13,0.0776,0.2098,0,0
global,0.05,50vs200,1500,PAN1,50,140,100,0.01276187,2.14737,50,100,0,31,0.0,0.0,0.0714,0.31,0.2278,0.4063,0,0
global,0.1,50vs200,1500,PAN1,50,140,100,0.01276187,1.74608,50,100,7,38,0.14,0.0695,0.2619,0.38,0.291,0.4779,0,0
global,0.01,50vs200,1500,PAN2,200,100,140,0.01276187,3.24356,50,100,1,7,0.02,0.0035,0.105,0.07,0.0343,0.1375,0,0
global,0.05,50vs200,1500,PAN2,200,100,140,0.01276187,2.14737,50,100,2,30,0.04,0.011,0.1346,0.3,0.2189,0.3959,0,0
global,0.1,50vs200,1500,PAN2,200,100,140,0.01276187,1.74608,50,100,2,46,0.04,0.011,0.1346,0.46,0.3656,0.5574,0,0
global,0.01,50vs200,1500,PAN1,50,140,120,0.01276187,3.24356,50,99,0,16,0.0,0.0,0.0714,0.1616,0.102,0.2465,0,0
global,0.05,50vs200,1500,PAN1,50,140,120,0.01276187,2.14737,50,99,0,39,0.0,0.0,0.0714,0.3939,0.3034,0.4924,0,0
global,0.1,50vs200,1500,PAN1,50,140,120,0.01276187,1.74608,50,99,7,48,0.14,0.0695,0.2619,0.4848,0.3888,0.582,0,0
global,0.01,50vs200,1500,PAN2,200,120,140,0.01276187,3.24356,50,100,1,6,0.02,0.0035,0.105,0.06,0.0278,0.1248,0,0
global,0.05,50vs200,1500,PAN2,200,120,140,0.01276187,2.14737,50,100,1,22,0.02,0.0035,0.105,0.22,0.15,0.3107,0,0
global,0.1,50vs200,1500,PAN2,200,120,140,0.01276187,1.74608,50,100,1,42,0.02,0.0035,0.105,0.42,0.328,0.5179,0,0
global,0.01,50vs200,1500,PAN1,50,140,140,0.01276187,3.24356,50,100,0,15,0.0,0.0,0.0714,0.15,0.0931,0.2328,0,0
global,0.05,50vs200,1500,PAN1,50,140,140,0.01276187,2.14737,50,100,0,28,0.0,0.0,0.0714,0.28,0.2014,0.3749,0,0
global,0.1,50vs200,1500,PAN1,50,140,140,0.01276187,1.74608,50,100,7,46,0.14,0.0695,0.2619,0.46,0.3656,0.5574,0,0
global,0.01,50vs200,1500,PAN2,200,140,140,0.01276187,3.24356,50,100,1,5,0.02,0.0035,0.105,0.05,0.0215,0.1118,0,0
global,0.05,50vs200,1500,PAN2,200,140,140,0.01276187,2.14737,50,100,2,17,0.04,0.011,0.1346,0.17,0.1089,0.2555,0,0
global,0.1,50vs200,1500,PAN2,200,140,140,0.01276187,1.74608,50,100,3,37,0.06,0.0206,0.1622,0.37,0.2818,0.4678,0,0
global,0.01,50vs200,1500,PAN1,50,140,160,0.01276187,3.24356,50,100,0,13,0.0,0.0,0.0714,0.13,0.0776,0.2098,0,0
global,0.05,50vs200,1500,PAN1,50,140,160,0.01276187,2.14737,50,100,0,38,0.0,0.0,0.0714,0.38,0.291,0.4779,0,0
global,0.1,50vs200,1500,PAN1,50,140,160,0.01276187,1.74608,50,100,7,47,0.14,0.0695,0.2619,0.47,0.3751,0.5671,0,0
global,0.01,50vs200,1500,PAN2,200,160,140,0.01276187,3.24356,50,100,0,6,0.0,0.0,0.0714,0.06,0.0278,0.1248,0,0
global,0.05,50vs200,1500,PAN2,200,160,140,0.01276187,2.14737,50,100,2,20,0.04,0.011,0.1346,0.2,0.1334,0.2888,0,0
global,0.1,50vs200,1500,PAN2,200,160,140,0.01276187,1.74608,50,100,4,29,0.08,0.0315,0.1884,0.29,0.2101,0.3854,0,0
global,0.01,50vs200,1500,PAN1,50,140,180,0.01276187,3.24356,50,100,0,20,0.0,0.0,0.0714,0.2,0.1334,0.2888,0,0
global,0.05,50vs200,1500,PAN1,50,140,180,0.01276187,2.14737,50,100,0,46,0.0,0.0,0.0714,0.46,0.3656,0.5574,0,0
global,0.1,50vs200,1500,PAN1,50,140,180,0.01276187,1.74608,50,100,7,58,0.14,0.0695,0.2619,0.58,0.4821,0.672,0,0
global,0.01,50vs200,1500,PAN2,200,180,140,0.01276187,3.24356,50,100,1,4,0.02,0.0035,0.105,0.04,0.0157,0.0984,0,0
global,0.05,50vs200,1500,PAN2,200,180,140,0.01276187,2.14737,50,100,3,21,0.06,0.0206,0.1622,0.21,0.1417,0.2998,0,0
global,0.1,50vs200,1500,PAN2,200,180,140,0.01276187,1.74608,50,100,4,34,0.08,0.0315,0.1884,0.34,0.2546,0.4372,0,0
global,0.01,50vs200,1500,PAN1,50,140,20,0.01276187,3.24356,50,100,0,2,0.0,0.0,0.0714,0.02,0.0055,0.07,0,0
global,0.05,50vs200,1500,PAN1,50,140,20,0.01276187,2.14737,50,100,0,11,0.0,0.0,0.0714,0.11,0.0625,0.1863,0,0
global,0.1,50vs200,1500,PAN1,50,140,20,0.01276187,1.74608,50,100,7,20,0.14,0.0695,0.2619,0.2,0.1334,0.2888,0,0
global,0.01,50vs200,1500,PAN2,200,20,140,0.01276187,3.24356,50,100,0,3,0.0,0.0,0.0714,0.03,0.0103,0.0845,0,0
global,0.05,50vs200,1500,PAN2,200,20,140,0.01276187,2.14737,50,100,0,22,0.0,0.0,0.0714,0.22,0.15,0.3107,0,0
global,0.1,50vs200,1500,PAN2,200,20,140,0.01276187,1.74608,50,100,0,42,0.0,0.0,0.0714,0.42,0.328,0.5179,0,0
global,0.01,50vs200,1500,PAN1,50,140,200,0.01276187,3.24356,50,100,0,20,0.0,0.0,0.0714,0.2,0.1334,0.2888,0,0
global,0.05,50vs200,1500,PAN1,50,140,200,0.01276187,2.14737,50,100,0,45,0.0,0.0,0.0714,0.45,0.3561,0.5476,0,0
global,0.1,50vs200,1500,PAN1,50,140,200,0.01276187,1.74608,50,100,7,52,0.14,0.0695,0.2619,0.52,0.4232,0.6154,0,0
global,0.01,50vs200,1500,PAN2,200,200,140,0.01276187,3.24356,50,100,1,1,0.02,0.0035,0.105,0.01,0.0018,0.0545,0,0
global,0.05,50vs200,1500,PAN2,200,200,140,0.01276187,2.14737,50,100,4,20,0.08,0.0315,0.1884,0.2,0.1334,0.2888,0,0
global,0.1,50vs200,1500,PAN2,200,200,140,0.01276187,1.74608,50,100,5,29,0.1,0.0435,0.2136,0.29,0.2101,0.3854,0,0
global,0.01,50vs200,1500,PAN1,50,140,40,0.01276187,3.24356,50,100,0,0,0.0,0.0,0.0714,0.0,0.0,0.037,0,0
global,0.05,50vs200,1500,PAN1,50,140,40,0.01276187,2.14737,50,100,0,12,0.0,0.0,0.0714,0.12,0.07,0.1981,0,0
global,0.1,50vs200,1500,PAN1,50,140,40,0.01276187,1.74608,50,100,7,17,0.14,0.0695,0.2619,0.17,0.1089,0.2555,0,0
global,0.01,50vs200,1500,PAN2,200,40,140,0.01276187,3.24356,50,100,0,6,0.0,0.0,0.0714,0.06,0.0278,0.1248,0,0
global,0.05,50vs200,1500,PAN2,200,40,140,0.01276187,2.14737,50,100,0,31,0.0,0.0,0.0714,0.31,0.2278,0.4063,0,0
global,0.1,50vs200,1500,PAN2,200,40,140,0.01276187,1.74608,50,100,0,47,0.0,0.0,0.0714,0.47,0.3751,0.5671,0,0
global,0.01,50vs200,1500,PAN1,50,140,60,0.01276187,3.24356,50,100,0,6,0.0,0.0,0.0714,0.06,0.0278,0.1248,0,0
global,0.05,50vs200,1500,PAN1,50,140,60,0.01276187,2.14737,50,100,0,17,0.0,0.0,0.0714,0.17,0.1089,0.2555,0,0
global,0.1,50vs200,1500,PAN1,50,140,60,0.01276187,1.74608,50,100,7,30,0.14,0.0695,0.2619,0.3,0.2189,0.3959,0,0
global,0.01,50vs200,1500,PAN2,200,60,140,0.01276187,3.24356,50,100,0,10,0.0,0.0,0.0714,0.1,0.0552,0.1744,0,0
global,0.05,50vs200,1500,PAN2,200,60,140,0.01276187,2.14737,50,100,0,28,0.0,0.0,0.0714,0.28,0.2014,0.3749,0,0
global,0.1,50vs200,1500,PAN2,200,60,140,0.01276187,1.74608,50,100,1,51,0.02,0.0035,0.105,0.51,0.4135,0.6058,0,0
global,0.01,50vs200,1500,PAN1,50,140,80,0.01276187,3.24356,50,100,0,16,0.0,0.0,0.0714,0.16,0.101,0.2442,0,0
global,0.05,50vs200,1500,PAN1,50,140,80,0.01276187,2.14737,50,100,0,32,0.0,0.0,0.0714,0.32,0.2367,0.4166,0,0
global,0.1,50vs200,1500,PAN1,50,140,80,0.01276187,1.74608,50,100,7,38,0.14,0.0695,0.2619,0.38,0.291,0.4779,0,0
global,0.01,50vs200,1500,PAN2,200,80,140,0.01276187,3.24356,50,100,0,12,0.0,0.0,0.0714,0.12,0.07,0.1981,0,0
global,0.05,50vs200,1500,PAN2,200,80,140,0.01276187,2.14737,50,100,0,34,0.0,0.0,0.0714,0.34,0.2546,0.4372,0,0
global,0.1,50vs200,1500,PAN2,200,80,140,0.01276187,1.74608,50,100,2,55,0.04,0.011,0.1346,0.55,0.4524,0.6439,0,0
global,0.01,50vs200,1500,PAN1,50,160,100,0.01276187,3.24356,50,100,0,12,0.0,0.0,0.0714,0.12,0.07,0.1981,0,0
global,0.05,50vs200,1500,PAN1,50,160,100,0.01276187,2.14737,50,100,6,27,0.12,0.0562,0.2381,0.27,0.1927,0.3643,0,0
global,0.1,50vs200,1500,PAN1,50,160,100,0.01276187,1.74608,50,100,9,36,0.18,0.0977,0.308,0.36,0.2727,0.4576,0,0
global,0.01,50vs200,1500,PAN2,200,100,160,0.01276187,3.24356,50,100,1,11,0.02,0.0035,0.105,0.11,0.0625,0.1863,0,0
global,0.05,50vs200,1500,PAN2,200,100,160,0.01276187,2.14737,50,100,2,33,0.04,0.011,0.1346,0.33,0.2456,0.4269,0,0
global,0.1,50vs200,1500,PAN2,200,100,160,0.01276187,1.74608,50,100,2,48,0.04,0.011,0.1346,0.48,0.3846,0.5768,0,0
global,0.01,50vs200,1500,PAN1,50,160,120,0.01276187,3.24356,50,100,0,13,0.0,0.0,0.0714,0.13,0.0776,0.2098,0,0
global,0.05,50vs200,1500,PAN1,50,160,120,0.01276187,2.14737,50,100,6,35,0.12,0.0562,0.2381,0.35,0.2636,0.4475,0,0
global,0.1,50vs200,1500,PAN1,50,160,120,0.01276187,1.74608,50,100,9,45,0.18,0.0977,0.308,0.45,0.3561,0.5476,0,0
global,0.01,50vs200,1500,PAN2,200,120,160,0.01276187,3.24356,50,100,1,4,0.02,0.0035,0.105,0.04,0.0157,0.0984,0,0
global,0.05,50vs200,1500,PAN2,200,120,160,0.01276187,2.14737,50,100,1,22,0.02,0.0035,0.105,0.22,0.15,0.3107,0,0
global,0.1,50vs200,1500,PAN2,200,120,160,0.01276187,1.74608,50,100,1,48,0.02,0.0035,0.105,0.48,0.3846,0.5768,0,0
global,0.01,50vs200,1500,PAN1,50,160,140,0.01276187,3.24356,50,100,0,20,0.0,0.0,0.0714,0.2,0.1334,0.2888,0,0
global,0.05,50vs200,1500,PAN1,50,160,140,0.01276187,2.14737,50,100,6,37,0.12,0.0562,0.2381,0.37,0.2818,0.4678,0,0
global,0.1,50vs200,1500,PAN1,50,160,140,0.01276187,1.74608,50,100,9,46,0.18,0.0977,0.308,0.46,0.3656,0.5574,0,0
global,0.01,50vs200,1500,PAN2,200,140,160,0.01276187,3.24356,50,100,1,2,0.02,0.0035,0.105,0.02,0.0055,0.07,0,0
global,0.05,50vs200,1500,PAN2,200,140,160,0.01276187,2.14737,50,100,2,19,0.04,0.011,0.1346,0.19,0.1251,0.2778,0,0
global,0.1,50vs200,1500,PAN2,200,140,160,0.01276187,1.74608,50,100,3,42,0.06,0.0206,0.1622,0.42,0.328,0.5179,0,0
global,0.01,50vs200,1500,PAN1,50,160,160,0.01276187,3.24356,50,100,0,14,0.0,0.0,0.0714,0.14,0.0853,0.2214,0,0
global,0.05,50vs200,1500,PAN1,50,160,160,0.01276187,2.14737,50,100,6,36,0.12,0.0562,0.2381,0.36,0.2727,0.4576,0,0
global,0.1,50vs200,1500,PAN1,50,160,160,0.01276187,1.74608,50,100,9,44,0.18,0.0977,0.308,0.44,0.3467,0.5377,0,0
global,0.01,50vs200,1500,PAN2,200,160,160,0.01276187,3.24356,50,100,0,2,0.0,0.0,0.0714,0.02,0.0055,0.07,0,0
global,0.05,50vs200,1500,PAN2,200,160,160,0.01276187,2.14737,50,100,2,13,0.04,0.011,0.1346,0.13,0.0776,0.2098,0,0
global,0.1,50vs200,1500,PAN2,200,160,160,0.01276187,1.74608,50,100,4,28,0.08,0.0315,0.1884,0.28,0.2014,0.3749,0,0
global,0.01,50vs200,1500,PAN1,50,160,180,0.01276187,3.24356,50,99,0,12,0.0,0.0,0.0714,0.1212,0.0707,0.2,0,0
global,0.05,50vs200,1500,PAN1,50,160,180,0.01276187,2.14737,50,99,6,30,0.12,0.0562,0.2381,0.303,0.2213,0.3995,0,0
global,0.1,50vs200,1500,PAN1,50,160,180,0.01276187,1.74608,50,99,9,41,0.18,0.0977,0.308,0.4141,0.3221,0.5126,0,0
global,0.01,50vs200,1500,PAN2,200,180,160,0.01276187,3.24356,50,100,1,2,0.02,0.0035,0.105,0.02,0.0055,0.07,0,0
global,0.05,50vs200,1500,PAN2,200,180,160,0.01276187,2.14737,50,100,3,15,0.06,0.0206,0.1622,0.15,0.0931,0.2328,0,0
global,0.1,50vs200,1500,PAN2,200,180,160,0.01276187,1.74608,50,100,4,25,0.08,0.0315,0.1884,0.25,0.1755,0.343,0,0
global,0.01,50vs200,1500,PAN1,50,160,20,0.01276187,3.24356,50,99,0,2,0.0,0.0,0.0714,0.0202,0.0056,0.0707,0,0
global,0.05,50vs200,1500,PAN1,50,160,20,0.01276187,2.14737,50,99,6,3,0.12,0.0562,0.2381,0.0303,0.0104,0.0853,0,0
global,0.1,50vs200,1500,PAN1,50,160,20,0.01276187,1.74608,50,99,9,7,0.18,0.0977,0.308,0.0707,0.0347,0.1388,0,0
global,0.01,50vs200,1500,PAN2,200,20,160,0.01276187,3.24356,50,100,0,5,0.0,0.0,0.0714,0.05,0.0215,0.1118,0,0
global,0.05,50vs200,1500,PAN2,200,20,160,0.01276187,2.14737,50,100,0,20,0.0,0.0,0.0714,0.2,0.1334,0.2888,0,0
global,0.1,50vs200,1500,PAN2,200,20,160,0.01276187,1.74608,50,100,0,36,0.0,0.0,0.0714,0.36,0.2727,0.4576,0,0
global,0.01,50vs200,1500,PAN1,50,160,200,0.01276187,3.24356,50,100,0,17,0.0,0.0,0.0714,0.17,0.1089,0.2555,0,0
global,0.05,50vs200,1500,PAN1,50,160,200,0.01276187,2.14737,50,100,6,39,0.12,0.0562,0.2381,0.39,0.3002,0.488,0,0
global,0.1,50vs200,1500,PAN1,50,160,200,0.01276187,1.74608,50,100,9,53,0.18,0.0977,0.308,0.53,0.4329,0.6249,0,0
global,0.01,50vs200,1500,PAN2,200,200,160,0.01276187,3.24356,50,100,1,2,0.02,0.0035,0.105,0.02,0.0055,0.07,0,0
global,0.05,50vs200,1500,PAN2,200,200,160,0.01276187,2.14737,50,100,4,14,0.08,0.0315,0.1884,0.14,0.0853,0.2214,0,0
global,0.1,50vs200,1500,PAN2,200,200,160,0.01276187,1.74608,50,100,5,30,0.1,0.0435,0.2136,0.3,0.2189,0.3959,0,0
global,0.01,50vs200,1500,PAN1,50,160,40,0.01276187,3.24356,50,100,0,0,0.0,0.0,0.0714,0.0,0.0,0.037,0,0
global,0.05,50vs200,1500,PAN1,50,160,40,0.01276187,2.14737,50,100,6,11,0.12,0.0562,0.2381,0.11,0.0625,0.1863,0,0
global,0.1,50vs200,1500,PAN1,50,160,40,0.01276187,1.74608,50,100,9,22,0.18,0.0977,0.308,0.22,0.15,0.3107,0,0
global,0.01,50vs200,1500,PAN2,200,40,160,0.01276187,3.24356,50,100,0,5,0.0,0.0,0.0714,0.05,0.0215,0.1118,0,0
global,0.05,50vs200,1500,PAN2,200,40,160,0.01276187,2.14737,50,100,0,32,0.0,0.0,0.0714,0.32,0.2367,0.4166,0,0
global,0.1,50vs200,1500,PAN2,200,40,160,0.01276187,1.74608,50,100,0,49,0.0,0.0,0.0714,0.49,0.3942,0.5865,0,0
global,0.01,50vs200,1500,PAN1,50,160,60,0.01276187,3.24356,50,100,0,3,0.0,0.0,0.0714,0.03,0.0103,0.0845,0,0
global,0.05,50vs200,1500,PAN1,50,160,60,0.01276187,2.14737,50,100,6,17,0.12,0.0562,0.2381,0.17,0.1089,0.2555,0,0
global,0.1,50vs200,1500,PAN1,50,160,60,0.01276187,1.74608,50,100,9,28,0.18,0.0977,0.308,0.28,0.2014,0.3749,0,0
global,0.01,50vs200,1500,PAN2,200,60,160,0.01276187,3.24356,50,100,0,11,0.0,0.0,0.0714,0.11,0.0625,0.1863,0,0
global,0.05,50vs200,1500,PAN2,200,60,160,0.01276187,2.14737,50,100,0,32,0.0,0.0,0.0714,0.32,0.2367,0.4166,0,0
global,0.1,50vs200,1500,PAN2,200,60,160,0.01276187,1.74608,50,100,1,48,0.02,0.0035,0.105,0.48,0.3846,0.5768,0,0
global,0.01,50vs200,1500,PAN1,50,160,80,0.01276187,3.24356,50,97,0,11,0.0,0.0,0.0714,0.1134,0.0645,0.1917,0,0
global,0.05,50vs200,1500,PAN1,50,160,80,0.01276187,2.14737,50,97,6,27,0.12,0.0562,0.2381,0.2784,0.1989,0.3747,0,0
global,0.1,50vs200,1500,PAN1,50,160,80,0.01276187,1.74608,50,97,9,45,0.18,0.0977,0.308,0.4639,0.3679,0.5626,0,0
global,0.01,50vs200,1500,PAN2,200,80,160,0.01276187,3.24356,50,100,0,8,0.0,0.0,0.0714,0.08,0.0411,0.15,0,0
global,0.05,50vs200,1500,PAN2,200,80,160,0.01276187,2.14737,50,100,0,32,0.0,0.0,0.0714,0.32,0.2367,0.4166,0,0
global,0.1,50vs200,1500,PAN2,200,80,160,0.01276187,1.74608,50,100,2,56,0.04,0.011,0.1346,0.56,0.4623,0.6533,0,0
global,0.01,50vs200,1500,PAN1,50,180,100,0.01276187,3.24356,50,100,0,9,0.0,0.0,0.0714,0.09,0.0481,0.1623,0,0
global,0.05,50vs200,1500,PAN1,50,180,100,0.01276187,2.14737,50,100,3,26,0.06,0.0206,0.1622,0.26,0.184,0.3537,0,0
global,0.1,50vs200,1500,PAN1,50,180,100,0.01276187,1.74608,50,100,5,37,0.1,0.0435,0.2136,0.37,0.2818,0.4678,0,0
global,0.01,50vs200,1500,PAN2,200,100,180,0.01276187,3.24356,50,100,1,7,0.02,0.0035,0.105,0.07,0.0343,0.1375,0,0
global,0.05,50vs200,1500,PAN2,200,100,180,0.01276187,2.14737,50,100,2,27,0.04,0.011,0.1346,0.27,0.1927,0.3643,0,0
global,0.1,50vs200,1500,PAN2,200,100,180,0.01276187,1.74608,50,100,2,41,0.04,0.011,0.1346,0.41,0.3187,0.508,0,0
global,0.01,50vs200,1500,PAN1,50,180,120,0.01276187,3.24356,50,100,0,18,0.0,0.0,0.0714,0.18,0.117,0.2667,0,0
global,0.05,50vs200,1500,PAN1,50,180,120,0.01276187,2.14737,50,100,3,39,0.06,0.0206,0.1622,0.39,0.3002,0.488,0,0
global,0.1,50vs200,1500,PAN1,50,180,120,0.01276187,1.74608,50,100,5,51,0.1,0.0435,0.2136,0.51,0.4135,0.6058,0,0
global,0.01,50vs200,1500,PAN2,200,120,180,0.01276187,3.24356,50,100,1,7,0.02,0.0035,0.105,0.07,0.0343,0.1375,0,0
global,0.05,50vs200,1500,PAN2,200,120,180,0.01276187,2.14737,50,100,1,21,0.02,0.0035,0.105,0.21,0.1417,0.2998,0,0
global,0.1,50vs200,1500,PAN2,200,120,180,0.01276187,1.74608,50,100,1,40,0.02,0.0035,0.105,0.4,0.3094,0.498,0,0
global,0.01,50vs200,1500,PAN1,50,180,140,0.01276187,3.24356,50,100,0,13,0.0,0.0,0.0714,0.13,0.0776,0.2098,0,0
global,0.05,50vs200,1500,PAN1,50,180,140,0.01276187,2.14737,50,100,3,34,0.06,0.0206,0.1622,0.34,0.2546,0.4372,0,0
global,0.1,50vs200,1500,PAN1,50,180,140,0.01276187,1.74608,50,100,5,41,0.1,0.0435,0.2136,0.41,0.3187,0.508,0,0
global,0.01,50vs200,1500,PAN2,200,140,180,0.01276187,3.24356,50,100,1,1,0.02,0.0035,0.105,0.01,0.0018,0.0545,0,0
global,0.05,50vs200,1500,PAN2,200,140,180,0.01276187,2.14737,50,100,2,18,0.04,0.011,0.1346,0.18,0.117,0.2667,0,0
global,0.1,50vs200,1500,PAN2,200,140,180,0.01276187,1.74608,50,100,3,35,0.06,0.0206,0.1622,0.35,0.2636,0.4475,0,0
global,0.01,50vs200,1500,PAN1,50,180,160,0.01276187,3.24356,50,100,0,10,0.0,0.0,0.0714,0.1,0.0552,0.1744,0,0
global,0.05,50vs200,1500,PAN1,50,180,160,0.01276187,2.14737,50,100,3,34,0.06,0.0206,0.1622,0.34,0.2546,0.4372,0,0
global,0.1,50vs200,1500,PAN1,50,180,160,0.01276187,1.74608,50,100,5,44,0.1,0.0435,0.2136,0.44,0.3467,0.5377,0,0
global,0.01,50vs200,1500,PAN2,200,160,180,0.01276187,3.24356,50,100,0,5,0.0,0.0,0.0714,0.05,0.0215,0.1118,0,0
global,0.05,50vs200,1500,PAN2,200,160,180,0.01276187,2.14737,50,100,2,19,0.04,0.011,0.1346,0.19,0.1251,0.2778,0,0
global,0.1,50vs200,1500,PAN2,200,160,180,0.01276187,1.74608,50,100,4,31,0.08,0.0315,0.1884,0.31,0.2278,0.4063,0,0
global,0.01,50vs200,1500,PAN1,50,180,180,0.01276187,3.24356,50,100,0,16,0.0,0.0,0.0714,0.16,0.101,0.2442,0,0
global,0.05,50vs200,1500,PAN1,50,180,180,0.01276187,2.14737,50,100,3,35,0.06,0.0206,0.1622,0.35,0.2636,0.4475,0,0
global,0.1,50vs200,1500,PAN1,50,180,180,0.01276187,1.74608,50,100,5,45,0.1,0.0435,0.2136,0.45,0.3561,0.5476,0,0
global,0.01,50vs200,1500,PAN2,200,180,180,0.01276187,3.24356,50,100,1,2,0.02,0.0035,0.105,0.02,0.0055,0.07,0,0
global,0.05,50vs200,1500,PAN2,200,180,180,0.01276187,2.14737,50,100,3,15,0.06,0.0206,0.1622,0.15,0.0931,0.2328,0,0
global,0.1,50vs200,1500,PAN2,200,180,180,0.01276187,1.74608,50,100,4,31,0.08,0.0315,0.1884,0.31,0.2278,0.4063,0,0
global,0.01,50vs200,1500,PAN1,50,180,20,0.01276187,3.24356,50,100,0,0,0.0,0.0,0.0714,0.0,0.0,0.037,0,0
global,0.05,50vs200,1500,PAN1,50,180,20,0.01276187,2.14737,50,100,3,8,0.06,0.0206,0.1622,0.08,0.0411,0.15,0,0
global,0.1,50vs200,1500,PAN1,50,180,20,0.01276187,1.74608,50,100,5,15,0.1,0.0435,0.2136,0.15,0.0931,0.2328,0,0
global,0.01,50vs200,1500,PAN2,200,20,180,0.01276187,3.24356,50,100,0,3,0.0,0.0,0.0714,0.03,0.0103,0.0845,0,0
global,0.05,50vs200,1500,PAN2,200,20,180,0.01276187,2.14737,50,100,0,30,0.0,0.0,0.0714,0.3,0.2189,0.3959,0,0
global,0.1,50vs200,1500,PAN2,200,20,180,0.01276187,1.74608,50,100,0,44,0.0,0.0,0.0714,0.44,0.3467,0.5377,0,0
global,0.01,50vs200,1500,PAN1,50,180,200,0.01276187,3.24356,50,100,0,10,0.0,0.0,0.0714,0.1,0.0552,0.1744,0,0
global,0.05,50vs200,1500,PAN1,50,180,200,0.01276187,2.14737,50,100,3,22,0.06,0.0206,0.1622,0.22,0.15,0.3107,0,0
global,0.1,50vs200,1500,PAN1,50,180,200,0.01276187,1.74608,50,100,5,39,0.1,0.0435,0.2136,0.39,0.3002,0.488,0,0
global,0.01,50vs200,1500,PAN2,200,200,180,0.01276187,3.24356,50,100,1,2,0.02,0.0035,0.105,0.02,0.0055,0.07,0,0
global,0.05,50vs200,1500,PAN2,200,200,180,0.01276187,2.14737,50,100,4,11,0.08,0.0315,0.1884,0.11,0.0625,0.1863,0,0
global,0.1,50vs200,1500,PAN2,200,200,180,0.01276187,1.74608,50,100,5,29,0.1,0.0435,0.2136,0.29,0.2101,0.3854,0,0
global,0.01,50vs200,1500,PAN1,50,180,40,0.01276187,3.24356,50,100,0,2,0.0,0.0,0.0714,0.02,0.0055,0.07,0,0
global,0.05,50vs200,1500,PAN1,50,180,40,0.01276187,2.14737,50,100,3,13,0.06,0.0206,0.1622,0.13,0.0776,0.2098,0,0
global,0.1,50vs200,1500,PAN1,50,180,40,0.01276187,1.74608,50,100,5,22,0.1,0.0435,0.2136,0.22,0.15,0.3107,0,0
global,0.01,50vs200,1500,PAN2,200,40,180,0.01276187,3.24356,50,100,0,8,0.0,0.0,0.0714,0.08,0.0411,0.15,0,0
global,0.05,50vs200,1500,PAN2,200,40,180,0.01276187,2.14737,50,100,0,31,0.0,0.0,0.0714,0.31,0.2278,0.4063,0,0
global,0.1,50vs200,1500,PAN2,200,40,180,0.01276187,1.74608,50,100,0,47,0.0,0.0,0.0714,0.47,0.3751,0.5671,0,0
global,0.01,50vs200,1500,PAN1,50,180,60,0.01276187,3.24356,50,100,0,6,0.0,0.0,0.0714,0.06,0.0278,0.1248,0,0
global,0.05,50vs200,1500,PAN1,50,180,60,0.01276187,2.14737,50,100,3,14,0.06,0.0206,0.1622,0.14,0.0853,0.2214,0,0
global,0.1,50vs200,1500,PAN1,50,180,60,0.01276187,1.74608,50,100,5,24,0.1,0.0435,0.2136,0.24,0.1669,0.3323,0,0
global,0.01,50vs200,1500,PAN2,200,60,180,0.01276187,3.24356,50,100,0,8,0.0,0.0,0.0714,0.08,0.0411,0.15,0,0
global,0.05,50vs200,1500,PAN2,200,60,180,0.01276187,2.14737,50,100,0,27,0.0,0.0,0.0714,0.27,0.1927,0.3643,0,0
global,0.1,50vs200,1500,PAN2,200,60,180,0.01276187,1.74608,50,100,1,54,0.02,0.0035,0.105,0.54,0.4426,0.6344,0,0
global,0.01,50vs200,1500,PAN1,50,180,80,0.01276187,3.24356,50,100,0,14,0.0,0.0,0.0714,0.14,0.0853,0.2214,0,0
global,0.05,50vs200,1500,PAN1,50,180,80,0.01276187,2.14737,50,100,3,31,0.06,0.0206,0.1622,0.31,0.2278,0.4063,0,0
global,0.1,50vs200,1500,PAN1,50,180,80,0.01276187,1.74608,50,100,5,45,0.1,0.0435,0.2136,0.45,0.3561,0.5476,0,0
global,0.01,50vs200,1500,PAN2,200,80,180,0.01276187,3.24356,50,100,0,6,0.0,0.0,0.0714,0.06,0.0278,0.1248,0,0
global,0.05,50vs200,1500,PAN2,200,80,180,0.01276187,2.14737,50,100,0,34,0.0,0.0,0.0714,0.34,0.2546,0.4372,0,0
global,0.1,50vs200,1500,PAN2,200,80,180,0.01276187,1.74608,50,100,2,51,0.04,0.011,0.1346,0.51,0.4135,0.6058,0,0
global,0.01,50vs200,1500,PAN1,50,20,100,0.01276187,3.24356,50,100,0,22,0.0,0.0,0.0714,0.22,0.15,0.3107,0,0
global,0.05,50vs200,1500,PAN1,50,20,100,0.01276187,2.14737,50,100,0,52,0.0,0.0,0.0714,0.52,0.4232,0.6154,0,0
global,0.1,50vs200,1500,PAN1,50,20,100,0.01276187,1.74608,50,100,0,65,0.0,0.0,0.0714,0.65,0.5525,0.7364,0,0
global,0.01,50vs200,1500,PAN2,200,100,20,0.01276187,3.24356,50,100,1,1,0.02,0.0035,0.105,0.01,0.0018,0.0545,0,0
global,0.05,50vs200,1500,PAN2,200,100,20,0.01276187,2.14737,50,100,2,3,0.04,0.011,0.1346,0.03,0.0103,0.0845,0,0
global,0.1,50vs200,1500,PAN2,200,100,20,0.01276187,1.74608,50,100,2,4,0.04,0.011,0.1346,0.04,0.0157,0.0984,0,0
global,0.01,50vs200,1500,PAN1,50,20,120,0.01276187,3.24356,50,100,0,24,0.0,0.0,0.0714,0.24,0.1669,0.3323,0,0
global,0.05,50vs200,1500,PAN1,50,20,120,0.01276187,2.14737,50,100,0,48,0.0,0.0,0.0714,0.48,0.3846,0.5768,0,0
global,0.1,50vs200,1500,PAN1,50,20,120,0.01276187,1.74608,50,100,0,63,0.0,0.0,0.0714,0.63,0.5322,0.7182,0,0
global,0.01,50vs200,1500,PAN2,200,120,20,0.01276187,3.24356,50,100,1,1,0.02,0.0035,0.105,0.01,0.0018,0.0545,0,0
global,0.05,50vs200,1500,PAN2,200,120,20,0.01276187,2.14737,50,100,1,4,0.02,0.0035,0.105,0.04,0.0157,0.0984,0,0
global,0.1,50vs200,1500,PAN2,200,120,20,0.01276187,1.74608,50,100,1,6,0.02,0.0035,0.105,0.06,0.0278,0.1248,0,0
global,0.01,50vs200,1500,PAN1,50,20,140,0.01276187,3.24356,50,100,0,32,0.0,0.0,0.0714,0.32,0.2367,0.4166,0,0
global,0.05,50vs200,1500,PAN1,50,20,140,0.01276187,2.14737,50,100,0,59,0.0,0.0,0.0714,0.59,0.492,0.6813,0,0
global,0.1,50vs200,1500,PAN1,50,20,140,0.01276187,1.74608,50,100,0,69,0.0,0.0,0.0714,0.69,0.5937,0.7722,0,0
global,0.01,50vs200,1500,PAN2,200,140,20,0.01276187,3.24356,50,100,1,0,0.02,0.0035,0.105,0.0,0.0,0.037,0,0
global,0.05,50vs200,1500,PAN2,200,140,20,0.01276187,2.14737,50,100,2,5,0.04,0.011,0.1346,0.05,0.0215,0.1118,0,0
global,0.1,50vs200,1500,PAN2,200,140,20,0.01276187,1.74608,50,100,3,7,0.06,0.0206,0.1622,0.07,0.0343,0.1375,0,0
global,0.01,50vs200,1500,PAN1,50,20,160,0.01276187,3.24356,50,100,0,28,0.0,0.0,0.0714,0.28,0.2014,0.3749,0,0
global,0.05,50vs200,1500,PAN1,50,20,160,0.01276187,2.14737,50,100,0,55,0.0,0.0,0.0714,0.55,0.4524,0.6439,0,0
global,0.1,50vs200,1500,PAN1,50,20,160,0.01276187,1.74608,50,100,0,69,0.0,0.0,0.0714,0.69,0.5937,0.7722,0,0
global,0.01,50vs200,1500,PAN2,200,160,20,0.01276187,3.24356,50,100,0,0,0.0,0.0,0.0714,0.0,0.0,0.037,0,0
global,0.05,50vs200,1500,PAN2,200,160,20,0.01276187,2.14737,50,100,2,3,0.04,0.011,0.1346,0.03,0.0103,0.0845,0,0
global,0.1,50vs200,1500,PAN2,200,160,20,0.01276187,1.74608,50,100,4,10,0.08,0.0315,0.1884,0.1,0.0552,0.1744,0,0
global,0.01,50vs200,1500,PAN1,50,20,180,0.01276187,3.24356,50,100,0,29,0.0,0.0,0.0714,0.29,0.2101,0.3854,0,0
global,0.05,50vs200,1500,PAN1,50,20,180,0.01276187,2.14737,50,100,0,63,0.0,0.0,0.0714,0.63,0.5322,0.7182,0,0
global,0.1,50vs200,1500,PAN1,50,20,180,0.01276187,1.74608,50,100,0,81,0.0,0.0,0.0714,0.81,0.7222,0.8749,0,0
global,0.01,50vs200,1500,PAN2,200,180,20,0.01276187,3.24356,50,100,1,2,0.02,0.0035,0.105,0.02,0.0055,0.07,0,0
global,0.05,50vs200,1500,PAN2,200,180,20,0.01276187,2.14737,50,100,3,6,0.06,0.0206,0.1622,0.06,0.0278,0.1248,0,0
global,0.1,50vs200,1500,PAN2,200,180,20,0.01276187,1.74608,50,100,4,11,0.08,0.0315,0.1884,0.11,0.0625,0.1863,0,0
global,0.01,50vs200,1500,PAN1,50,20,20,0.01276187,3.24356,50,100,0,0,0.0,0.0,0.0714,0.0,0.0,0.037,0,0
global,0.05,50vs200,1500,PAN1,50,20,20,0.01276187,2.14737,50,100,0,1,0.0,0.0,0.0714,0.01,0.0018,0.0545,0,0
global,0.1,50vs200,1500,PAN1,50,20,20,0.01276187,1.74608,50,100,0,3,0.0,0.0,0.0714,0.03,0.0103,0.0845,0,0
global,0.01,50vs200,1500,PAN2,200,20,20,0.01276187,3.24356,50,100,0,0,0.0,0.0,0.0714,0.0,0.0,0.037,0,0
global,0.05,50vs200,1500,PAN2,200,20,20,0.01276187,2.14737,50,100,0,0,0.0,0.0,0.0714,0.0,0.0,0.037,0,0
global,0.1,50vs200,1500,PAN2,200,20,20,0.01276187,1.74608,50,100,0,1,0.0,0.0,0.0714,0.01,0.0018,0.0545,0,0
global,0.01,50vs200,1500,PAN1,50,20,200,0.01276187,3.24356,50,100,0,35,0.0,0.0,0.0714,0.35,0.2636,0.4475,0,0
global,0.05,50vs200,1500,PAN1,50,20,200,0.01276187,2.14737,50,100,0,68,0.0,0.0,0.0714,0.68,0.5834,0.7633,0,0
global,0.1,50vs200,1500,PAN1,50,20,200,0.01276187,1.74608,50,100,0,77,0.0,0.0,0.0714,0.77,0.6785,0.8416,0,0
global,0.01,50vs200,1500,PAN2,200,200,20,0.01276187,3.24356,50,100,1,1,0.02,0.0035,0.105,0.01,0.0018,0.0545,0,0
global,0.05,50vs200,1500,PAN2,200,200,20,0.01276187,2.14737,50,100,4,5,0.08,0.0315,0.1884,0.05,0.0215,0.1118,0,0
global,0.1,50vs200,1500,PAN2,200,200,20,0.01276187,1.74608,50,100,5,17,0.1,0.0435,0.2136,0.17,0.1089,0.2555,0,0
global,0.01,50vs200,1500,PAN1,50,20,40,0.01276187,3.24356,50,100,0,3,0.0,0.0,0.0714,0.03,0.0103,0.0845,0,0
global,0.05,50vs200,1500,PAN1,50,20,40,0.01276187,2.14737,50,100,0,12,0.0,0.0,0.0714,0.12,0.07,0.1981,0,0
global,0.1,50vs200,1500,PAN1,50,20,40,0.01276187,1.74608,50,100,0,21,0.0,0.0,0.0714,0.21,0.1417,0.2998,0,0
global,0.01,50vs200,1500,PAN2,200,40,20,0.01276187,3.24356,50,100,0,0,0.0,0.0,0.0714,0.0,0.0,0.037,0,0
global,0.05,50vs200,1500,PAN2,200,40,20,0.01276187,2.14737,50,100,0,0,0.0,0.0,0.0714,0.0,0.0,0.037,0,0
global,0.1,50vs200,1500,PAN2,200,40,20,0.01276187,1.74608,50,100,0,0,0.0,0.0,0.0714,0.0,0.0,0.037,0,0
global,0.01,50vs200,1500,PAN1,50,20,60,0.01276187,3.24356,50,100,0,10,0.0,0.0,0.0714,0.1,0.0552,0.1744,0,0
global,0.05,50vs200,1500,PAN1,50,20,60,0.01276187,2.14737,50,100,0,37,0.0,0.0,0.0714,0.37,0.2818,0.4678,0,0
global,0.1,50vs200,1500,PAN1,50,20,60,0.01276187,1.74608,50,100,0,56,0.0,0.0,0.0714,0.56,0.4623,0.6533,0,0
global,0.01,50vs200,1500,PAN2,200,60,20,0.01276187,3.24356,50,100,0,0,0.0,0.0,0.0714,0.0,0.0,0.037,0,0
global,0.05,50vs200,1500,PAN2,200,60,20,0.01276187,2.14737,50,100,0,0,0.0,0.0,0.0714,0.0,0.0,0.037,0,0
global,0.1,50vs200,1500,PAN2,200,60,20,0.01276187,1.74608,50,100,1,3,0.02,0.0035,0.105,0.03,0.0103,0.0845,0,0
global,0.01,50vs200,1500,PAN1,50,20,80,0.01276187,3.24356,50,100,0,19,0.0,0.0,0.0714,0.19,0.1251,0.2778,0,0
global,0.05,50vs200,1500,PAN1,50,20,80,0.01276187,2.14737,50,100,0,48,0.0,0.0,0.0714,0.48,0.3846,0.5768,0,0
global,0.1,50vs200,1500,PAN1,50,20,80,0.01276187,1.74608,50,100,0,62,0.0,0.0,0.0714,0.62,0.5221,0.709,0,0
global,0.01,50vs200,1500,PAN2,200,80,20,0.01276187,3.24356,50,100,0,0,0.0,0.0,0.0714,0.0,0.0,0.037,0,0
global,0.05,50vs200,1500,PAN2,200,80,20,0.01276187,2.14737,50,100,0,2,0.0,0.0,0.0714,0.02,0.0055,0.07,0,0
global,0.1,50vs200,1500,PAN2,200,80,20,0.01276187,1.74608,50,100,2,4,0.04,0.011,0.1346,0.04,0.0157,0.0984,0,0
global,0.01,50vs200,1500,PAN1,50,200,100,0.01276187,3.24356,50,100,1,8,0.02,0.0035,0.105,0.08,0.0411,0.15,0,0
global,0.05,50vs200,1500,PAN1,50,200,100,0.01276187,2.14737,50,100,3,27,0.06,0.0206,0.1622,0.27,0.1927,0.3643,0,0
global,0.1,50vs200,1500,PAN1,50,200,100,0.01276187,1.74608,50,100,9,39,0.18,0.0977,0.308,0.39,0.3002,0.488,0,0
global,0.01,50vs200,1500,PAN2,200,100,200,0.01276187,3.24356,50,100,1,3,0.02,0.0035,0.105,0.03,0.0103,0.0845,0,0
global,0.05,50vs200,1500,PAN2,200,100,200,0.01276187,2.14737,50,100,2,29,0.04,0.011,0.1346,0.29,0.2101,0.3854,0,0
global,0.1,50vs200,1500,PAN2,200,100,200,0.01276187,1.74608,50,100,2,45,0.04,0.011,0.1346,0.45,0.3561,0.5476,0,0
global,0.01,50vs200,1500,PAN1,50,200,120,0.01276187,3.24356,50,100,1,11,0.02,0.0035,0.105,0.11,0.0625,0.1863,0,0
global,0.05,50vs200,1500,PAN1,50,200,120,0.01276187,2.14737,50,100,3,27,0.06,0.0206,0.1622,0.27,0.1927,0.3643,0,0
global,0.1,50vs200,1500,PAN1,50,200,120,0.01276187,1.74608,50,100,9,43,0.18,0.0977,0.308,0.43,0.3373,0.5278,0,0
global,0.01,50vs200,1500,PAN2,200,120,200,0.01276187,3.24356,50,100,1,5,0.02,0.0035,0.105,0.05,0.0215,0.1118,0,0
global,0.05,50vs200,1500,PAN2,200,120,200,0.01276187,2.14737,50,100,1,20,0.02,0.0035,0.105,0.2,0.1334,0.2888,0,0
global,0.1,50vs200,1500,PAN2,200,120,200,0.01276187,1.74608,50,100,1,37,0.02,0.0035,0.105,0.37,0.2818,0.4678,0,0
global,0.01,50vs200,1500,PAN1,50,200,140,0.01276187,3.24356,50,99,1,14,0.02,0.0035,0.105,0.1414,0.0861,0.2235,0,0
global,0.05,50vs200,1500,PAN1,50,200,140,0.01276187,2.14737,50,99,3,29,0.06,0.0206,0.1622,0.2929,0.2124,0.389,0,0
global,0.1,50vs200,1500,PAN1,50,200,140,0.01276187,1.74608,50,99,9,47,0.18,0.0977,0.308,0.4747,0.3792,0.5722,0,0
global,0.01,50vs200,1500,PAN2,200,140,200,0.01276187,3.24356,50,100,1,2,0.02,0.0035,0.105,0.02,0.0055,0.07,0,0
global,0.05,50vs200,1500,PAN2,200,140,200,0.01276187,2.14737,50,100,2,18,0.04,0.011,0.1346,0.18,0.117,0.2667,0,0
global,0.1,50vs200,1500,PAN2,200,140,200,0.01276187,1.74608,50,100,3,38,0.06,0.0206,0.1622,0.38,0.291,0.4779,0,0
global,0.01,50vs200,1500,PAN1,50,200,160,0.01276187,3.24356,50,100,1,8,0.02,0.0035,0.105,0.08,0.0411,0.15,0,0
global,0.05,50vs200,1500,PAN1,50,200,160,0.01276187,2.14737,50,100,3,28,0.06,0.0206,0.1622,0.28,0.2014,0.3749,0,0
global,0.1,50vs200,1500,PAN1,50,200,160,0.01276187,1.74608,50,100,9,38,0.18,0.0977,0.308,0.38,0.291,0.4779,0,0
global,0.01,50vs200,1500,PAN2,200,160,200,0.01276187,3.24356,50,100,0,3,0.0,0.0,0.0714,0.03,0.0103,0.0845,0,0
global,0.05,50vs200,1500,PAN2,200,160,200,0.01276187,2.14737,50,100,2,18,0.04,0.011,0.1346,0.18,0.117,0.2667,0,0
global,0.1,50vs200,1500,PAN2,200,160,200,0.01276187,1.74608,50,100,4,32,0.08,0.0315,0.1884,0.32,0.2367,0.4166,0,0
global,0.01,50vs200,1500,PAN1,50,200,180,0.01276187,3.24356,50,100,1,12,0.02,0.0035,0.105,0.12,0.07,0.1981,0,0
global,0.05,50vs200,1500,PAN1,50,200,180,0.01276187,2.14737,50,100,3,34,0.06,0.0206,0.1622,0.34,0.2546,0.4372,0,0
global,0.1,50vs200,1500,PAN1,50,200,180,0.01276187,1.74608,50,100,9,52,0.18,0.0977,0.308,0.52,0.4232,0.6154,0,0
global,0.01,50vs200,1500,PAN2,200,180,200,0.01276187,3.24356,50,100,1,3,0.02,0.0035,0.105,0.03,0.0103,0.0845,0,0
global,0.05,50vs200,1500,PAN2,200,180,200,0.01276187,2.14737,50,100,3,17,0.06,0.0206,0.1622,0.17,0.1089,0.2555,0,0
global,0.1,50vs200,1500,PAN2,200,180,200,0.01276187,1.74608,50,100,4,33,0.08,0.0315,0.1884,0.33,0.2456,0.4269,0,0
global,0.01,50vs200,1500,PAN1,50,200,20,0.01276187,3.24356,50,100,1,3,0.02,0.0035,0.105,0.03,0.0103,0.0845,0,0
global,0.05,50vs200,1500,PAN1,50,200,20,0.01276187,2.14737,50,100,3,4,0.06,0.0206,0.1622,0.04,0.0157,0.0984,0,0
global,0.1,50vs200,1500,PAN1,50,200,20,0.01276187,1.74608,50,100,9,13,0.18,0.0977,0.308,0.13,0.0776,0.2098,0,0
global,0.01,50vs200,1500,PAN2,200,20,200,0.01276187,3.24356,50,100,0,6,0.0,0.0,0.0714,0.06,0.0278,0.1248,0,0
global,0.05,50vs200,1500,PAN2,200,20,200,0.01276187,2.14737,50,100,0,34,0.0,0.0,0.0714,0.34,0.2546,0.4372,0,0
global,0.1,50vs200,1500,PAN2,200,20,200,0.01276187,1.74608,50,100,0,45,0.0,0.0,0.0714,0.45,0.3561,0.5476,0,0
global,0.01,50vs200,1500,PAN1,50,200,200,0.01276187,3.24356,50,100,1,9,0.02,0.0035,0.105,0.09,0.0481,0.1623,0,0
global,0.05,50vs200,1500,PAN1,50,200,200,0.01276187,2.14737,50,100,3,34,0.06,0.0206,0.1622,0.34,0.2546,0.4372,0,0
global,0.1,50vs200,1500,PAN1,50,200,200,0.01276187,1.74608,50,100,9,45,0.18,0.0977,0.308,0.45,0.3561,0.5476,0,0
global,0.01,50vs200,1500,PAN2,200,200,200,0.01276187,3.24356,50,100,1,1,0.02,0.0035,0.105,0.01,0.0018,0.0545,0,0
global,0.05,50vs200,1500,PAN2,200,200,200,0.01276187,2.14737,50,100,4,14,0.08,0.0315,0.1884,0.14,0.0853,0.2214,0,0
global,0.1,50vs200,1500,PAN2,200,200,200,0.01276187,1.74608,50,100,5,30,0.1,0.0435,0.2136,0.3,0.2189,0.3959,0,0
global,0.01,50vs200,1500,PAN1,50,200,40,0.01276187,3.24356,50,98,1,1,0.02,0.0035,0.105,0.0102,0.0018,0.0556,0,0
global,0.05,50vs200,1500,PAN1,50,200,40,0.01276187,2.14737,50,98,3,12,0.06,0.0206,0.1622,0.1224,0.0715,0.2019,0,0
global,0.1,50vs200,1500,PAN1,50,200,40,0.01276187,1.74608,50,98,9,22,0.18,0.0977,0.308,0.2245,0.1532,0.3166,0,0
global,0.01,50vs200,1500,PAN2,200,40,200,0.01276187,3.24356,50,100,0,7,0.0,0.0,0.0714,0.07,0.0343,0.1375,0,0
global,0.05,50vs200,1500,PAN2,200,40,200,0.01276187,2.14737,50,100,0,25,0.0,0.0,0.0714,0.25,0.1755,0.343,0,0
global,0.1,50vs200,1500,PAN2,200,40,200,0.01276187,1.74608,50,100,0,46,0.0,0.0,0.0714,0.46,0.3656,0.5574,0,0
global,0.01,50vs200,1500,PAN1,50,200,60,0.01276187,3.24356,50,99,1,4,0.02,0.0035,0.105,0.0404,0.0158,0.0993,0,0
global,0.05,50vs200,1500,PAN1,50,200,60,0.01276187,2.14737,50,99,3,20,0.06,0.0206,0.1622,0.202,0.1348,0.2915,0,0
global,0.1,50vs200,1500,PAN1,50,200,60,0.01276187,1.74608,50,99,9,30,0.18,0.0977,0.308,0.303,0.2213,0.3995,0,0
global,0.01,50vs200,1500,PAN2,200,60,200,0.01276187,3.24356,50,100,0,7,0.0,0.0,0.0714,0.07,0.0343,0.1375,0,0
global,0.05,50vs200,1500,PAN2,200,60,200,0.01276187,2.14737,50,100,0,25,0.0,0.0,0.0714,0.25,0.1755,0.343,0,0
global,0.1,50vs200,1500,PAN2,200,60,200,0.01276187,1.74608,50,100,1,48,0.02,0.0035,0.105,0.48,0.3846,0.5768,0,0
global,0.01,50vs200,1500,PAN1,50,200,80,0.01276187,3.24356,50,99,1,6,0.02,0.0035,0.105,0.0606,0.0281,0.126,0,0
global,0.05,50vs200,1500,PAN1,50,200,80,0.01276187,2.14737,50,99,3,25,0.06,0.0206,0.1622,0.2525,0.1773,0.3462,0,0
global,0.1,50vs200,1500,PAN1,50,200,80,0.01276187,1.74608,50,99,9,40,0.18,0.0977,0.308,0.404,0.3127,0.5025,0,0
global,0.01,50vs200,1500,PAN2,200,80,200,0.01276187,3.24356,50,100,0,10,0.0,0.0,0.0714,0.1,0.0552,0.1744,0,0
global,0.05,50vs200,1500,PAN2,200,80,200,0.01276187,2.14737,50,100,0,36,0.0,0.0,0.0714,0.36,0.2727,0.4576,0,0
global,0.1,50vs200,1500,PAN2,200,80,200,0.01276187,1.74608,50,100,2,50,0.04,0.011,0.1346,0.5,0.4038,0.5962,0,0
global,0.01,50vs200,1500,PAN1,50,40,100,0.01276187,3.24356,50,100,0,27,0.0,0.0,0.0714,0.27,0.1927,0.3643,0,0
global,0.05,50vs200,1500,PAN1,50,40,100,0.01276187,2.14737,50,100,0,59,0.0,0.0,0.0714,0.59,0.492,0.6813,0,0
global,0.1,50vs200,1500,PAN1,50,40,100,0.01276187,1.74608,50,100,0,76,0.0,0.0,0.0714,0.76,0.6677,0.8331,0,0
global,0.01,50vs200,1500,PAN2,200,100,40,0.01276187,3.24356,50,100,1,2,0.02,0.0035,0.105,0.02,0.0055,0.07,0,0
global,0.05,50vs200,1500,PAN2,200,100,40,0.01276187,2.14737,50,100,2,5,0.04,0.011,0.1346,0.05,0.0215,0.1118,0,0
global,0.1,50vs200,1500,PAN2,200,100,40,0.01276187,1.74608,50,100,2,6,0.04,0.011,0.1346,0.06,0.0278,0.1248,0,0
global,0.01,50vs200,1500,PAN1,50,40,120,0.01276187,3.24356,50,100,0,30,0.0,0.0,0.0714,0.3,0.2189,0.3959,0,0
global,0.05,50vs200,1500,PAN1,50,40,120,0.01276187,2.14737,50,100,0,63,0.0,0.0,0.0714,0.63,0.5322,0.7182,0,0
global,0.1,50vs200,1500,PAN1,50,40,120,0.01276187,1.74608,50,100,0,77,0.0,0.0,0.0714,0.77,0.6785,0.8416,0,0
global,0.01,50vs200,1500,PAN2,200,120,40,0.01276187,3.24356,50,100,1,1,0.02,0.0035,0.105,0.01,0.0018,0.0545,0,0
global,0.05,50vs200,1500,PAN2,200,120,40,0.01276187,2.14737,50,100,1,2,0.02,0.0035,0.105,0.02,0.0055,0.07,0,0
global,0.1,50vs200,1500,PAN2,200,120,40,0.01276187,1.74608,50,100,1,3,0.02,0.0035,0.105,0.03,0.0103,0.0845,0,0
global,0.01,50vs200,1500,PAN1,50,40,140,0.01276187,3.24356,50,100,0,37,0.0,0.0,0.0714,0.37,0.2818,0.4678,0,0
global,0.05,50vs200,1500,PAN1,50,40,140,0.01276187,2.14737,50,100,0,62,0.0,0.0,0.0714,0.62,0.5221,0.709,0,0
global,0.1,50vs200,1500,PAN1,50,40,140,0.01276187,1.74608,50,100,0,78,0.0,0.0,0.0714,0.78,0.6893,0.85,0,0
global,0.01,50vs200,1500,PAN2,200,140,40,0.01276187,3.24356,50,100,1,2,0.02,0.0035,0.105,0.02,0.0055,0.07,0,0
global,0.05,50vs200,1500,PAN2,200,140,40,0.01276187,2.14737,50,100,2,3,0.04,0.011,0.1346,0.03,0.0103,0.0845,0,0
global,0.1,50vs200,1500,PAN2,200,140,40,0.01276187,1.74608,50,100,3,7,0.06,0.0206,0.1622,0.07,0.0343,0.1375,0,0
global,0.01,50vs200,1500,PAN1,50,40,160,0.01276187,3.24356,50,100,0,36,0.0,0.0,0.0714,0.36,0.2727,0.4576,0,0
global,0.05,50vs200,1500,PAN1,50,40,160,0.01276187,2.14737,50,100,0,73,0.0,0.0,0.0714,0.73,0.6357,0.8073,0,0
global,0.1,50vs200,1500,PAN1,50,40,160,0.01276187,1.74608,50,100,0,86,0.0,0.0,0.0714,0.86,0.7786,0.9147,0,0
global,0.01,50vs200,1500,PAN2,200,160,40,0.01276187,3.24356,50,100,0,1,0.0,0.0,0.0714,0.01,0.0018,0.0545,0,0
global,0.05,50vs200,1500,PAN2,200,160,40,0.01276187,2.14737,50,100,2,4,0.04,0.011,0.1346,0.04,0.0157,0.0984,0,0
global,0.1,50vs200,1500,PAN2,200,160,40,0.01276187,1.74608,50,100,4,13,0.08,0.0315,0.1884,0.13,0.0776,0.2098,0,0
global,0.01,50vs200,1500,PAN1,50,40,180,0.01276187,3.24356,50,100,0,40,0.0,0.0,0.0714,0.4,0.3094,0.498,0,0
global,0.05,50vs200,1500,PAN1,50,40,180,0.01276187,2.14737,50,100,0,76,0.0,0.0,0.0714,0.76,0.6677,0.8331,0,0
global,0.1,50vs200,1500,PAN1,50,40,180,0.01276187,1.74608,50,100,0,89,0.0,0.0,0.0714,0.89,0.8137,0.9375,0,0
global,0.01,50vs200,1500,PAN2,200,180,40,0.01276187,3.24356,50,100,1,1,0.02,0.0035,0.105,0.01,0.0018,0.0545,0,0
global,0.05,50vs200,1500,PAN2,200,180,40,0.01276187,2.14737,50,100,3,5,0.06,0.0206,0.1622,0.05,0.0215,0.1118,0,0
global,0.1,50vs200,1500,PAN2,200,180,40,0.01276187,1.74608,50,100,4,12,0.08,0.0315,0.1884,0.12,0.07,0.1981,0,0
global,0.01,50vs200,1500,PAN1,50,40,20,0.01276187,3.24356,50,100,0,0,0.0,0.0,0.0714,0.0,0.0,0.037,0,0
global,0.05,50vs200,1500,PAN1,50,40,20,0.01276187,2.14737,50,100,0,2,0.0,0.0,0.0714,0.02,0.0055,0.07,0,0
global,0.1,50vs200,1500,PAN1,50,40,20,0.01276187,1.74608,50,100,0,4,0.0,0.0,0.0714,0.04,0.0157,0.0984,0,0
global,0.01,50vs200,1500,PAN2,200,20,40,0.01276187,3.24356,50,100,0,0,0.0,0.0,0.0714,0.0,0.0,0.037,0,0
global,0.05,50vs200,1500,PAN2,200,20,40,0.01276187,2.14737,50,100,0,0,0.0,0.0,0.0714,0.0,0.0,0.037,0,0
global,0.1,50vs200,1500,PAN2,200,20,40,0.01276187,1.74608,50,100,0,4,0.0,0.0,0.0714,0.04,0.0157,0.0984,0,0
global,0.01,50vs200,1500,PAN1,50,40,200,0.01276187,3.24356,50,100,0,43,0.0,0.0,0.0714,0.43,0.3373,0.5278,0,0
global,0.05,50vs200,1500,PAN1,50,40,200,0.01276187,2.14737,50,100,0,77,0.0,0.0,0.0714,0.77,0.6785,0.8416,0,0
global,0.1,50vs200,1500,PAN1,50,40,200,0.01276187,1.74608,50,100,0,85,0.0,0.0,0.0714,0.85,0.7672,0.9069,0,0
global,0.01,50vs200,1500,PAN2,200,200,40,0.01276187,3.24356,50,100,1,3,0.02,0.0035,0.105,0.03,0.0103,0.0845,0,0
global,0.05,50vs200,1500,PAN2,200,200,40,0.01276187,2.14737,50,100,4,4,0.08,0.0315,0.1884,0.04,0.0157,0.0984,0,0
global,0.1,50vs200,1500,PAN2,200,200,40,0.01276187,1.74608,50,100,5,9,0.1,0.0435,0.2136,0.09,0.0481,0.1623,0,0
global,0.01,50vs200,1500,PAN1,50,40,40,0.01276187,3.24356,50,100,0,2,0.0,0.0,0.0714,0.02,0.0055,0.07,0,0
global,0.05,50vs200,1500,PAN1,50,40,40,0.01276187,2.14737,50,100,0,18,0.0,0.0,0.0714,0.18,0.117,0.2667,0,0
global,0.1,50vs200,1500,PAN1,50,40,40,0.01276187,1.74608,50,100,0,34,0.0,0.0,0.0714,0.34,0.2546,0.4372,0,0
global,0.01,50vs200,1500,PAN2,200,40,40,0.01276187,3.24356,50,100,0,0,0.0,0.0,0.0714,0.0,0.0,0.037,0,0
global,0.05,50vs200,1500,PAN2,200,40,40,0.01276187,2.14737,50,100,0,4,0.0,0.0,0.0714,0.04,0.0157,0.0984,0,0
global,0.1,50vs200,1500,PAN2,200,40,40,0.01276187,1.74608,50,100,0,8,0.0,0.0,0.0714,0.08,0.0411,0.15,0,0
global,0.01,50vs200,1500,PAN1,50,40,60,0.01276187,3.24356,50,100,0,21,0.0,0.0,0.0714,0.21,0.1417,0.2998,0,0
global,0.05,50vs200,1500,PAN1,50,40,60,0.01276187,2.14737,50,100,0,49,0.0,0.0,0.0714,0.49,0.3942,0.5865,0,0
global,0.1,50vs200,1500,PAN1,50,40,60,0.01276187,1.74608,50,100,0,64,0.0,0.0,0.0714,0.64,0.5424,0.7273,0,0
global,0.01,50vs200,1500,PAN2,200,60,40,0.01276187,3.24356,50,100,0,1,0.0,0.0,0.0714,0.01,0.0018,0.0545,0,0
global,0.05,50vs200,1500,PAN2,200,60,40,0.01276187,2.14737,50,100,0,4,0.0,0.0,0.0714,0.04,0.0157,0.0984,0,0
global,0.1,50vs200,1500,PAN2,200,60,40,0.01276187,1.74608,50,100,1,7,0.02,0.0035,0.105,0.07,0.0343,0.1375,0,0
global,0.01,50vs200,1500,PAN1,50,40,80,0.01276187,3.24356,50,100,0,29,0.0,0.0,0.0714,0.29,0.2101,0.3854,0,0
global,0.05,50vs200,1500,PAN1,50,40,80,0.01276187,2.14737,50,100,0,59,0.0,0.0,0.0714,0.59,0.492,0.6813,0,0
global,0.1,50vs200,1500,PAN1,50,40,80,0.01276187,1.74608,50,100,0,69,0.0,0.0,0.0714,0.69,0.5937,0.7722,0,0
global,0.01,50vs200,1500,PAN2,200,80,40,0.01276187,3.24356,50,100,0,0,0.0,0.0,0.0714,0.0,0.0,0.037,0,0
global,0.05,50vs200,1500,PAN2,200,80,40,0.01276187,2.14737,50,100,0,0,0.0,0.0,0.0714,0.0,0.0,0.037,0,0
global,0.1,50vs200,1500,PAN2,200,80,40,0.01276187,1.74608,50,100,2,4,0.04,0.011,0.1346,0.04,0.0157,0.0984,0,0
global,0.01,50vs200,1500,PAN1,50,60,100,0.01276187,3.24356,50,100,0,35,0.0,0.0,0.0714,0.35,0.2636,0.4475,0,0
global,0.05,50vs200,1500,PAN1,50,60,100,0.01276187,2.14737,50,100,0,63,0.0,0.0,0.0714,0.63,0.5322,0.7182,0,0
global,0.1,50vs200,1500,PAN1,50,60,100,0.01276187,1.74608,50,100,2,78,0.04,0.011,0.1346,0.78,0.6893,0.85,0,0
global,0.01,50vs200,1500,PAN2,200,100,60,0.01276187,3.24356,50,100,1,1,0.02,0.0035,0.105,0.01,0.0018,0.0545,0,0
global,0.05,50vs200,1500,PAN2,200,100,60,0.01276187,2.14737,50,100,2,5,0.04,0.011,0.1346,0.05,0.0215,0.1118,0,0
global,0.1,50vs200,1500,PAN2,200,100,60,0.01276187,1.74608,50,100,2,13,0.04,0.011,0.1346,0.13,0.0776,0.2098,0,0
global,0.01,50vs200,1500,PAN1,50,60,120,0.01276187,3.24356,50,100,0,32,0.0,0.0,0.0714,0.32,0.2367,0.4166,0,0
global,0.05,50vs200,1500,PAN1,50,60,120,0.01276187,2.14737,50,100,0,69,0.0,0.0,0.0714,0.69,0.5937,0.7722,0,0
global,0.1,50vs200,1500,PAN1,50,60,120,0.01276187,1.74608,50,100,2,82,0.04,0.011,0.1346,0.82,0.7333,0.883,0,0
global,0.01,50vs200,1500,PAN2,200,120,60,0.01276187,3.24356,50,100,1,2,0.02,0.0035,0.105,0.02,0.0055,0.07,0,0
global,0.05,50vs200,1500,PAN2,200,120,60,0.01276187,2.14737,50,100,1,4,0.02,0.0035,0.105,0.04,0.0157,0.0984,0,0
global,0.1,50vs200,1500,PAN2,200,120,60,0.01276187,1.74608,50,100,1,6,0.02,0.0035,0.105,0.06,0.0278,0.1248,0,0
global,0.01,50vs200,1500,PAN1,50,60,140,0.01276187,3.24356,50,100,0,33,0.0,0.0,0.0714,0.33,0.2456,0.4269,0,0
global,0.05,50vs200,1500,PAN1,50,60,140,0.01276187,2.14737,50,100,0,69,0.0,0.0,0.0714,0.69,0.5937,0.7722,0,0
global,0.1,50vs200,1500,PAN1,50,60,140,0.01276187,1.74608,50,100,2,78,0.04,0.011,0.1346,0.78,0.6893,0.85,0,0
global,0.01,50vs200,1500,PAN2,200,140,60,0.01276187,3.24356,50,100,1,0,0.02,0.0035,0.105,0.0,0.0,0.037,0,0
global,0.05,50vs200,1500,PAN2,200,140,60,0.01276187,2.14737,50,100,2,2,0.04,0.011,0.1346,0.02,0.0055,0.07,0,0
global,0.1,50vs200,1500,PAN2,200,140,60,0.01276187,1.74608,50,100,3,6,0.06,0.0206,0.1622,0.06,0.0278,0.1248,0,0
global,0.01,50vs200,1500,PAN1,50,60,160,0.01276187,3.24356,50,100,0,35,0.0,0.0,0.0714,0.35,0.2636,0.4475,0,0
global,0.05,50vs200,1500,PAN1,50,60,160,0.01276187,2.14737,50,100,0,66,0.0,0.0,0.0714,0.66,0.5628,0.7454,0,0
global,0.1,50vs200,1500,PAN1,50,60,160,0.01276187,1.74608,50,100,2,77,0.04,0.011,0.1346,0.77,0.6785,0.8416,0,0
global,0.01,50vs200,1500,PAN2,200,160,60,0.01276187,3.24356,50,100,0,1,0.0,0.0,0.0714,0.01,0.0018,0.0545,0,0
global,0.05,50vs200,1500,PAN2,200,160,60,0.01276187,2.14737,50,100,2,4,0.04,0.011,0.1346,0.04,0.0157,0.0984,0,0
global,0.1,50vs200,1500,PAN2,200,160,60,0.01276187,1.74608,50,100,4,9,0.08,0.0315,0.1884,0.09,0.0481,0.1623,0,0
global,0.01,50vs200,1500,PAN1,50,60,180,0.01276187,3.24356,50,99,0,40,0.0,0.0,0.0714,0.404,0.3127,0.5025,0,0
global,0.05,50vs200,1500,PAN1,50,60,180,0.01276187,2.14737,50,99,0,68,0.0,0.0,0.0714,0.6869,0.59,0.7698,0,0
global,0.1,50vs200,1500,PAN1,50,60,180,0.01276187,1.74608,50,99,2,78,0.04,0.011,0.1346,0.7879,0.6974,0.8569,0,0
global,0.01,50vs200,1500,PAN2,200,180,60,0.01276187,3.24356,50,100,1,3,0.02,0.0035,0.105,0.03,0.0103,0.0845,0,0
global,0.05,50vs200,1500,PAN2,200,180,60,0.01276187,2.14737,50,100,3,7,0.06,0.0206,0.1622,0.07,0.0343,0.1375,0,0
global,0.1,50vs200,1500,PAN2,200,180,60,0.01276187,1.74608,50,100,4,11,0.08,0.0315,0.1884,0.11,0.0625,0.1863,0,0
global,0.01,50vs200,1500,PAN1,50,60,20,0.01276187,3.24356,50,100,0,0,0.0,0.0,0.0714,0.0,0.0,0.037,0,0
global,0.05,50vs200,1500,PAN1,50,60,20,0.01276187,2.14737,50,100,0,1,0.0,0.0,0.0714,0.01,0.0018,0.0545,0,0
global,0.1,50vs200,1500,PAN1,50,60,20,0.01276187,1.74608,50,100,2,7,0.04,0.011,0.1346,0.07,0.0343,0.1375,0,0
global,0.01,50vs200,1500,PAN2,200,20,60,0.01276187,3.24356,50,100,0,2,0.0,0.0,0.0714,0.02,0.0055,0.07,0,0
global,0.05,50vs200,1500,PAN2,200,20,60,0.01276187,2.14737,50,100,0,7,0.0,0.0,0.0714,0.07,0.0343,0.1375,0,0
global,0.1,50vs200,1500,PAN2,200,20,60,0.01276187,1.74608,50,100,0,19,0.0,0.0,0.0714,0.19,0.1251,0.2778,0,0
global,0.01,50vs200,1500,PAN1,50,60,200,0.01276187,3.24356,50,100,0,42,0.0,0.0,0.0714,0.42,0.328,0.5179,0,0
global,0.05,50vs200,1500,PAN1,50,60,200,0.01276187,2.14737,50,100,0,70,0.0,0.0,0.0714,0.7,0.6041,0.7811,0,0
global,0.1,50vs200,1500,PAN1,50,60,200,0.01276187,1.74608,50,100,2,76,0.04,0.011,0.1346,0.76,0.6677,0.8331,0,0
global,0.01,50vs200,1500,PAN2,200,200,60,0.01276187,3.24356,50,100,1,3,0.02,0.0035,0.105,0.03,0.0103,0.0845,0,0
global,0.05,50vs200,1500,PAN2,200,200,60,0.01276187,2.14737,50,100,4,8,0.08,0.0315,0.1884,0.08,0.0411,0.15,0,0
global,0.1,50vs200,1500,PAN2,200,200,60,0.01276187,1.74608,50,100,5,13,0.1,0.0435,0.2136,0.13,0.0776,0.2098,0,0
global,0.01,50vs200,1500,PAN1,50,60,40,0.01276187,3.24356,50,100,0,6,0.0,0.0,0.0714,0.06,0.0278,0.1248,0,0
global,0.05,50vs200,1500,PAN1,50,60,40,0.01276187,2.14737,50,100,0,31,0.0,0.0,0.0714,0.31,0.2278,0.4063,0,0
global,0.1,50vs200,1500,PAN1,50,60,40,0.01276187,1.74608,50,100,2,42,0.04,0.011,0.1346,0.42,0.328,0.5179,0,0
global,0.01,50vs200,1500,PAN2,200,40,60,0.01276187,3.24356,50,100,0,4,0.0,0.0,0.0714,0.04,0.0157,0.0984,0,0
global,0.05,50vs200,1500,PAN2,200,40,60,0.01276187,2.14737,50,100,0,19,0.0,0.0,0.0714,0.19,0.1251,0.2778,0,0
global,0.1,50vs200,1500,PAN2,200,40,60,0.01276187,1.74608,50,100,0,29,0.0,0.0,0.0714,0.29,0.2101,0.3854,0,0
global,0.01,50vs200,1500,PAN1,50,60,60,0.01276187,3.24356,50,100,0,26,0.0,0.0,0.0714,0.26,0.184,0.3537,0,0
global,0.05,50vs200,1500,PAN1,50,60,60,0.01276187,2.14737,50,100,0,59,0.0,0.0,0.0714,0.59,0.492,0.6813,0,0
global,0.1,50vs200,1500,PAN1,50,60,60,0.01276187,1.74608,50,100,2,70,0.04,0.011,0.1346,0.7,0.6041,0.7811,0,0
global,0.01,50vs200,1500,PAN2,200,60,60,0.01276187,3.24356,50,100,0,8,0.0,0.0,0.0714,0.08,0.0411,0.15,0,0
global,0.05,50vs200,1500,PAN2,200,60,60,0.01276187,2.14737,50,100,0,25,0.0,0.0,0.0714,0.25,0.1755,0.343,0,0
global,0.1,50vs200,1500,PAN2,200,60,60,0.01276187,1.74608,50,100,1,36,0.02,0.0035,0.105,0.36,0.2727,0.4576,0,0
global,0.01,50vs200,1500,PAN1,50,60,80,0.01276187,3.24356,50,100,0,33,0.0,0.0,0.0714,0.33,0.2456,0.4269,0,0
global,0.05,50vs200,1500,PAN1,50,60,80,0.01276187,2.14737,50,100,0,64,0.0,0.0,0.0714,0.64,0.5424,0.7273,0,0
global,0.1,50vs200,1500,PAN1,50,60,80,0.01276187,1.74608,50,100,2,75,0.04,0.011,0.1346,0.75,0.657,0.8245,0,0
global,0.01,50vs200,1500,PAN2,200,80,60,0.01276187,3.24356,50,100,0,0,0.0,0.0,0.0714,0.0,0.0,0.037,0,0
global,0.05,50vs200,1500,PAN2,200,80,60,0.01276187,2.14737,50,100,0,8,0.0,0.0,0.0714,0.08,0.0411,0.15,0,0
global,0.1,50vs200,1500,PAN2,200,80,60,0.01276187,1.74608,50,100,2,16,0.04,0.011,0.1346,0.16,0.101,0.2442,0,0
global,0.01,50vs200,1500,PAN1,50,80,100,0.01276187,3.24356,50,100,0,24,0.0,0.0,0.0714,0.24,0.1669,0.3323,0,0
global,0.05,50vs200,1500,PAN1,50,80,100,0.01276187,2.14737,50,100,3,52,0.06,0.0206,0.1622,0.52,0.4232,0.6154,0,0
global,0.1,50vs200,1500,PAN1,50,80,100,0.01276187,1.74608,50,100,11,57,0.22,0.1275,0.3524,0.57,0.4722,0.6627,0,0
global,0.01,50vs200,1500,PAN2,200,100,80,0.01276187,3.24356,50,100,1,2,0.02,0.0035,0.105,0.02,0.0055,0.07,0,0
global,0.05,50vs200,1500,PAN2,200,100,80,0.01276187,2.14737,50,100,2,24,0.04,0.011,0.1346,0.24,0.1669,0.3323,0,0
global,0.1,50vs200,1500,PAN2,200,100,80,0.01276187,1.74608,50,100,2,43,0.04,0.011,0.1346,0.43,0.3373,0.5278,0,0
global,0.01,50vs200,1500,PAN1,50,80,120,0.01276187,3.24356,50,99,0,24,0.0,0.0,0.0714,0.2424,0.1687,0.3354,0,0
global,0.05,50vs200,1500,PAN1,50,80,120,0.01276187,2.14737,50,99,3,44,0.06,0.0206,0.1622,0.4444,0.3505,0.5426,0,0
global,0.1,50vs200,1500,PAN1,50,80,120,0.01276187,1.74608,50,99,11,52,0.22,0.1275,0.3524,0.5253,0.4278,0.6208,0,0
global,0.01,50vs200,1500,PAN2,200,120,80,0.01276187,3.24356,50,100,1,3,0.02,0.0035,0.105,0.03,0.0103,0.0845,0,0
global,0.05,50vs200,1500,PAN2,200,120,80,0.01276187,2.14737,50,100,1,18,0.02,0.0035,0.105,0.18,0.117,0.2667,0,0
global,0.1,50vs200,1500,PAN2,200,120,80,0.01276187,1.74608,50,100,1,25,0.02,0.0035,0.105,0.25,0.1755,0.343,0,0
global,0.01,50vs200,1500,PAN1,50,80,140,0.01276187,3.24356,50,100,0,22,0.0,0.0,0.0714,0.22,0.15,0.3107,0,0
global,0.05,50vs200,1500,PAN1,50,80,140,0.01276187,2.14737,50,100,3,46,0.06,0.0206,0.1622,0.46,0.3656,0.5574,0,0
global,0.1,50vs200,1500,PAN1,50,80,140,0.01276187,1.74608,50,100,11,59,0.22,0.1275,0.3524,0.59,0.492,0.6813,0,0
global,0.01,50vs200,1500,PAN2,200,140,80,0.01276187,3.24356,50,100,1,3,0.02,0.0035,0.105,0.03,0.0103,0.0845,0,0
global,0.05,50vs200,1500,PAN2,200,140,80,0.01276187,2.14737,50,100,2,12,0.04,0.011,0.1346,0.12,0.07,0.1981,0,0
global,0.1,50vs200,1500,PAN2,200,140,80,0.01276187,1.74608,50,100,3,26,0.06,0.0206,0.1622,0.26,0.184,0.3537,0,0
global,0.01,50vs200,1500,PAN1,50,80,160,0.01276187,3.24356,50,100,0,27,0.0,0.0,0.0714,0.27,0.1927,0.3643,0,0
global,0.05,50vs200,1500,PAN1,50,80,160,0.01276187,2.14737,50,100,3,45,0.06,0.0206,0.1622,0.45,0.3561,0.5476,0,0
global,0.1,50vs200,1500,PAN1,50,80,160,0.01276187,1.74608,50,100,11,57,0.22,0.1275,0.3524,0.57,0.4722,0.6627,0,0
global,0.01,50vs200,1500,PAN2,200,160,80,0.01276187,3.24356,50,100,0,0,0.0,0.0,0.0714,0.0,0.0,0.037,0,0
global,0.05,50vs200,1500,PAN2,200,160,80,0.01276187,2.14737,50,100,2,13,0.04,0.011,0.1346,0.13,0.0776,0.2098,0,0
global,0.1,50vs200,1500,PAN2,200,160,80,0.01276187,1.74608,50,100,4,22,0.08,0.0315,0.1884,0.22,0.15,0.3107,0,0
global,0.01,50vs200,1500,PAN1,50,80,180,0.01276187,3.24356,50,100,0,29,0.0,0.0,0.0714,0.29,0.2101,0.3854,0,0
global,0.05,50vs200,1500,PAN1,50,80,180,0.01276187,2.14737,50,100,3,49,0.06,0.0206,0.1622,0.49,0.3942,0.5865,0,0
global,0.1,50vs200,1500,PAN1,50,80,180,0.01276187,1.74608,50,100,11,61,0.22,0.1275,0.3524,0.61,0.512,0.6998,0,0
global,0.01,50vs200,1500,PAN2,200,180,80,0.01276187,3.24356,50,100,1,3,0.02,0.0035,0.105,0.03,0.0103,0.0845,0,0
global,0.05,50vs200,1500,PAN2,200,180,80,0.01276187,2.14737,50,100,3,12,0.06,0.0206,0.1622,0.12,0.07,0.1981,0,0
global,0.1,50vs200,1500,PAN2,200,180,80,0.01276187,1.74608,50,100,4,25,0.08,0.0315,0.1884,0.25,0.1755,0.343,0,0
global,0.01,50vs200,1500,PAN1,50,80,20,0.01276187,3.24356,50,100,0,1,0.0,0.0,0.0714,0.01,0.0018,0.0545,0,0
global,0.05,50vs200,1500,PAN1,50,80,20,0.01276187,2.14737,50,100,3,8,0.06,0.0206,0.1622,0.08,0.0411,0.15,0,0
global,0.1,50vs200,1500,PAN1,50,80,20,0.01276187,1.74608,50,100,11,14,0.22,0.1275,0.3524,0.14,0.0853,0.2214,0,0
global,0.01,50vs200,1500,PAN2,200,20,80,0.01276187,3.24356,50,100,0,4,0.0,0.0,0.0714,0.04,0.0157,0.0984,0,0
global,0.05,50vs200,1500,PAN2,200,20,80,0.01276187,2.14737,50,100,0,23,0.0,0.0,0.0714,0.23,0.1584,0.3215,0,0
global,0.1,50vs200,1500,PAN2,200,20,80,0.01276187,1.74608,50,100,0,37,0.0,0.0,0.0714,0.37,0.2818,0.4678,0,0
global,0.01,50vs200,1500,PAN1,50,80,200,0.01276187,3.24356,50,99,0,27,0.0,0.0,0.0714,0.2727,0.1947,0.3677,0,0
global,0.05,50vs200,1500,PAN1,50,80,200,0.01276187,2.14737,50,99,3,50,0.06,0.0206,0.1622,0.5051,0.4082,0.6015,0,0
global,0.1,50vs200,1500,PAN1,50,80,200,0.01276187,1.74608,50,99,11,63,0.22,0.1275,0.3524,0.6364,0.5382,0.7244,0,0
global,0.01,50vs200,1500,PAN2,200,200,80,0.01276187,3.24356,50,100,1,3,0.02,0.0035,0.105,0.03,0.0103,0.0845,0,0
global,0.05,50vs200,1500,PAN2,200,200,80,0.01276187,2.14737,50,100,4,15,0.08,0.0315,0.1884,0.15,0.0931,0.2328,0,0
global,0.1,50vs200,1500,PAN2,200,200,80,0.01276187,1.74608,50,100,5,27,0.1,0.0435,0.2136,0.27,0.1927,0.3643,0,0
global,0.01,50vs200,1500,PAN1,50,80,40,0.01276187,3.24356,50,100,0,5,0.0,0.0,0.0714,0.05,0.0215,0.1118,0,0
global,0.05,50vs200,1500,PAN1,50,80,40,0.01276187,2.14737,50,100,3,19,0.06,0.0206,0.1622,0.19,0.1251,0.2778,0,0
global,0.1,50vs200,1500,PAN1,50,80,40,0.01276187,1.74608,50,100,11,32,0.22,0.1275,0.3524,0.32,0.2367,0.4166,0,0
global,0.01,50vs200,1500,PAN2,200,40,80,0.01276187,3.24356,50,100,0,11,0.0,0.0,0.0714,0.11,0.0625,0.1863,0,0
global,0.05,50vs200,1500,PAN2,200,40,80,0.01276187,2.14737,50,100,0,33,0.0,0.0,0.0714,0.33,0.2456,0.4269,0,0
global,0.1,50vs200,1500,PAN2,200,40,80,0.01276187,1.74608,50,100,0,44,0.0,0.0,0.0714,0.44,0.3467,0.5377,0,0
global,0.01,50vs200,1500,PAN1,50,80,60,0.01276187,3.24356,50,100,0,14,0.0,0.0,0.0714,0.14,0.0853,0.2214,0,0
global,0.05,50vs200,1500,PAN1,50,80,60,0.01276187,2.14737,50,100,3,40,0.06,0.0206,0.1622,0.4,0.3094,0.498,0,0
global,0.1,50vs200,1500,PAN1,50,80,60,0.01276187,1.74608,50,100,11,55,0.22,0.1275,0.3524,0.55,0.4524,0.6439,0,0
global,0.01,50vs200,1500,PAN2,200,60,80,0.01276187,3.24356,50,100,0,11,0.0,0.0,0.0714,0.11,0.0625,0.1863,0,0
global,0.05,50vs200,1500,PAN2,200,60,80,0.01276187,2.14737,50,100,0,32,0.0,0.0,0.0714,0.32,0.2367,0.4166,0,0
global,0.1,50vs200,1500,PAN2,200,60,80,0.01276187,1.74608,50,100,1,49,0.02,0.0035,0.105,0.49,0.3942,0.5865,0,0
global,0.01,50vs200,1500,PAN1,50,80,80,0.01276187,3.24356,50,100,0,27,0.0,0.0,0.0714,0.27,0.1927,0.3643,0,0
global,0.05,50vs200,1500,PAN1,50,80,80,0.01276187,2.14737,50,100,3,47,0.06,0.0206,0.1622,0.47,0.3751,0.5671,0,0
global,0.1,50vs200,1500,PAN1,50,80,80,0.01276187,1.74608,50,100,11,63,0.22,0.1275,0.3524,0.63,0.5322,0.7182,0,0
global,0.01,50vs200,1500,PAN2,200,80,80,0.01276187,3.24356,50,100,0,4,0.0,0.0,0.0714,0.04,0.0157,0.0984,0,0
global,0.05,50vs200,1500,PAN2,200,80,80,0.01276187,2.14737,50,100,0,27,0.0,0.0,0.0714,0.27,0.1927,0.3643,0,0
global,0.1,50vs200,1500,PAN2,200,80,80,0.01276187,1.74608,50,100,2,42,0.04,0.011,0.1346,0.42,0.328,0.5179,0,0
global,0.01,50vs50,1500,PAN1,50,100,100,0.01276187,3.24356,50,100,0,33,0.0,0.0,0.0714,0.33,0.2456,0.4269,0,0
global,0.05,50vs50,1500,PAN1,50,100,100,0.01276187,2.14737,50,100,5,65,0.1,0.0435,0.2136,0.65,0.5525,0.7364,0,0
global,0.1,50vs50,1500,PAN1,50,100,100,0.01276187,1.74608,50,100,10,75,0.2,0.1124,0.3304,0.75,0.657,0.8245,0,0
global,0.01,50vs50,1500,PAN2,50,100,100,0.01276187,3.24356,50,100,1,32,0.02,0.0035,0.105,0.32,0.2367,0.4166,0,0
global,0.05,50vs50,1500,PAN2,50,100,100,0.01276187,2.14737,50,100,2,62,0.04,0.011,0.1346,0.62,0.5221,0.709,0,0
global,0.1,50vs50,1500,PAN2,50,100,100,0.01276187,1.74608,50,100,5,72,0.1,0.0435,0.2136,0.72,0.6251,0.7986,0,0
global,0.01,50vs50,1500,PAN1,50,100,120,0.01276187,3.24356,50,100,0,31,0.0,0.0,0.0714,0.31,0.2278,0.4063,0,0
global,0.05,50vs50,1500,PAN1,50,100,120,0.01276187,2.14737,50,100,5,51,0.1,0.0435,0.2136,0.51,0.4135,0.6058,0,0
global,0.1,50vs50,1500,PAN1,50,100,120,0.01276187,1.74608,50,100,10,62,0.2,0.1124,0.3304,0.62,0.5221,0.709,0,0
global,0.01,50vs50,1500,PAN2,50,120,100,0.01276187,3.24356,50,100,1,24,0.02,0.0035,0.105,0.24,0.1669,0.3323,0,0
global,0.05,50vs50,1500,PAN2,50,120,100,0.01276187,2.14737,50,100,3,51,0.06,0.0206,0.1622,0.51,0.4135,0.6058,0,0
global,0.1,50vs50,1500,PAN2,50,120,100,0.01276187,1.74608,50,100,8,66,0.16,0.0834,0.2851,0.66,0.5628,0.7454,0,0
global,0.01,50vs50,1500,PAN1,50,100,140,0.01276187,3.24356,50,100,0,18,0.0,0.0,0.0714,0.18,0.117,0.2667,0,0
global,0.05,50vs50,1500,PAN1,50,100,140,0.01276187,2.14737,50,100,5,38,0.1,0.0435,0.2136,0.38,0.291,0.4779,0,0
global,0.1,50vs50,1500,PAN1,50,100,140,0.01276187,1.74608,50,100,10,53,0.2,0.1124,0.3304,0.53,0.4329,0.6249,0,0
global,0.01,50vs50,1500,PAN2,50,140,100,0.01276187,3.24356,50,100,0,29,0.0,0.0,0.0714,0.29,0.2101,0.3854,0,0
global,0.05,50vs50,1500,PAN2,50,140,100,0.01276187,2.14737,50,100,5,55,0.1,0.0435,0.2136,0.55,0.4524,0.6439,0,0
global,0.1,50vs50,1500,PAN2,50,140,100,0.01276187,1.74608,50,100,10,69,0.2,0.1124,0.3304,0.69,0.5937,0.7722,0,0
global,0.01,50vs50,1500,PAN1,50,100,160,0.01276187,3.24356,50,100,0,29,0.0,0.0,0.0714,0.29,0.2101,0.3854,0,0
global,0.05,50vs50,1500,PAN1,50,100,160,0.01276187,2.14737,50,100,5,45,0.1,0.0435,0.2136,0.45,0.3561,0.5476,0,0
global,0.1,50vs50,1500,PAN1,50,100,160,0.01276187,1.74608,50,100,10,60,0.2,0.1124,0.3304,0.6,0.502,0.6906,0,0
global,0.01,50vs50,1500,PAN2,50,160,100,0.01276187,3.24356,50,100,0,25,0.0,0.0,0.0714,0.25,0.1755,0.343,0,0
global,0.05,50vs50,1500,PAN2,50,160,100,0.01276187,2.14737,50,100,1,49,0.02,0.0035,0.105,0.49,0.3942,0.5865,0,0
global,0.1,50vs50,1500,PAN2,50,160,100,0.01276187,1.74608,50,100,3,57,0.06,0.0206,0.1622,0.57,0.4722,0.6627,0,0
global,0.01,50vs50,1500,PAN1,50,100,180,0.01276187,3.24356,50,100,0,24,0.0,0.0,0.0714,0.24,0.1669,0.3323,0,0
global,0.05,50vs50,1500,PAN1,50,100,180,0.01276187,2.14737,50,100,5,50,0.1,0.0435,0.2136,0.5,0.4038,0.5962,0,0
global,0.1,50vs50,1500,PAN1,50,100,180,0.01276187,1.74608,50,100,10,62,0.2,0.1124,0.3304,0.62,0.5221,0.709,0,0
global,0.01,50vs50,1500,PAN2,50,180,100,0.01276187,3.24356,50,100,0,22,0.0,0.0,0.0714,0.22,0.15,0.3107,0,0
global,0.05,50vs50,1500,PAN2,50,180,100,0.01276187,2.14737,50,100,4,51,0.08,0.0315,0.1884,0.51,0.4135,0.6058,0,0
global,0.1,50vs50,1500,PAN2,50,180,100,0.01276187,1.74608,50,100,5,64,0.1,0.0435,0.2136,0.64,0.5424,0.7273,0,0
global,0.01,50vs50,1500,PAN1,50,100,20,0.01276187,3.24356,50,100,0,1,0.0,0.0,0.0714,0.01,0.0018,0.0545,0,0
global,0.05,50vs50,1500,PAN1,50,100,20,0.01276187,2.14737,50,100,5,6,0.1,0.0435,0.2136,0.06,0.0278,0.1248,0,0
global,0.1,50vs50,1500,PAN1,50,100,20,0.01276187,1.74608,50,100,10,14,0.2,0.1124,0.3304,0.14,0.0853,0.2214,0,0
global,0.01,50vs50,1500,PAN2,50,20,100,0.01276187,3.24356,50,100,0,27,0.0,0.0,0.0714,0.27,0.1927,0.3643,0,0
global,0.05,50vs50,1500,PAN2,50,20,100,0.01276187,2.14737,50,100,0,67,0.0,0.0,0.0714,0.67,0.5731,0.7544,0,0
global,0.1,50vs50,1500,PAN2,50,20,100,0.01276187,1.74608,50,100,1,81,0.02,0.0035,0.105,0.81,0.7222,0.8749,0,0
global,0.01,50vs50,1500,PAN1,50,100,200,0.01276187,3.24356,50,100,0,21,0.0,0.0,0.0714,0.21,0.1417,0.2998,0,0
global,0.05,50vs50,1500,PAN1,50,100,200,0.01276187,2.14737,50,100,5,43,0.1,0.0435,0.2136,0.43,0.3373,0.5278,0,0
global,0.1,50vs50,1500,PAN1,50,100,200,0.01276187,1.74608,50,100,10,57,0.2,0.1124,0.3304,0.57,0.4722,0.6627,0,0
global,0.01,50vs50,1500,PAN2,50,200,100,0.01276187,3.24356,50,100,0,20,0.0,0.0,0.0714,0.2,0.1334,0.2888,0,0
global,0.05,50vs50,1500,PAN2,50,200,100,0.01276187,2.14737,50,100,4,44,0.08,0.0315,0.1884,0.44,0.3467,0.5377,0,0
global,0.1,50vs50,1500,PAN2,50,200,100,0.01276187,1.74608,50,100,7,54,0.14,0.0695,0.2619,0.54,0.4426,0.6344,0,0
global,0.01,50vs50,1500,PAN1,50,100,40,0.01276187,3.24356,50,100,0,3,0.0,0.0,0.0714,0.03,0.0103,0.0845,0,0
global,0.05,50vs50,1500,PAN1,50,100,40,0.01276187,2.14737,50,100,5,13,0.1,0.0435,0.2136,0.13,0.0776,0.2098,0,0
global,0.1,50vs50,1500,PAN1,50,100,40,0.01276187,1.74608,50,100,10,24,0.2,0.1124,0.3304,0.24,0.1669,0.3323,0,0
global,0.01,50vs50,1500,PAN2,50,40,100,0.01276187,3.24356,50,100,0,41,0.0,0.0,0.0714,0.41,0.3187,0.508,0,0
global,0.05,50vs50,1500,PAN2,50,40,100,0.01276187,2.14737,50,100,0,78,0.0,0.0,0.0714,0.78,0.6893,0.85,0,0
global,0.1,50vs50,1500,PAN2,50,40,100,0.01276187,1.74608,50,100,0,90,0.0,0.0,0.0714,0.9,0.8256,0.9448,0,0
global,0.01,50vs50,1500,PAN1,50,100,60,0.01276187,3.24356,50,100,0,8,0.0,0.0,0.0714,0.08,0.0411,0.15,0,0
global,0.05,50vs50,1500,PAN1,50,100,60,0.01276187,2.14737,50,100,5,26,0.1,0.0435,0.2136,0.26,0.184,0.3537,0,0
global,0.1,50vs50,1500,PAN1,50,100,60,0.01276187,1.74608,50,100,10,39,0.2,0.1124,0.3304,0.39,0.3002,0.488,0,0
global,0.01,50vs50,1500,PAN2,50,60,100,0.01276187,3.24356,50,100,0,38,0.0,0.0,0.0714,0.38,0.291,0.4779,0,0
global,0.05,50vs50,1500,PAN2,50,60,100,0.01276187,2.14737,50,100,2,65,0.04,0.011,0.1346,0.65,0.5525,0.7364,0,0
global,0.1,50vs50,1500,PAN2,50,60,100,0.01276187,1.74608,50,100,3,81,0.06,0.0206,0.1622,0.81,0.7222,0.8749,0,0
global,0.01,50vs50,1500,PAN1,50,100,80,0.01276187,3.24356,50,100,0,21,0.0,0.0,0.0714,0.21,0.1417,0.2998,0,0
global,0.05,50vs50,1500,PAN1,50,100,80,0.01276187,2.14737,50,100,5,44,0.1,0.0435,0.2136,0.44,0.3467,0.5377,0,0
global,0.1,50vs50,1500,PAN1,50,100,80,0.01276187,1.74608,50,100,10,57,0.2,0.1124,0.3304,0.57,0.4722,0.6627,0,0
global,0.01,50vs50,1500,PAN2,50,80,100,0.01276187,3.24356,50,100,0,38,0.0,0.0,0.0714,0.38,0.291,0.4779,0,0
global,0.05,50vs50,1500,PAN2,50,80,100,0.01276187,2.14737,50,100,2,63,0.04,0.011,0.1346,0.63,0.5322,0.7182,0,0
global,0.1,50vs50,1500,PAN2,50,80,100,0.01276187,1.74608,50,100,7,75,0.14,0.0695,0.2619,0.75,0.657,0.8245,0,0
global,0.01,50vs50,1500,PAN1,50,120,100,0.01276187,3.24356,50,100,1,23,0.02,0.0035,0.105,0.23,0.1584,0.3215,0,0
global,0.05,50vs50,1500,PAN1,50,120,100,0.01276187,2.14737,50,100,2,47,0.04,0.011,0.1346,0.47,0.3751,0.5671,0,0
global,0.1,50vs50,1500,PAN1,50,120,100,0.01276187,1.74608,50,100,4,55,0.08,0.0315,0.1884,0.55,0.4524,0.6439,0,0
global,0.01,50vs50,1500,PAN2,50,100,120,0.01276187,3.24356,50,100,1,26,0.02,0.0035,0.105,0.26,0.184,0.3537,0,0
global,0.05,50vs50,1500,PAN2,50,100,120,0.01276187,2.14737,50,100,2,57,0.04,0.011,0.1346,0.57,0.4722,0.6627,0,0
global,0.1,50vs50,1500,PAN2,50,100,120,0.01276187,1.74608,50,100,5,70,0.1,0.0435,0.2136,0.7,0.6041,0.7811,0,0
global,0.01,50vs50,1500,PAN1,50,120,120,0.01276187,3.24356,50,100,1,28,0.02,0.0035,0.105,0.28,0.2014,0.3749,0,0
global,0.05,50vs50,1500,PAN1,50,120,120,0.01276187,2.14737,50,100,2,48,0.04,0.011,0.1346,0.48,0.3846,0.5768,0,0
global,0.1,50vs50,1500,PAN1,50,120,120,0.01276187,1.74608,50,100,4,58,0.08,0.0315,0.1884,0.58,0.4821,0.672,0,0
global,0.01,50vs50,1500,PAN2,50,120,120,0.01276187,3.24356,50,100,1,37,0.02,0.0035,0.105,0.37,0.2818,0.4678,0,0
global,0.05,50vs50,1500,PAN2,50,120,120,0.01276187,2.14737,50,100,3,59,0.06,0.0206,0.1622,0.59,0.492,0.6813,0,0
global,0.1,50vs50,1500,PAN2,50,120,120,0.01276187,1.74608,50,100,8,72,0.16,0.0834,0.2851,0.72,0.6251,0.7986,0,0
global,0.01,50vs50,1500,PAN1,50,120,140,0.01276187,3.24356,50,100,1,24,0.02,0.0035,0.105,0.24,0.1669,0.3323,0,0
global,0.05,50vs50,1500,PAN1,50,120,140,0.01276187,2.14737,50,100,2,42,0.04,0.011,0.1346,0.42,0.328,0.5179,0,0
global,0.1,50vs50,1500,PAN1,50,120,140,0.01276187,1.74608,50,100,4,56,0.08,0.0315,0.1884,0.56,0.4623,0.6533,0,0
global,0.01,50vs50,1500,PAN2,50,140,120,0.01276187,3.24356,50,100,0,30,0.0,0.0,0.0714,0.3,0.2189,0.3959,0,0
global,0.05,50vs50,1500,PAN2,50,140,120,0.01276187,2.14737,50,100,5,54,0.1,0.0435,0.2136,0.54,0.4426,0.6344,0,0
global,0.1,50vs50,1500,PAN2,50,140,120,0.01276187,1.74608,50,100,10,65,0.2,0.1124,0.3304,0.65,0.5525,0.7364,0,0
global,0.01,50vs50,1500,PAN1,50,120,160,0.01276187,3.24356,50,100,1,27,0.02,0.0035,0.105,0.27,0.1927,0.3643,0,0
global,0.05,50vs50,1500,PAN1,50,120,160,0.01276187,2.14737,50,100,2,47,0.04,0.011,0.1346,0.47,0.3751,0.5671,0,0
global,0.1,50vs50,1500,PAN1,50,120,160,0.01276187,1.74608,50,100,4,58,0.08,0.0315,0.1884,0.58,0.4821,0.672,0,0
global,0.01,50vs50,1500,PAN2,50,160,120,0.01276187,3.24356,50,100,0,25,0.0,0.0,0.0714,0.25,0.1755,0.343,0,0
global,0.05,50vs50,1500,PAN2,50,160,120,0.01276187,2.14737,50,100,1,43,0.02,0.0035,0.105,0.43,0.3373,0.5278,0,0
global,0.1,50vs50,1500,PAN2,50,160,120,0.01276187,1.74608,50,100,3,62,0.06,0.0206,0.1622,0.62,0.5221,0.709,0,0
global,0.01,50vs50,1500,PAN1,50,120,180,0.01276187,3.24356,50,99,1,21,0.02,0.0035,0.105,0.2121,0.1431,0.3026,0,0
global,0.05,50vs50,1500,PAN1,50,120,180,0.01276187,2.14737,50,99,2,46,0.04,0.011,0.1346,0.4646,0.3696,0.5624,0,0
global,0.1,50vs50,1500,PAN1,50,120,180,0.01276187,1.74608,50,99,4,54,0.08,0.0315,0.1884,0.5455,0.4475,0.64,0,0
global,0.01,50vs50,1500,PAN2,50,180,120,0.01276187,3.24356,50,100,0,23,0.0,0.0,0.0714,0.23,0.1584,0.3215,0,0
global,0.05,50vs50,1500,PAN2,50,180,120,0.01276187,2.14737,50,100,4,48,0.08,0.0315,0.1884,0.48,0.3846,0.5768,0,0
global,0.1,50vs50,1500,PAN2,50,180,120,0.01276187,1.74608,50,100,5,64,0.1,0.0435,0.2136,0.64,0.5424,0.7273,0,0
global,0.01,50vs50,1500,PAN1,50,120,20,0.01276187,3.24356,50,100,1,1,0.02,0.0035,0.105,0.01,0.0018,0.0545,0,0
global,0.05,50vs50,1500,PAN1,50,120,20,0.01276187,2.14737,50,100,2,6,0.04,0.011,0.1346,0.06,0.0278,0.1248,0,0
global,0.1,50vs50,1500,PAN1,50,120,20,0.01276187,1.74608,50,100,4,14,0.08,0.0315,0.1884,0.14,0.0853,0.2214,0,0
global,0.01,50vs50,1500,PAN2,50,20,120,0.01276187,3.24356,50,100,0,29,0.0,0.0,0.0714,0.29,0.2101,0.3854,0,0
global,0.05,50vs50,1500,PAN2,50,20,120,0.01276187,2.14737,50,100,0,64,0.0,0.0,0.0714,0.64,0.5424,0.7273,0,0
global,0.1,50vs50,1500,PAN2,50,20,120,0.01276187,1.74608,50,100,1,73,0.02,0.0035,0.105,0.73,0.6357,0.8073,0,0
global,0.01,50vs50,1500,PAN1,50,120,200,0.01276187,3.24356,50,100,1,31,0.02,0.0035,0.105,0.31,0.2278,0.4063,0,0
global,0.05,50vs50,1500,PAN1,50,120,200,0.01276187,2.14737,50,100,2,51,0.04,0.011,0.1346,0.51,0.4135,0.6058,0,0
global,0.1,50vs50,1500,PAN1,50,120,200,0.01276187,1.74608,50,100,4,66,0.08,0.0315,0.1884,0.66,0.5628,0.7454,0,0
global,0.01,50vs50,1500,PAN2,50,200,120,0.01276187,3.24356,50,100,0,21,0.0,0.0,0.0714,0.21,0.1417,0.2998,0,0
global,0.05,50vs50,1500,PAN2,50,200,120,0.01276187,2.14737,50,100,4,51,0.08,0.0315,0.1884,0.51,0.4135,0.6058,0,0
global,0.1,50vs50,1500,PAN2,50,200,120,0.01276187,1.74608,50,100,7,56,0.14,0.0695,0.2619,0.56,0.4623,0.6533,0,0
global,0.01,50vs50,1500,PAN1,50,120,40,0.01276187,3.24356,50,98,1,1,0.02,0.0035,0.105,0.0102,0.0018,0.0556,0,0
global,0.05,50vs50,1500,PAN1,50,120,40,0.01276187,2.14737,50,98,2,15,0.04,0.011,0.1346,0.1531,0.095,0.2373,0,0
global,0.1,50vs50,1500,PAN1,50,120,40,0.01276187,1.74608,50,98,4,20,0.08,0.0315,0.1884,0.2041,0.1362,0.2943,0,0
global,0.01,50vs50,1500,PAN2,50,40,120,0.01276187,3.24356,50,100,0,40,0.0,0.0,0.0714,0.4,0.3094,0.498,0,0
global,0.05,50vs50,1500,PAN2,50,40,120,0.01276187,2.14737,50,100,0,79,0.0,0.0,0.0714,0.79,0.7002,0.8583,0,0
global,0.1,50vs50,1500,PAN2,50,40,120,0.01276187,1.74608,50,100,0,88,0.0,0.0,0.0714,0.88,0.8019,0.93,0,0
global,0.01,50vs50,1500,PAN1,50,120,60,0.01276187,3.24356,50,100,1,10,0.02,0.0035,0.105,0.1,0.0552,0.1744,0,0
global,0.05,50vs50,1500,PAN1,50,120,60,0.01276187,2.14737,50,100,2,34,0.04,0.011,0.1346,0.34,0.2546,0.4372,0,0
global,0.1,50vs50,1500,PAN1,50,120,60,0.01276187,1.74608,50,100,4,41,0.08,0.0315,0.1884,0.41,0.3187,0.508,0,0
global,0.01,50vs50,1500,PAN2,50,60,120,0.01276187,3.24356,50,100,0,39,0.0,0.0,0.0714,0.39,0.3002,0.488,0,0
global,0.05,50vs50,1500,PAN2,50,60,120,0.01276187,2.14737,50,100,2,76,0.04,0.011,0.1346,0.76,0.6677,0.8331,0,0
global,0.1,50vs50,1500,PAN2,50,60,120,0.01276187,1.74608,50,100,3,84,0.06,0.0206,0.1622,0.84,0.7558,0.899,0,0
global,0.01,50vs50,1500,PAN1,50,120,80,0.01276187,3.24356,50,100,1,21,0.02,0.0035,0.105,0.21,0.1417,0.2998,0,0
global,0.05,50vs50,1500,PAN1,50,120,80,0.01276187,2.14737,50,100,2,50,0.04,0.011,0.1346,0.5,0.4038,0.5962,0,0
global,0.1,50vs50,1500,PAN1,50,120,80,0.01276187,1.74608,50,100,4,64,0.08,0.0315,0.1884,0.64,0.5424,0.7273,0,0
global,0.01,50vs50,1500,PAN2,50,80,120,0.01276187,3.24356,50,100,0,33,0.0,0.0,0.0714,0.33,0.2456,0.4269,0,0
global,0.05,50vs50,1500,PAN2,50,80,120,0.01276187,2.14737,50,100,2,62,0.04,0.011,0.1346,0.62,0.5221,0.709,0,0
global,0.1,50vs50,1500,PAN2,50,80,120,0.01276187,1.74608,50,100,7,71,0.14,0.0695,0.2619,0.71,0.6146,0.7899,0,0
global,0.01,50vs50,1500,PAN1,50,140,100,0.01276187,3.24356,50,100,0,16,0.0,0.0,0.0714,0.16,0.101,0.2442,0,0
global,0.05,50vs50,1500,PAN1,50,140,100,0.01276187,2.14737,50,100,0,43,0.0,0.0,0.0714,0.43,0.3373,0.5278,0,0
global,0.1,50vs50,1500,PAN1,50,140,100,0.01276187,1.74608,50,100,7,58,0.14,0.0695,0.2619,0.58,0.4821,0.672,0,0
global,0.01,50vs50,1500,PAN2,50,100,140,0.01276187,3.24356,50,100,1,24,0.02,0.0035,0.105,0.24,0.1669,0.3323,0,0
global,0.05,50vs50,1500,PAN2,50,100,140,0.01276187,2.14737,50,100,2,54,0.04,0.011,0.1346,0.54,0.4426,0.6344,0,0
global,0.1,50vs50,1500,PAN2,50,100,140,0.01276187,1.74608,50,100,5,71,0.1,0.0435,0.2136,0.71,0.6146,0.7899,0,0
global,0.01,50vs50,1500,PAN1,50,140,120,0.01276187,3.24356,50,100,0,26,0.0,0.0,0.0714,0.26,0.184,0.3537,0,0
global,0.05,50vs50,1500,PAN1,50,140,120,0.01276187,2.14737,50,100,0,52,0.0,0.0,0.0714,0.52,0.4232,0.6154,0,0
global,0.1,50vs50,1500,PAN1,50,140,120,0.01276187,1.74608,50,100,7,64,0.14,0.0695,0.2619,0.64,0.5424,0.7273,0,0
global,0.01,50vs50,1500,PAN2,50,120,140,0.01276187,3.24356,50,99,1,33,0.02,0.0035,0.105,0.3333,0.2482,0.4309,0,0
global,0.05,50vs50,1500,PAN2,50,120,140,0.01276187,2.14737,50,99,3,52,0.06,0.0206,0.1622,0.5253,0.4278,0.6208,0,0
global,0.1,50vs50,1500,PAN2,50,120,140,0.01276187,1.74608,50,99,8,64,0.16,0.0834,0.2851,0.6465,0.5484,0.7336,0,0
global,0.01,50vs50,1500,PAN1,50,140,140,0.01276187,3.24356,50,100,0,29,0.0,0.0,0.0714,0.29,0.2101,0.3854,0,0
global,0.05,50vs50,1500,PAN1,50,140,140,0.01276187,2.14737,50,100,0,49,0.0,0.0,0.0714,0.49,0.3942,0.5865,0,0
global,0.1,50vs50,1500,PAN1,50,140,140,0.01276187,1.74608,50,100,7,59,0.14,0.0695,0.2619,0.59,0.492,0.6813,0,0
global,0.01,50vs50,1500,PAN2,50,140,140,0.01276187,3.24356,50,100,0,29,0.0,0.0,0.0714,0.29,0.2101,0.3854,0,0
global,0.05,50vs50,1500,PAN2,50,140,140,0.01276187,2.14737,50,100,5,55,0.1,0.0435,0.2136,0.55,0.4524,0.6439,0,0
global,0.1,50vs50,1500,PAN2,50,140,140,0.01276187,1.74608,50,100,10,66,0.2,0.1124,0.3304,0.66,0.5628,0.7454,0,0
global,0.01,50vs50,1500,PAN1,50,140,160,0.01276187,3.24356,50,99,0,21,0.0,0.0,0.0714,0.2121,0.1431,0.3026,0,0
global,0.05,50vs50,1500,PAN1,50,140,160,0.01276187,2.14737,50,99,0,47,0.0,0.0,0.0714,0.4747,0.3792,0.5722,0,0
global,0.1,50vs50,1500,PAN1,50,140,160,0.01276187,1.74608,50,99,7,60,0.14,0.0695,0.2619,0.6061,0.5076,0.6966,0,0
global,0.01,50vs50,1500,PAN2,50,160,140,0.01276187,3.24356,50,100,0,28,0.0,0.0,0.0714,0.28,0.2014,0.3749,0,0
global,0.05,50vs50,1500,PAN2,50,160,140,0.01276187,2.14737,50,100,1,49,0.02,0.0035,0.105,0.49,0.3942,0.5865,0,0
global,0.1,50vs50,1500,PAN2,50,160,140,0.01276187,1.74608,50,100,3,59,0.06,0.0206,0.1622,0.59,0.492,0.6813,0,0
global,0.01,50vs50,1500,PAN1,50,140,180,0.01276187,3.24356,50,99,0,23,0.0,0.0,0.0714,0.2323,0.1601,0.3246,0,0
global,0.05,50vs50,1500,PAN1,50,140,180,0.01276187,2.14737,50,99,0,41,0.0,0.0,0.0714,0.4141,0.3221,0.5126,0,0
global,0.1,50vs50,1500,PAN1,50,140,180,0.01276187,1.74608,50,99,7,55,0.14,0.0695,0.2619,0.5556,0.4574,0.6495,0,0
global,0.01,50vs50,1500,PAN2,50,180,140,0.01276187,3.24356,50,100,0,20,0.0,0.0,0.0714,0.2,0.1334,0.2888,0,0
global,0.05,50vs50,1500,PAN2,50,180,140,0.01276187,2.14737,50,100,4,44,0.08,0.0315,0.1884,0.44,0.3467,0.5377,0,0
global,0.1,50vs50,1500,PAN2,50,180,140,0.01276187,1.74608,50,100,5,55,0.1,0.0435,0.2136,0.55,0.4524,0.6439,0,0
global,0.01,50vs50,1500,PAN1,50,140,20,0.01276187,3.24356,50,100,0,2,0.0,0.0,0.0714,0.02,0.0055,0.07,0,0
global,0.05,50vs50,1500,PAN1,50,140,20,0.01276187,2.14737,50,100,0,14,0.0,0.0,0.0714,0.14,0.0853,0.2214,0,0
global,0.1,50vs50,1500,PAN1,50,140,20,0.01276187,1.74608,50,100,7,23,0.14,0.0695,0.2619,0.23,0.1584,0.3215,0,0
global,0.01,50vs50,1500,PAN2,50,20,140,0.01276187,3.24356,50,100,0,22,0.0,0.0,0.0714,0.22,0.15,0.3107,0,0
global,0.05,50vs50,1500,PAN2,50,20,140,0.01276187,2.14737,50,100,0,61,0.0,0.0,0.0714,0.61,0.512,0.6998,0,0
global,0.1,50vs50,1500,PAN2,50,20,140,0.01276187,1.74608,50,100,1,80,0.02,0.0035,0.105,0.8,0.7112,0.8666,0,0
global,0.01,50vs50,1500,PAN1,50,140,200,0.01276187,3.24356,50,99,0,23,0.0,0.0,0.0714,0.2323,0.1601,0.3246,0,0
global,0.05,50vs50,1500,PAN1,50,140,200,0.01276187,2.14737,50,99,0,40,0.0,0.0,0.0714,0.404,0.3127,0.5025,0,0
global,0.1,50vs50,1500,PAN1,50,140,200,0.01276187,1.74608,50,99,7,51,0.14,0.0695,0.2619,0.5152,0.418,0.6112,0,0
global,0.01,50vs50,1500,PAN2,50,200,140,0.01276187,3.24356,50,100,0,20,0.0,0.0,0.0714,0.2,0.1334,0.2888,0,0
global,0.05,50vs50,1500,PAN2,50,200,140,0.01276187,2.14737,50,100,4,39,0.08,0.0315,0.1884,0.39,0.3002,0.488,0,0
global,0.1,50vs50,1500,PAN2,50,200,140,0.01276187,1.74608,50,100,7,53,0.14,0.0695,0.2619,0.53,0.4329,0.6249,0,0
global,0.01,50vs50,1500,PAN1,50,140,40,0.01276187,3.24356,50,99,0,1,0.0,0.0,0.0714,0.0101,0.0018,0.055,0,0
global,0.05,50vs50,1500,PAN1,50,140,40,0.01276187,2.14737,50,99,0,7,0.0,0.0,0.0714,0.0707,0.0347,0.1388,0,0
global,0.1,50vs50,1500,PAN1,50,140,40,0.01276187,1.74608,50,99,7,14,0.14,0.0695,0.2619,0.1414,0.0861,0.2235,0,0
global,0.01,50vs50,1500,PAN2,50,40,140,0.01276187,3.24356,50,100,0,43,0.0,0.0,0.0714,0.43,0.3373,0.5278,0,0
global,0.05,50vs50,1500,PAN2,50,40,140,0.01276187,2.14737,50,100,0,75,0.0,0.0,0.0714,0.75,0.657,0.8245,0,0
global,0.1,50vs50,1500,PAN2,50,40,140,0.01276187,1.74608,50,100,0,83,0.0,0.0,0.0714,0.83,0.7445,0.8911,0,0
global,0.01,50vs50,1500,PAN1,50,140,60,0.01276187,3.24356,50,100,0,10,0.0,0.0,0.0714,0.1,0.0552,0.1744,0,0
global,0.05,50vs50,1500,PAN1,50,140,60,0.01276187,2.14737,50,100,0,21,0.0,0.0,0.0714,0.21,0.1417,0.2998,0,0
global,0.1,50vs50,1500,PAN1,50,140,60,0.01276187,1.74608,50,100,7,39,0.14,0.0695,0.2619,0.39,0.3002,0.488,0,0
global,0.01,50vs50,1500,PAN2,50,60,140,0.01276187,3.24356,50,99,0,37,0.0,0.0,0.0714,0.3737,0.2848,0.4721,0,0
global,0.05,50vs50,1500,PAN2,50,60,140,0.01276187,2.14737,50,99,2,63,0.04,0.011,0.1346,0.6364,0.5382,0.7244,0,0
global,0.1,50vs50,1500,PAN2,50,60,140,0.01276187,1.74608,50,99,3,81,0.06,0.0206,0.1622,0.8182,0.7308,0.8818,0,0
global,0.01,50vs50,1500,PAN1,50,140,80,0.01276187,3.24356,50,100,0,21,0.0,0.0,0.0714,0.21,0.1417,0.2998,0,0
global,0.05,50vs50,1500,PAN1,50,140,80,0.01276187,2.14737,50,100,0,42,0.0,0.0,0.0714,0.42,0.328,0.5179,0,0
global,0.1,50vs50,1500,PAN1,50,140,80,0.01276187,1.74608,50,100,7,55,0.14,0.0695,0.2619,0.55,0.4524,0.6439,0,0
global,0.01,50vs50,1500,PAN2,50,80,140,0.01276187,3.24356,50,100,0,32,0.0,0.0,0.0714,0.32,0.2367,0.4166,0,0
global,0.05,50vs50,1500,PAN2,50,80,140,0.01276187,2.14737,50,100,2,56,0.04,0.011,0.1346,0.56,0.4623,0.6533,0,0
global,0.1,50vs50,1500,PAN2,50,80,140,0.01276187,1.74608,50,100,7,67,0.14,0.0695,0.2619,0.67,0.5731,0.7544,0,0
global,0.01,50vs50,1500,PAN1,50,160,100,0.01276187,3.24356,50,100,0,26,0.0,0.0,0.0714,0.26,0.184,0.3537,0,0
global,0.05,50vs50,1500,PAN1,50,160,100,0.01276187,2.14737,50,100,6,48,0.12,0.0562,0.2381,0.48,0.3846,0.5768,0,0
global,0.1,50vs50,1500,PAN1,50,160,100,0.01276187,1.74608,50,100,9,58,0.18,0.0977,0.308,0.58,0.4821,0.672,0,0
global,0.01,50vs50,1500,PAN2,50,100,160,0.01276187,3.24356,50,99,1,28,0.02,0.0035,0.105,0.2828,0.2035,0.3784,0,0
global,0.05,50vs50,1500,PAN2,50,100,160,0.01276187,2.14737,50,99,2,56,0.04,0.011,0.1346,0.5657,0.4674,0.659,0,0
global,0.1,50vs50,1500,PAN2,50,100,160,0.01276187,1.74608,50,99,5,71,0.1,0.0435,0.2136,0.7172,0.6216,0.7965,0,0
global,0.01,50vs50,1500,PAN1,50,160,120,0.01276187,3.24356,50,100,0,21,0.0,0.0,0.0714,0.21,0.1417,0.2998,0,0
global,0.05,50vs50,1500,PAN1,50,160,120,0.01276187,2.14737,50,100,6,46,0.12,0.0562,0.2381,0.46,0.3656,0.5574,0,0
global,0.1,50vs50,1500,PAN1,50,160,120,0.01276187,1.74608,50,100,9,54,0.18,0.0977,0.308,0.54,0.4426,0.6344,0,0
global,0.01,50vs50,1500,PAN2,50,120,160,0.01276187,3.24356,50,99,1,22,0.02,0.0035,0.105,0.2222,0.1516,0.3136,0,0
global,0.05,50vs50,1500,PAN2,50,120,160,0.01276187,2.14737,50,99,3,56,0.06,0.0206,0.1622,0.5657,0.4674,0.659,0,0
global,0.1,50vs50,1500,PAN2,50,120,160,0.01276187,1.74608,50,99,8,68,0.16,0.0834,0.2851,0.6869,0.59,0.7698,0,0
global,0.01,50vs50,1500,PAN1,50,160,140,0.01276187,3.24356,50,99,0,22,0.0,0.0,0.0714,0.2222,0.1516,0.3136,0,0
global,0.05,50vs50,1500,PAN1,50,160,140,0.01276187,2.14737,50,99,6,40,0.12,0.0562,0.2381,0.404,0.3127,0.5025,0,0
global,0.1,50vs50,1500,PAN1,50,160,140,0.01276187,1.74608,50,99,9,48,0.18,0.0977,0.308,0.4848,0.3888,0.582,0,0
global,0.01,50vs50,1500,PAN2,50,140,160,0.01276187,3.24356,50,100,0,35,0.0,0.0,0.0714,0.35,0.2636,0.4475,0,0
global,0.05,50vs50,1500,PAN2,50,140,160,0.01276187,2.14737,50,100,5,57,0.1,0.0435,0.2136,0.57,0.4722,0.6627,0,0
global,0.1,50vs50,1500,PAN2,50,140,160,0.01276187,1.74608,50,100,10,64,0.2,0.1124,0.3304,0.64,0.5424,0.7273,0,0
global,0.01,50vs50,1500,PAN1,50,160,160,0.01276187,3.24356,50,100,0,24,0.0,0.0,0.0714,0.24,0.1669,0.3323,0,0
global,0.05,50vs50,1500,PAN1,50,160,160,0.01276187,2.14737,50,100,6,51,0.12,0.0562,0.2381,0.51,0.4135,0.6058,0,0
global,0.1,50vs50,1500,PAN1,50,160,160,0.01276187,1.74608,50,100,9,65,0.18,0.0977,0.308,0.65,0.5525,0.7364,0,0
global,0.01,50vs50,1500,PAN2,50,160,160,0.01276187,3.24356,50,100,0,29,0.0,0.0,0.0714,0.29,0.2101,0.3854,0,0
global,0.05,50vs50,1500,PAN2,50,160,160,0.01276187,2.14737,50,100,1,54,0.02,0.0035,0.105,0.54,0.4426,0.6344,0,0
global,0.1,50vs50,1500,PAN2,50,160,160,0.01276187,1.74608,50,100,3,67,0.06,0.0206,0.1622,0.67,0.5731,0.7544,0,0
global,0.01,50vs50,1500,PAN1,50,160,180,0.01276187,3.24356,50,100,0,18,0.0,0.0,0.0714,0.18,0.117,0.2667,0,0
global,0.05,50vs50,1500,PAN1,50,160,180,0.01276187,2.14737,50,100,6,43,0.12,0.0562,0.2381,0.43,0.3373,0.5278,0,0
global,0.1,50vs50,1500,PAN1,50,160,180,0.01276187,1.74608,50,100,9,52,0.18,0.0977,0.308,0.52,0.4232,0.6154,0,0
global,0.01,50vs50,1500,PAN2,50,180,160,0.01276187,3.24356,50,99,0,17,0.0,0.0,0.0714,0.1717,0.1101,0.2579,0,0
global,0.05,50vs50,1500,PAN2,50,180,160,0.01276187,2.14737,50,99,4,47,0.08,0.0315,0.1884,0.4747,0.3792,0.5722,0,0
global,0.1,50vs50,1500,PAN2,50,180,160,0.01276187,1.74608,50,99,5,56,0.1,0.0435,0.2136,0.5657,0.4674,0.659,0,0
global,0.01,50vs50,1500,PAN1,50,160,20,0.01276187,3.24356,50,100,0,1,0.0,0.0,0.0714,0.01,0.0018,0.0545,0,0
global,0.05,50vs50,1500,PAN1,50,160,20,0.01276187,2.14737,50,100,6,8,0.12,0.0562,0.2381,0.08,0.0411,0.15,0,0
global,0.1,50vs50,1500,PAN1,50,160,20,0.01276187,1.74608,50,100,9,15,0.18,0.0977,0.308,0.15,0.0931,0.2328,0,0
global,0.01,50vs50,1500,PAN2,50,20,160,0.01276187,3.24356,50,100,0,30,0.0,0.0,0.0714,0.3,0.2189,0.3959,0,0
global,0.05,50vs50,1500,PAN2,50,20,160,0.01276187,2.14737,50,100,0,65,0.0,0.0,0.0714,0.65,0.5525,0.7364,0,0
global,0.1,50vs50,1500,PAN2,50,20,160,0.01276187,1.74608,50,100,1,78,0.02,0.0035,0.105,0.78,0.6893,0.85,0,0
global,0.01,50vs50,1500,PAN1,50,160,200,0.01276187,3.24356,50,100,0,19,0.0,0.0,0.0714,0.19,0.1251,0.2778,0,0
global,0.05,50vs50,1500,PAN1,50,160,200,0.01276187,2.14737,50,100,6,44,0.12,0.0562,0.2381,0.44,0.3467,0.5377,0,0
global,0.1,50vs50,1500,PAN1,50,160,200,0.01276187,1.74608,50,100,9,57,0.18,0.0977,0.308,0.57,0.4722,0.6627,0,0
global,0.01,50vs50,1500,PAN2,50,200,160,0.01276187,3.24356,50,100,0,18,0.0,0.0,0.0714,0.18,0.117,0.2667,0,0
global,0.05,50vs50,1500,PAN2,50,200,160,0.01276187,2.14737,50,100,4,38,0.08,0.0315,0.1884,0.38,0.291,0.4779,0,0
global,0.1,50vs50,1500,PAN2,50,200,160,0.01276187,1.74608,50,100,7,50,0.14,0.0695,0.2619,0.5,0.4038,0.5962,0,0
global,0.01,50vs50,1500,PAN1,50,160,40,0.01276187,3.24356,50,99,0,1,0.0,0.0,0.0714,0.0101,0.0018,0.055,0,0
global,0.05,50vs50,1500,PAN1,50,160,40,0.01276187,2.14737,50,99,6,11,0.12,0.0562,0.2381,0.1111,0.0632,0.1881,0,0
global,0.1,50vs50,1500,PAN1,50,160,40,0.01276187,1.74608,50,99,9,25,0.18,0.0977,0.308,0.2525,0.1773,0.3462,0,0
global,0.01,50vs50,1500,PAN2,50,40,160,0.01276187,3.24356,50,100,0,38,0.0,0.0,0.0714,0.38,0.291,0.4779,0,0
global,0.05,50vs50,1500,PAN2,50,40,160,0.01276187,2.14737,50,100,0,75,0.0,0.0,0.0714,0.75,0.657,0.8245,0,0
global,0.1,50vs50,1500,PAN2,50,40,160,0.01276187,1.74608,50,100,0,86,0.0,0.0,0.0714,0.86,0.7786,0.9147,0,0
global,0.01,50vs50,1500,PAN1,50,160,60,0.01276187,3.24356,50,100,0,8,0.0,0.0,0.0714,0.08,0.0411,0.15,0,0
global,0.05,50vs50,1500,PAN1,50,160,60,0.01276187,2.14737,50,100,6,24,0.12,0.0562,0.2381,0.24,0.1669,0.3323,0,0
global,0.1,50vs50,1500,PAN1,50,160,60,0.01276187,1.74608,50,100,9,39,0.18,0.0977,0.308,0.39,0.3002,0.488,0,0
global,0.01,50vs50,1500,PAN2,50,60,160,0.01276187,3.24356,50,100,0,30,0.0,0.0,0.0714,0.3,0.2189,0.3959,0,0
global,0.05,50vs50,1500,PAN2,50,60,160,0.01276187,2.14737,50,100,2,62,0.04,0.011,0.1346,0.62,0.5221,0.709,0,0
global,0.1,50vs50,1500,PAN2,50,60,160,0.01276187,1.74608,50,100,3,73,0.06,0.0206,0.1622,0.73,0.6357,0.8073,0,0
global,0.01,50vs50,1500,PAN1,50,160,80,0.01276187,3.24356,50,100,0,22,0.0,0.0,0.0714,0.22,0.15,0.3107,0,0
global,0.05,50vs50,1500,PAN1,50,160,80,0.01276187,2.14737,50,100,6,41,0.12,0.0562,0.2381,0.41,0.3187,0.508,0,0
global,0.1,50vs50,1500,PAN1,50,160,80,0.01276187,1.74608,50,100,9,53,0.18,0.0977,0.308,0.53,0.4329,0.6249,0,0
global,0.01,50vs50,1500,PAN2,50,80,160,0.01276187,3.24356,50,100,0,31,0.0,0.0,0.0714,0.31,0.2278,0.4063,0,0
global,0.05,50vs50,1500,PAN2,50,80,160,0.01276187,2.14737,50,100,2,58,0.04,0.011,0.1346,0.58,0.4821,0.672,0,0
global,0.1,50vs50,1500,PAN2,50,80,160,0.01276187,1.74608,50,100,7,73,0.14,0.0695,0.2619,0.73,0.6357,0.8073,0,0
global,0.01,50vs50,1500,PAN1,50,180,100,0.01276187,3.24356,50,100,0,17,0.0,0.0,0.0714,0.17,0.1089,0.2555,0,0
global,0.05,50vs50,1500,PAN1,50,180,100,0.01276187,2.14737,50,100,3,36,0.06,0.0206,0.1622,0.36,0.2727,0.4576,0,0
global,0.1,50vs50,1500,PAN1,50,180,100,0.01276187,1.74608,50,100,5,59,0.1,0.0435,0.2136,0.59,0.492,0.6813,0,0
global,0.01,50vs50,1500,PAN2,50,100,180,0.01276187,3.24356,50,100,1,28,0.02,0.0035,0.105,0.28,0.2014,0.3749,0,0
global,0.05,50vs50,1500,PAN2,50,100,180,0.01276187,2.14737,50,100,2,52,0.04,0.011,0.1346,0.52,0.4232,0.6154,0,0
global,0.1,50vs50,1500,PAN2,50,100,180,0.01276187,1.74608,50,100,5,62,0.1,0.0435,0.2136,0.62,0.5221,0.709,0,0
global,0.01,50vs50,1500,PAN1,50,180,120,0.01276187,3.24356,50,99,0,23,0.0,0.0,0.0714,0.2323,0.1601,0.3246,0,0
global,0.05,50vs50,1500,PAN1,50,180,120,0.01276187,2.14737,50,99,3,43,0.06,0.0206,0.1622,0.4343,0.341,0.5326,0,0
global,0.1,50vs50,1500,PAN1,50,180,120,0.01276187,1.74608,50,99,5,53,0.1,0.0435,0.2136,0.5354,0.4376,0.6304,0,0
global,0.01,50vs50,1500,PAN2,50,120,180,0.01276187,3.24356,50,99,1,32,0.02,0.0035,0.105,0.3232,0.2392,0.4205,0,0
global,0.05,50vs50,1500,PAN2,50,120,180,0.01276187,2.14737,50,99,3,57,0.06,0.0206,0.1622,0.5758,0.4774,0.6685,0,0
global,0.1,50vs50,1500,PAN2,50,120,180,0.01276187,1.74608,50,99,8,67,0.16,0.0834,0.2851,0.6768,0.5795,0.7608,0,0
global,0.01,50vs50,1500,PAN1,50,180,140,0.01276187,3.24356,50,100,0,18,0.0,0.0,0.0714,0.18,0.117,0.2667,0,0
global,0.05,50vs50,1500,PAN1,50,180,140,0.01276187,2.14737,50,100,3,50,0.06,0.0206,0.1622,0.5,0.4038,0.5962,0,0
global,0.1,50vs50,1500,PAN1,50,180,140,0.01276187,1.74608,50,100,5,61,0.1,0.0435,0.2136,0.61,0.512,0.6998,0,0
global,0.01,50vs50,1500,PAN2,50,140,180,0.01276187,3.24356,50,100,0,26,0.0,0.0,0.0714,0.26,0.184,0.3537,0,0
global,0.05,50vs50,1500,PAN2,50,140,180,0.01276187,2.14737,50,100,5,54,0.1,0.0435,0.2136,0.54,0.4426,0.6344,0,0
global,0.1,50vs50,1500,PAN2,50,140,180,0.01276187,1.74608,50,100,10,61,0.2,0.1124,0.3304,0.61,0.512,0.6998,0,0
global,0.01,50vs50,1500,PAN1,50,180,160,0.01276187,3.24356,50,100,0,22,0.0,0.0,0.0714,0.22,0.15,0.3107,0,0
global,0.05,50vs50,1500,PAN1,50,180,160,0.01276187,2.14737,50,100,3,45,0.06,0.0206,0.1622,0.45,0.3561,0.5476,0,0
global,0.1,50vs50,1500,PAN1,50,180,160,0.01276187,1.74608,50,100,5,55,0.1,0.0435,0.2136,0.55,0.4524,0.6439,0,0
global,0.01,50vs50,1500,PAN2,50,160,180,0.01276187,3.24356,50,100,0,22,0.0,0.0,0.0714,0.22,0.15,0.3107,0,0
global,0.05,50vs50,1500,PAN2,50,160,180,0.01276187,2.14737,50,100,1,44,0.02,0.0035,0.105,0.44,0.3467,0.5377,0,0
global,0.1,50vs50,1500,PAN2,50,160,180,0.01276187,1.74608,50,100,3,54,0.06,0.0206,0.1622,0.54,0.4426,0.6344,0,0
global,0.01,50vs50,1500,PAN1,50,180,180,0.01276187,3.24356,50,100,0,21,0.0,0.0,0.0714,0.21,0.1417,0.2998,0,0
global,0.05,50vs50,1500,PAN1,50,180,180,0.01276187,2.14737,50,100,3,55,0.06,0.0206,0.1622,0.55,0.4524,0.6439,0,0
global,0.1,50vs50,1500,PAN1,50,180,180,0.01276187,1.74608,50,100,5,61,0.1,0.0435,0.2136,0.61,0.512,0.6998,0,0
global,0.01,50vs50,1500,PAN2,50,180,180,0.01276187,3.24356,50,100,0,25,0.0,0.0,0.0714,0.25,0.1755,0.343,0,0
global,0.05,50vs50,1500,PAN2,50,180,180,0.01276187,2.14737,50,100,4,50,0.08,0.0315,0.1884,0.5,0.4038,0.5962,0,0
global,0.1,50vs50,1500,PAN2,50,180,180,0.01276187,1.74608,50,100,5,62,0.1,0.0435,0.2136,0.62,0.5221,0.709,0,0
global,0.01,50vs50,1500,PAN1,50,180,20,0.01276187,3.24356,50,100,0,6,0.0,0.0,0.0714,0.06,0.0278,0.1248,0,0
global,0.05,50vs50,1500,PAN1,50,180,20,0.01276187,2.14737,50,100,3,16,0.06,0.0206,0.1622,0.16,0.101,0.2442,0,0
global,0.1,50vs50,1500,PAN1,50,180,20,0.01276187,1.74608,50,100,5,25,0.1,0.0435,0.2136,0.25,0.1755,0.343,0,0
global,0.01,50vs50,1500,PAN2,50,20,180,0.01276187,3.24356,50,100,0,20,0.0,0.0,0.0714,0.2,0.1334,0.2888,0,0
global,0.05,50vs50,1500,PAN2,50,20,180,0.01276187,2.14737,50,100,0,57,0.0,0.0,0.0714,0.57,0.4722,0.6627,0,0
global,0.1,50vs50,1500,PAN2,50,20,180,0.01276187,1.74608,50,100,1,70,0.02,0.0035,0.105,0.7,0.6041,0.7811,0,0
global,0.01,50vs50,1500,PAN1,50,180,200,0.01276187,3.24356,50,100,0,15,0.0,0.0,0.0714,0.15,0.0931,0.2328,0,0
global,0.05,50vs50,1500,PAN1,50,180,200,0.01276187,2.14737,50,100,3,38,0.06,0.0206,0.1622,0.38,0.291,0.4779,0,0
global,0.1,50vs50,1500,PAN1,50,180,200,0.01276187,1.74608,50,100,5,51,0.1,0.0435,0.2136,0.51,0.4135,0.6058,0,0
global,0.01,50vs50,1500,PAN2,50,200,180,0.01276187,3.24356,50,100,0,19,0.0,0.0,0.0714,0.19,0.1251,0.2778,0,0
global,0.05,50vs50,1500,PAN2,50,200,180,0.01276187,2.14737,50,100,4,46,0.08,0.0315,0.1884,0.46,0.3656,0.5574,0,0
global,0.1,50vs50,1500,PAN2,50,200,180,0.01276187,1.74608,50,100,7,60,0.14,0.0695,0.2619,0.6,0.502,0.6906,0,0
global,0.01,50vs50,1500,PAN1,50,180,40,0.01276187,3.24356,50,99,0,5,0.0,0.0,0.0714,0.0505,0.0218,0.1128,0,0
global,0.05,50vs50,1500,PAN1,50,180,40,0.01276187,2.14737,50,99,3,13,0.06,0.0206,0.1622,0.1313,0.0784,0.2118,0,0
global,0.1,50vs50,1500,PAN1,50,180,40,0.01276187,1.74608,50,99,5,28,0.1,0.0435,0.2136,0.2828,0.2035,0.3784,0,0
global,0.01,50vs50,1500,PAN2,50,40,180,0.01276187,3.24356,50,100,0,39,0.0,0.0,0.0714,0.39,0.3002,0.488,0,0
global,0.05,50vs50,1500,PAN2,50,40,180,0.01276187,2.14737,50,100,0,70,0.0,0.0,0.0714,0.7,0.6041,0.7811,0,0
global,0.1,50vs50,1500,PAN2,50,40,180,0.01276187,1.74608,50,100,0,80,0.0,0.0,0.0714,0.8,0.7112,0.8666,0,0
global,0.01,50vs50,1500,PAN1,50,180,60,0.01276187,3.24356,50,100,0,5,0.0,0.0,0.0714,0.05,0.0215,0.1118,0,0
global,0.05,50vs50,1500,PAN1,50,180,60,0.01276187,2.14737,50,100,3,21,0.06,0.0206,0.1622,0.21,0.1417,0.2998,0,0
global,0.1,50vs50,1500,PAN1,50,180,60,0.01276187,1.74608,50,100,5,32,0.1,0.0435,0.2136,0.32,0.2367,0.4166,0,0
global,0.01,50vs50,1500,PAN2,50,60,180,0.01276187,3.24356,50,100,0,25,0.0,0.0,0.0714,0.25,0.1755,0.343,0,0
global,0.05,50vs50,1500,PAN2,50,60,180,0.01276187,2.14737,50,100,2,67,0.04,0.011,0.1346,0.67,0.5731,0.7544,0,0
global,0.1,50vs50,1500,PAN2,50,60,180,0.01276187,1.74608,50,100,3,77,0.06,0.0206,0.1622,0.77,0.6785,0.8416,0,0
global,0.01,50vs50,1500,PAN1,50,180,80,0.01276187,3.24356,50,100,0,11,0.0,0.0,0.0714,0.11,0.0625,0.1863,0,0
global,0.05,50vs50,1500,PAN1,50,180,80,0.01276187,2.14737,50,100,3,33,0.06,0.0206,0.1622,0.33,0.2456,0.4269,0,0
global,0.1,50vs50,1500,PAN1,50,180,80,0.01276187,1.74608,50,100,5,46,0.1,0.0435,0.2136,0.46,0.3656,0.5574,0,0
global,0.01,50vs50,1500,PAN2,50,80,180,0.01276187,3.24356,50,100,0,31,0.0,0.0,0.0714,0.31,0.2278,0.4063,0,0
global,0.05,50vs50,1500,PAN2,50,80,180,0.01276187,2.14737,50,100,2,55,0.04,0.011,0.1346,0.55,0.4524,0.6439,0,0
global,0.1,50vs50,1500,PAN2,50,80,180,0.01276187,1.74608,50,100,7,68,0.14,0.0695,0.2619,0.68,0.5834,0.7633,0,0
global,0.01,50vs50,1500,PAN1,50,20,100,0.01276187,3.24356,50,100,0,33,0.0,0.0,0.0714,0.33,0.2456,0.4269,0,0
global,0.05,50vs50,1500,PAN1,50,20,100,0.01276187,2.14737,50,100,0,70,0.0,0.0,0.0714,0.7,0.6041,0.7811,0,0
global,0.1,50vs50,1500,PAN1,50,20,100,0.01276187,1.74608,50,100,0,82,0.0,0.0,0.0714,0.82,0.7333,0.883,0,0
global,0.01,50vs50,1500,PAN2,50,100,20,0.01276187,3.24356,50,100,1,3,0.02,0.0035,0.105,0.03,0.0103,0.0845,0,0
global,0.05,50vs50,1500,PAN2,50,100,20,0.01276187,2.14737,50,100,2,10,0.04,0.011,0.1346,0.1,0.0552,0.1744,0,0
global,0.1,50vs50,1500,PAN2,50,100,20,0.01276187,1.74608,50,100,5,24,0.1,0.0435,0.2136,0.24,0.1669,0.3323,0,0
global,0.01,50vs50,1500,PAN1,50,20,120,0.01276187,3.24356,50,100,0,35,0.0,0.0,0.0714,0.35,0.2636,0.4475,0,0
global,0.05,50vs50,1500,PAN1,50,20,120,0.01276187,2.14737,50,100,0,60,0.0,0.0,0.0714,0.6,0.502,0.6906,0,0
global,0.1,50vs50,1500,PAN1,50,20,120,0.01276187,1.74608,50,100,0,72,0.0,0.0,0.0714,0.72,0.6251,0.7986,0,0
global,0.01,50vs50,1500,PAN2,50,120,20,0.01276187,3.24356,50,100,1,3,0.02,0.0035,0.105,0.03,0.0103,0.0845,0,0
global,0.05,50vs50,1500,PAN2,50,120,20,0.01276187,2.14737,50,100,3,4,0.06,0.0206,0.1622,0.04,0.0157,0.0984,0,0
global,0.1,50vs50,1500,PAN2,50,120,20,0.01276187,1.74608,50,100,8,15,0.16,0.0834,0.2851,0.15,0.0931,0.2328,0,0
global,0.01,50vs50,1500,PAN1,50,20,140,0.01276187,3.24356,50,100,0,35,0.0,0.0,0.0714,0.35,0.2636,0.4475,0,0
global,0.05,50vs50,1500,PAN1,50,20,140,0.01276187,2.14737,50,100,0,70,0.0,0.0,0.0714,0.7,0.6041,0.7811,0,0
global,0.1,50vs50,1500,PAN1,50,20,140,0.01276187,1.74608,50,100,0,81,0.0,0.0,0.0714,0.81,0.7222,0.8749,0,0
global,0.01,50vs50,1500,PAN2,50,140,20,0.01276187,3.24356,50,100,0,2,0.0,0.0,0.0714,0.02,0.0055,0.07,0,0
global,0.05,50vs50,1500,PAN2,50,140,20,0.01276187,2.14737,50,100,5,10,0.1,0.0435,0.2136,0.1,0.0552,0.1744,0,0
global,0.1,50vs50,1500,PAN2,50,140,20,0.01276187,1.74608,50,100,10,20,0.2,0.1124,0.3304,0.2,0.1334,0.2888,0,0
global,0.01,50vs50,1500,PAN1,50,20,160,0.01276187,3.24356,50,100,0,26,0.0,0.0,0.0714,0.26,0.184,0.3537,0,0
global,0.05,50vs50,1500,PAN1,50,20,160,0.01276187,2.14737,50,100,0,57,0.0,0.0,0.0714,0.57,0.4722,0.6627,0,0
global,0.1,50vs50,1500,PAN1,50,20,160,0.01276187,1.74608,50,100,0,79,0.0,0.0,0.0714,0.79,0.7002,0.8583,0,0
global,0.01,50vs50,1500,PAN2,50,160,20,0.01276187,3.24356,50,100,0,2,0.0,0.0,0.0714,0.02,0.0055,0.07,0,0
global,0.05,50vs50,1500,PAN2,50,160,20,0.01276187,2.14737,50,100,1,11,0.02,0.0035,0.105,0.11,0.0625,0.1863,0,0
global,0.1,50vs50,1500,PAN2,50,160,20,0.01276187,1.74608,50,100,3,18,0.06,0.0206,0.1622,0.18,0.117,0.2667,0,0
global,0.01,50vs50,1500,PAN1,50,20,180,0.01276187,3.24356,50,100,0,33,0.0,0.0,0.0714,0.33,0.2456,0.4269,0,0
global,0.05,50vs50,1500,PAN1,50,20,180,0.01276187,2.14737,50,100,0,60,0.0,0.0,0.0714,0.6,0.502,0.6906,0,0
global,0.1,50vs50,1500,PAN1,50,20,180,0.01276187,1.74608,50,100,0,79,0.0,0.0,0.0714,0.79,0.7002,0.8583,0,0
global,0.01,50vs50,1500,PAN2,50,180,20,0.01276187,3.24356,50,100,0,1,0.0,0.0,0.0714,0.01,0.0018,0.0545,0,0
global,0.05,50vs50,1500,PAN2,50,180,20,0.01276187,2.14737,50,100,4,10,0.08,0.0315,0.1884,0.1,0.0552,0.1744,0,0
global,0.1,50vs50,1500,PAN2,50,180,20,0.01276187,1.74608,50,100,5,16,0.1,0.0435,0.2136,0.16,0.101,0.2442,0,0
global,0.01,50vs50,1500,PAN1,50,20,20,0.01276187,3.24356,50,100,0,0,0.0,0.0,0.0714,0.0,0.0,0.037,0,0
global,0.05,50vs50,1500,PAN1,50,20,20,0.01276187,2.14737,50,100,0,2,0.0,0.0,0.0714,0.02,0.0055,0.07,0,0
global,0.1,50vs50,1500,PAN1,50,20,20,0.01276187,1.74608,50,100,0,9,0.0,0.0,0.0714,0.09,0.0481,0.1623,0,0
global,0.01,50vs50,1500,PAN2,50,20,20,0.01276187,3.24356,50,100,0,1,0.0,0.0,0.0714,0.01,0.0018,0.0545,0,0
global,0.05,50vs50,1500,PAN2,50,20,20,0.01276187,2.14737,50,100,0,2,0.0,0.0,0.0714,0.02,0.0055,0.07,0,0
global,0.1,50vs50,1500,PAN2,50,20,20,0.01276187,1.74608,50,100,1,3,0.02,0.0035,0.105,0.03,0.0103,0.0845,0,0
global,0.01,50vs50,1500,PAN1,50,20,200,0.01276187,3.24356,50,100,0,27,0.0,0.0,0.0714,0.27,0.1927,0.3643,0,0
global,0.05,50vs50,1500,PAN1,50,20,200,0.01276187,2.14737,50,100,0,53,0.0,0.0,0.0714,0.53,0.4329,0.6249,0,0
global,0.1,50vs50,1500,PAN1,50,20,200,0.01276187,1.74608,50,100,0,74,0.0,0.0,0.0714,0.74,0.6463,0.816,0,0
global,0.01,50vs50,1500,PAN2,50,200,20,0.01276187,3.24356,50,100,0,0,0.0,0.0,0.0714,0.0,0.0,0.037,0,0
global,0.05,50vs50,1500,PAN2,50,200,20,0.01276187,2.14737,50,100,4,8,0.08,0.0315,0.1884,0.08,0.0411,0.15,0,0
global,0.1,50vs50,1500,PAN2,50,200,20,0.01276187,1.74608,50,100,7,19,0.14,0.0695,0.2619,0.19,0.1251,0.2778,0,0
global,0.01,50vs50,1500,PAN1,50,20,40,0.01276187,3.24356,50,100,0,4,0.0,0.0,0.0714,0.04,0.0157,0.0984,0,0
global,0.05,50vs50,1500,PAN1,50,20,40,0.01276187,2.14737,50,100,0,17,0.0,0.0,0.0714,0.17,0.1089,0.2555,0,0
global,0.1,50vs50,1500,PAN1,50,20,40,0.01276187,1.74608,50,100,0,29,0.0,0.0,0.0714,0.29,0.2101,0.3854,0,0
global,0.01,50vs50,1500,PAN2,50,40,20,0.01276187,3.24356,50,100,0,0,0.0,0.0,0.0714,0.0,0.0,0.037,0,0
global,0.05,50vs50,1500,PAN2,50,40,20,0.01276187,2.14737,50,100,0,4,0.0,0.0,0.0714,0.04,0.0157,0.0984,0,0
global,0.1,50vs50,1500,PAN2,50,40,20,0.01276187,1.74608,50,100,0,12,0.0,0.0,0.0714,0.12,0.07,0.1981,0,0
global,0.01,50vs50,1500,PAN1,50,20,60,0.01276187,3.24356,50,100,0,21,0.0,0.0,0.0714,0.21,0.1417,0.2998,0,0
global,0.05,50vs50,1500,PAN1,50,20,60,0.01276187,2.14737,50,100,0,46,0.0,0.0,0.0714,0.46,0.3656,0.5574,0,0
global,0.1,50vs50,1500,PAN1,50,20,60,0.01276187,1.74608,50,100,0,65,0.0,0.0,0.0714,0.65,0.5525,0.7364,0,0
global,0.01,50vs50,1500,PAN2,50,60,20,0.01276187,3.24356,50,100,0,0,0.0,0.0,0.0714,0.0,0.0,0.037,0,0
global,0.05,50vs50,1500,PAN2,50,60,20,0.01276187,2.14737,50,100,2,6,0.04,0.011,0.1346,0.06,0.0278,0.1248,0,0
global,0.1,50vs50,1500,PAN2,50,60,20,0.01276187,1.74608,50,100,3,13,0.06,0.0206,0.1622,0.13,0.0776,0.2098,0,0
global,0.01,50vs50,1500,PAN1,50,20,80,0.01276187,3.24356,50,100,0,32,0.0,0.0,0.0714,0.32,0.2367,0.4166,0,0
global,0.05,50vs50,1500,PAN1,50,20,80,0.01276187,2.14737,50,100,0,63,0.0,0.0,0.0714,0.63,0.5322,0.7182,0,0
global,0.1,50vs50,1500,PAN1,50,20,80,0.01276187,1.74608,50,100,0,72,0.0,0.0,0.0714,0.72,0.6251,0.7986,0,0
global,0.01,50vs50,1500,PAN2,50,80,20,0.01276187,3.24356,50,100,0,1,0.0,0.0,0.0714,0.01,0.0018,0.0545,0,0
global,0.05,50vs50,1500,PAN2,50,80,20,0.01276187,2.14737,50,100,2,7,0.04,0.011,0.1346,0.07,0.0343,0.1375,0,0
global,0.1,50vs50,1500,PAN2,50,80,20,0.01276187,1.74608,50,100,7,16,0.14,0.0695,0.2619,0.16,0.101,0.2442,0,0
global,0.01,50vs50,1500,PAN1,50,200,100,0.01276187,3.24356,50,100,1,19,0.02,0.0035,0.105,0.19,0.1251,0.2778,0,0
global,0.05,50vs50,1500,PAN1,50,200,100,0.01276187,2.14737,50,100,3,47,0.06,0.0206,0.1622,0.47,0.3751,0.5671,0,0
global,0.1,50vs50,1500,PAN1,50,200,100,0.01276187,1.74608,50,100,9,58,0.18,0.0977,0.308,0.58,0.4821,0.672,0,0
global,0.01,50vs50,1500,PAN2,50,100,200,0.01276187,3.24356,50,100,1,24,0.02,0.0035,0.105,0.24,0.1669,0.3323,0,0
global,0.05,50vs50,1500,PAN2,50,100,200,0.01276187,2.14737,50,100,2,50,0.04,0.011,0.1346,0.5,0.4038,0.5962,0,0
global,0.1,50vs50,1500,PAN2,50,100,200,0.01276187,1.74608,50,100,5,65,0.1,0.0435,0.2136,0.65,0.5525,0.7364,0,0
global,0.01,50vs50,1500,PAN1,50,200,120,0.01276187,3.24356,50,100,1,18,0.02,0.0035,0.105,0.18,0.117,0.2667,0,0
global,0.05,50vs50,1500,PAN1,50,200,120,0.01276187,2.14737,50,100,3,45,0.06,0.0206,0.1622,0.45,0.3561,0.5476,0,0
global,0.1,50vs50,1500,PAN1,50,200,120,0.01276187,1.74608,50,100,9,58,0.18,0.0977,0.308,0.58,0.4821,0.672,0,0
global,0.01,50vs50,1500,PAN2,50,120,200,0.01276187,3.24356,50,100,1,30,0.02,0.0035,0.105,0.3,0.2189,0.3959,0,0
global,0.05,50vs50,1500,PAN2,50,120,200,0.01276187,2.14737,50,100,3,57,0.06,0.0206,0.1622,0.57,0.4722,0.6627,0,0
global,0.1,50vs50,1500,PAN2,50,120,200,0.01276187,1.74608,50,100,8,70,0.16,0.0834,0.2851,0.7,0.6041,0.7811,0,0
global,0.01,50vs50,1500,PAN1,50,200,140,0.01276187,3.24356,50,100,1,16,0.02,0.0035,0.105,0.16,0.101,0.2442,0,0
global,0.05,50vs50,1500,PAN1,50,200,140,0.01276187,2.14737,50,100,3,45,0.06,0.0206,0.1622,0.45,0.3561,0.5476,0,0
global,0.1,50vs50,1500,PAN1,50,200,140,0.01276187,1.74608,50,100,9,55,0.18,0.0977,0.308,0.55,0.4524,0.6439,0,0
global,0.01,50vs50,1500,PAN2,50,140,200,0.01276187,3.24356,50,100,0,31,0.0,0.0,0.0714,0.31,0.2278,0.4063,0,0
global,0.05,50vs50,1500,PAN2,50,140,200,0.01276187,2.14737,50,100,5,50,0.1,0.0435,0.2136,0.5,0.4038,0.5962,0,0
global,0.1,50vs50,1500,PAN2,50,140,200,0.01276187,1.74608,50,100,10,62,0.2,0.1124,0.3304,0.62,0.5221,0.709,0,0
global,0.01,50vs50,1500,PAN1,50,200,160,0.01276187,3.24356,50,100,1,22,0.02,0.0035,0.105,0.22,0.15,0.3107,0,0
global,0.05,50vs50,1500,PAN1,50,200,160,0.01276187,2.14737,50,100,3,40,0.06,0.0206,0.1622,0.4,0.3094,0.498,0,0
global,0.1,50vs50,1500,PAN1,50,200,160,0.01276187,1.74608,50,100,9,48,0.18,0.0977,0.308,0.48,0.3846,0.5768,0,0
global,0.01,50vs50,1500,PAN2,50,160,200,0.01276187,3.24356,50,100,0,31,0.0,0.0,0.0714,0.31,0.2278,0.4063,0,0
global,0.05,50vs50,1500,PAN2,50,160,200,0.01276187,2.14737,50,100,1,53,0.02,0.0035,0.105,0.53,0.4329,0.6249,0,0
global,0.1,50vs50,1500,PAN2,50,160,200,0.01276187,1.74608,50,100,3,63,0.06,0.0206,0.1622,0.63,0.5322,0.7182,0,0
global,0.01,50vs50,1500,PAN1,50,200,180,0.01276187,3.24356,50,100,1,18,0.02,0.0035,0.105,0.18,0.117,0.2667,0,0
global,0.05,50vs50,1500,PAN1,50,200,180,0.01276187,2.14737,50,100,3,44,0.06,0.0206,0.1622,0.44,0.3467,0.5377,0,0
global,0.1,50vs50,1500,PAN1,50,200,180,0.01276187,1.74608,50,100,9,54,0.18,0.0977,0.308,0.54,0.4426,0.6344,0,0
global,0.01,50vs50,1500,PAN2,50,180,200,0.01276187,3.24356,50,100,0,26,0.0,0.0,0.0714,0.26,0.184,0.3537,0,0
global,0.05,50vs50,1500,PAN2,50,180,200,0.01276187,2.14737,50,100,4,47,0.08,0.0315,0.1884,0.47,0.3751,0.5671,0,0
global,0.1,50vs50,1500,PAN2,50,180,200,0.01276187,1.74608,50,100,5,58,0.1,0.0435,0.2136,0.58,0.4821,0.672,0,0
global,0.01,50vs50,1500,PAN1,50,200,20,0.01276187,3.24356,50,100,1,2,0.02,0.0035,0.105,0.02,0.0055,0.07,0,0
global,0.05,50vs50,1500,PAN1,50,200,20,0.01276187,2.14737,50,100,3,12,0.06,0.0206,0.1622,0.12,0.07,0.1981,0,0
global,0.1,50vs50,1500,PAN1,50,200,20,0.01276187,1.74608,50,100,9,19,0.18,0.0977,0.308,0.19,0.1251,0.2778,0,0
global,0.01,50vs50,1500,PAN2,50,20,200,0.01276187,3.24356,50,100,0,24,0.0,0.0,0.0714,0.24,0.1669,0.3323,0,0
global,0.05,50vs50,1500,PAN2,50,20,200,0.01276187,2.14737,50,100,0,59,0.0,0.0,0.0714,0.59,0.492,0.6813,0,0
global,0.1,50vs50,1500,PAN2,50,20,200,0.01276187,1.74608,50,100,1,71,0.02,0.0035,0.105,0.71,0.6146,0.7899,0,0
global,0.01,50vs50,1500,PAN1,50,200,200,0.01276187,3.24356,50,100,1,16,0.02,0.0035,0.105,0.16,0.101,0.2442,0,0
global,0.05,50vs50,1500,PAN1,50,200,200,0.01276187,2.14737,50,100,3,37,0.06,0.0206,0.1622,0.37,0.2818,0.4678,0,0
global,0.1,50vs50,1500,PAN1,50,200,200,0.01276187,1.74608,50,100,9,48,0.18,0.0977,0.308,0.48,0.3846,0.5768,0,0
global,0.01,50vs50,1500,PAN2,50,200,200,0.01276187,3.24356,50,100,0,17,0.0,0.0,0.0714,0.17,0.1089,0.2555,0,0
global,0.05,50vs50,1500,PAN2,50,200,200,0.01276187,2.14737,50,100,4,40,0.08,0.0315,0.1884,0.4,0.3094,0.498,0,0
global,0.1,50vs50,1500,PAN2,50,200,200,0.01276187,1.74608,50,100,7,48,0.14,0.0695,0.2619,0.48,0.3846,0.5768,0,0
global,0.01,50vs50,1500,PAN1,50,200,40,0.01276187,3.24356,50,100,1,4,0.02,0.0035,0.105,0.04,0.0157,0.0984,0,0
global,0.05,50vs50,1500,PAN1,50,200,40,0.01276187,2.14737,50,100,3,12,0.06,0.0206,0.1622,0.12,0.07,0.1981,0,0
global,0.1,50vs50,1500,PAN1,50,200,40,0.01276187,1.74608,50,100,9,23,0.18,0.0977,0.308,0.23,0.1584,0.3215,0,0
global,0.01,50vs50,1500,PAN2,50,40,200,0.01276187,3.24356,50,100,0,38,0.0,0.0,0.0714,0.38,0.291,0.4779,0,0
global,0.05,50vs50,1500,PAN2,50,40,200,0.01276187,2.14737,50,100,0,64,0.0,0.0,0.0714,0.64,0.5424,0.7273,0,0
global,0.1,50vs50,1500,PAN2,50,40,200,0.01276187,1.74608,50,100,0,78,0.0,0.0,0.0714,0.78,0.6893,0.85,0,0
global,0.01,50vs50,1500,PAN1,50,200,60,0.01276187,3.24356,50,100,1,5,0.02,0.0035,0.105,0.05,0.0215,0.1118,0,0
global,0.05,50vs50,1500,PAN1,50,200,60,0.01276187,2.14737,50,100,3,15,0.06,0.0206,0.1622,0.15,0.0931,0.2328,0,0
global,0.1,50vs50,1500,PAN1,50,200,60,0.01276187,1.74608,50,100,9,28,0.18,0.0977,0.308,0.28,0.2014,0.3749,0,0
global,0.01,50vs50,1500,PAN2,50,60,200,0.01276187,3.24356,50,100,0,31,0.0,0.0,0.0714,0.31,0.2278,0.4063,0,0
global,0.05,50vs50,1500,PAN2,50,60,200,0.01276187,2.14737,50,100,2,59,0.04,0.011,0.1346,0.59,0.492,0.6813,0,0
global,0.1,50vs50,1500,PAN2,50,60,200,0.01276187,1.74608,50,100,3,77,0.06,0.0206,0.1622,0.77,0.6785,0.8416,0,0
global,0.01,50vs50,1500,PAN1,50,200,80,0.01276187,3.24356,50,100,1,20,0.02,0.0035,0.105,0.2,0.1334,0.2888,0,0
global,0.05,50vs50,1500,PAN1,50,200,80,0.01276187,2.14737,50,100,3,34,0.06,0.0206,0.1622,0.34,0.2546,0.4372,0,0
global,0.1,50vs50,1500,PAN1,50,200,80,0.01276187,1.74608,50,100,9,43,0.18,0.0977,0.308,0.43,0.3373,0.5278,0,0
global,0.01,50vs50,1500,PAN2,50,80,200,0.01276187,3.24356,50,100,0,29,0.0,0.0,0.0714,0.29,0.2101,0.3854,0,0
global,0.05,50vs50,1500,PAN2,50,80,200,0.01276187,2.14737,50,100,2,57,0.04,0.011,0.1346,0.57,0.4722,0.6627,0,0
global,0.1,50vs50,1500,PAN2,50,80,200,0.01276187,1.74608,50,100,7,71,0.14,0.0695,0.2619,0.71,0.6146,0.7899,0,0
global,0.01,50vs50,1500,PAN1,50,40,100,0.01276187,3.24356,50,100,0,44,0.0,0.0,0.0714,0.44,0.3467,0.5377,0,0
global,0.05,50vs50,1500,PAN1,50,40,100,0.01276187,2.14737,50,100,0,74,0.0,0.0,0.0714,0.74,0.6463,0.816,0,0
global,0.1,50vs50,1500,PAN1,50,40,100,0.01276187,1.74608,50,100,0,83,0.0,0.0,0.0714,0.83,0.7445,0.8911,0,0
global,0.01,50vs50,1500,PAN2,50,100,40,0.01276187,3.24356,50,100,1,2,0.02,0.0035,0.105,0.02,0.0055,0.07,0,0
global,0.05,50vs50,1500,PAN2,50,100,40,0.01276187,2.14737,50,100,2,14,0.04,0.011,0.1346,0.14,0.0853,0.2214,0,0
global,0.1,50vs50,1500,PAN2,50,100,40,0.01276187,1.74608,50,100,5,23,0.1,0.0435,0.2136,0.23,0.1584,0.3215,0,0
global,0.01,50vs50,1500,PAN1,50,40,120,0.01276187,3.24356,50,100,0,39,0.0,0.0,0.0714,0.39,0.3002,0.488,0,0
global,0.05,50vs50,1500,PAN1,50,40,120,0.01276187,2.14737,50,100,0,70,0.0,0.0,0.0714,0.7,0.6041,0.7811,0,0
global,0.1,50vs50,1500,PAN1,50,40,120,0.01276187,1.74608,50,100,0,79,0.0,0.0,0.0714,0.79,0.7002,0.8583,0,0
global,0.01,50vs50,1500,PAN2,50,120,40,0.01276187,3.24356,50,100,1,5,0.02,0.0035,0.105,0.05,0.0215,0.1118,0,0
global,0.05,50vs50,1500,PAN2,50,120,40,0.01276187,2.14737,50,100,3,14,0.06,0.0206,0.1622,0.14,0.0853,0.2214,0,0
global,0.1,50vs50,1500,PAN2,50,120,40,0.01276187,1.74608,50,100,8,27,0.16,0.0834,0.2851,0.27,0.1927,0.3643,0,0
global,0.01,50vs50,1500,PAN1,50,40,140,0.01276187,3.24356,50,100,0,39,0.0,0.0,0.0714,0.39,0.3002,0.488,0,0
global,0.05,50vs50,1500,PAN1,50,40,140,0.01276187,2.14737,50,100,0,65,0.0,0.0,0.0714,0.65,0.5525,0.7364,0,0
global,0.1,50vs50,1500,PAN1,50,40,140,0.01276187,1.74608,50,100,0,79,0.0,0.0,0.0714,0.79,0.7002,0.8583,0,0
global,0.01,50vs50,1500,PAN2,50,140,40,0.01276187,3.24356,50,100,0,3,0.0,0.0,0.0714,0.03,0.0103,0.0845,0,0
global,0.05,50vs50,1500,PAN2,50,140,40,0.01276187,2.14737,50,100,5,19,0.1,0.0435,0.2136,0.19,0.1251,0.2778,0,0
global,0.1,50vs50,1500,PAN2,50,140,40,0.01276187,1.74608,50,100,10,33,0.2,0.1124,0.3304,0.33,0.2456,0.4269,0,0
global,0.01,50vs50,1500,PAN1,50,40,160,0.01276187,3.24356,50,100,0,30,0.0,0.0,0.0714,0.3,0.2189,0.3959,0,0
global,0.05,50vs50,1500,PAN1,50,40,160,0.01276187,2.14737,50,100,0,66,0.0,0.0,0.0714,0.66,0.5628,0.7454,0,0
global,0.1,50vs50,1500,PAN1,50,40,160,0.01276187,1.74608,50,100,0,77,0.0,0.0,0.0714,0.77,0.6785,0.8416,0,0
global,0.01,50vs50,1500,PAN2,50,160,40,0.01276187,3.24356,50,100,0,1,0.0,0.0,0.0714,0.01,0.0018,0.0545,0,0
global,0.05,50vs50,1500,PAN2,50,160,40,0.01276187,2.14737,50,100,1,8,0.02,0.0035,0.105,0.08,0.0411,0.15,0,0
global,0.1,50vs50,1500,PAN2,50,160,40,0.01276187,1.74608,50,100,3,17,0.06,0.0206,0.1622,0.17,0.1089,0.2555,0,0
global,0.01,50vs50,1500,PAN1,50,40,180,0.01276187,3.24356,50,100,0,39,0.0,0.0,0.0714,0.39,0.3002,0.488,0,0
global,0.05,50vs50,1500,PAN1,50,40,180,0.01276187,2.14737,50,100,0,68,0.0,0.0,0.0714,0.68,0.5834,0.7633,0,0
global,0.1,50vs50,1500,PAN1,50,40,180,0.01276187,1.74608,50,100,0,81,0.0,0.0,0.0714,0.81,0.7222,0.8749,0,0
global,0.01,50vs50,1500,PAN2,50,180,40,0.01276187,3.24356,50,100,0,1,0.0,0.0,0.0714,0.01,0.0018,0.0545,0,0
global,0.05,50vs50,1500,PAN2,50,180,40,0.01276187,2.14737,50,100,4,7,0.08,0.0315,0.1884,0.07,0.0343,0.1375,0,0
global,0.1,50vs50,1500,PAN2,50,180,40,0.01276187,1.74608,50,100,5,20,0.1,0.0435,0.2136,0.2,0.1334,0.2888,0,0
global,0.01,50vs50,1500,PAN1,50,40,20,0.01276187,3.24356,50,100,0,1,0.0,0.0,0.0714,0.01,0.0018,0.0545,0,0
global,0.05,50vs50,1500,PAN1,50,40,20,0.01276187,2.14737,50,100,0,2,0.0,0.0,0.0714,0.02,0.0055,0.07,0,0
global,0.1,50vs50,1500,PAN1,50,40,20,0.01276187,1.74608,50,100,0,6,0.0,0.0,0.0714,0.06,0.0278,0.1248,0,0
global,0.01,50vs50,1500,PAN2,50,20,40,0.01276187,3.24356,50,100,0,2,0.0,0.0,0.0714,0.02,0.0055,0.07,0,0
global,0.05,50vs50,1500,PAN2,50,20,40,0.01276187,2.14737,50,100,0,17,0.0,0.0,0.0714,0.17,0.1089,0.2555,0,0
global,0.1,50vs50,1500,PAN2,50,20,40,0.01276187,1.74608,50,100,1,30,0.02,0.0035,0.105,0.3,0.2189,0.3959,0,0
global,0.01,50vs50,1500,PAN1,50,40,200,0.01276187,3.24356,50,100,0,36,0.0,0.0,0.0714,0.36,0.2727,0.4576,0,0
global,0.05,50vs50,1500,PAN1,50,40,200,0.01276187,2.14737,50,100,0,63,0.0,0.0,0.0714,0.63,0.5322,0.7182,0,0
global,0.1,50vs50,1500,PAN1,50,40,200,0.01276187,1.74608,50,100,0,79,0.0,0.0,0.0714,0.79,0.7002,0.8583,0,0
global,0.01,50vs50,1500,PAN2,50,200,40,0.01276187,3.24356,50,100,0,2,0.0,0.0,0.0714,0.02,0.0055,0.07,0,0
global,0.05,50vs50,1500,PAN2,50,200,40,0.01276187,2.14737,50,100,4,15,0.08,0.0315,0.1884,0.15,0.0931,0.2328,0,0
global,0.1,50vs50,1500,PAN2,50,200,40,0.01276187,1.74608,50,100,7,28,0.14,0.0695,0.2619,0.28,0.2014,0.3749,0,0
global,0.01,50vs50,1500,PAN1,50,40,40,0.01276187,3.24356,50,100,0,6,0.0,0.0,0.0714,0.06,0.0278,0.1248,0,0
global,0.05,50vs50,1500,PAN1,50,40,40,0.01276187,2.14737,50,100,0,24,0.0,0.0,0.0714,0.24,0.1669,0.3323,0,0
global,0.1,50vs50,1500,PAN1,50,40,40,0.01276187,1.74608,50,100,0,42,0.0,0.0,0.0714,0.42,0.328,0.5179,0,0
global,0.01,50vs50,1500,PAN2,50,40,40,0.01276187,3.24356,50,100,0,9,0.0,0.0,0.0714,0.09,0.0481,0.1623,0,0
global,0.05,50vs50,1500,PAN2,50,40,40,0.01276187,2.14737,50,100,0,22,0.0,0.0,0.0714,0.22,0.15,0.3107,0,0
global,0.1,50vs50,1500,PAN2,50,40,40,0.01276187,1.74608,50,100,0,38,0.0,0.0,0.0714,0.38,0.291,0.4779,0,0
global,0.01,50vs50,1500,PAN1,50,40,60,0.01276187,3.24356,50,100,0,23,0.0,0.0,0.0714,0.23,0.1584,0.3215,0,0
global,0.05,50vs50,1500,PAN1,50,40,60,0.01276187,2.14737,50,100,0,54,0.0,0.0,0.0714,0.54,0.4426,0.6344,0,0
global,0.1,50vs50,1500,PAN1,50,40,60,0.01276187,1.74608,50,100,0,64,0.0,0.0,0.0714,0.64,0.5424,0.7273,0,0
global,0.01,50vs50,1500,PAN2,50,60,40,0.01276187,3.24356,50,100,0,7,0.0,0.0,0.0714,0.07,0.0343,0.1375,0,0
global,0.05,50vs50,1500,PAN2,50,60,40,0.01276187,2.14737,50,100,2,27,0.04,0.011,0.1346,0.27,0.1927,0.3643,0,0
global,0.1,50vs50,1500,PAN2,50,60,40,0.01276187,1.74608,50,100,3,43,0.06,0.0206,0.1622,0.43,0.3373,0.5278,0,0
global,0.01,50vs50,1500,PAN1,50,40,80,0.01276187,3.24356,50,100,0,43,0.0,0.0,0.0714,0.43,0.3373,0.5278,0,0
global,0.05,50vs50,1500,PAN1,50,40,80,0.01276187,2.14737,50,100,0,72,0.0,0.0,0.0714,0.72,0.6251,0.7986,0,0
global,0.1,50vs50,1500,PAN1,50,40,80,0.01276187,1.74608,50,100,0,80,0.0,0.0,0.0714,0.8,0.7112,0.8666,0,0
global,0.01,50vs50,1500,PAN2,50,80,40,0.01276187,3.24356,50,100,0,8,0.0,0.0,0.0714,0.08,0.0411,0.15,0,0
global,0.05,50vs50,1500,PAN2,50,80,40,0.01276187,2.14737,50,100,2,19,0.04,0.011,0.1346,0.19,0.1251,0.2778,0,0
global,0.1,50vs50,1500,PAN2,50,80,40,0.01276187,1.74608,50,100,7,29,0.14,0.0695,0.2619,0.29,0.2101,0.3854,0,0
global,0.01,50vs50,1500,PAN1,50,60,100,0.01276187,3.24356,50,100,0,40,0.0,0.0,0.0714,0.4,0.3094,0.498,0,0
global,0.05,50vs50,1500,PAN1,50,60,100,0.01276187,2.14737,50,100,0,66,0.0,0.0,0.0714,0.66,0.5628,0.7454,0,0
global,0.1,50vs50,1500,PAN1,50,60,100,0.01276187,1.74608,50,100,2,79,0.04,0.011,0.1346,0.79,0.7002,0.8583,0,0
global,0.01,50vs50,1500,PAN2,50,100,60,0.01276187,3.24356,50,100,1,12,0.02,0.0035,0.105,0.12,0.07,0.1981,0,0
global,0.05,50vs50,1500,PAN2,50,100,60,0.01276187,2.14737,50,100,2,25,0.04,0.011,0.1346,0.25,0.1755,0.343,0,0
global,0.1,50vs50,1500,PAN2,50,100,60,0.01276187,1.74608,50,100,5,43,0.1,0.0435,0.2136,0.43,0.3373,0.5278,0,0
global,0.01,50vs50,1500,PAN1,50,60,120,0.01276187,3.24356,50,100,0,38,0.0,0.0,0.0714,0.38,0.291,0.4779,0,0
global,0.05,50vs50,1500,PAN1,50,60,120,0.01276187,2.14737,50,100,0,67,0.0,0.0,0.0714,0.67,0.5731,0.7544,0,0
global,0.1,50vs50,1500,PAN1,50,60,120,0.01276187,1.74608,50,100,2,78,0.04,0.011,0.1346,0.78,0.6893,0.85,0,0
global,0.01,50vs50,1500,PAN2,50,120,60,0.01276187,3.24356,50,100,1,5,0.02,0.0035,0.105,0.05,0.0215,0.1118,0,0
global,0.05,50vs50,1500,PAN2,50,120,60,0.01276187,2.14737,50,100,3,26,0.06,0.0206,0.1622,0.26,0.184,0.3537,0,0
global,0.1,50vs50,1500,PAN2,50,120,60,0.01276187,1.74608,50,100,8,37,0.16,0.0834,0.2851,0.37,0.2818,0.4678,0,0
global,0.01,50vs50,1500,PAN1,50,60,140,0.01276187,3.24356,50,100,0,23,0.0,0.0,0.0714,0.23,0.1584,0.3215,0,0
global,0.05,50vs50,1500,PAN1,50,60,140,0.01276187,2.14737,50,100,0,64,0.0,0.0,0.0714,0.64,0.5424,0.7273,0,0
global,0.1,50vs50,1500,PAN1,50,60,140,0.01276187,1.74608,50,100,2,80,0.04,0.011,0.1346,0.8,0.7112,0.8666,0,0
global,0.01,50vs50,1500,PAN2,50,140,60,0.01276187,3.24356,50,100,0,9,0.0,0.0,0.0714,0.09,0.0481,0.1623,0,0
global,0.05,50vs50,1500,PAN2,50,140,60,0.01276187,2.14737,50,100,5,21,0.1,0.0435,0.2136,0.21,0.1417,0.2998,0,0
global,0.1,50vs50,1500,PAN2,50,140,60,0.01276187,1.74608,50,100,10,37,0.2,0.1124,0.3304,0.37,0.2818,0.4678,0,0
global,0.01,50vs50,1500,PAN1,50,60,160,0.01276187,3.24356,50,100,0,33,0.0,0.0,0.0714,0.33,0.2456,0.4269,0,0
global,0.05,50vs50,1500,PAN1,50,60,160,0.01276187,2.14737,50,100,0,58,0.0,0.0,0.0714,0.58,0.4821,0.672,0,0
global,0.1,50vs50,1500,PAN1,50,60,160,0.01276187,1.74608,50,100,2,66,0.04,0.011,0.1346,0.66,0.5628,0.7454,0,0
global,0.01,50vs50,1500,PAN2,50,160,60,0.01276187,3.24356,50,100,0,3,0.0,0.0,0.0714,0.03,0.0103,0.0845,0,0
global,0.05,50vs50,1500,PAN2,50,160,60,0.01276187,2.14737,50,100,1,15,0.02,0.0035,0.105,0.15,0.0931,0.2328,0,0
global,0.1,50vs50,1500,PAN2,50,160,60,0.01276187,1.74608,50,100,3,29,0.06,0.0206,0.1622,0.29,0.2101,0.3854,0,0
global,0.01,50vs50,1500,PAN1,50,60,180,0.01276187,3.24356,50,100,0,33,0.0,0.0,0.0714,0.33,0.2456,0.4269,0,0
global,0.05,50vs50,1500,PAN1,50,60,180,0.01276187,2.14737,50,100,0,63,0.0,0.0,0.0714,0.63,0.5322,0.7182,0,0
global,0.1,50vs50,1500,PAN1,50,60,180,0.01276187,1.74608,50,100,2,74,0.04,0.011,0.1346,0.74,0.6463,0.816,0,0
global,0.01,50vs50,1500,PAN2,50,180,60,0.01276187,3.24356,50,100,0,3,0.0,0.0,0.0714,0.03,0.0103,0.0845,0,0
global,0.05,50vs50,1500,PAN2,50,180,60,0.01276187,2.14737,50,100,4,19,0.08,0.0315,0.1884,0.19,0.1251,0.2778,0,0
global,0.1,50vs50,1500,PAN2,50,180,60,0.01276187,1.74608,50,100,5,34,0.1,0.0435,0.2136,0.34,0.2546,0.4372,0,0
global,0.01,50vs50,1500,PAN1,50,60,20,0.01276187,3.24356,50,100,0,2,0.0,0.0,0.0714,0.02,0.0055,0.07,0,0
global,0.05,50vs50,1500,PAN1,50,60,20,0.01276187,2.14737,50,100,0,6,0.0,0.0,0.0714,0.06,0.0278,0.1248,0,0
global,0.1,50vs50,1500,PAN1,50,60,20,0.01276187,1.74608,50,100,2,15,0.04,0.011,0.1346,0.15,0.0931,0.2328,0,0
global,0.01,50vs50,1500,PAN2,50,20,60,0.01276187,3.24356,50,100,0,14,0.0,0.0,0.0714,0.14,0.0853,0.2214,0,0
global,0.05,50vs50,1500,PAN2,50,20,60,0.01276187,2.14737,50,100,0,44,0.0,0.0,0.0714,0.44,0.3467,0.5377,0,0
global,0.1,50vs50,1500,PAN2,50,20,60,0.01276187,1.74608,50,100,1,64,0.02,0.0035,0.105,0.64,0.5424,0.7273,0,0
global,0.01,50vs50,1500,PAN1,50,60,200,0.01276187,3.24356,50,99,0,30,0.0,0.0,0.0714,0.303,0.2213,0.3995,0,0
global,0.05,50vs50,1500,PAN1,50,60,200,0.01276187,2.14737,50,99,0,58,0.0,0.0,0.0714,0.5859,0.4874,0.6779,0,0
global,0.1,50vs50,1500,PAN1,50,60,200,0.01276187,1.74608,50,99,2,69,0.04,0.011,0.1346,0.697,0.6005,0.7787,0,0
global,0.01,50vs50,1500,PAN2,50,200,60,0.01276187,3.24356,50,100,0,3,0.0,0.0,0.0714,0.03,0.0103,0.0845,0,0
global,0.05,50vs50,1500,PAN2,50,200,60,0.01276187,2.14737,50,100,4,19,0.08,0.0315,0.1884,0.19,0.1251,0.2778,0,0
global,0.1,50vs50,1500,PAN2,50,200,60,0.01276187,1.74608,50,100,7,24,0.14,0.0695,0.2619,0.24,0.1669,0.3323,0,0
global,0.01,50vs50,1500,PAN1,50,60,40,0.01276187,3.24356,50,100,0,3,0.0,0.0,0.0714,0.03,0.0103,0.0845,0,0
global,0.05,50vs50,1500,PAN1,50,60,40,0.01276187,2.14737,50,100,0,19,0.0,0.0,0.0714,0.19,0.1251,0.2778,0,0
global,0.1,50vs50,1500,PAN1,50,60,40,0.01276187,1.74608,50,100,2,30,0.04,0.011,0.1346,0.3,0.2189,0.3959,0,0
global,0.01,50vs50,1500,PAN2,50,40,60,0.01276187,3.24356,50,100,0,27,0.0,0.0,0.0714,0.27,0.1927,0.3643,0,0
global,0.05,50vs50,1500,PAN2,50,40,60,0.01276187,2.14737,50,100,0,63,0.0,0.0,0.0714,0.63,0.5322,0.7182,0,0
global,0.1,50vs50,1500,PAN2,50,40,60,0.01276187,1.74608,50,100,0,78,0.0,0.0,0.0714,0.78,0.6893,0.85,0,0
global,0.01,50vs50,1500,PAN1,50,60,60,0.01276187,3.24356,50,99,0,18,0.0,0.0,0.0714,0.1818,0.1182,0.2692,0,0
global,0.05,50vs50,1500,PAN1,50,60,60,0.01276187,2.14737,50,99,0,55,0.0,0.0,0.0714,0.5556,0.4574,0.6495,0,0
global,0.1,50vs50,1500,PAN1,50,60,60,0.01276187,1.74608,50,99,2,69,0.04,0.011,0.1346,0.697,0.6005,0.7787,0,0
global,0.01,50vs50,1500,PAN2,50,60,60,0.01276187,3.24356,50,100,0,26,0.0,0.0,0.0714,0.26,0.184,0.3537,0,0
global,0.05,50vs50,1500,PAN2,50,60,60,0.01276187,2.14737,50,100,2,59,0.04,0.011,0.1346,0.59,0.492,0.6813,0,0
global,0.1,50vs50,1500,PAN2,50,60,60,0.01276187,1.74608,50,100,3,74,0.06,0.0206,0.1622,0.74,0.6463,0.816,0,0
global,0.01,50vs50,1500,PAN1,50,60,80,0.01276187,3.24356,50,100,0,37,0.0,0.0,0.0714,0.37,0.2818,0.4678,0,0
global,0.05,50vs50,1500,PAN1,50,60,80,0.01276187,2.14737,50,100,0,68,0.0,0.0,0.0714,0.68,0.5834,0.7633,0,0
global,0.1,50vs50,1500,PAN1,50,60,80,0.01276187,1.74608,50,100,2,79,0.04,0.011,0.1346,0.79,0.7002,0.8583,0,0
global,0.01,50vs50,1500,PAN2,50,80,60,0.01276187,3.24356,50,100,0,18,0.0,0.0,0.0714,0.18,0.117,0.2667,0,0
global,0.05,50vs50,1500,PAN2,50,80,60,0.01276187,2.14737,50,100,2,42,0.04,0.011,0.1346,0.42,0.328,0.5179,0,0
global,0.1,50vs50,1500,PAN2,50,80,60,0.01276187,1.74608,50,100,7,55,0.14,0.0695,0.2619,0.55,0.4524,0.6439,0,0
global,0.01,50vs50,1500,PAN1,50,80,100,0.01276187,3.24356,50,100,0,26,0.0,0.0,0.0714,0.26,0.184,0.3537,0,0
global,0.05,50vs50,1500,PAN1,50,80,100,0.01276187,2.14737,50,100,3,51,0.06,0.0206,0.1622,0.51,0.4135,0.6058,0,0
global,0.1,50vs50,1500,PAN1,50,80,100,0.01276187,1.74608,50,100,11,62,0.22,0.1275,0.3524,0.62,0.5221,0.709,0,0
global,0.01,50vs50,1500,PAN2,50,100,80,0.01276187,3.24356,50,100,1,27,0.02,0.0035,0.105,0.27,0.1927,0.3643,0,0
global,0.05,50vs50,1500,PAN2,50,100,80,0.01276187,2.14737,50,100,2,51,0.04,0.011,0.1346,0.51,0.4135,0.6058,0,0
global,0.1,50vs50,1500,PAN2,50,100,80,0.01276187,1.74608,50,100,5,60,0.1,0.0435,0.2136,0.6,0.502,0.6906,0,0
global,0.01,50vs50,1500,PAN1,50,80,120,0.01276187,3.24356,50,100,0,32,0.0,0.0,0.0714,0.32,0.2367,0.4166,0,0
global,0.05,50vs50,1500,PAN1,50,80,120,0.01276187,2.14737,50,100,3,54,0.06,0.0206,0.1622,0.54,0.4426,0.6344,0,0
global,0.1,50vs50,1500,PAN1,50,80,120,0.01276187,1.74608,50,100,11,63,0.22,0.1275,0.3524,0.63,0.5322,0.7182,0,0
global,0.01,50vs50,1500,PAN2,50,120,80,0.01276187,3.24356,50,99,1,23,0.02,0.0035,0.105,0.2323,0.1601,0.3246,0,0
global,0.05,50vs50,1500,PAN2,50,120,80,0.01276187,2.14737,50,99,3,50,0.06,0.0206,0.1622,0.5051,0.4082,0.6015,0,0
global,0.1,50vs50,1500,PAN2,50,120,80,0.01276187,1.74608,50,99,8,65,0.16,0.0834,0.2851,0.6566,0.5588,0.7427,0,0
global,0.01,50vs50,1500,PAN1,50,80,140,0.01276187,3.24356,50,100,0,27,0.0,0.0,0.0714,0.27,0.1927,0.3643,0,0
global,0.05,50vs50,1500,PAN1,50,80,140,0.01276187,2.14737,50,100,3,52,0.06,0.0206,0.1622,0.52,0.4232,0.6154,0,0
global,0.1,50vs50,1500,PAN1,50,80,140,0.01276187,1.74608,50,100,11,65,0.22,0.1275,0.3524,0.65,0.5525,0.7364,0,0
global,0.01,50vs50,1500,PAN2,50,140,80,0.01276187,3.24356,50,100,0,26,0.0,0.0,0.0714,0.26,0.184,0.3537,0,0
global,0.05,50vs50,1500,PAN2,50,140,80,0.01276187,2.14737,50,100,5,50,0.1,0.0435,0.2136,0.5,0.4038,0.5962,0,0
global,0.1,50vs50,1500,PAN2,50,140,80,0.01276187,1.74608,50,100,10,59,0.2,0.1124,0.3304,0.59,0.492,0.6813,0,0
global,0.01,50vs50,1500,PAN1,50,80,160,0.01276187,3.24356,50,98,0,24,0.0,0.0,0.0714,0.2449,0.1704,0.3386,0,0
global,0.05,50vs50,1500,PAN1,50,80,160,0.01276187,2.14737,50,98,3,45,0.06,0.0206,0.1622,0.4592,0.3639,0.5575,0,0
global,0.1,50vs50,1500,PAN1,50,80,160,0.01276187,1.74608,50,98,11,59,0.22,0.1275,0.3524,0.602,0.503,0.6933,0,0
global,0.01,50vs50,1500,PAN2,50,160,80,0.01276187,3.24356,50,100,0,18,0.0,0.0,0.0714,0.18,0.117,0.2667,0,0
global,0.05,50vs50,1500,PAN2,50,160,80,0.01276187,2.14737,50,100,1,50,0.02,0.0035,0.105,0.5,0.4038,0.5962,0,0
global,0.1,50vs50,1500,PAN2,50,160,80,0.01276187,1.74608,50,100,3,62,0.06,0.0206,0.1622,0.62,0.5221,0.709,0,0
global,0.01,50vs50,1500,PAN1,50,80,180,0.01276187,3.24356,50,99,0,33,0.0,0.0,0.0714,0.3333,0.2482,0.4309,0,0
global,0.05,50vs50,1500,PAN1,50,80,180,0.01276187,2.14737,50,99,3,47,0.06,0.0206,0.1622,0.4747,0.3792,0.5722,0,0
global,0.1,50vs50,1500,PAN1,50,80,180,0.01276187,1.74608,50,99,11,59,0.22,0.1275,0.3524,0.596,0.4975,0.6873,0,0
global,0.01,50vs50,1500,PAN2,50,180,80,0.01276187,3.24356,50,100,0,16,0.0,0.0,0.0714,0.16,0.101,0.2442,0,0
global,0.05,50vs50,1500,PAN2,50,180,80,0.01276187,2.14737,50,100,4,32,0.08,0.0315,0.1884,0.32,0.2367,0.4166,0,0
global,0.1,50vs50,1500,PAN2,50,180,80,0.01276187,1.74608,50,100,5,51,0.1,0.0435,0.2136,0.51,0.4135,0.6058,0,0
global,0.01,50vs50,1500,PAN1,50,80,20,0.01276187,3.24356,50,100,0,1,0.0,0.0,0.0714,0.01,0.0018,0.0545,0,0
global,0.05,50vs50,1500,PAN1,50,80,20,0.01276187,2.14737,50,100,3,4,0.06,0.0206,0.1622,0.04,0.0157,0.0984,0,0
global,0.1,50vs50,1500,PAN1,50,80,20,0.01276187,1.74608,50,100,11,11,0.22,0.1275,0.3524,0.11,0.0625,0.1863,0,0
global,0.01,50vs50,1500,PAN2,50,20,80,0.01276187,3.24356,50,100,0,26,0.0,0.0,0.0714,0.26,0.184,0.3537,0,0
global,0.05,50vs50,1500,PAN2,50,20,80,0.01276187,2.14737,50,100,0,54,0.0,0.0,0.0714,0.54,0.4426,0.6344,0,0
global,0.1,50vs50,1500,PAN2,50,20,80,0.01276187,1.74608,50,100,1,77,0.02,0.0035,0.105,0.77,0.6785,0.8416,0,0
global,0.01,50vs50,1500,PAN1,50,80,200,0.01276187,3.24356,50,99,0,27,0.0,0.0,0.0714,0.2727,0.1947,0.3677,0,0
global,0.05,50vs50,1500,PAN1,50,80,200,0.01276187,2.14737,50,99,3,52,0.06,0.0206,0.1622,0.5253,0.4278,0.6208,0,0
global,0.1,50vs50,1500,PAN1,50,80,200,0.01276187,1.74608,50,99,11,60,0.22,0.1275,0.3524,0.6061,0.5076,0.6966,0,0
global,0.01,50vs50,1500,PAN2,50,200,80,0.01276187,3.24356,50,100,0,11,0.0,0.0,0.0714,0.11,0.0625,0.1863,0,0
global,0.05,50vs50,1500,PAN2,50,200,80,0.01276187,2.14737,50,100,4,27,0.08,0.0315,0.1884,0.27,0.1927,0.3643,0,0
global,0.1,50vs50,1500,PAN2,50,200,80,0.01276187,1.74608,50,100,7,42,0.14,0.0695,0.2619,0.42,0.328,0.5179,0,0
global,0.01,50vs50,1500,PAN1,50,80,40,0.01276187,3.24356,50,100,0,4,0.0,0.0,0.0714,0.04,0.0157,0.0984,0,0
global,0.05,50vs50,1500,PAN1,50,80,40,0.01276187,2.14737,50,100,3,27,0.06,0.0206,0.1622,0.27,0.1927,0.3643,0,0
global,0.1,50vs50,1500,PAN1,50,80,40,0.01276187,1.74608,50,100,11,32,0.22,0.1275,0.3524,0.32,0.2367,0.4166,0,0
global,0.01,50vs50,1500,PAN2,50,40,80,0.01276187,3.24356,50,100,0,47,0.0,0.0,0.0714,0.47,0.3751,0.5671,0,0
global,0.05,50vs50,1500,PAN2,50,40,80,0.01276187,2.14737,50,100,0,77,0.0,0.0,0.0714,0.77,0.6785,0.8416,0,0
global,0.1,50vs50,1500,PAN2,50,40,80,0.01276187,1.74608,50,100,0,88,0.0,0.0,0.0714,0.88,0.8019,0.93,0,0
global,0.01,50vs50,1500,PAN1,50,80,60,0.01276187,3.24356,50,100,0,15,0.0,0.0,0.0714,0.15,0.0931,0.2328,0,0
global,0.05,50vs50,1500,PAN1,50,80,60,0.01276187,2.14737,50,100,3,32,0.06,0.0206,0.1622,0.32,0.2367,0.4166,0,0
global,0.1,50vs50,1500,PAN1,50,80,60,0.01276187,1.74608,50,100,11,43,0.22,0.1275,0.3524,0.43,0.3373,0.5278,0,0
global,0.01,50vs50,1500,PAN2,50,60,80,0.01276187,3.24356,50,100,0,33,0.0,0.0,0.0714,0.33,0.2456,0.4269,0,0
global,0.05,50vs50,1500,PAN2,50,60,80,0.01276187,2.14737,50,100,2,73,0.04,0.011,0.1346,0.73,0.6357,0.8073,0,0
global,0.1,50vs50,1500,PAN2,50,60,80,0.01276187,1.74608,50,100,3,88,0.06,0.0206,0.1622,0.88,0.8019,0.93,0,0
global,0.01,50vs50,1500,PAN1,50,80,80,0.01276187,3.24356,50,100,0,34,0.0,0.0,0.0714,0.34,0.2546,0.4372,0,0
global,0.05,50vs50,1500,PAN1,50,80,80,0.01276187,2.14737,50,100,3,54,0.06,0.0206,0.1622,0.54,0.4426,0.6344,0,0
global,0.1,50vs50,1500,PAN1,50,80,80,0.01276187,1.74608,50,100,11,63,0.22,0.1275,0.3524,0.63,0.5322,0.7182,0,0
global,0.01,50vs50,1500,PAN2,50,80,80,0.01276187,3.24356,50,100,0,29,0.0,0.0,0.0714,0.29,0.2101,0.3854,0,0
global,0.05,50vs50,1500,PAN2,50,80,80,0.01276187,2.14737,50,100,2,58,0.04,0.011,0.1346,0.58,0.4821,0.672,0,0
global,0.1,50vs50,1500,PAN2,50,80,80,0.01276187,1.74608,50,100,7,72,0.14,0.0695,0.2619,0.72,0.6251,0.7986,0,0
